municipio,uf,regiao,ano,meta,target
Augusto Pestana,RS,Sul,2024,80.0,0
Buerarema,BA,Nordeste,2024,31.49,0
Pau Brasil,BA,Nordeste,2024,50.35,0
Chapada de Areia,TO,Norte,2024,54.93,0
Nova Castilho,SP,Sudeste,2024,46.27,0
Riachuelo,RN,Nordeste,2024,47.19,0
Glória,BA,Nordeste,2024,42.59,0
Barra do Ribeiro,RS,Sul,2024,70.43,0
Banzaê,BA,Nordeste,2024,46.98,0
Itaguatins,TO,Norte,2024,39.48,0
Mateiros,TO,Norte,2024,34.77,0
Japi,RN,Nordeste,2024,21.97,0
São Jorge,RS,Sul,2024,77.17,0
Florânia,RN,Nordeste,2024,42.91,0
Santa Clara do Sul,RS,Sul,2024,80.0,0
Porto da Folha,SE,Nordeste,2024,30.74,0
Euclides da Cunha,BA,Nordeste,2024,39.98,0
Arataca,BA,Nordeste,2024,23.69,0
Tartarugalzinho,AP,Norte,2024,39.04,0
Três Arroios,RS,Sul,2024,80.0,0
Rio Tinto,PB,Nordeste,2024,78.16,0
São Nicolau,RS,Sul,2024,61.56,0
Pureza,RN,Nordeste,2024,42.59,0
Filadélfia,TO,Norte,2024,18.04,0
Macururé,BA,Nordeste,2024,8.39,1
Carmópolis,SE,Nordeste,2024,32.07,0
Divina Pastora,SE,Nordeste,2024,45.68,0
Senador Georgino Avelino,RN,Nordeste,2024,31.11,0
Estância Velha,RS,Sul,2024,69.31,0
Abaré,BA,Nordeste,2024,35.44,0
Imigrante,RS,Sul,2024,78.5,0
Itati,RS,Sul,2024,52.69,1
Mariano Moro,RS,Sul,2024,80.0,0
Miravânia,MG,Sudeste,2024,46.9,0
Gracho Cardoso,SE,Nordeste,2024,27.09,0
Vale Real,RS,Sul,2024,76.86,0
Campo do Brito,SE,Nordeste,2024,45.54,0
Campos Borges,RS,Sul,2024,33.67,0
Uarini,AM,Norte,2024,19.75,0
Itaju do Colônia,BA,Nordeste,2024,27.27,0
Rio da Conceição,TO,Norte,2024,24.46,0
Santana da Boa Vista,RS,Sul,2024,53.93,0
Pedro Avelino,RN,Nordeste,2024,26.54,0
Jacinto Machado,SC,Sul,2024,57.49,0
Mato Grosso,PB,Nordeste,2024,46.27,0
Bonito de Minas,MG,Sudeste,2024,66.87,0
Fortaleza dos Valos,RS,Sul,2024,80.0,0
Babaçulândia,TO,Norte,2024,27.6,0
Marcação,PB,Nordeste,2024,70.7,0
Glória,BA,Nordeste,2024,42.59,0
Curralinhos,PI,Nordeste,2024,39.57,0
Morro Cabeça no Tempo,PI,Nordeste,2024,30.91,0
Jardim de Piranhas,RN,Nordeste,2024,37.47,0
Lajes,RN,Nordeste,2024,36.25,0
Braga,RS,Sul,2024,46.27,0
Muçum,RS,Sul,2024,55.68,0
Sentinela do Sul,RS,Sul,2024,74.77,0
Cajari,MA,Nordeste,2024,57.7,0
Ilha das Flores,SE,Nordeste,2024,34.17,0
Várzea Nova,BA,Nordeste,2024,39.73,0
Luiz Alves,SC,Sul,2024,80.0,0
Bom Jesus,PB,Nordeste,2024,32.78,1
Pedro Alexandre,BA,Nordeste,2024,36.27,0
Pedro Régis,PB,Nordeste,2024,52.73,0
Jericó,PB,Nordeste,2024,57.85,0
Umburanas,BA,Nordeste,2024,28.46,0
Almadina,BA,Nordeste,2024,38.22,0
Amapá,AP,Norte,2024,38.23,0
Vila Maria,RS,Sul,2024,80.0,0
Sério,RS,Sul,2024,80.0,0
São Martinho da Serra,RS,Sul,2024,77.0,0
Borba,AM,Norte,2024,35.51,0
Lagoa do Tocantins,TO,Norte,2024,27.88,0
São José do Jacuípe,BA,Nordeste,2024,30.39,0
Espumoso,RS,Sul,2024,80.0,0
Manaquiri,AM,Norte,2024,52.37,0
Urupema,SC,Sul,2024,80.0,0
Dirceu Arcoverde,PI,Nordeste,2024,40.14,0
Presidente Dutra,BA,Nordeste,2024,28.43,0
Itaporã do Tocantins,TO,Norte,2024,66.76,0
Madre de Deus,BA,Nordeste,2024,46.9,0
Itapebi,BA,Nordeste,2024,21.57,1
Riacho da Cruz,RN,Nordeste,2024,32.22,1
Erebango,RS,Sul,2024,74.36,0
São José do Sul,RS,Sul,2024,80.0,0
Glória,BA,Nordeste,2024,42.59,0
Jaboticaba,RS,Sul,2024,80.0,0
General Maynard,SE,Nordeste,2024,27.09,0
São Vendelino,RS,Sul,2024,80.0,0
Alvarenga,MG,Sudeste,2024,45.84,1
Santa Luzia,BA,Nordeste,2024,40.34,0
São Martinho da Serra,RS,Sul,2024,77.0,0
Itaporã,MS,Centro-Oeste,2024,70.79,0
Caiçara do Norte,RN,Nordeste,2024,38.23,0
André da Rocha,RS,Sul,2024,70.55,0
Martins,RN,Nordeste,2024,47.7,1
Antônio Prado de Minas,MG,Sudeste,2024,78.78,1
Nísia Floresta,RN,Nordeste,2024,39.14,0
Santa Isabel do Rio Negro,AM,Norte,2024,33.91,1
Muquém de São Francisco,BA,Nordeste,2024,38.02,0
Mato Castelhano,RS,Sul,2024,77.01,0
Arroio do Padre,RS,Sul,2024,80.0,0
Conde,BA,Nordeste,2024,46.79,0
Itapirapuã Paulista,SP,Sudeste,2024,51.28,0
Cuitegi,PB,Nordeste,2024,36.38,0
Careiro da Várzea,AM,Norte,2024,44.52,0
Miraguaí,RS,Sul,2024,79.13,0
Poxoréo,MT,Centro-Oeste,2024,52.47,0
Rio Grande da Serra,SP,Sudeste,2024,38.67,1
São Bento do Trairí,RN,Nordeste,2024,40.24,0
Nazaré,TO,Norte,2024,51.46,0
Várzea Branca,PI,Nordeste,2024,33.18,0
São João das Missões,MG,Sudeste,2024,47.08,0
Currais Novos,RN,Nordeste,2024,47.33,0
Carrasco Bonito,TO,Norte,2024,40.93,0
Alenquer,PA,Norte,2024,43.05,1
Bocaina,PI,Nordeste,2024,80.0,0
Juruti,PA,Norte,2024,54.21,0
Santa Isabel do Rio Negro,AM,Norte,2024,33.91,1
Cerro Negro,SC,Sul,2024,36.07,1
Jussiape,BA,Nordeste,2024,39.08,0
Central,BA,Nordeste,2024,37.9,0
São Martinho da Serra,RS,Sul,2024,77.0,0
São José da Vitória,BA,Nordeste,2024,38.32,0
Ibiquera,BA,Nordeste,2024,27.17,0
Ataléia,MG,Sudeste,2024,69.2,0
Chuí,RS,Sul,2024,54.93,0
Lindolfo Collor,RS,Sul,2024,69.56,0
Mascote,BA,Nordeste,2024,29.51,0
Belo Campo,BA,Nordeste,2024,52.89,0
Extremoz,RN,Nordeste,2024,53.23,0
Barra dos Coqueiros,SE,Nordeste,2024,29.32,0
Malhada dos Bois,SE,Nordeste,2024,46.27,0
Pedro Velho,RN,Nordeste,2024,23.8,0
Vale de São Domingos,MT,Centro-Oeste,2024,53.92,0
Aurelino Leal,BA,Nordeste,2024,48.61,0
Santa Isabel do Rio Negro,AM,Norte,2024,33.91,1
Antônio Gonçalves,BA,Nordeste,2024,39.52,0
São José dos Ramos,PB,Nordeste,2024,62.36,0
Calçoene,AP,Norte,2024,41.81,1
São José do Bonfim,PB,Nordeste,2024,18.06,1
Milton Brandão,PI,Nordeste,2024,44.03,0
Consolação,MG,Sudeste,2024,65.38,0
Caranaíba,MG,Sudeste,2024,71.59,1
Tavares,RS,Sul,2024,68.03,0
Itiruçu,BA,Nordeste,2024,39.79,0
Ponte Alta,SC,Sul,2024,47.14,0
Nova Cruz,RN,Nordeste,2024,37.61,0
São Cristóvão,SE,Nordeste,2024,59.87,0
Barra do Turvo,SP,Sudeste,2024,80.0,0
Erebango,RS,Sul,2024,74.36,0
São Domingos,SE,Nordeste,2024,36.7,0
Catolândia,BA,Nordeste,2024,16.24,1
São Gabriel da Cachoeira,AM,Norte,2024,43.12,0
Janduís,RN,Nordeste,2024,30.69,1
Bom Princípio,RS,Sul,2024,74.68,0
Rondolândia,MT,Centro-Oeste,2024,36.18,1
São Sebastião do Uatumã,AM,Norte,2024,56.43,0
Pinheiro Machado,RS,Sul,2024,69.19,0
Boa Vista do Incra,RS,Sul,2024,72.67,0
Lavras do Sul,RS,Sul,2024,61.56,0
Barra do Quaraí,RS,Sul,2024,64.15,0
Inhacorá,RS,Sul,2024,65.51,0
Muitos Capões,RS,Sul,2024,70.55,0
Conceição do Araguaia,PA,Norte,2024,45.08,1
Japorã,MS,Centro-Oeste,2024,18.91,1
Caibi,SC,Sul,2024,76.16,0
Olho d'Água do Casado,AL,Nordeste,2024,41.05,0
São Pedro do Sul,RS,Sul,2024,77.57,0
Santana do Seridó,RN,Nordeste,2024,56.91,0
Marcelino Vieira,RN,Nordeste,2024,34.1,0
Taquaral,SP,Sudeste,2024,75.76,0
Cambará do Sul,RS,Sul,2024,63.31,1
Areia de Baraúnas,PB,Nordeste,2024,32.22,1
Mar Vermelho,AL,Nordeste,2024,62.46,0
Quaraí,RS,Sul,2024,58.95,0
Pratápolis,MG,Sudeste,2024,65.46,0
Potiraguá,BA,Nordeste,2024,35.06,0
Ibiracatu,MG,Sudeste,2024,66.87,0
Cedro de São João,SE,Nordeste,2024,29.4,1
Mulungu do Morro,BA,Nordeste,2024,29.66,0
Socorro do Piauí,PI,Nordeste,2024,70.3,0
Aparecida do Rio Negro,TO,Norte,2024,37.16,0
Maruim,SE,Nordeste,2024,28.54,1
Miravânia,MG,Sudeste,2024,46.9,0
Santo Antônio do Tauá,PA,Norte,2024,32.94,0
Bocaina do Sul,SC,Sul,2024,45.49,0
Santo Amaro das Brotas,SE,Nordeste,2024,41.37,0
Matias Cardoso,MG,Sudeste,2024,44.2,0
Japorã,MS,Centro-Oeste,2024,18.91,1
Campo Belo do Sul,SC,Sul,2024,47.83,1
Ourolândia,BA,Nordeste,2024,29.85,1
Entre Rios do Sul,RS,Sul,2024,79.55,0
Nova Belém,MG,Sudeste,2024,54.93,0
Manoel Vitorino,BA,Nordeste,2024,45.86,0
São José do Ouro,RS,Sul,2024,65.42,0
Bodó,RN,Nordeste,2024,67.45,0
Amparo de São Francisco,SE,Nordeste,2024,47.31,1
Barra Funda,RS,Sul,2024,70.55,0
Canelinha,SC,Sul,2024,62.71,0
Formigueiro,RS,Sul,2024,80.0,0
Unistalda,RS,Sul,2024,62.33,1
Itacuruba,PE,Nordeste,2024,67.28,0
Itapipoca,CE,Nordeste,2024,80.0,0
São João do Sabugi,RN,Nordeste,2024,54.48,0
Pinhão,SE,Nordeste,2024,22.98,1
Japorã,MS,Centro-Oeste,2024,18.91,1
Mar de Espanha,MG,Sudeste,2024,59.0,0
Jaú do Tocantins,TO,Norte,2024,64.21,0
Vista Serrana,PB,Nordeste,2024,49.87,1
Esteio,RS,Sul,2024,66.11,0
Janduís,RN,Nordeste,2024,30.69,1
São Domingos do Capim,PA,Norte,2024,37.87,0
Boquim,SE,Nordeste,2024,29.96,1
Condado,PB,Nordeste,2024,60.18,0
Muçum,RS,Sul,2024,55.68,0
Maçambará,RS,Sul,2024,69.08,0
José Boiteux,SC,Sul,2024,43.68,0
Nova Rosalândia,TO,Norte,2024,39.14,1
Unistalda,RS,Sul,2024,62.33,0
Urupema,SC,Sul,2024,80.0,0
Iguape,SP,Sudeste,2024,60.97,1
Rodelas,BA,Nordeste,2024,30.48,1
Silveira Martins,RS,Sul,2024,68.83,0
Ipueiras,TO,Norte,2024,34.46,0
Canhoba,SE,Nordeste,2024,51.04,1
São Roberto,MA,Nordeste,2024,53.44,0
Pedra Mole,SE,Nordeste,2024,52.91,0
Nova Palma,RS,Sul,2024,80.0,0
Santa Rosa de Lima,SE,Nordeste,2024,32.22,0
Boquim,SE,Nordeste,2024,29.96,1
Santo Expedito do Sul,RS,Sul,2024,80.0,0
Vista Alegre,RS,Sul,2024,80.0,0
Ielmo Marinho,RN,Nordeste,2024,47.4,0
Unistalda,RS,Sul,2024,62.33,0
Rafael Fernandes,RN,Nordeste,2024,59.65,0
Cerrito,RS,Sul,2024,75.82,0
Senador José Porfírio,PA,Norte,2024,40.12,0
Itaúna do Sul,PR,Sul,2024,77.77,0
Santa Cecília do Sul,RS,Sul,2024,75.76,0
Fortaleza dos Valos,RS,Sul,2024,80.0,0
Santa Filomena do Maranhão,MA,Nordeste,2024,43.08,0
Santo Antônio das Missões,RS,Sul,2024,74.48,0
Dois Irmãos do Buriti,MS,Centro-Oeste,2024,44.63,0
Jaboticaba,RS,Sul,2024,80.0,0
Santo Antônio do Palma,RS,Sul,2024,73.44,0
Sertão Santana,RS,Sul,2024,75.57,0
Erebango,RS,Sul,2024,74.36,0
Morro Reuter,RS,Sul,2024,56.24,1
Barros Cassal,RS,Sul,2024,55.82,0
Santana do Matos,RN,Nordeste,2024,28.87,1
Jandaíra,RN,Nordeste,2024,37.5,0
Várzea do Poço,BA,Nordeste,2024,50.5,0
Mirador,PR,Sul,2024,71.89,0
Campo Grande,AL,Nordeste,2024,56.21,0
Prado,BA,Nordeste,2024,41.65,1
Treviso,SC,Sul,2024,70.42,0
Rio do Antônio,BA,Nordeste,2024,65.42,0
Augusto Pestana,RS,Sul,2024,80.0,0
Arantina,MG,Sudeste,2024,75.76,0
Ortigueira,PR,Sul,2024,65.49,0
Coqueiros do Sul,RS,Sul,2024,80.0,0
Caxambu,MG,Sudeste,2024,76.93,0
Barra de São Francisco,ES,Sudeste,2024,78.66,0
Recreio,MG,Sudeste,2024,73.4,0
Mata Verde,MG,Sudeste,2024,59.04,0
Miravânia,MG,Sudeste,2024,46.9,0
Muçum,RS,Sul,2024,55.68,0
Bonito de Minas,MG,Sudeste,2024,66.87,0
Sede Nova,RS,Sul,2024,80.0,0
Maria Helena,PR,Sul,2024,67.2,0
Tamboara,PR,Sul,2024,52.89,0
Nova Itaberaba,SC,Sul,2024,69.44,1
Quatipuru,PA,Norte,2024,53.99,0
Juruá,AM,Norte,2024,46.8,0
Miraselva,PR,Sul,2024,77.49,0
Ferreira Gomes,AP,Norte,2024,74.45,0
Inhapi,AL,Nordeste,2024,67.49,0
Mata,RS,Sul,2024,67.91,0
São Pedro do Butiá,RS,Sul,2024,80.0,0
Santa Maria do Salto,MG,Sudeste,2024,52.64,0
Muitos Capões,RS,Sul,2024,70.55,0
Morro Redondo,RS,Sul,2024,74.06,0
Simão Pereira,MG,Sudeste,2024,14.14,1
Barão,RS,Sul,2024,80.0,0
Irani,SC,Sul,2024,74.83,0
Descanso,SC,Sul,2024,80.0,0
Lagoão,RS,Sul,2024,80.0,0
Janduís,RN,Nordeste,2024,30.69,1
Condor,RS,Sul,2024,80.0,1
Bonito de Minas,MG,Sudeste,2024,66.87,0
Urupema,SC,Sul,2024,80.0,0
Juripiranga,PB,Nordeste,2024,55.28,0
Chapada,RS,Sul,2024,76.02,0
Pau D'Arco do Piauí,PI,Nordeste,2024,80.0,0
Paim Filho,RS,Sul,2024,79.11,0
Roque Gonzales,RS,Sul,2024,76.36,0
Caseiros,RS,Sul,2024,80.0,0
Carmo do Paranaíba,MG,Sudeste,2024,71.94,1
Angico,TO,Norte,2024,46.41,1
Padre Paraíso,MG,Sudeste,2024,54.04,0
Amapá do Maranhão,MA,Nordeste,2024,30.17,1
Itinga,MG,Sudeste,2024,56.85,0
Palestina do Pará,PA,Norte,2024,40.66,1
São Martinho,SC,Sul,2024,69.93,0
Ilhéus,BA,Nordeste,2024,39.22,1
Rio Bonito do Iguaçu,PR,Sul,2024,80.0,0
Comendador Gomes,MG,Sudeste,2024,42.41,1
São Valério do Sul,RS,Sul,2024,72.78,0
Barra Funda,RS,Sul,2024,70.55,0
São Miguel do Aleixo,SE,Nordeste,2024,45.06,1
Sagrada Família,RS,Sul,2024,78.98,0
Nova Aliança do Ivaí,PR,Sul,2024,44.57,0
São Félix de Balsas,MA,Nordeste,2024,49.59,0
Pau D'Arco,PA,Norte,2024,55.49,0
Novo Tiradentes,RS,Sul,2024,72.78,0
Salinas,MG,Sudeste,2024,74.1,1
Piraquê,TO,Norte,2024,33.29,1
Boquim,SE,Nordeste,2024,29.96,1
Nilo Peçanha,BA,Nordeste,2024,42.73,1
Cachoeirinha,TO,Norte,2024,34.72,1
Marques de Souza,RS,Sul,2024,76.49,0
Riqueza,SC,Sul,2024,80.0,0
Penedo,AL,Nordeste,2024,47.02,1
Boa Vista do Ramos,AM,Norte,2024,33.37,1
Cambará do Sul,RS,Sul,2024,63.31,0
Terra Alta,PA,Norte,2024,48.0,1
Uirapuru,GO,Centro-Oeste,2024,45.24,1
Ourém,PA,Norte,2024,53.68,0
Cândido Godói,RS,Sul,2024,76.2,0
Tuparendi,RS,Sul,2024,80.0,0
Capanema,PA,Norte,2024,64.97,0
Ibiaçá,RS,Sul,2024,71.87,0
Boa Vista do Buricá,RS,Sul,2024,80.0,0
Carlos Gomes,RS,Sul,2024,58.77,0
Três Palmeiras,RS,Sul,2024,80.0,0
Itatiaiuçu,MG,Sudeste,2024,73.57,0
Cachoeira do Arari,PA,Norte,2024,56.72,1
Guaporema,PR,Sul,2024,80.0,0
Cumbe,SE,Nordeste,2024,49.89,1
Borda da Mata,MG,Sudeste,2024,67.91,1
Gameleiras,MG,Sudeste,2024,47.75,1
Cuparaque,MG,Sudeste,2024,80.0,0
Igarapé-Açu,PA,Norte,2024,39.7,1
Ciríaco,RS,Sul,2024,80.0,1
Piedade de Ponte Nova,MG,Sudeste,2024,41.95,1
Palmeira,SC,Sul,2024,69.23,0
Morrinhos do Sul,RS,Sul,2024,80.0,0
Vicentina,MS,Centro-Oeste,2024,67.77,0
Pimenteiras do Oeste,RO,Norte,2024,58.95,0
Fortaleza dos Valos,RS,Sul,2024,80.0,0
Bom Jardim,MA,Nordeste,2024,80.0,0
Anastácio,MS,Centro-Oeste,2024,34.56,1
Benevides,PA,Norte,2024,63.8,0
Rancho Queimado,SC,Sul,2024,73.86,1
Kaloré,PR,Sul,2024,80.0,0
Quartel Geral,MG,Sudeste,2024,48.47,1
Santa Maria do Salto,MG,Sudeste,2024,52.64,1
Chalé,MG,Sudeste,2024,80.0,0
Castanheiras,RO,Norte,2024,71.71,0
Morrinhos do Sul,RS,Sul,2024,80.0,0
Muitos Capões,RS,Sul,2024,70.55,1
Augusto Pestana,RS,Sul,2024,80.0,0
Caldazinha,GO,Centro-Oeste,2024,73.27,0
Victor Graeff,RS,Sul,2024,80.0,0
Itaú,RN,Nordeste,2024,57.42,0
Morrinhos do Sul,RS,Sul,2024,80.0,0
São Thomé das Letras,MG,Sudeste,2024,80.0,1
Santa Rita de Minas,MG,Sudeste,2024,64.4,0
Barra Funda,RS,Sul,2024,70.55,0
São José das Missões,RS,Sul,2024,78.67,0
Barra Bonita,SC,Sul,2024,54.93,1
Senhora do Porto,MG,Sudeste,2024,52.0,1
Jutaí,AM,Norte,2024,43.26,1
Cambará do Sul,RS,Sul,2024,63.31,0
Vespasiano Correa,RS,Sul,2024,80.0,0
Itamarati,AM,Norte,2024,72.11,1
São João da Mata,MG,Sudeste,2024,78.4,0
Conceição da Barra,ES,Sudeste,2024,74.67,0
Setubinha,MG,Sudeste,2024,53.85,1
Piraúba,MG,Sudeste,2024,75.54,0
Carvalhos,MG,Sudeste,2024,80.0,0
Santa Maria do Salto,MG,Sudeste,2024,52.64,1
Itapemirim,ES,Sudeste,2024,64.07,1
Pedro Osório,RS,Sul,2024,69.69,0
Joaquim Felício,MG,Sudeste,2024,56.95,1
Ribeira,SP,Sudeste,2024,65.71,0
Ibituruna,MG,Sudeste,2024,63.8,1
Ribeirópolis,SE,Nordeste,2024,40.54,1
Itaguaçu,ES,Sudeste,2024,74.88,1
Formoso,MG,Sudeste,2024,64.21,1
Vargem Bonita,SC,Sul,2024,66.82,1
Catuji,MG,Sudeste,2024,42.58,1
São José do Cerrito,SC,Sul,2024,77.0,0
Rancho Alegre D'Oeste,PR,Sul,2024,78.33,0
Monte Azul,MG,Sudeste,2024,80.0,0
Jaboticaba,RS,Sul,2024,80.0,0
Áurea,RS,Sul,2024,80.0,1
Guajará-Mirim,RO,Norte,2024,47.82,1
Faria Lemos,MG,Sudeste,2024,21.31,1
Bom Sucesso do Sul,PR,Sul,2024,80.0,0
Colorado,RS,Sul,2024,66.33,1
Quedas do Iguaçu,PR,Sul,2024,73.0,0
Novo Horizonte do Sul,MS,Centro-Oeste,2024,52.69,1
São Gabriel do Oeste,MS,Centro-Oeste,2024,56.9,1
Bom Progresso,RS,Sul,2024,60.19,1
São Pedro do Paraná,PR,Sul,2024,73.2,1
Ariranha do Ivaí,PR,Sul,2024,76.27,0
Serra Redonda,PB,Nordeste,2024,21.09,1
Gentil,RS,Sul,2024,80.0,1
Fraiburgo,SC,Sul,2024,68.73,1
Passos Maia,SC,Sul,2024,54.31,1
Leópolis,PR,Sul,2024,80.0,1
Palma,MG,Sudeste,2024,34.19,1
Colorado,RS,Sul,2024,66.33,1
Iúna,ES,Sudeste,2024,73.2,1
Aracitaba,MG,Sudeste,2024,80.0,1
Fronteira dos Vales,MG,Sudeste,2024,43.82,1
Ubiretama,RS,Sul,2024,80.0,0
Olímpio Noronha,MG,Sudeste,2024,65.19,1
Angélica,MS,Centro-Oeste,2024,80.0,0
Israelândia,GO,Centro-Oeste,2024,80.0,1
Santa Cecília do Pavão,PR,Sul,2024,80.0,1
Buriticupu,MA,Nordeste,2024,45.58,1
Colorado,RS,Sul,2024,66.33,1
Monte Formoso,MG,Sudeste,2024,54.82,1
Reduto,MG,Sudeste,2024,45.77,1
Altamira do Maranhão,MA,Nordeste,2024,80.0,0
Poço Redondo,SE,Nordeste,2024,23.75,1
Piranhas,AL,Nordeste,2024,31.96,0
Curaçá,BA,Nordeste,2024,36.77,0
Garrafão do Norte,PA,Norte,2024,44.45,0
Catende,PE,Nordeste,2024,50.3,0
Augusto Corrêa,PA,Norte,2024,44.99,0
Santa Bárbara do Pará,PA,Norte,2024,44.15,1
Itiúba,BA,Nordeste,2024,34.97,0
Itambé,BA,Nordeste,2024,29.39,0
Santa Maria da Vitória,BA,Nordeste,2024,39.29,0
Barra,BA,Nordeste,2024,34.04,0
São João de Pirabas,PA,Norte,2024,36.94,1
Guajará-Mirim,RO,Norte,2024,47.82,0
São Benedito do Rio Preto,MA,Nordeste,2024,52.21,0
Cachoeira do Arari,PA,Norte,2024,56.72,0
Uarini,AM,Norte,2024,19.75,0
Guajará-Mirim,RO,Norte,2024,47.82,0
Cachoeira do Arari,PA,Norte,2024,56.72,0
Santa Maria das Barreiras,PA,Norte,2024,58.01,0
Cerro Azul,PR,Sul,2024,58.95,0
Cardoso Moreira,RJ,Sudeste,2024,38.93,0
Queimadas,BA,Nordeste,2024,34.54,0
Teofilândia,BA,Nordeste,2024,35.23,0
Faro,PA,Norte,2024,55.82,0
Viseu,PA,Norte,2024,41.1,0
Juruá,AM,Norte,2024,46.8,1
Maracanã,PA,Norte,2024,69.99,0
Esplanada,BA,Nordeste,2024,26.95,0
São Francisco do Conde,BA,Nordeste,2024,37.11,0
Jucati,PE,Nordeste,2024,49.83,1
Barcelos,AM,Norte,2024,53.75,0
Rodelas,BA,Nordeste,2024,30.48,0
Ribeira do Amparo,BA,Nordeste,2024,35.87,0
Japeri,RJ,Sudeste,2024,45.46,0
Mangaratiba,RJ,Sudeste,2024,52.84,0
Ourém,PA,Norte,2024,53.68,0
Moju,PA,Norte,2024,39.09,0
Itabela,BA,Nordeste,2024,38.14,0
Jacundá,PA,Norte,2024,46.69,0
Mirinzal,MA,Nordeste,2024,80.0,0
Ubaitaba,BA,Nordeste,2024,36.89,0
Caldeirão Grande,BA,Nordeste,2024,28.45,0
Maracaçumé,MA,Nordeste,2024,61.61,0
Rodelas,BA,Nordeste,2024,30.48,0
Primavera,PA,Norte,2024,54.05,0
Conceição da Feira,BA,Nordeste,2024,38.68,0
Sento Sé,BA,Nordeste,2024,33.62,0
Brejo Grande,SE,Nordeste,2024,34.46,1
Mesquita,RJ,Sudeste,2024,44.32,0
Santo Amaro do Maranhão,MA,Nordeste,2024,40.2,0
Buerarema,BA,Nordeste,2024,31.49,0
Novo Lino,AL,Nordeste,2024,34.56,1
Bela Vista do Paraíso,PR,Sul,2024,64.18,0
Alenquer,PA,Norte,2024,43.05,0
São Gabriel da Cachoeira,AM,Norte,2024,43.12,0
Ourém,PA,Norte,2024,53.68,1
São Vicente Ferrer,PE,Nordeste,2024,53.76,0
Santa Bárbara,BA,Nordeste,2024,28.15,1
Alenquer,PA,Norte,2024,43.05,0
Palmital,PR,Sul,2024,75.15,0
Iaçu,BA,Nordeste,2024,30.13,0
Souto Soares,BA,Nordeste,2024,32.71,0
Pilão Arcado,BA,Nordeste,2024,31.12,0
Santo Antônio do Içá,AM,Norte,2024,63.05,0
Curralinho,PA,Norte,2024,32.28,0
Ponte Nova,MG,Sudeste,2024,57.17,1
Buerarema,BA,Nordeste,2024,31.49,0
Campo do Brito,SE,Nordeste,2024,45.54,0
Francisco Sá,MG,Sudeste,2024,47.71,0
Amapá,AP,Norte,2024,38.23,0
São João de Meriti,RJ,Sudeste,2024,44.12,0
Jussara,BA,Nordeste,2024,30.4,1
Santa Luzia do Itanhy,SE,Nordeste,2024,33.12,0
Barro Alto,BA,Nordeste,2024,31.51,0
São Sebastião do Uatumã,AM,Norte,2024,56.43,0
Juruá,AM,Norte,2024,46.8,1
Campo Florido,MG,Sudeste,2024,76.57,0
Porto da Folha,SE,Nordeste,2024,30.74,0
Pacatuba,SE,Nordeste,2024,23.74,1
Formosa do Rio Preto,BA,Nordeste,2024,26.73,1
Porto de Pedras,AL,Nordeste,2024,37.21,0
Fátima,BA,Nordeste,2024,48.48,1
Novo Aripuanã,AM,Norte,2024,80.0,0
Aporá,BA,Nordeste,2024,24.7,0
Utinga,BA,Nordeste,2024,40.69,0
Amapá,AP,Norte,2024,38.23,0
Florestópolis,PR,Sul,2024,66.94,0
Arauá,SE,Nordeste,2024,38.07,0
Itarantim,BA,Nordeste,2024,44.64,0
Mairi,BA,Nordeste,2024,46.99,0
Gravatá,PE,Nordeste,2024,48.26,0
Tomé-Açu,PA,Norte,2024,53.23,0
Porto da Folha,SE,Nordeste,2024,30.74,0
Catanduvas,PR,Sul,2024,68.32,0
Andorinha,BA,Nordeste,2024,39.88,0
Coari,AM,Norte,2024,45.17,0
Ribeirópolis,SE,Nordeste,2024,40.54,1
Nova Iguaçu,RJ,Sudeste,2024,40.13,0
Piaçabuçu,AL,Nordeste,2024,38.74,1
Laranjeiras,SE,Nordeste,2024,23.05,1
Itaparica,BA,Nordeste,2024,44.71,0
Chorrochó,BA,Nordeste,2024,41.36,0
Cotegipe,BA,Nordeste,2024,46.95,0
Nova Olinda do Norte,AM,Norte,2024,56.11,0
Itororó,BA,Nordeste,2024,52.72,0
São João do Araguaia,PA,Norte,2024,40.49,0
Condado,PE,Nordeste,2024,51.14,0
Conceição do Araguaia,PA,Norte,2024,45.08,1
Maraã,AM,Norte,2024,28.09,1
Ibirapitanga,BA,Nordeste,2024,38.26,0
Tupanciretã,RS,Sul,2024,73.19,0
Itacoatiara,AM,Norte,2024,51.78,0
Bragança,PA,Norte,2024,48.67,0
Campo do Brito,SE,Nordeste,2024,45.54,0
Ibititá,BA,Nordeste,2024,33.31,0
Boquira,BA,Nordeste,2024,45.8,0
Pantano Grande,RS,Sul,2024,73.69,0
Nova Mamoré,RO,Norte,2024,65.81,0
Parintins,AM,Norte,2024,56.53,0
Bodocó,PE,Nordeste,2024,50.85,0
Conceição do Araguaia,PA,Norte,2024,45.08,1
Viamão,RS,Sul,2024,62.36,0
Santo Antônio do Içá,AM,Norte,2024,63.05,0
Tonantins,AM,Norte,2024,51.45,0
Itaguaí,RJ,Sudeste,2024,48.08,0
Jeremoabo,BA,Nordeste,2024,34.24,0
Vigia,PA,Norte,2024,36.87,1
Urbano Santos,MA,Nordeste,2024,77.24,0
Afuá,PA,Norte,2024,37.86,1
Pirapemas,MA,Nordeste,2024,80.0,0
Igarapé-Açu,PA,Norte,2024,39.7,1
Itagibá,BA,Nordeste,2024,43.51,1
Nova Olinda do Norte,AM,Norte,2024,56.11,0
Maraã,AM,Norte,2024,28.09,1
Jutaí,AM,Norte,2024,43.26,0
Barreirinha,AM,Norte,2024,36.81,0
Riachuelo,RN,Nordeste,2024,47.19,0
Delmiro Gouveia,AL,Nordeste,2024,38.15,0
Alvorada do Norte,GO,Centro-Oeste,2024,67.1,0
Apicum-Açu,MA,Nordeste,2024,38.52,1
Miguel Calmon,BA,Nordeste,2024,53.06,0
Boa Vista da Aparecida,PR,Sul,2024,73.58,0
Perobal,PR,Sul,2024,61.32,1
Canavieiras,BA,Nordeste,2024,36.12,0
Nova Olinda do Norte,AM,Norte,2024,56.11,0
Colares,PA,Norte,2024,58.64,0
Aquidabã,SE,Nordeste,2024,28.59,0
Morpará,BA,Nordeste,2024,38.78,0
Caraíbas,BA,Nordeste,2024,52.02,0
Amaturá,AM,Norte,2024,65.52,0
Bonfim do Piauí,PI,Nordeste,2024,55.47,0
Barro Preto,BA,Nordeste,2024,45.64,0
Rio Real,BA,Nordeste,2024,47.13,0
Cristinápolis,SE,Nordeste,2024,31.96,1
Centro Novo do Maranhão,MA,Nordeste,2024,46.3,0
Belford Roxo,RJ,Sudeste,2024,41.51,0
Ribeirópolis,SE,Nordeste,2024,40.54,0
Rondon,PR,Sul,2024,70.28,0
Igarapé-Miri,PA,Norte,2024,43.33,0
Sidrolândia,MS,Centro-Oeste,2024,42.85,0
Guajará,AM,Norte,2024,64.85,0
Baixa Grande,BA,Nordeste,2024,42.94,0
Baião,PA,Norte,2024,34.71,1
Moita Bonita,SE,Nordeste,2024,49.05,1
Ponta de Pedras,PA,Norte,2024,45.11,1
Maiquinique,BA,Nordeste,2024,36.93,0
Novo Aripuanã,AM,Norte,2024,80.0,0
Nhamundá,AM,Norte,2024,67.18,0
Conceição de Macabu,RJ,Sudeste,2024,54.71,1
Maraã,AM,Norte,2024,28.09,1
Santana do São Francisco,SE,Nordeste,2024,36.03,0
Taquari,RS,Sul,2024,54.6,0
Pinheiro Machado,RS,Sul,2024,69.19,0
Canarana,BA,Nordeste,2024,36.34,0
Frei Paulo,SE,Nordeste,2024,26.27,1
Itaporanga d'Ajuda,SE,Nordeste,2024,31.53,1
Melgaço,PA,Norte,2024,44.48,0
Nossa Senhora do Socorro,SE,Nordeste,2024,26.93,1
Ibicuí,BA,Nordeste,2024,62.43,0
Uibaí,BA,Nordeste,2024,40.0,0
Taquari,RS,Sul,2024,54.6,0
Aracatu,BA,Nordeste,2024,47.99,0
São Félix,BA,Nordeste,2024,39.05,0
Araci,BA,Nordeste,2024,27.37,0
Passo de Camaragibe,AL,Nordeste,2024,48.06,0
Feira Nova,SE,Nordeste,2024,36.69,0
Mocajuba,PA,Norte,2024,38.95,0
Poço das Trincheiras,AL,Nordeste,2024,40.27,1
Saúde,BA,Nordeste,2024,21.63,0
Muaná,PA,Norte,2024,42.83,0
Escada,PE,Nordeste,2024,58.74,0
São Geraldo do Araguaia,PA,Norte,2024,51.94,1
Senhor do Bonfim,BA,Nordeste,2024,27.01,0
São Fidélis,RJ,Sudeste,2024,46.08,1
Senador Amaral,MG,Sudeste,2024,71.75,0
Estância,SE,Nordeste,2024,40.81,0
Japaratuba,SE,Nordeste,2024,48.16,1
Barcelos,AM,Norte,2024,53.75,0
Barreirinha,AM,Norte,2024,36.81,0
Dom Feliciano,RS,Sul,2024,63.01,0
Queimados,RJ,Sudeste,2024,44.56,0
Magé,RJ,Sudeste,2024,51.74,0
Arinos,MG,Sudeste,2024,50.89,1
Engenheiro Paulo de Frontin,RJ,Sudeste,2024,65.8,0
Oriximiná,PA,Norte,2024,41.32,0
Nossa Senhora do Socorro,SE,Nordeste,2024,26.93,1
Igarapé-Açu,PA,Norte,2024,39.7,1
Cachoeira do Sul,RS,Sul,2024,61.21,0
General Carneiro,PR,Sul,2024,79.19,0
Taquari,RS,Sul,2024,54.6,0
Aramari,BA,Nordeste,2024,28.9,0
Canudos,BA,Nordeste,2024,25.86,1
Nossa Senhora do Socorro,SE,Nordeste,2024,26.93,1
São Miguel do Oeste,SC,Sul,2024,70.46,0
Estância,SE,Nordeste,2024,40.81,0
Mirante,BA,Nordeste,2024,56.77,0
Riacho das Almas,PE,Nordeste,2024,66.6,1
Paratinga,BA,Nordeste,2024,28.27,0
Itabuna,BA,Nordeste,2024,38.61,0
Careiro da Várzea,AM,Norte,2024,44.52,0
Coronel Domingos Soares,PR,Sul,2024,78.53,0
Wenceslau Guimarães,BA,Nordeste,2024,44.82,0
Itapetinga,BA,Nordeste,2024,45.94,0
Riachuelo,RN,Nordeste,2024,47.19,0
Anajás,PA,Norte,2024,34.01,0
Mendes,RJ,Sudeste,2024,61.95,0
Barra de Santo Antônio,AL,Nordeste,2024,37.63,0
Ministro Andreazza,RO,Norte,2024,73.67,0
Rio de Janeiro,RJ,Sudeste,2024,60.14,1
Santa Teresinha,BA,Nordeste,2024,33.84,0
Maués,AM,Norte,2024,57.61,0
Propriá,SE,Nordeste,2024,26.71,1
Japaratinga,AL,Nordeste,2024,30.27,0
Pauini,AM,Norte,2024,45.33,1
Buenópolis,MG,Sudeste,2024,80.0,0
Barreirinha,AM,Norte,2024,36.81,0
Rio do Fogo,RN,Nordeste,2024,21.44,1
Jutaí,AM,Norte,2024,43.26,0
Ibirapuã,BA,Nordeste,2024,63.71,0
Abaetetuba,PA,Norte,2024,46.03,0
Goianésia do Pará,PA,Norte,2024,51.56,0
Querência do Norte,PR,Sul,2024,50.89,0
Itaiópolis,SC,Sul,2024,67.88,0
Governador Nunes Freire,MA,Nordeste,2024,76.8,0
Cametá,PA,Norte,2024,46.63,0
Forquilhinha,SC,Sul,2024,62.24,0
Sítio do Quinto,BA,Nordeste,2024,49.83,0
Tufilândia,MA,Nordeste,2024,41.57,0
São Joaquim,SC,Sul,2024,41.26,1
Campos dos Goytacazes,RJ,Sudeste,2024,45.1,0
Duque de Caxias,RJ,Sudeste,2024,52.5,0
Nova Fátima,PR,Sul,2024,80.0,0
Serrolândia,BA,Nordeste,2024,39.77,0
Teodoro Sampaio,BA,Nordeste,2024,47.18,0
Cristópolis,BA,Nordeste,2024,50.23,0
Itabaiana,SE,Nordeste,2024,33.84,1
Matipó,MG,Sudeste,2024,80.0,0
Casa Nova,BA,Nordeste,2024,19.44,1
Rurópolis,PA,Norte,2024,61.62,0
Cururupu,MA,Nordeste,2024,68.14,0
Ouricuri,PE,Nordeste,2024,42.82,0
Itapitanga,BA,Nordeste,2024,38.06,0
Nova Olinda,PB,Nordeste,2024,51.47,0
Santa Luzia do Norte,AL,Nordeste,2024,38.86,0
Capoeiras,PE,Nordeste,2024,55.74,1
Governador Mangabeira,BA,Nordeste,2024,43.51,0
Barra dos Coqueiros,SE,Nordeste,2024,29.32,0
Marcionílio Souza,BA,Nordeste,2024,28.29,0
Nonoai,RS,Sul,2024,48.14,0
Boa Vista do Tupim,BA,Nordeste,2024,40.29,0
Campos Lindos,TO,Norte,2024,22.91,1
Miranda,MS,Centro-Oeste,2024,33.82,1
Almeirim,PA,Norte,2024,37.74,1
Araçuaí,MG,Sudeste,2024,50.02,1
Oeiras do Pará,PA,Norte,2024,25.53,1
Valença,BA,Nordeste,2024,38.08,0
Matões,MA,Nordeste,2024,73.54,0
Malhador,SE,Nordeste,2024,41.11,0
Coari,AM,Norte,2024,45.17,0
Irituia,PA,Norte,2024,50.89,0
Parauapebas,PA,Norte,2024,58.58,0
Paraty,RJ,Sudeste,2024,55.55,0
São Gabriel da Cachoeira,AM,Norte,2024,43.12,1
Japoatã,SE,Nordeste,2024,33.27,1
Corguinho,MS,Centro-Oeste,2024,51.21,1
Bagre,PA,Norte,2024,52.12,1
Anajatuba,MA,Nordeste,2024,73.92,0
Filadélfia,BA,Nordeste,2024,25.25,1
Gongogi,BA,Nordeste,2024,34.92,1
Matões do Norte,MA,Nordeste,2024,66.46,0
Carmo,RJ,Sudeste,2024,49.44,1
Taipu,RN,Nordeste,2024,43.17,0
São Gonçalo dos Campos,BA,Nordeste,2024,43.04,0
Castro Alves,BA,Nordeste,2024,49.79,0
Cafarnaum,BA,Nordeste,2024,28.79,1
Ipiguá,SP,Sudeste,2024,53.23,0
Tabatinga,AM,Norte,2024,47.62,0
Campos dos Goytacazes,RJ,Sudeste,2024,45.1,0
Olindina,BA,Nordeste,2024,41.3,0
Jandaíra,RN,Nordeste,2024,37.5,0
Igaci,AL,Nordeste,2024,36.85,0
Pau Brasil,BA,Nordeste,2024,50.35,0
Barrolândia,TO,Norte,2024,62.85,0
Portelândia,GO,Centro-Oeste,2024,72.99,1
Crisólita,MG,Sudeste,2024,57.46,0
Araguanã,MA,Nordeste,2024,80.0,1
Estrela de Alagoas,AL,Nordeste,2024,41.35,0
Pacajá,PA,Norte,2024,43.87,1
Quijingue,BA,Nordeste,2024,44.9,0
Neópolis,SE,Nordeste,2024,28.33,0
Curuçá,PA,Norte,2024,37.86,0
Nossa Senhora das Dores,SE,Nordeste,2024,39.64,0
Heliópolis,BA,Nordeste,2024,38.42,0
Iranduba,AM,Norte,2024,50.85,0
Capela do Alto Alegre,BA,Nordeste,2024,42.56,1
São João do Itaperiú,SC,Sul,2024,59.22,1
Jaguapitã,PR,Sul,2024,76.81,0
Santo Antônio,RN,Nordeste,2024,68.69,0
Marianópolis do Tocantins,TO,Norte,2024,31.37,1
Ubaíra,BA,Nordeste,2024,52.71,0
Iranduba,AM,Norte,2024,50.85,0
Novo Aripuanã,AM,Norte,2024,80.0,0
Pedrinhas,SE,Nordeste,2024,21.39,0
Santa Rita de Cássia,BA,Nordeste,2024,52.33,0
Fortaleza do Tabocão,TO,Norte,2024,54.03,0
Matrinchã,GO,Centro-Oeste,2024,63.07,0
Itaboraí,RJ,Sudeste,2024,56.04,0
Lagarto,SE,Nordeste,2024,42.31,0
Acará,PA,Norte,2024,45.4,0
Carauari,AM,Norte,2024,52.7,0
Maués,AM,Norte,2024,57.61,0
Cerro Grande do Sul,RS,Sul,2024,61.22,0
Poconé,MT,Centro-Oeste,2024,38.45,0
Iranduba,AM,Norte,2024,50.85,1
Fagundes,PB,Nordeste,2024,63.9,0
Monção,MA,Nordeste,2024,56.61,0
Santana do Maranhão,MA,Nordeste,2024,80.0,0
Eldorado do Carajás,PA,Norte,2024,57.37,0
Tabocas do Brejo Velho,BA,Nordeste,2024,42.53,1
Bacabal,MA,Nordeste,2024,51.22,1
Sambaíba,MA,Nordeste,2024,80.0,0
Barra dos Coqueiros,SE,Nordeste,2024,29.32,0
Araguanã,TO,Norte,2024,44.23,0
Alvarães,AM,Norte,2024,46.19,1
Monte Santo,BA,Nordeste,2024,37.95,0
Buriti,MA,Nordeste,2024,50.62,0
Muniz Ferreira,BA,Nordeste,2024,51.44,0
Campo Alegre de Lourdes,BA,Nordeste,2024,43.29,0
Rondolândia,MT,Centro-Oeste,2024,36.18,1
Água Doce do Maranhão,MA,Nordeste,2024,69.35,0
Japi,RN,Nordeste,2024,21.97,1
Alcobaça,BA,Nordeste,2024,50.94,0
Tupanciretã,RS,Sul,2024,73.19,0
Machacalis,MG,Sudeste,2024,64.98,1
Presidente Dutra,MA,Nordeste,2024,58.95,0
Jacobina,BA,Nordeste,2024,37.79,0
Pau Brasil,BA,Nordeste,2024,50.35,0
São Domingos do Azeitão,MA,Nordeste,2024,29.51,1
Rio Crespo,RO,Norte,2024,80.0,0
Tracuateua,PA,Norte,2024,53.63,0
Seringueiras,RO,Norte,2024,65.81,1
Retirolândia,BA,Nordeste,2024,25.46,0
Malta,PB,Nordeste,2024,70.29,0
São José do Norte,RS,Sul,2024,58.23,0
Cajueiro,AL,Nordeste,2024,33.95,0
Ribas do Rio Pardo,MS,Centro-Oeste,2024,41.16,1
Francisco Sá,MG,Sudeste,2024,47.71,0
Rio Preto da Eva,AM,Norte,2024,42.05,1
Correia Pinto,SC,Sul,2024,63.0,0
Parnamirim,PE,Nordeste,2024,53.79,1
Belém do São Francisco,PE,Nordeste,2024,56.25,1
Serrinha,BA,Nordeste,2024,32.42,0
Bento Fernandes,RN,Nordeste,2024,21.48,1
Feliz Deserto,AL,Nordeste,2024,44.08,1
Analândia,SP,Sudeste,2024,50.32,1
São Gonçalo,RJ,Sudeste,2024,51.23,0
Teresina de Goiás,GO,Centro-Oeste,2024,60.67,1
Pinheiro Machado,RS,Sul,2024,69.19,0
Brejo da Madre de Deus,PE,Nordeste,2024,57.44,0
Chalé,MG,Sudeste,2024,80.0,0
Cordeiros,BA,Nordeste,2024,71.03,0
Nova Soure,BA,Nordeste,2024,29.32,1
Cordeiro,RJ,Sudeste,2024,62.66,1
Iaciara,GO,Centro-Oeste,2024,66.63,0
Lapão,BA,Nordeste,2024,32.3,0
São José do Norte,RS,Sul,2024,58.23,0
Itaara,RS,Sul,2024,62.43,0
Novo Repartimento,PA,Norte,2024,59.65,0
Salinópolis,PA,Norte,2024,49.14,1
Tibau do Sul,RN,Nordeste,2024,24.51,1
Candiba,BA,Nordeste,2024,52.13,0
Guatambú,SC,Sul,2024,50.17,0
São Bento Abade,MG,Sudeste,2024,61.84,1
Canindé de São Francisco,SE,Nordeste,2024,29.89,0
São Vicente do Sul,RS,Sul,2024,77.73,0
Canelinha,SC,Sul,2024,62.71,0
Mansidão,BA,Nordeste,2024,37.76,0
Calçado,PE,Nordeste,2024,61.11,0
Uruará,PA,Norte,2024,67.88,0
Tanguá,RJ,Sudeste,2024,59.49,0
Nordestina,BA,Nordeste,2024,38.28,0
Pendências,RN,Nordeste,2024,47.04,0
Codajás,AM,Norte,2024,49.49,1
Manicoré,AM,Norte,2024,56.43,1
Santa Maria do Oeste,PR,Sul,2024,76.81,0
Magalhães Barata,PA,Norte,2024,58.32,1
Ramilândia,PR,Sul,2024,80.0,0
Tucuruí,PA,Norte,2024,43.83,1
Estância,SE,Nordeste,2024,40.81,1
São Francisco do Pará,PA,Norte,2024,43.6,0
Orocó,PE,Nordeste,2024,51.44,0
Ibotirama,BA,Nordeste,2024,48.37,0
Miraguaí,RS,Sul,2024,79.13,0
Pantano Grande,RS,Sul,2024,73.69,0
Vera Cruz,BA,Nordeste,2024,45.5,0
Breu Branco,PA,Norte,2024,38.27,1
Alvorada D'Oeste,RO,Norte,2024,36.33,1
Cardeal da Silva,BA,Nordeste,2024,33.87,0
São Joaquim,SC,Sul,2024,41.26,1
São José do Norte,RS,Sul,2024,58.23,0
Aiquara,BA,Nordeste,2024,36.39,0
Aliança,PE,Nordeste,2024,59.27,0
Jussari,BA,Nordeste,2024,42.54,0
Cairu,BA,Nordeste,2024,43.5,0
Poço Verde,SE,Nordeste,2024,37.82,1
Lobato,PR,Sul,2024,64.86,0
Barra do Piraí,RJ,Sudeste,2024,50.89,0
Monte Carlo,SC,Sul,2024,66.43,0
Ribamar Fiquene,MA,Nordeste,2024,58.51,0
Tomar do Geru,SE,Nordeste,2024,48.79,0
Vila Bela da Santíssima Trindade,MT,Centro-Oeste,2024,52.17,0
Chã Preta,AL,Nordeste,2024,49.65,1
Vera Cruz,RS,Sul,2024,68.66,0
Santa Luzia do Pará,PA,Norte,2024,60.36,0
Caravelas,BA,Nordeste,2024,47.08,1
Presidente Sarney,MA,Nordeste,2024,65.63,0
Guatapará,SP,Sudeste,2024,67.08,0
Prado,BA,Nordeste,2024,41.65,0
São Sebastião da Boa Vista,PA,Norte,2024,53.3,0
Feira Nova do Maranhão,MA,Nordeste,2024,80.0,0
Oiapoque,AP,Norte,2024,33.3,0
Juazeiro,BA,Nordeste,2024,38.21,0
Coronel João Sá,BA,Nordeste,2024,35.85,1
Caseara,TO,Norte,2024,23.89,1
Pindobaçu,BA,Nordeste,2024,41.0,0
Douradina,PR,Sul,2024,55.19,1
Cansanção,BA,Nordeste,2024,36.8,0
Ipixuna do Pará,PA,Norte,2024,46.0,0
Moreno,PE,Nordeste,2024,57.79,0
Três Barras,SC,Sul,2024,54.77,0
Apuí,AM,Norte,2024,60.64,0
Santana do Itararé,PR,Sul,2024,78.52,0
Serra do Ramalho,BA,Nordeste,2024,42.83,0
Pirambu,SE,Nordeste,2024,33.03,1
Igrapiúna,BA,Nordeste,2024,37.38,1
Cravolândia,BA,Nordeste,2024,61.09,0
Cachoeiras de Macacu,RJ,Sudeste,2024,55.43,0
Sucupira do Norte,MA,Nordeste,2024,54.91,1
Itacaré,BA,Nordeste,2024,39.28,0
Angical,BA,Nordeste,2024,44.53,0
Ponta Porã,MS,Centro-Oeste,2024,61.45,0
Italva,RJ,Sudeste,2024,58.72,1
Gonçalves Dias,MA,Nordeste,2024,50.85,1
Nossa Senhora das Dores,SE,Nordeste,2024,39.64,0
São Francisco de Assis,RS,Sul,2024,61.82,0
Nova Timboteua,PA,Norte,2024,55.21,0
Prado Ferreira,PR,Sul,2024,77.14,0
São Paulo de Olivença,AM,Norte,2024,40.03,0
Erval Velho,SC,Sul,2024,60.39,0
Tabatinga,AM,Norte,2024,47.62,0
Sete Quedas,MS,Centro-Oeste,2024,58.52,0
Paraopeba,MG,Sudeste,2024,53.95,1
Camutanga,PE,Nordeste,2024,60.07,1
Massaranduba,PB,Nordeste,2024,50.02,0
Cariri do Tocantins,TO,Norte,2024,22.48,1
Chapadinha,MA,Nordeste,2024,52.46,0
Alto Paraíso,RO,Norte,2024,64.58,0
Macaíba,RN,Nordeste,2024,36.28,0
Correntina,BA,Nordeste,2024,43.32,0
Três Barras,SC,Sul,2024,54.77,0
Aldeias Altas,MA,Nordeste,2024,69.85,0
Maraial,PE,Nordeste,2024,70.93,0
Araripina,PE,Nordeste,2024,60.73,0
Ibipeba,BA,Nordeste,2024,36.9,0
Tailândia,PA,Norte,2024,44.19,0
Curuá,PA,Norte,2024,44.07,0
Uarini,AM,Norte,2024,19.75,1
Dom Feliciano,RS,Sul,2024,63.01,0
Coari,AM,Norte,2024,45.17,1
Anapu,PA,Norte,2024,53.88,0
Guaratinga,BA,Nordeste,2024,29.89,0
Itabaiana,SE,Nordeste,2024,33.84,1
São Domingos do Araguaia,PA,Norte,2024,51.56,0
São Joaquim,SC,Sul,2024,41.26,1
Caldas Brandão,PB,Nordeste,2024,59.08,0
Itaguajé,PR,Sul,2024,62.76,1
Aveiro,PA,Norte,2024,61.01,1
São Gabriel,BA,Nordeste,2024,40.09,0
Luís Eduardo Magalhães,BA,Nordeste,2024,36.53,0
Carinhanha,BA,Nordeste,2024,35.7,0
Xique-Xique,BA,Nordeste,2024,38.06,0
Boca do Acre,AM,Norte,2024,62.56,0
Goioerê,PR,Sul,2024,72.0,0
Candeal,BA,Nordeste,2024,37.97,0
Barcarena,PA,Norte,2024,51.99,0
Taboão da Serra,SP,Sudeste,2024,51.16,1
Marabá,PA,Norte,2024,56.17,0
Congonhinhas,PR,Sul,2024,70.6,0
São Francisco de Itabapoana,RJ,Sudeste,2024,49.36,0
São João do Ivaí,PR,Sul,2024,64.52,1
Bertolínia,PI,Nordeste,2024,62.88,0
Tenente Laurentino Cruz,RN,Nordeste,2024,50.34,0
Santa Cruz do Arari,PA,Norte,2024,54.82,0
Wanderlândia,TO,Norte,2024,41.91,0
Piancó,PB,Nordeste,2024,53.95,0
Xinguara,PA,Norte,2024,54.82,0
Rio Bonito,RJ,Sudeste,2024,59.87,0
Conceição do Almeida,BA,Nordeste,2024,58.18,0
São Domingos,BA,Nordeste,2024,32.49,1
Encruzilhada,BA,Nordeste,2024,47.92,0
Buriticupu,MA,Nordeste,2024,45.58,0
Silva Jardim,RJ,Sudeste,2024,59.47,0
Santo Amaro das Brotas,SE,Nordeste,2024,41.37,0
Tucumã,PA,Norte,2024,62.31,0
Igaporã,BA,Nordeste,2024,60.96,0
Canelinha,SC,Sul,2024,62.71,0
Douradina,MS,Centro-Oeste,2024,35.93,1
Maués,AM,Norte,2024,57.61,1
Sobradinho,BA,Nordeste,2024,33.65,1
Palmas de Monte Alto,BA,Nordeste,2024,51.09,0
Crisópolis,BA,Nordeste,2024,55.2,0
Piçarra,PA,Norte,2024,61.89,0
Presidente Vargas,MA,Nordeste,2024,50.02,0
Banzaê,BA,Nordeste,2024,46.98,0
Buriticupu,MA,Nordeste,2024,45.58,0
Redenção,PA,Norte,2024,59.2,0
Cacequi,RS,Sul,2024,55.58,0
Gameleiras,MG,Sudeste,2024,47.75,1
Santaluz,BA,Nordeste,2024,32.3,0
Abreu e Lima,PE,Nordeste,2024,52.75,0
Estrela,RS,Sul,2024,69.6,0
Jandaíra,RN,Nordeste,2024,37.5,0
Ruy Barbosa,BA,Nordeste,2024,44.71,0
Neópolis,SE,Nordeste,2024,28.33,1
Boa Vista do Ramos,AM,Norte,2024,33.37,1
Presidente Figueiredo,AM,Norte,2024,41.0,0
Pareci Novo,RS,Sul,2024,74.1,0
Santo Amaro,BA,Nordeste,2024,49.62,0
Urandi,BA,Nordeste,2024,62.68,0
Feira de Santana,BA,Nordeste,2024,38.95,0
Oliveira dos Brejinhos,BA,Nordeste,2024,44.58,0
São Paulo de Olivença,AM,Norte,2024,40.03,0
Nova Ibiá,BA,Nordeste,2024,55.22,0
Concórdia do Pará,PA,Norte,2024,46.82,1
Macajuba,BA,Nordeste,2024,25.55,1
Barra do Choça,BA,Nordeste,2024,42.76,0
Cassilândia,MS,Centro-Oeste,2024,44.23,1
Ponta de Pedras,PA,Norte,2024,45.11,1
Nova Brasilândia D'Oeste,RO,Norte,2024,75.6,1
Nova Iorque,MA,Nordeste,2024,77.81,0
Marapanim,PA,Norte,2024,35.89,1
Maribondo,AL,Nordeste,2024,52.02,0
Altamira,PA,Norte,2024,52.09,0
Salvaterra,PA,Norte,2024,56.58,0
Nova Ipixuna,PA,Norte,2024,50.09,1
Euclides da Cunha,BA,Nordeste,2024,39.98,0
Cachoeira,BA,Nordeste,2024,32.07,1
São Pedro da Aldeia,RJ,Sudeste,2024,60.17,0
Prainha,PA,Norte,2024,61.1,0
Niterói,RJ,Sudeste,2024,56.56,0
Marzagão,GO,Centro-Oeste,2024,80.0,1
Camacan,BA,Nordeste,2024,40.84,0
Belém,PA,Norte,2024,53.42,0
Ponte Alta,SC,Sul,2024,47.14,1
Indiaroba,SE,Nordeste,2024,44.78,0
Bela Vista,MS,Centro-Oeste,2024,49.58,0
Vicentina,MS,Centro-Oeste,2024,67.77,0
Pedro Velho,RN,Nordeste,2024,23.8,1
Lauro de Freitas,BA,Nordeste,2024,36.74,0
Messias,AL,Nordeste,2024,37.86,1
Tobias Barreto,SE,Nordeste,2024,47.95,0
Aracaju,SE,Nordeste,2024,36.8,1
Cuiabá,MT,Centro-Oeste,2024,58.26,0
Brejo,MA,Nordeste,2024,55.2,1
Serra Negra do Norte,RN,Nordeste,2024,33.05,0
Iuiú,BA,Nordeste,2024,54.11,0
Mostardas,RS,Sul,2024,56.1,0
Nossa Senhora Aparecida,SE,Nordeste,2024,44.57,1
Taperoá,BA,Nordeste,2024,45.23,1
Altamira do Paraná,PR,Sul,2024,79.21,0
Coribe,BA,Nordeste,2024,52.66,0
Cumaru do Norte,PA,Norte,2024,55.05,0
Manga,MG,Sudeste,2024,31.24,1
Portel,PA,Norte,2024,49.51,0
Ponte Alta do Tocantins,TO,Norte,2024,52.89,0
Vila Flor,RN,Nordeste,2024,26.43,1
Santa Inês,BA,Nordeste,2024,52.67,0
Euclides da Cunha,BA,Nordeste,2024,39.98,0
Cerro Grande do Sul,RS,Sul,2024,61.22,0
Borba,AM,Norte,2024,35.51,1
Bataguassu,MS,Centro-Oeste,2024,44.18,1
Casimiro de Abreu,RJ,Sudeste,2024,59.09,0
Pombos,PE,Nordeste,2024,52.33,0
São Nicolau,RS,Sul,2024,61.56,0
Bandeirantes do Tocantins,TO,Norte,2024,42.34,0
Tabuleiro,MG,Sudeste,2024,80.0,0
Barracão,RS,Sul,2024,74.37,0
Salto do Jacuí,RS,Sul,2024,80.0,0
Nhamundá,AM,Norte,2024,67.18,0
Ilhéus,BA,Nordeste,2024,39.22,0
Inhambupe,BA,Nordeste,2024,36.61,0
Prado,BA,Nordeste,2024,41.65,0
Mirador,MA,Nordeste,2024,41.77,1
Nova Esperança do Piriá,PA,Norte,2024,42.35,1
Olho d'Água das Cunhãs,MA,Nordeste,2024,58.25,1
Japira,PR,Sul,2024,76.34,0
Mãe do Rio,PA,Norte,2024,51.07,0
Alvorada,RS,Sul,2024,52.0,0
Bom Jesus da Lapa,BA,Nordeste,2024,40.73,0
Limoeiro de Anadia,AL,Nordeste,2024,49.3,0
Barrocas,BA,Nordeste,2024,48.11,0
Capanema,PA,Norte,2024,64.97,0
Junco do Maranhão,MA,Nordeste,2024,80.0,0
Marcação,PB,Nordeste,2024,70.7,0
Ilhéus,BA,Nordeste,2024,39.22,0
Planalto,BA,Nordeste,2024,46.35,0
Serra Dourada,BA,Nordeste,2024,36.13,0
Porto Rico do Maranhão,MA,Nordeste,2024,74.78,0
Visconde do Rio Branco,MG,Sudeste,2024,60.26,1
Monteirópolis,AL,Nordeste,2024,42.02,0
Serra Preta,BA,Nordeste,2024,38.83,0
Isaías Coelho,PI,Nordeste,2024,35.03,0
Igrejinha,RS,Sul,2024,80.0,0
Almirante Tamandaré,PR,Sul,2024,57.0,0
Maripá de Minas,MG,Sudeste,2024,67.84,0
Ponte Alta do Bom Jesus,TO,Norte,2024,15.03,1
Cachoeira Grande,MA,Nordeste,2024,47.28,1
Três Barras,SC,Sul,2024,54.77,1
Bonito,PA,Norte,2024,43.59,0
Fronteira dos Vales,MG,Sudeste,2024,43.82,1
Tabaí,RS,Sul,2024,63.05,0
Monte Alegre de Minas,MG,Sudeste,2024,75.58,0
Dom Cavati,MG,Sudeste,2024,75.54,0
Mirabela,MG,Sudeste,2024,62.46,0
Angelim,PE,Nordeste,2024,65.01,0
Campo Formoso,BA,Nordeste,2024,43.38,0
Novo Acordo,TO,Norte,2024,45.59,0
Balsas,MA,Nordeste,2024,46.12,0
Reduto,MG,Sudeste,2024,45.77,1
Sátiro Dias,BA,Nordeste,2024,22.02,1
Nantes,SP,Sudeste,2024,62.7,0
Cambará,PR,Sul,2024,65.41,0
Porto Velho,RO,Norte,2024,67.5,0
Dom Pedro,MA,Nordeste,2024,46.62,0
Primeiro de Maio,PR,Sul,2024,56.15,1
Presidente Kubitschek,MG,Sudeste,2024,76.39,1
Santa Isabel do Pará,PA,Norte,2024,46.98,0
Nova Viçosa,BA,Nordeste,2024,60.29,0
Restinga Seca,RS,Sul,2024,51.07,0
Tupanciretã,RS,Sul,2024,73.19,0
Umbaúba,SE,Nordeste,2024,32.62,1
São Leopoldo,RS,Sul,2024,60.83,0
Guajeru,BA,Nordeste,2024,36.33,1
Salgado,SE,Nordeste,2024,40.63,1
Jaraguari,MS,Centro-Oeste,2024,44.9,1
Boa Hora,PI,Nordeste,2024,62.26,0
Itacoatiara,AM,Norte,2024,51.78,0
Matozinhos,MG,Sudeste,2024,52.79,1
Capanema,PA,Norte,2024,64.97,0
Alvarães,AM,Norte,2024,46.19,1
Ponto Novo,BA,Nordeste,2024,30.38,1
Rafael Jambeiro,BA,Nordeste,2024,53.58,0
Soure,PA,Norte,2024,65.61,0
Capela,SE,Nordeste,2024,40.4,0
Itacajá,TO,Norte,2024,63.69,0
Carangola,MG,Sudeste,2024,55.64,0
Seropédica,RJ,Sudeste,2024,51.95,0
Nova União,RO,Norte,2024,63.85,1
Monte Negro,RO,Norte,2024,73.41,0
Santarém,PA,Norte,2024,59.08,0
Campina das Missões,RS,Sul,2024,80.0,0
Cantagalo,RJ,Sudeste,2024,59.77,0
Dias d'Ávila,BA,Nordeste,2024,42.22,0
Itamaraju,BA,Nordeste,2024,49.84,0
Frei Inocêncio,MG,Sudeste,2024,57.56,1
Ourilândia do Norte,PA,Norte,2024,53.81,0
Nioaque,MS,Centro-Oeste,2024,58.26,1
Caxingó,PI,Nordeste,2024,27.47,1
Ouriçangas,BA,Nordeste,2024,42.62,1
Tuneiras do Oeste,PR,Sul,2024,72.81,0
Arroio dos Ratos,RS,Sul,2024,46.7,0
Juti,MS,Centro-Oeste,2024,29.82,1
Santa Rita do Pardo,MS,Centro-Oeste,2024,53.47,0
Coração de Maria,BA,Nordeste,2024,37.99,0
Juruti,PA,Norte,2024,54.21,0
Bom Conselho,PE,Nordeste,2024,63.29,0
Mundo Novo,MS,Centro-Oeste,2024,80.0,0
Itaguaçu da Bahia,BA,Nordeste,2024,28.02,1
Riachão do Dantas,SE,Nordeste,2024,44.45,0
Conceição do Jacuípe,BA,Nordeste,2024,41.12,0
Primavera,PE,Nordeste,2024,77.9,0
Guaraci,PR,Sul,2024,73.88,0
Aurora do Pará,PA,Norte,2024,40.81,1
Serra do Mel,RN,Nordeste,2024,39.61,0
Ipirá,BA,Nordeste,2024,37.07,0
Boa Vista do Ramos,AM,Norte,2024,33.37,0
Rio Maria,PA,Norte,2024,47.85,1
Descoberto,MG,Sudeste,2024,65.54,1
Itupiranga,PA,Norte,2024,48.62,0
Carauari,AM,Norte,2024,52.7,1
Olinda Nova do Maranhão,MA,Nordeste,2024,80.0,0
José Boiteux,SC,Sul,2024,43.68,0
Mathias Lobato,MG,Sudeste,2024,56.26,1
Várzea da Roça,BA,Nordeste,2024,39.52,0
Lindolfo Collor,RS,Sul,2024,69.56,0
Barra de São Miguel,AL,Nordeste,2024,38.79,1
Juruti,PA,Norte,2024,54.21,0
Inhangapi,PA,Norte,2024,29.0,1
Rubelita,MG,Sudeste,2024,80.0,0
Ipiaú,BA,Nordeste,2024,40.51,0
Fênix,PR,Sul,2024,67.58,0
Estrela do Sul,MG,Sudeste,2024,52.24,1
Propriá,SE,Nordeste,2024,26.71,1
Jataúba,PE,Nordeste,2024,56.54,0
Manacapuru,AM,Norte,2024,49.77,0
Alto Parnaíba,MA,Nordeste,2024,52.17,0
Capitão Enéas,MG,Sudeste,2024,64.86,0
Bela Vista de Goiás,GO,Centro-Oeste,2024,64.32,0
Palmeirândia,MA,Nordeste,2024,48.1,1
Governador Jorge Teixeira,RO,Norte,2024,67.54,1
Conceição do Coité,BA,Nordeste,2024,35.73,0
Lagoa Nova,RN,Nordeste,2024,41.52,0
Passagem Franca do Piauí,PI,Nordeste,2024,80.0,0
Itaobim,MG,Sudeste,2024,54.67,0
Cachoeirinha,RS,Sul,2024,61.68,0
Nilópolis,RJ,Sudeste,2024,50.1,0
Turuçu,RS,Sul,2024,80.0,0
Turilândia,MA,Nordeste,2024,60.34,0
Corumbá,MS,Centro-Oeste,2024,47.61,0
Atalaia,AL,Nordeste,2024,39.32,1
Fátima do Sul,MS,Centro-Oeste,2024,63.97,0
Ananindeua,PA,Norte,2024,62.51,0
Glória do Goitá,PE,Nordeste,2024,72.07,0
Chaves,PA,Norte,2024,50.48,1
Itagimirim,BA,Nordeste,2024,39.74,0
Campos Borges,RS,Sul,2024,33.67,0
Ituberá,BA,Nordeste,2024,49.86,0
Ourizona,PR,Sul,2024,80.0,0
Cabo Frio,RJ,Sudeste,2024,58.8,0
São Sebastião do Uatumã,AM,Norte,2024,56.43,1
São José da Coroa Grande,PE,Nordeste,2024,47.83,0
Belterra,PA,Norte,2024,63.83,0
Porto Velho,RO,Norte,2024,67.5,0
Novo Airão,AM,Norte,2024,76.5,0
Mirangaba,BA,Nordeste,2024,40.59,0
Itagi,BA,Nordeste,2024,44.26,0
Natividade,RJ,Sudeste,2024,63.56,0
Ouro Branco,AL,Nordeste,2024,27.52,1
Nossa Senhora dos Remédios,PI,Nordeste,2024,66.78,0
Marituba,PA,Norte,2024,61.1,0
Itaquitinga,PE,Nordeste,2024,53.48,1
Manicoré,AM,Norte,2024,56.43,1
Coronel Ezequiel,RN,Nordeste,2024,46.85,0
Sant'Ana do Livramento,RS,Sul,2024,54.72,0
Itaituba,PA,Norte,2024,64.14,0
Reduto,MG,Sudeste,2024,45.77,1
Nossa Senhora da Glória,SE,Nordeste,2024,36.66,0
Mucuri,BA,Nordeste,2024,54.16,0
Carneiros,AL,Nordeste,2024,49.37,0
Brumado,BA,Nordeste,2024,57.7,0
Abatiá,PR,Sul,2024,60.05,0
Trairão,PA,Norte,2024,72.29,0
Nova Laranjeiras,PR,Sul,2024,77.85,0
Telha,SE,Nordeste,2024,24.28,1
Anapurus,MA,Nordeste,2024,80.0,0
Girau do Ponciano,AL,Nordeste,2024,42.43,0
São Geraldo,MG,Sudeste,2024,80.0,0
Ibema,PR,Sul,2024,73.95,0
Marajá do Sena,MA,Nordeste,2024,80.0,0
Amarante,PI,Nordeste,2024,29.44,1
Vicentina,MS,Centro-Oeste,2024,67.77,0
Guapimirim,RJ,Sudeste,2024,55.1,0
Arraial do Cabo,RJ,Sudeste,2024,55.35,1
Santa Brígida,BA,Nordeste,2024,32.87,0
Bequimão,MA,Nordeste,2024,39.93,1
Tuparendi,RS,Sul,2024,80.0,0
Cachoeira do Sul,RS,Sul,2024,61.21,0
Rio Largo,AL,Nordeste,2024,43.48,0
Ilha de Itamaracá,PE,Nordeste,2024,57.61,0
Manaus,AM,Norte,2024,56.8,0
Turiaçu,MA,Nordeste,2024,46.7,1
Catu,BA,Nordeste,2024,49.32,0
Palmeira dos Índios,AL,Nordeste,2024,39.15,1
São Sebastião do Passé,BA,Nordeste,2024,54.89,0
Governador Eugênio Barros,MA,Nordeste,2024,57.38,0
Itaperuçu,PR,Sul,2024,60.35,0
Jacaré dos Homens,AL,Nordeste,2024,44.64,1
Montes Altos,MA,Nordeste,2024,72.68,0
Chupinguaia,RO,Norte,2024,80.0,0
Primavera do Leste,MT,Centro-Oeste,2024,54.21,0
Araças,BA,Nordeste,2024,43.28,0
Anagé,BA,Nordeste,2024,43.17,0
Morretes,PR,Sul,2024,70.28,0
Barreiros,PE,Nordeste,2024,64.79,0
Santa Cruz,PE,Nordeste,2024,70.98,0
Fortuna,MA,Nordeste,2024,46.62,1
Andirá,PR,Sul,2024,67.47,0
São Tomé,PR,Sul,2024,80.0,0
Vale do Paraíso,RO,Norte,2024,59.72,0
Lábrea,AM,Norte,2024,66.9,0
Barra do Ouro,TO,Norte,2024,18.0,1
Caiçara do Rio do Vento,RN,Nordeste,2024,44.52,0
Maetinga,BA,Nordeste,2024,64.12,0
Campo Alegre do Fidalgo,PI,Nordeste,2024,44.96,1
Cantagalo,MG,Sudeste,2024,63.46,1
Ribeirão do Largo,BA,Nordeste,2024,52.59,1
Palminópolis,GO,Centro-Oeste,2024,80.0,1
Paranapoema,PR,Sul,2024,62.63,0
Jaru,RO,Norte,2024,65.65,1
Aracaju,SE,Nordeste,2024,36.8,1
Davinópolis,MA,Nordeste,2024,68.9,1
Lagarto,SE,Nordeste,2024,42.31,0
Codajás,AM,Norte,2024,49.49,0
Botuverá,SC,Sul,2024,71.04,0
Venturosa,PE,Nordeste,2024,57.68,1
Itamarati,AM,Norte,2024,72.11,1
Barreiras,BA,Nordeste,2024,44.47,0
Manacapuru,AM,Norte,2024,49.77,0
Matinha,MA,Nordeste,2024,66.6,0
Belém,PA,Norte,2024,53.42,0
Zortéa,SC,Sul,2024,67.5,0
Bonito,BA,Nordeste,2024,46.43,0
Tanquinho,BA,Nordeste,2024,25.95,1
Tramandaí,RS,Sul,2024,58.64,0
Cabo de Santo Agostinho,PE,Nordeste,2024,59.25,0
Parintins,AM,Norte,2024,56.53,1
Conselheiro Pena,MG,Sudeste,2024,69.02,0
Princesa,SC,Sul,2024,80.0,0
Carmolândia,TO,Norte,2024,32.34,0
Bom Jesus do Tocantins,PA,Norte,2024,61.74,0
Santana dos Garrotes,PB,Nordeste,2024,39.63,1
Juarina,TO,Norte,2024,42.09,1
Salgado de São Félix,PB,Nordeste,2024,80.0,0
Nova Redenção,BA,Nordeste,2024,38.9,0
Palmas,PR,Sul,2024,59.7,0
Pinheiro,MA,Nordeste,2024,57.5,0
Porto Real do Colégio,AL,Nordeste,2024,69.69,1
Brasilândia do Sul,PR,Sul,2024,75.19,1
Miraguaí,RS,Sul,2024,79.13,0
São Miguel do Guamá,PA,Norte,2024,45.1,1
Humberto de Campos,MA,Nordeste,2024,64.63,0
Bayeux,PB,Nordeste,2024,40.74,0
São José do Xingu,MT,Centro-Oeste,2024,56.04,0
Espumoso,RS,Sul,2024,80.0,0
Santa Maria do Suaçuí,MG,Sudeste,2024,64.62,1
São Félix de Minas,MG,Sudeste,2024,70.01,0
Iguaraçu,PR,Sul,2024,55.71,1
Itaquara,BA,Nordeste,2024,41.17,0
Camaçari,BA,Nordeste,2024,40.43,0
Tanque d'Arca,AL,Nordeste,2024,48.08,1
Carapebus,RJ,Sudeste,2024,55.79,1
Mozarlândia,GO,Centro-Oeste,2024,55.96,1
Rio Claro,RJ,Sudeste,2024,67.93,0
Simão Dias,SE,Nordeste,2024,40.09,0
Bagé,RS,Sul,2024,64.98,0
Salvador,BA,Nordeste,2024,45.52,0
Tamandaré,PE,Nordeste,2024,50.56,1
Diamantino,MT,Centro-Oeste,2024,56.72,0
Três Rios,RJ,Sudeste,2024,57.88,0
Presidente Médici,RO,Norte,2024,65.31,1
Iguaí,BA,Nordeste,2024,54.55,0
Conceição do Tocantins,TO,Norte,2024,34.78,1
Santo Antônio de Jesus,BA,Nordeste,2024,40.35,1
Pariconha,AL,Nordeste,2024,47.56,0
Camargo,RS,Sul,2024,80.0,0
Arinos,MG,Sudeste,2024,50.89,0
Canguaretama,RN,Nordeste,2024,44.21,0
Japi,RN,Nordeste,2024,21.97,1
Salvador,BA,Nordeste,2024,45.52,0
Novo Airão,AM,Norte,2024,76.5,0
Alvorada,RS,Sul,2024,52.0,0
Presidente Jânio Quadros,BA,Nordeste,2024,37.48,0
Jequié,BA,Nordeste,2024,44.37,0
Jaguaripe,BA,Nordeste,2024,33.07,1
Terenos,MS,Centro-Oeste,2024,63.66,0
Prudente de Morais,MG,Sudeste,2024,57.41,1
Manari,PE,Nordeste,2024,60.73,0
Paragominas,PA,Norte,2024,65.34,0
Baianópolis,BA,Nordeste,2024,46.14,0
Dois Irmãos,RS,Sul,2024,78.68,0
Apuí,AM,Norte,2024,60.64,1
Jaru,RO,Norte,2024,65.65,0
Ilha Grande,PI,Nordeste,2024,46.17,0
Santo Antônio,RN,Nordeste,2024,68.69,0
Poções,BA,Nordeste,2024,49.79,0
Nova Palma,RS,Sul,2024,80.0,0
Jaru,RO,Norte,2024,65.65,0
Santa Luz,PI,Nordeste,2024,80.0,0
Ji-Paraná,RO,Norte,2024,80.0,0
Rio Vermelho,MG,Sudeste,2024,49.66,1
Guaíba,RS,Sul,2024,54.7,0
Sangão,SC,Sul,2024,70.98,0
Itambacuri,MG,Sudeste,2024,56.29,1
Santo Cristo,RS,Sul,2024,76.62,0
Duas Estradas,PB,Nordeste,2024,16.94,1
Montividiu do Norte,GO,Centro-Oeste,2024,62.79,1
Ananindeua,PA,Norte,2024,62.51,0
Joaquim Gomes,AL,Nordeste,2024,40.35,0
Paulo Afonso,BA,Nordeste,2024,32.01,0
Sinimbu,RS,Sul,2024,71.29,0
Macau,RN,Nordeste,2024,34.46,0
Varzedo,BA,Nordeste,2024,49.91,0
Nova Candelária,RS,Sul,2024,80.0,0
Ubatã,BA,Nordeste,2024,38.45,1
Amélia Rodrigues,BA,Nordeste,2024,44.02,1
Manaus,AM,Norte,2024,56.8,0
Pinhal de São Bento,PR,Sul,2024,80.0,1
Pariconha,AL,Nordeste,2024,47.56,1
Antônio Carlos,MG,Sudeste,2024,78.32,0
Campo Belo do Sul,SC,Sul,2024,47.83,0
Feliz,RS,Sul,2024,73.9,0
Saudade do Iguaçu,PR,Sul,2024,80.0,1
Aracaju,SE,Nordeste,2024,36.8,1
Guaraçaí,SP,Sudeste,2024,58.6,1
Bom Sucesso,PB,Nordeste,2024,67.77,0
Pedra,PE,Nordeste,2024,52.41,1
Rosário,MA,Nordeste,2024,60.53,0
Moreira Sales,PR,Sul,2024,79.43,0
Capim Grosso,BA,Nordeste,2024,33.41,0
Jacarezinho,PR,Sul,2024,59.25,0
São Domingos do Maranhão,MA,Nordeste,2024,47.88,1
São Paulo de Olivença,AM,Norte,2024,40.03,1
Marcação,PB,Nordeste,2024,70.7,0
Piritiba,BA,Nordeste,2024,48.97,0
Pariconha,AL,Nordeste,2024,47.56,1
Monte Alegre dos Campos,RS,Sul,2024,66.01,0
Macaíba,RN,Nordeste,2024,36.28,0
Peixe,TO,Norte,2024,51.92,0
Viamão,RS,Sul,2024,62.36,0
São Félix do Araguaia,MT,Centro-Oeste,2024,41.62,0
Cachoeira do Piriá,PA,Norte,2024,53.0,0
Tuparendi,RS,Sul,2024,80.0,0
Maricá,RJ,Sudeste,2024,60.52,0
Adrianópolis,PR,Sul,2024,63.38,0
Teixeira de Freitas,BA,Nordeste,2024,56.5,0
Itaberaba,BA,Nordeste,2024,48.23,0
Figueirópolis D'Oeste,MT,Centro-Oeste,2024,80.0,0
Capitão Poço,PA,Norte,2024,55.77,0
Congonhas do Norte,MG,Sudeste,2024,80.0,0
Pinhalzinho,SC,Sul,2024,78.51,0
São Miguel das Matas,BA,Nordeste,2024,35.91,1
Balneário Pinhal,RS,Sul,2024,61.97,0
Alagoinhas,BA,Nordeste,2024,40.44,0
Elísio Medrado,BA,Nordeste,2024,37.06,0
Valente,BA,Nordeste,2024,39.21,0
Itaíba,PE,Nordeste,2024,62.9,0
Vila Maria,RS,Sul,2024,80.0,0
Santo Antônio do Içá,AM,Norte,2024,63.05,1
Vera Cruz,RS,Sul,2024,68.66,0
Rafael Fernandes,RN,Nordeste,2024,59.65,0
Pinhão,PR,Sul,2024,64.88,0
Heitoraí,GO,Centro-Oeste,2024,57.96,1
Seabra,BA,Nordeste,2024,53.8,0
Caparaó,MG,Sudeste,2024,63.44,1
Caetés,PE,Nordeste,2024,51.32,1
Camamu,BA,Nordeste,2024,33.17,0
Guaíba,RS,Sul,2024,54.7,0
Nova Itarana,BA,Nordeste,2024,39.89,0
Ananindeua,PA,Norte,2024,62.51,0
Campo Erê,SC,Sul,2024,64.05,0
Abelardo Luz,SC,Sul,2024,67.3,0
Marcelino Vieira,RN,Nordeste,2024,34.1,0
Joaquim Gomes,AL,Nordeste,2024,40.35,0
Frederico Westphalen,RS,Sul,2024,65.99,0
Raposa,MA,Nordeste,2024,69.98,0
Rio Grande do Piauí,PI,Nordeste,2024,53.74,0
Ribeira do Pombal,BA,Nordeste,2024,41.2,0
Icaraíma,PR,Sul,2024,74.31,0
Boca do Acre,AM,Norte,2024,62.56,0
Salinas da Margarida,BA,Nordeste,2024,53.07,0
Breves,PA,Norte,2024,49.78,1
Palmares do Sul,RS,Sul,2024,57.88,0
Palmeira dos Índios,AL,Nordeste,2024,39.15,0
Jaguarari,BA,Nordeste,2024,37.63,1
Itamarati,AM,Norte,2024,72.11,1
Santo Estêvão,BA,Nordeste,2024,39.59,0
Santa Fé do Araguaia,TO,Norte,2024,23.48,1
Canapi,AL,Nordeste,2024,51.08,1
Parnarama,MA,Nordeste,2024,80.0,0
Cruzeiro do Sul,RS,Sul,2024,70.11,0
Santa Maria,RS,Sul,2024,67.72,0
Palmeira dos Índios,AL,Nordeste,2024,39.15,0
Coxim,MS,Centro-Oeste,2024,45.99,0
Mostardas,RS,Sul,2024,56.1,0
Moreilândia,PE,Nordeste,2024,49.94,1
São João da Barra,RJ,Sudeste,2024,56.73,1
Quedas do Iguaçu,PR,Sul,2024,73.0,0
Santa Fé de Goiás,GO,Centro-Oeste,2024,77.35,1
Antônio Cardoso,BA,Nordeste,2024,40.74,0
Paulista,PE,Nordeste,2024,55.98,0
Álvaro de Carvalho,SP,Sudeste,2024,58.95,0
Alvorada,RS,Sul,2024,52.0,0
Santo Antônio de Lisboa,PI,Nordeste,2024,64.31,0
Chalé,MG,Sudeste,2024,80.0,0
Abaíra,BA,Nordeste,2024,41.37,1
Indiavaí,MT,Centro-Oeste,2024,50.4,1
Paripueira,AL,Nordeste,2024,57.82,0
Muricilândia,TO,Norte,2024,24.82,1
Correia Pinto,SC,Sul,2024,63.0,0
Inajá,PR,Sul,2024,74.7,0
São Félix do Coribe,BA,Nordeste,2024,59.05,0
Simão Dias,SE,Nordeste,2024,40.09,0
Restinga Seca,RS,Sul,2024,51.07,0
Padre Paraíso,MG,Sudeste,2024,54.04,1
Vila Nova do Sul,RS,Sul,2024,54.11,0
Banzaê,BA,Nordeste,2024,46.98,0
Jitaúna,BA,Nordeste,2024,31.37,1
São Domingos,GO,Centro-Oeste,2024,51.24,1
Montenegro,RS,Sul,2024,68.22,0
Santa Maria,RS,Sul,2024,67.72,0
Monte Alegre,PA,Norte,2024,58.27,0
Piraquara,PR,Sul,2024,61.92,0
Barra do Quaraí,RS,Sul,2024,64.15,0
Itapé,BA,Nordeste,2024,37.65,0
Ibirataia,BA,Nordeste,2024,39.72,0
Tacaimbó,PE,Nordeste,2024,51.45,0
Porciúncula,RJ,Sudeste,2024,42.11,1
Mundo Novo,MS,Centro-Oeste,2024,80.0,0
São Lourenço da Mata,PE,Nordeste,2024,49.84,1
Cândido Sales,BA,Nordeste,2024,44.57,0
São João do Tigre,PB,Nordeste,2024,43.34,1
Chuí,RS,Sul,2024,54.93,0
Rio Preto,MG,Sudeste,2024,72.56,0
Alto Alegre do Maranhão,MA,Nordeste,2024,71.78,0
São Bento do Una,PE,Nordeste,2024,59.89,1
União de Minas,MG,Sudeste,2024,73.46,0
Cipó,BA,Nordeste,2024,35.07,0
Glorinha,RS,Sul,2024,67.53,0
Tupaciguara,MG,Sudeste,2024,45.41,1
Ariquemes,RO,Norte,2024,65.22,1
Cabeceira Grande,MG,Sudeste,2024,46.7,1
Rio do Pires,BA,Nordeste,2024,43.13,0
Maceió,AL,Nordeste,2024,45.58,0
Tucano,BA,Nordeste,2024,36.12,0
Contendas do Sincorá,BA,Nordeste,2024,31.22,1
Neópolis,SE,Nordeste,2024,28.33,1
Chã de Alegria,PE,Nordeste,2024,65.79,0
Humaitá,AM,Norte,2024,55.15,1
Esperança Nova,PR,Sul,2024,48.13,1
Doutor Camargo,PR,Sul,2024,79.25,0
Senador Rui Palmeira,AL,Nordeste,2024,56.54,1
Minador do Negrão,AL,Nordeste,2024,37.11,0
Uruçuca,BA,Nordeste,2024,37.1,0
Maceió,AL,Nordeste,2024,45.58,0
Morro Reuter,RS,Sul,2024,56.24,1
Rubim,MG,Sudeste,2024,80.0,0
Saquarema,RJ,Sudeste,2024,66.24,0
Rosário do Catete,SE,Nordeste,2024,45.54,0
Santa Maria,RS,Sul,2024,67.72,0
Maceió,AL,Nordeste,2024,45.58,0
São Bernardo,MA,Nordeste,2024,75.28,0
Campestre,AL,Nordeste,2024,47.36,1
Malhada,BA,Nordeste,2024,32.45,1
Corumbiara,RO,Norte,2024,61.82,1
Ponte Alta,SC,Sul,2024,47.14,1
Anahy,PR,Sul,2024,65.3,1
Tabaí,RS,Sul,2024,63.05,0
Francisco Ayres,PI,Nordeste,2024,52.61,0
Mundo Novo,BA,Nordeste,2024,33.82,0
Taquara,RS,Sul,2024,66.57,0
Dourados,MS,Centro-Oeste,2024,46.65,1
São Miguel das Missões,RS,Sul,2024,76.86,0
Carpina,PE,Nordeste,2024,67.68,0
Machadinho D'Oeste,RO,Norte,2024,56.12,1
Godofredo Viana,MA,Nordeste,2024,80.0,1
Arapiraca,AL,Nordeste,2024,45.77,0
Igreja Nova,AL,Nordeste,2024,53.17,0
Capão do Leão,RS,Sul,2024,53.81,0
São Leopoldo,RS,Sul,2024,60.83,0
Brejolândia,BA,Nordeste,2024,47.23,0
Jaramataia,AL,Nordeste,2024,42.72,0
Guatambú,SC,Sul,2024,50.17,0
Codó,MA,Nordeste,2024,52.32,0
Axixá do Tocantins,TO,Norte,2024,37.42,1
São Sebastião do Umbuzeiro,PB,Nordeste,2024,80.0,0
Fronteira dos Vales,MG,Sudeste,2024,43.82,1
Erval Seco,RS,Sul,2024,69.44,0
Quedas do Iguaçu,PR,Sul,2024,73.0,0
Marliéria,MG,Sudeste,2024,64.77,1
Ribeira do Piauí,PI,Nordeste,2024,61.44,0
Riachuelo,SE,Nordeste,2024,17.27,1
Dom Basílio,BA,Nordeste,2024,53.52,0
Novo Brasil,GO,Centro-Oeste,2024,80.0,0
Amorinópolis,GO,Centro-Oeste,2024,72.21,1
Macaé,RJ,Sudeste,2024,63.19,0
Virgolândia,MG,Sudeste,2024,80.0,0
Urucará,AM,Norte,2024,60.83,1
Cruz das Almas,BA,Nordeste,2024,41.43,0
Uauá,BA,Nordeste,2024,50.59,0
Barão de Grajaú,MA,Nordeste,2024,47.68,1
Brejinho de Nazaré,TO,Norte,2024,44.57,1
Abel Figueiredo,PA,Norte,2024,63.15,0
Bezerros,PE,Nordeste,2024,56.18,1
Francisco Sá,MG,Sudeste,2024,47.71,1
Alvorada D'Oeste,RO,Norte,2024,36.33,1
Alto Alegre dos Parecis,RO,Norte,2024,71.19,1
Viamão,RS,Sul,2024,62.36,0
Viana,MA,Nordeste,2024,61.88,0
São Luís do Quitunde,AL,Nordeste,2024,45.9,1
Palmeirina,PE,Nordeste,2024,63.78,0
Belém de Maria,PE,Nordeste,2024,72.62,1
Codajás,AM,Norte,2024,49.49,0
Salvador do Sul,RS,Sul,2024,80.0,0
Caetité,BA,Nordeste,2024,54.21,0
Belém,PA,Norte,2024,53.42,1
Cidade Gaúcha,PR,Sul,2024,67.22,0
Lindolfo Collor,RS,Sul,2024,69.56,0
São José do Povo,MT,Centro-Oeste,2024,80.0,0
Água Branca,AL,Nordeste,2024,52.49,0
Jesuítas,PR,Sul,2024,80.0,1
Abelardo Luz,SC,Sul,2024,67.3,0
Cacoal,RO,Norte,2024,65.39,1
Biquinhas,MG,Sudeste,2024,80.0,0
Ibitiara,BA,Nordeste,2024,65.11,0
Olho d'Água das Flores,AL,Nordeste,2024,46.38,0
Boa Ventura de São Roque,PR,Sul,2024,75.58,0
Nova Cantu,PR,Sul,2024,79.57,1
João Câmara,RN,Nordeste,2024,29.74,1
Espigão D'Oeste,RO,Norte,2024,80.0,0
Mirabela,MG,Sudeste,2024,62.46,0
Grandes Rios,PR,Sul,2024,67.46,0
Bacuri,MA,Nordeste,2024,69.66,0
Urucará,AM,Norte,2024,60.83,1
Pedrão,BA,Nordeste,2024,27.85,0
Aroazes,PI,Nordeste,2024,61.39,0
Bom Jesus da Serra,BA,Nordeste,2024,47.9,0
São José do Sabugi,PB,Nordeste,2024,56.21,0
Ibarama,RS,Sul,2024,72.44,0
Pindaí,BA,Nordeste,2024,72.46,0
Mimoso de Goiás,GO,Centro-Oeste,2024,68.83,1
Conceição das Pedras,MG,Sudeste,2024,61.58,1
Aperibé,RJ,Sudeste,2024,62.76,1
Lábrea,AM,Norte,2024,66.9,1
Guaribas,PI,Nordeste,2024,61.72,1
Santa Vitória do Palmar,RS,Sul,2024,59.99,0
Abelardo Luz,SC,Sul,2024,67.3,0
Araruama,RJ,Sudeste,2024,55.66,1
Senador Amaral,MG,Sudeste,2024,71.75,0
Paranaguá,PR,Sul,2024,64.89,0
Presidente Médici,RO,Norte,2024,65.31,1
Itambé,PE,Nordeste,2024,53.71,0
Nova Alvorada do Sul,MS,Centro-Oeste,2024,43.79,1
Além Paraíba,MG,Sudeste,2024,70.71,0
São Felipe D'Oeste,RO,Norte,2024,57.76,1
Lagoa do Piauí,PI,Nordeste,2024,11.95,1
Nossa Senhora de Lourdes,SE,Nordeste,2024,26.18,1
Chã Grande,PE,Nordeste,2024,59.42,0
Jataizinho,PR,Sul,2024,65.3,0
Rosário do Sul,RS,Sul,2024,41.94,0
Campo Magro,PR,Sul,2024,63.18,0
Delfinópolis,MG,Sudeste,2024,79.34,0
Pedro do Rosário,MA,Nordeste,2024,68.13,0
Cacoal,RO,Norte,2024,65.39,1
Guaíba,RS,Sul,2024,54.7,0
São Lourenço do Sul,RS,Sul,2024,79.22,0
Arroio dos Ratos,RS,Sul,2024,46.7,0
Rosário do Sul,RS,Sul,2024,41.94,0
Paraíba do Sul,RJ,Sudeste,2024,54.89,0
Carazinho,RS,Sul,2024,66.52,0
Manacapuru,AM,Norte,2024,49.77,0
Itapecuru Mirim,MA,Nordeste,2024,57.76,1
Minas do Leão,RS,Sul,2024,74.31,0
Canápolis,BA,Nordeste,2024,43.85,0
São Leopoldo,RS,Sul,2024,60.83,0
Piratini,RS,Sul,2024,63.34,0
Itajuípe,BA,Nordeste,2024,41.18,0
Cerro Grande do Sul,RS,Sul,2024,61.22,0
Medicilândia,PA,Norte,2024,54.08,0
Mariluz,PR,Sul,2024,65.33,0
Pirapetinga,MG,Sudeste,2024,65.52,1
Gurinhém,PB,Nordeste,2024,41.85,0
Rosário do Sul,RS,Sul,2024,41.94,0
Terenos,MS,Centro-Oeste,2024,63.66,0
Campos Borges,RS,Sul,2024,33.67,1
Parobé,RS,Sul,2024,61.51,0
Bujaru,PA,Norte,2024,56.12,0
Tabatinga,AM,Norte,2024,47.62,1
São José do Vale do Rio Preto,RJ,Sudeste,2024,72.76,1
Mostardas,RS,Sul,2024,56.1,0
Santa Cecília,SC,Sul,2024,68.59,0
José Boiteux,SC,Sul,2024,43.68,1
Itaiópolis,SC,Sul,2024,67.88,0
Zabelê,PB,Nordeste,2024,80.0,0
Alagoa Grande,PB,Nordeste,2024,38.31,0
Canela,RS,Sul,2024,78.87,0
Pedra Bonita,MG,Sudeste,2024,64.45,1
Grajaú,MA,Nordeste,2024,48.35,0
São Sebastião do Alto,RJ,Sudeste,2024,66.38,0
São Nicolau,RS,Sul,2024,61.56,0
São Francisco de Assis do Piauí,PI,Nordeste,2024,40.51,0
Diamante,PB,Nordeste,2024,32.22,1
Xangri-lá,RS,Sul,2024,60.68,0
Paulo Lopes,SC,Sul,2024,65.85,0
Ilópolis,RS,Sul,2024,80.0,0
Sirinhaém,PE,Nordeste,2024,63.56,1
Antônio Olinto,PR,Sul,2024,80.0,1
Coronel Pacheco,MG,Sudeste,2024,80.0,0
Benevides,PA,Norte,2024,63.8,1
Petrópolis,RJ,Sudeste,2024,65.4,0
Governador Edison Lobão,MA,Nordeste,2024,80.0,0
Sertanópolis,PR,Sul,2024,68.91,0
Santana,BA,Nordeste,2024,37.01,1
Espumoso,RS,Sul,2024,80.0,0
Quaraí,RS,Sul,2024,58.95,0
Sombrio,SC,Sul,2024,67.39,0
Manga,MG,Sudeste,2024,31.24,1
Colinas,MA,Nordeste,2024,62.9,0
Monte Alegre de Sergipe,SE,Nordeste,2024,31.99,1
São José do Ouro,RS,Sul,2024,65.42,0
Macarani,BA,Nordeste,2024,54.13,0
Camaragibe,PE,Nordeste,2024,62.2,0
Itinga,MG,Sudeste,2024,56.85,1
Floresta,PE,Nordeste,2024,40.31,1
Benevides,PA,Norte,2024,63.8,1
Serra da Raiz,PB,Nordeste,2024,24.28,1
Taquara,RS,Sul,2024,66.57,0
Jaçanã,RN,Nordeste,2024,52.38,0
Carauari,AM,Norte,2024,52.7,1
Nova Olinda,TO,Norte,2024,32.67,1
Theobroma,RO,Norte,2024,55.53,1
Tramandaí,RS,Sul,2024,58.64,0
Vitória da Conquista,BA,Nordeste,2024,53.11,0
Penedo,AL,Nordeste,2024,47.02,0
Medeiros Neto,BA,Nordeste,2024,56.17,0
Limoeiro do Ajuru,PA,Norte,2024,52.92,0
Guia Lopes da Laguna,MS,Centro-Oeste,2024,52.3,1
Nanuque,MG,Sudeste,2024,56.6,1
Porto Amazonas,PR,Sul,2024,71.41,1
Itumirim,MG,Sudeste,2024,62.66,1
Alvarães,AM,Norte,2024,46.19,1
Santo Antônio do Jacinto,MG,Sudeste,2024,65.75,0
Rio Brilhante,MS,Centro-Oeste,2024,46.43,1
São Caitano,PE,Nordeste,2024,50.74,1
Jaíba,MG,Sudeste,2024,48.75,1
Candeias do Jamari,RO,Norte,2024,54.05,0
Lagoa de Velhos,RN,Nordeste,2024,47.75,0
Passa e Fica,RN,Nordeste,2024,31.79,1
Abreulândia,TO,Norte,2024,65.03,1
Flores do Piauí,PI,Nordeste,2024,52.23,0
Planaltino,BA,Nordeste,2024,58.12,0
União do Oeste,SC,Sul,2024,69.44,0
Caetanos,BA,Nordeste,2024,32.08,1
Nacip Raydan,MG,Sudeste,2024,62.21,1
Barreiras do Piauí,PI,Nordeste,2024,44.83,1
Jateí,MS,Centro-Oeste,2024,68.83,0
Colinas do Sul,GO,Centro-Oeste,2024,65.56,0
São Gonçalo do Gurguéia,PI,Nordeste,2024,77.0,0
Bom Jardim de Minas,MG,Sudeste,2024,52.98,1
Pio XII,MA,Nordeste,2024,32.07,1
Taquarana,AL,Nordeste,2024,49.8,0
Tapes,RS,Sul,2024,62.14,0
Maripá,PR,Sul,2024,80.0,0
Poção de Pedras,MA,Nordeste,2024,80.0,0
Peri Mirim,MA,Nordeste,2024,42.07,1
Santa Cruz de Minas,MG,Sudeste,2024,66.51,0
Bodoquena,MS,Centro-Oeste,2024,50.32,0
Vitória de Santo Antão,PE,Nordeste,2024,51.59,0
Águas Lindas de Goiás,GO,Centro-Oeste,2024,54.0,0
Vila Pavão,ES,Sudeste,2024,75.41,0
Lajedo,PE,Nordeste,2024,52.98,1
Bento Gonçalves,RS,Sul,2024,77.77,0
Adustina,BA,Nordeste,2024,50.37,0
Mutuípe,BA,Nordeste,2024,61.96,0
Itabaianinha,SE,Nordeste,2024,62.52,0
Califórnia,PR,Sul,2024,80.0,0
Ibicoara,BA,Nordeste,2024,35.04,0
Vacaria,RS,Sul,2024,68.24,0
Sant'Ana do Livramento,RS,Sul,2024,54.72,0
Amargosa,BA,Nordeste,2024,55.84,0
Floraí,PR,Sul,2024,77.73,1
Buriti Bravo,MA,Nordeste,2024,38.42,1
Santa Inês,MA,Nordeste,2024,52.49,0
Bom Jesus do Norte,ES,Sudeste,2024,69.22,0
Ibimirim,PE,Nordeste,2024,55.58,1
Mato Verde,MG,Sudeste,2024,70.78,0
Bom Jardim da Serra,SC,Sul,2024,46.82,0
Carnaúba dos Dantas,RN,Nordeste,2024,67.88,0
Humaitá,AM,Norte,2024,55.15,1
Encruzilhada do Sul,RS,Sul,2024,66.52,0
Sobradinho,RS,Sul,2024,80.0,0
Uruguaiana,RS,Sul,2024,64.39,0
Feira Grande,AL,Nordeste,2024,41.94,1
Candói,PR,Sul,2024,74.4,0
Matinhos,PR,Sul,2024,71.91,0
Bocaina de Minas,MG,Sudeste,2024,54.93,1
Lajeado,TO,Norte,2024,46.67,0
São Borja,RS,Sul,2024,67.78,0
Orleans,SC,Sul,2024,68.14,1
Antas,BA,Nordeste,2024,49.89,0
Santa Inês,PB,Nordeste,2024,57.18,0
São Gabriel,RS,Sul,2024,64.25,0
Jangada,MT,Centro-Oeste,2024,59.89,0
Viçosa,MG,Sudeste,2024,65.52,1
Conceição da Barra de Minas,MG,Sudeste,2024,70.55,0
Porto Calvo,AL,Nordeste,2024,43.17,1
Irecê,BA,Nordeste,2024,48.05,0
Borba,AM,Norte,2024,35.51,1
Dom Eliseu,PA,Norte,2024,62.75,1
Itaipé,MG,Sudeste,2024,61.22,0
Novo Hamburgo,RS,Sul,2024,65.27,0
Novo Hamburgo,RS,Sul,2024,65.27,0
Andaraí,BA,Nordeste,2024,50.48,0
Novo Hamburgo,RS,Sul,2024,65.27,0
Ibiporã,PR,Sul,2024,74.39,0
Pedro Osório,RS,Sul,2024,69.69,0
Ladário,MS,Centro-Oeste,2024,32.39,1
Taquara,RS,Sul,2024,66.57,0
Cachoeirinha,RS,Sul,2024,61.68,0
Itaobim,MG,Sudeste,2024,54.67,0
Foz do Jordão,PR,Sul,2024,80.0,0
Santa Cruz da Vitória,BA,Nordeste,2024,50.76,0
Cristália,MG,Sudeste,2024,33.57,1
Picada Café,RS,Sul,2024,80.0,0
Porangatu,GO,Centro-Oeste,2024,56.34,0
São Francisco do Guaporé,RO,Norte,2024,68.1,0
Itambacuri,MG,Sudeste,2024,56.29,1
Gentio do Ouro,BA,Nordeste,2024,50.71,1
Juramento,MG,Sudeste,2024,65.99,0
Anamã,AM,Norte,2024,40.16,1
Lunardelli,PR,Sul,2024,61.2,1
Sertão,RS,Sul,2024,63.15,0
Jequitibá,MG,Sudeste,2024,57.0,1
Humaitá,AM,Norte,2024,55.15,1
Conceição do Lago-Açu,MA,Nordeste,2024,49.69,1
Santo Antônio do Aventureiro,MG,Sudeste,2024,80.0,0
Alto Bela Vista,SC,Sul,2024,80.0,1
Santana do Ipanema,AL,Nordeste,2024,41.57,1
Giruá,RS,Sul,2024,76.85,0
Nova Bassano,RS,Sul,2024,78.22,0
Serra dos Aimorés,MG,Sudeste,2024,56.46,1
Água Santa,RS,Sul,2024,67.13,0
Laranjeiras do Sul,PR,Sul,2024,73.37,0
Candeias,BA,Nordeste,2024,39.6,0
Penedo,AL,Nordeste,2024,47.02,0
Itaocara,RJ,Sudeste,2024,67.71,1
Paulo Frontin,PR,Sul,2024,80.0,1
Tapes,RS,Sul,2024,62.14,0
Iaras,SP,Sudeste,2024,48.52,0
Constantina,RS,Sul,2024,80.0,0
Palmeirante,TO,Norte,2024,14.38,1
Rio Acima,MG,Sudeste,2024,46.93,1
Ibirajuba,PE,Nordeste,2024,45.68,1
Araioses,MA,Nordeste,2024,60.17,0
Barra do Ribeiro,RS,Sul,2024,70.43,0
Lebon Régis,SC,Sul,2024,47.04,1
Barra da Estiva,BA,Nordeste,2024,52.87,0
São Pedro da Serra,RS,Sul,2024,80.0,0
Colombo,PR,Sul,2024,67.38,0
Barcelos,AM,Norte,2024,53.75,1
União,PI,Nordeste,2024,34.02,1
Valença,RJ,Sudeste,2024,61.95,0
Cujubim,RO,Norte,2024,77.84,0
Loanda,PR,Sul,2024,73.6,1
Cacoal,RO,Norte,2024,65.39,1
Joaquim Gomes,AL,Nordeste,2024,40.35,0
Água Nova,RN,Nordeste,2024,40.19,0
Carneirinho,MG,Sudeste,2024,56.8,1
Eldorado,MS,Centro-Oeste,2024,76.1,0
Ibimirim,PE,Nordeste,2024,55.58,1
Caém,BA,Nordeste,2024,42.1,0
Arroio dos Ratos,RS,Sul,2024,46.7,0
Sarandi,PR,Sul,2024,61.63,0
Itaú,RN,Nordeste,2024,57.42,0
Bossoroca,RS,Sul,2024,54.93,0
São José de Mipibu,RN,Nordeste,2024,41.43,0
Parobé,RS,Sul,2024,61.51,0
Areia Branca,SE,Nordeste,2024,34.29,1
Igrejinha,RS,Sul,2024,80.0,0
Palmares do Sul,RS,Sul,2024,57.88,0
Arapoti,PR,Sul,2024,76.12,0
São Gabriel do Oeste,MS,Centro-Oeste,2024,56.9,1
Xambrê,PR,Sul,2024,74.79,0
Umuarama,PR,Sul,2024,66.74,0
Lages,SC,Sul,2024,53.71,0
Arinos,MG,Sudeste,2024,50.89,0
Tapauá,AM,Norte,2024,54.31,0
Londrina,PR,Sul,2024,74.82,0
Santa Luzia D'Oeste,RO,Norte,2024,76.7,1
Taipu,RN,Nordeste,2024,43.17,0
Canarana,MT,Centro-Oeste,2024,39.4,1
Maragogi,AL,Nordeste,2024,39.36,1
Cândido Mendes,MA,Nordeste,2024,64.65,0
Ouro Preto do Oeste,RO,Norte,2024,73.58,0
Jaquirana,RS,Sul,2024,70.35,0
Torre de Pedra,SP,Sudeste,2024,40.22,0
Jaguaruna,SC,Sul,2024,48.39,1
Divinésia,MG,Sudeste,2024,48.91,1
Urucará,AM,Norte,2024,60.83,1
Novo Horizonte do Oeste,RO,Norte,2024,73.7,0
Nhamundá,AM,Norte,2024,67.18,0
Constantina,RS,Sul,2024,80.0,0
Januária,MG,Sudeste,2024,27.24,1
Monte Santo de Minas,MG,Sudeste,2024,48.17,1
Nossa Senhora da Glória,SE,Nordeste,2024,36.66,1
Telêmaco Borba,PR,Sul,2024,65.96,0
Caputira,MG,Sudeste,2024,62.8,1
Apuí,AM,Norte,2024,60.64,1
Caiçara do Rio do Vento,RN,Nordeste,2024,44.52,0
Boa Nova,BA,Nordeste,2024,49.97,0
Sombrio,SC,Sul,2024,67.39,0
Santana do Araguaia,PA,Norte,2024,58.75,0
Serrita,PE,Nordeste,2024,58.07,1
Caraí,MG,Sudeste,2024,48.07,1
Vale do Sol,RS,Sul,2024,80.0,0
Almas,TO,Norte,2024,22.65,1
Barão de Cocais,MG,Sudeste,2024,62.28,1
Aceguá,RS,Sul,2024,71.55,0
Itatuba,PB,Nordeste,2024,30.53,1
Tremedal,BA,Nordeste,2024,54.5,0
Benedito Leite,MA,Nordeste,2024,59.98,0
Porto Real,RJ,Sudeste,2024,63.97,0
Capão do Leão,RS,Sul,2024,53.81,0
Bayeux,PB,Nordeste,2024,40.74,0
Laguna,SC,Sul,2024,40.16,0
Pureza,RN,Nordeste,2024,42.59,0
Natividade,TO,Norte,2024,35.38,1
Óbidos,PA,Norte,2024,53.94,1
São José do Calçado,ES,Sudeste,2024,75.36,0
Barracão,PR,Sul,2024,73.73,1
Rio Verde de Mato Grosso,MS,Centro-Oeste,2024,52.63,0
Maracaju,MS,Centro-Oeste,2024,46.82,0
Santa Cruz de Monte Castelo,PR,Sul,2024,80.0,0
Canaã dos Carajás,PA,Norte,2024,65.05,1
Dilermando de Aguiar,RS,Sul,2024,69.35,0
Porto,PI,Nordeste,2024,46.38,0
Calçoene,AP,Norte,2024,41.81,0
Boa Ventura,PB,Nordeste,2024,35.73,1
São Gabriel do Oeste,MS,Centro-Oeste,2024,56.9,1
Eunápolis,BA,Nordeste,2024,41.41,0
Matina,BA,Nordeste,2024,47.77,0
São Borja,RS,Sul,2024,67.78,0
Marechal Deodoro,AL,Nordeste,2024,46.8,0
São Miguel das Missões,RS,Sul,2024,76.86,0
Itaipé,MG,Sudeste,2024,61.22,0
Itaperuna,RJ,Sudeste,2024,70.46,0
Capela,AL,Nordeste,2024,47.36,0
Armação dos Búzios,RJ,Sudeste,2024,69.27,0
Mambaí,GO,Centro-Oeste,2024,55.28,1
Manoel Ribas,PR,Sul,2024,69.69,1
Itumirim,MG,Sudeste,2024,62.66,1
José de Freitas,PI,Nordeste,2024,54.78,0
Silvanópolis,TO,Norte,2024,41.52,0
Sanharó,PE,Nordeste,2024,47.86,1
Pinheiral,RJ,Sudeste,2024,56.08,1
Tacaratu,PE,Nordeste,2024,60.02,1
Piranga,MG,Sudeste,2024,63.43,1
Ipanguaçu,RN,Nordeste,2024,20.1,1
Poção,PE,Nordeste,2024,65.42,0
Ortigueira,PR,Sul,2024,65.49,0
Manicoré,AM,Norte,2024,56.43,1
Pintópolis,MG,Sudeste,2024,53.21,1
Colinas,RS,Sul,2024,80.0,0
Costa Rica,MS,Centro-Oeste,2024,45.24,1
Manaus,AM,Norte,2024,56.8,0
Macau,RN,Nordeste,2024,34.46,0
Passagem,RN,Nordeste,2024,52.73,0
Passagem Franca,MA,Nordeste,2024,77.24,0
Tutóia,MA,Nordeste,2024,44.16,1
Nossa Senhora das Dores,SE,Nordeste,2024,39.64,0
Nova Ramada,RS,Sul,2024,80.0,0
Nazaré do Piauí,PI,Nordeste,2024,52.31,0
Lagoa dos Três Cantos,RS,Sul,2024,64.89,0
Wagner,BA,Nordeste,2024,57.82,0
Lassance,MG,Sudeste,2024,80.0,0
São Miguel dos Milagres,AL,Nordeste,2024,41.31,1
Poço das Antas,RS,Sul,2024,80.0,0
Fartura do Piauí,PI,Nordeste,2024,43.27,1
Harmonia,RS,Sul,2024,80.0,0
Arcoverde,PE,Nordeste,2024,62.92,1
Clevelândia,PR,Sul,2024,74.18,1
Novo Barreiro,RS,Sul,2024,65.03,0
São José de Mipibu,RN,Nordeste,2024,41.43,0
Tapes,RS,Sul,2024,62.14,0
Belo Jardim,PE,Nordeste,2024,54.67,0
Satuba,AL,Nordeste,2024,48.85,1
Iporã,PR,Sul,2024,66.75,1
São Luís Gonzaga do Maranhão,MA,Nordeste,2024,75.6,0
Emilianópolis,SP,Sudeste,2024,53.16,1
São Gonçalo do Amarante,RN,Nordeste,2024,56.91,0
Patu,RN,Nordeste,2024,39.13,0
Rio Pardo,RS,Sul,2024,74.39,0
Curitibanos,SC,Sul,2024,53.71,0
Balneário Piçarras,SC,Sul,2024,64.55,0
Carolina,MA,Nordeste,2024,50.25,1
Canhotinho,PE,Nordeste,2024,53.45,1
Alta Floresta D'Oeste,RO,Norte,2024,67.08,1
Cachoeirinha,RS,Sul,2024,61.68,0
Igrejinha,RS,Sul,2024,80.0,0
Tasso Fragoso,MA,Nordeste,2024,50.74,1
Simonésia,MG,Sudeste,2024,67.98,1
Arês,RN,Nordeste,2024,31.97,0
Santa Rosa,RS,Sul,2024,73.6,0
Sant'Ana do Livramento,RS,Sul,2024,54.72,0
Riacho de Santana,BA,Nordeste,2024,48.17,1
Coroatá,MA,Nordeste,2024,47.59,1
Paudalho,PE,Nordeste,2024,65.79,1
Mandirituba,PR,Sul,2024,79.47,0
Araruna,PR,Sul,2024,76.65,1
Campanário,MG,Sudeste,2024,64.52,0
Juiz de Fora,MG,Sudeste,2024,49.46,1
Teixeiras,MG,Sudeste,2024,76.18,0
Barra Mansa,RJ,Sudeste,2024,62.64,1
Pitanga,PR,Sul,2024,74.08,0
Rio Sono,TO,Norte,2024,35.01,0
Alto Piquiri,PR,Sul,2024,75.54,0
Rondon do Pará,PA,Norte,2024,63.45,1
Ubatuba,SP,Sudeste,2024,47.43,0
Parnaguá,PI,Nordeste,2024,69.66,0
Jaíba,MG,Sudeste,2024,48.75,1
Paulista,PB,Nordeste,2024,64.86,0
Simões Filho,BA,Nordeste,2024,48.58,0
Antonina,PR,Sul,2024,68.53,0
Padre Carvalho,MG,Sudeste,2024,52.45,1
Diamante D'Oeste,PR,Sul,2024,69.28,1
Cruzeiro do Sul,PR,Sul,2024,72.78,0
Novo Airão,AM,Norte,2024,76.5,0
Aguiarnópolis,TO,Norte,2024,32.42,1
Chácara,MG,Sudeste,2024,35.95,1
Jardim,MS,Centro-Oeste,2024,42.02,1
Conquista,MG,Sudeste,2024,70.54,0
Salto do Jacuí,RS,Sul,2024,80.0,0
Bom Jardim da Serra,SC,Sul,2024,46.82,0
Santo Antônio do Descoberto,GO,Centro-Oeste,2024,48.66,1
Santa Bárbara do Monte Verde,MG,Sudeste,2024,56.62,1
Chopinzinho,PR,Sul,2024,80.0,0
Torres,RS,Sul,2024,65.68,0
São Borja,RS,Sul,2024,67.78,0
Paranapanema,SP,Sudeste,2024,54.37,0
São José dos Basílios,MA,Nordeste,2024,19.22,1
Angra dos Reis,RJ,Sudeste,2024,60.82,0
Rio das Flores,RJ,Sudeste,2024,63.05,1
Mata Grande,AL,Nordeste,2024,46.37,0
São Pedro do Butiá,RS,Sul,2024,80.0,0
Centenário do Sul,PR,Sul,2024,58.53,1
Campo Bonito,PR,Sul,2024,73.98,1
Nova Cruz,RN,Nordeste,2024,37.61,0
Ipanguaçu,RN,Nordeste,2024,20.1,1
Uruguaiana,RS,Sul,2024,64.39,0
Alto Paraná,PR,Sul,2024,67.45,1
Canoas,RS,Sul,2024,57.6,0
Palmares,PE,Nordeste,2024,48.92,1
Batalha,AL,Nordeste,2024,40.06,1
Rosário do Ivaí,PR,Sul,2024,71.09,1
Simão Dias,SE,Nordeste,2024,40.09,1
Trindade do Sul,RS,Sul,2024,80.0,0
Tunas,RS,Sul,2024,70.11,0
Nobres,MT,Centro-Oeste,2024,60.77,0
Macambira,SE,Nordeste,2024,44.75,0
Maçambará,RS,Sul,2024,69.08,0
Rochedo de Minas,MG,Sudeste,2024,60.44,0
São Valentim,RS,Sul,2024,80.0,0
Flor do Sertão,SC,Sul,2024,80.0,0
Jateí,MS,Centro-Oeste,2024,68.83,0
Ortigueira,PR,Sul,2024,65.49,0
Nova Boa Vista,RS,Sul,2024,80.0,0
Costa Marques,RO,Norte,2024,80.0,0
São Miguel do Fidalgo,PI,Nordeste,2024,59.81,1
Guarani de Goiás,GO,Centro-Oeste,2024,39.09,1
Cajazeiras do Piauí,PI,Nordeste,2024,80.0,0
Bela Vista de Minas,MG,Sudeste,2024,66.46,1
Senhora dos Remédios,MG,Sudeste,2024,80.0,1
Gravataí,RS,Sul,2024,66.33,0
Caxias do Sul,RS,Sul,2024,70.89,0
Tapauá,AM,Norte,2024,54.31,0
Algodão de Jandaíra,PB,Nordeste,2024,50.06,1
Teolândia,BA,Nordeste,2024,52.65,0
Imperatriz,MA,Nordeste,2024,50.82,1
Santana do Manhuaçu,MG,Sudeste,2024,80.0,0
São Tomé,RN,Nordeste,2024,27.18,1
Terra Nova,BA,Nordeste,2024,30.46,0
Porto Alegre do Tocantins,TO,Norte,2024,12.49,1
Jaborandi,BA,Nordeste,2024,47.06,0
Campo Alegre,SC,Sul,2024,68.68,0
Guarujá do Sul,SC,Sul,2024,80.0,0
Iguaba Grande,RJ,Sudeste,2024,65.34,1
Uruçuí,PI,Nordeste,2024,34.96,0
Rafael Fernandes,RN,Nordeste,2024,59.65,0
Livramento de Nossa Senhora,BA,Nordeste,2024,44.87,0
Canoas,RS,Sul,2024,57.6,0
Santo Antônio,RN,Nordeste,2024,68.69,0
Itaporã,MS,Centro-Oeste,2024,70.79,0
Ipupiara,BA,Nordeste,2024,68.9,0
São José dos Pinhais,PR,Sul,2024,69.26,0
Matozinhos,MG,Sudeste,2024,52.79,1
Sabinópolis,MG,Sudeste,2024,46.78,1
Igarassu,PE,Nordeste,2024,65.47,1
Macau,RN,Nordeste,2024,34.46,0
Pinhais,PR,Sul,2024,65.58,0
Volta Redonda,RJ,Sudeste,2024,63.41,0
Pedro Velho,RN,Nordeste,2024,23.8,1
Nova Fátima,BA,Nordeste,2024,52.21,0
Barra do Quaraí,RS,Sul,2024,64.15,0
Gravataí,RS,Sul,2024,66.33,0
Bagé,RS,Sul,2024,64.98,0
Paramirim,BA,Nordeste,2024,52.28,0
Novo Progresso,PA,Norte,2024,64.5,0
Pouso Redondo,SC,Sul,2024,68.69,0
Naque,MG,Sudeste,2024,79.61,0
Itaipava do Grajaú,MA,Nordeste,2024,80.0,0
Vale do Anari,RO,Norte,2024,43.54,1
Vassouras,RJ,Sudeste,2024,67.8,0
Anastácio,MS,Centro-Oeste,2024,34.56,1
Giruá,RS,Sul,2024,76.85,0
Itaquiraí,MS,Centro-Oeste,2024,74.38,1
São Gonçalo do Amarante,RN,Nordeste,2024,56.91,0
Santo Expedito do Sul,RS,Sul,2024,80.0,0
Timbiras,MA,Nordeste,2024,47.97,0
Paverama,RS,Sul,2024,66.28,0
Careaçu,MG,Sudeste,2024,80.0,0
Osório,RS,Sul,2024,69.76,0
Ibiracatu,MG,Sudeste,2024,66.87,0
Três Ranchos,GO,Centro-Oeste,2024,79.54,1
Campo do Tenente,PR,Sul,2024,80.0,1
Santana da Boa Vista,RS,Sul,2024,53.93,0
Cafezal do Sul,PR,Sul,2024,59.73,1
Araguaçu,TO,Norte,2024,50.21,0
São Francisco do Brejão,MA,Nordeste,2024,65.51,0
Conceição de Ipanema,MG,Sudeste,2024,80.0,0
Alvorada de Minas,MG,Sudeste,2024,47.88,1
Vitorino Freire,MA,Nordeste,2024,55.82,1
Roncador,PR,Sul,2024,80.0,0
Porto Mauá,RS,Sul,2024,47.22,1
Morro Agudo,SP,Sudeste,2024,59.31,0
Presidente Lucena,RS,Sul,2024,80.0,0
Floresta do Araguaia,PA,Norte,2024,53.03,1
Lamarão,BA,Nordeste,2024,29.42,0
Água Fria,BA,Nordeste,2024,28.14,1
Regeneração,PI,Nordeste,2024,47.06,0
São Vicente,RN,Nordeste,2024,65.76,0
Portão,RS,Sul,2024,60.02,0
Santa Vitória do Palmar,RS,Sul,2024,59.99,0
Lafaiete Coutinho,BA,Nordeste,2024,69.64,0
Jaíba,MG,Sudeste,2024,48.75,1
Miranda do Norte,MA,Nordeste,2024,59.27,0
Grossos,RN,Nordeste,2024,46.65,1
Constantina,RS,Sul,2024,80.0,0
Corumbá de Goiás,GO,Centro-Oeste,2024,73.34,1
Água Limpa,GO,Centro-Oeste,2024,71.23,1
Dom Feliciano,RS,Sul,2024,63.01,1
Santa Filomena,PE,Nordeste,2024,62.41,0
Passo do Sobrado,RS,Sul,2024,80.0,0
Teresópolis,RJ,Sudeste,2024,63.09,1
Chapadão do Lageado,SC,Sul,2024,57.0,1
Santa Rita,PB,Nordeste,2024,47.0,0
São João do Paraíso,MA,Nordeste,2024,40.36,1
Porto Esperidião,MT,Centro-Oeste,2024,49.74,1
Itaipé,MG,Sudeste,2024,61.22,1
Restinga Seca,RS,Sul,2024,51.07,1
Chuvisca,RS,Sul,2024,72.46,0
Agrestina,PE,Nordeste,2024,73.01,0
Santa Rosa do Tocantins,TO,Norte,2024,27.99,1
Nonoai,RS,Sul,2024,48.14,0
Resplendor,MG,Sudeste,2024,72.87,0
Santo Cristo,RS,Sul,2024,76.62,0
Cachoeira do Sul,RS,Sul,2024,61.21,0
Macaúbas,BA,Nordeste,2024,49.35,0
Sapiranga,RS,Sul,2024,73.9,0
Rochedo,MS,Centro-Oeste,2024,45.12,1
Laje do Muriaé,RJ,Sudeste,2024,50.82,0
Olinda,PE,Nordeste,2024,62.95,0
Santa Cruz do Capibaribe,PE,Nordeste,2024,57.31,0
Ulianópolis,PA,Norte,2024,64.77,0
Cuité de Mamanguape,PB,Nordeste,2024,16.05,1
Araruna,PB,Nordeste,2024,41.93,0
São José da Tapera,AL,Nordeste,2024,54.11,0
Paraguaçu,MG,Sudeste,2024,65.34,1
Porto União,SC,Sul,2024,72.02,0
Sapé,PB,Nordeste,2024,40.74,0
Butiá,RS,Sul,2024,55.99,0
Santo Augusto,RS,Sul,2024,78.05,0
Carutapera,MA,Nordeste,2024,59.63,1
Buritirana,MA,Nordeste,2024,64.45,0
Rio das Ostras,RJ,Sudeste,2024,68.13,1
Itatiaia,RJ,Sudeste,2024,67.45,1
Balneário Rincão,SC,Sul,2024,55.22,0
Santo Amaro das Brotas,SE,Nordeste,2024,41.37,1
Sapucaia do Sul,RS,Sul,2024,62.6,0
Tavares,RS,Sul,2024,68.03,0
Viçosa,AL,Nordeste,2024,46.3,1
São José da Boa Vista,PR,Sul,2024,80.0,0
Itapiratins,TO,Norte,2024,41.84,1
Piratini,RS,Sul,2024,63.34,0
Aguiar,PB,Nordeste,2024,70.54,0
Luislândia,MG,Sudeste,2024,54.93,1
Bossoroca,RS,Sul,2024,54.93,0
Cícero Dantas,BA,Nordeste,2024,37.98,0
Passo Fundo,RS,Sul,2024,62.1,0
Dário Meira,BA,Nordeste,2024,44.31,0
Surubim,PE,Nordeste,2024,59.49,0
Coronel Sapucaia,MS,Centro-Oeste,2024,79.13,0
Teixeiras,MG,Sudeste,2024,76.18,0
Bela Vista do Maranhão,MA,Nordeste,2024,56.48,1
Pojuca,BA,Nordeste,2024,63.76,0
Santa Maria Madalena,RJ,Sudeste,2024,67.06,0
Santa Inês,MA,Nordeste,2024,52.49,0
Ibiassucê,BA,Nordeste,2024,67.46,0
Esteio,RS,Sul,2024,66.11,0
Ponte Serrada,SC,Sul,2024,57.53,0
Palmeiras,BA,Nordeste,2024,49.55,0
Geminiano,PI,Nordeste,2024,26.56,1
Calmon,SC,Sul,2024,65.76,0
Campo Grande,MS,Centro-Oeste,2024,47.69,1
Maracajá,SC,Sul,2024,62.07,0
Campo Grande,MS,Centro-Oeste,2024,47.69,1
Manga,MG,Sudeste,2024,31.24,1
Montalvânia,MG,Sudeste,2024,53.65,1
Guimarães,MA,Nordeste,2024,80.0,1
Anastácio,MS,Centro-Oeste,2024,34.56,1
Conceição das Alagoas,MG,Sudeste,2024,59.46,0
Cacimbinhas,AL,Nordeste,2024,37.62,1
Vicência,PE,Nordeste,2024,61.19,1
Portão,RS,Sul,2024,60.02,0
Martins,RN,Nordeste,2024,47.7,1
Nanuque,MG,Sudeste,2024,56.6,1
Bom Sucesso,PR,Sul,2024,57.91,1
Monte do Carmo,TO,Norte,2024,71.56,0
Passo Fundo,RS,Sul,2024,62.1,0
Mirante da Serra,RO,Norte,2024,62.66,1
Floresta do Piauí,PI,Nordeste,2024,80.0,0
Pugmil,TO,Norte,2024,27.85,1
Bozano,RS,Sul,2024,80.0,0
Quixabá,PB,Nordeste,2024,70.95,0
Pedro Laurentino,PI,Nordeste,2024,44.28,1
Tapiramutá,BA,Nordeste,2024,39.97,1
Canoas,RS,Sul,2024,57.6,0
Feira da Mata,BA,Nordeste,2024,59.76,0
Campo Bom,RS,Sul,2024,77.73,0
Mata,RS,Sul,2024,67.91,0
Amaral Ferrador,RS,Sul,2024,72.06,0
Vila Flores,RS,Sul,2024,80.0,0
Presidente Juscelino,MG,Sudeste,2024,80.0,0
Maximiliano de Almeida,RS,Sul,2024,80.0,0
Progresso,RS,Sul,2024,78.65,0
Diorama,GO,Centro-Oeste,2024,80.0,0
Itumirim,MG,Sudeste,2024,62.66,1
São Pedro de Alcântara,SC,Sul,2024,74.91,0
Remanso,BA,Nordeste,2024,32.32,1
Mojuí dos Campos,PA,Norte,2024,59.31,0
Boca do Acre,AM,Norte,2024,62.56,0
Itambacuri,MG,Sudeste,2024,56.29,1
Tijucas do Sul,PR,Sul,2024,78.94,0
Rolim de Moura,RO,Norte,2024,70.6,1
Morro do Chapéu,BA,Nordeste,2024,42.87,0
Itabaiana,SE,Nordeste,2024,33.84,1
Felipe Guerra,RN,Nordeste,2024,58.61,0
Caxias do Sul,RS,Sul,2024,70.89,0
Braço do Norte,SC,Sul,2024,63.84,0
Paracambi,RJ,Sudeste,2024,66.88,1
São Francisco do Glória,MG,Sudeste,2024,62.82,1
Quatis,RJ,Sudeste,2024,54.03,1
Fazenda Rio Grande,PR,Sul,2024,70.65,0
Carlópolis,PR,Sul,2024,74.67,0
Balneário Rincão,SC,Sul,2024,55.22,0
Formigueiro,RS,Sul,2024,80.0,0
Senador La Rocque,MA,Nordeste,2024,39.21,1
Cajapió,MA,Nordeste,2024,68.3,0
Bandeirante,SC,Sul,2024,71.69,0
Goiana,PE,Nordeste,2024,57.59,0
Aquidauana,MS,Centro-Oeste,2024,71.59,0
Afrânio,PE,Nordeste,2024,58.8,1
São João do Manhuaçu,MG,Sudeste,2024,77.22,0
Pinhalão,PR,Sul,2024,74.89,1
Desterro,PB,Nordeste,2024,59.88,0
Calçoene,AP,Norte,2024,41.81,0
Santo Antônio da Platina,PR,Sul,2024,63.64,0
Sete Lagoas,MG,Sudeste,2024,57.97,1
Espigão D'Oeste,RO,Norte,2024,80.0,0
Claro dos Poções,MG,Sudeste,2024,71.63,0
Alvorada do Gurguéia,PI,Nordeste,2024,70.23,0
Ninheira,MG,Sudeste,2024,54.31,1
Esteio,RS,Sul,2024,66.11,0
Feliz,RS,Sul,2024,73.9,0
Balneário Rincão,SC,Sul,2024,55.22,0
Cruz Alta,RS,Sul,2024,61.17,0
Tomazina,PR,Sul,2024,80.0,1
Nova Cruz,RN,Nordeste,2024,37.61,0
Gravataí,RS,Sul,2024,66.33,0
Cocalinho,MT,Centro-Oeste,2024,78.9,0
Vertentes,PE,Nordeste,2024,59.19,0
Aliança do Tocantins,TO,Norte,2024,80.0,0
Pirapora do Bom Jesus,SP,Sudeste,2024,49.33,0
Giruá,RS,Sul,2024,76.85,0
Bandeirantes,MS,Centro-Oeste,2024,33.17,1
Itacarambi,MG,Sudeste,2024,54.5,1
Santa Cruz do Sul,RS,Sul,2024,67.32,0
Pureza,RN,Nordeste,2024,42.59,0
Meleiro,SC,Sul,2024,58.99,0
João Lisboa,MA,Nordeste,2024,41.8,1
Paulista,PE,Nordeste,2024,55.98,0
Jenipapo dos Vieiras,MA,Nordeste,2024,52.45,1
Santarém Novo,PA,Norte,2024,56.76,1
Várzea Grande,MT,Centro-Oeste,2024,53.18,0
Garibaldi,RS,Sul,2024,75.26,0
Pouso Redondo,SC,Sul,2024,68.69,0
São Vicente do Sul,RS,Sul,2024,77.73,0
Serra Azul,SP,Sudeste,2024,31.16,1
Alagoinha,PE,Nordeste,2024,48.79,1
Lago da Pedra,MA,Nordeste,2024,80.0,0
Duque Bacelar,MA,Nordeste,2024,71.09,1
Amarante do Maranhão,MA,Nordeste,2024,51.2,0
América Dourada,BA,Nordeste,2024,39.16,1
Dourados,MS,Centro-Oeste,2024,46.65,1
Paulista,PE,Nordeste,2024,55.98,0
Santa Bárbara,MG,Sudeste,2024,71.52,0
Itinga do Maranhão,MA,Nordeste,2024,79.93,0
Flor da Serra do Sul,PR,Sul,2024,80.0,1
Passo Fundo,RS,Sul,2024,62.1,0
Montenegro,RS,Sul,2024,68.22,0
Pilar,AL,Nordeste,2024,44.11,1
Ladainha,MG,Sudeste,2024,31.02,1
Ipojuca,PE,Nordeste,2024,70.24,0
Nova Friburgo,RJ,Sudeste,2024,67.69,1
Tuntum,MA,Nordeste,2024,45.32,1
Hulha Negra,RS,Sul,2024,71.75,0
Uruguaiana,RS,Sul,2024,64.39,0
Vazante,MG,Sudeste,2024,49.64,1
Porto Alegre do Norte,MT,Centro-Oeste,2024,38.13,1
Ituaçu,BA,Nordeste,2024,61.25,0
Prata,MG,Sudeste,2024,59.46,0
Paraopeba,MG,Sudeste,2024,53.95,1
Presidente Médici,RO,Norte,2024,65.31,0
Vale Real,RS,Sul,2024,76.86,0
Carira,SE,Nordeste,2024,40.4,0
Cruz Alta,RS,Sul,2024,61.17,0
Simonésia,MG,Sudeste,2024,67.98,1
Darcinópolis,TO,Norte,2024,38.24,1
Bonito,MS,Centro-Oeste,2024,57.78,1
Funilândia,MG,Sudeste,2024,56.12,1
Castanheira,MT,Centro-Oeste,2024,65.88,0
Jaguaquara,BA,Nordeste,2024,51.78,1
Piratini,RS,Sul,2024,63.34,0
Timbé do Sul,SC,Sul,2024,72.66,1
São Sebastião do Caí,RS,Sul,2024,61.4,0
Sombrio,SC,Sul,2024,67.39,0
Coroaci,MG,Sudeste,2024,60.17,1
Tacuru,MS,Centro-Oeste,2024,56.3,1
Pavão,MG,Sudeste,2024,80.0,1
Materlândia,MG,Sudeste,2024,43.68,0
Macapá,AP,Norte,2024,49.2,0
Doresópolis,MG,Sudeste,2024,44.9,1
Bom Jardim da Serra,SC,Sul,2024,46.82,0
Nova Palma,RS,Sul,2024,80.0,1
Dourados,MS,Centro-Oeste,2024,46.65,1
São José de Ribamar,MA,Nordeste,2024,65.19,0
Quaraí,RS,Sul,2024,58.95,0
Fernandes Tourinho,MG,Sudeste,2024,66.17,0
Nova Roma,GO,Centro-Oeste,2024,64.38,1
Tangará,RN,Nordeste,2024,48.84,0
Santa Luzia,MA,Nordeste,2024,58.67,1
São Félix do Tocantins,TO,Norte,2024,80.0,0
Formoso,MG,Sudeste,2024,64.21,1
Igarapé do Meio,MA,Nordeste,2024,62.41,1
Nova Alvorada,RS,Sul,2024,80.0,0
Porto Alegre do Piauí,PI,Nordeste,2024,74.81,0
Águas Belas,PE,Nordeste,2024,61.28,0
Nazarezinho,PB,Nordeste,2024,43.11,1
Formiga,MG,Sudeste,2024,69.05,1
Bituruna,PR,Sul,2024,80.0,0
Canela,RS,Sul,2024,78.87,0
Rio Branco do Sul,PR,Sul,2024,65.21,0
Pará de Minas,MG,Sudeste,2024,57.9,1
Doutor Ulysses,PR,Sul,2024,76.87,0
Acorizal,MT,Centro-Oeste,2024,44.52,0
Santo Antônio das Missões,RS,Sul,2024,74.48,0
Itaporã,MS,Centro-Oeste,2024,70.79,0
Buenos Aires,PE,Nordeste,2024,65.79,1
Jaboti,PR,Sul,2024,80.0,0
Itabi,SE,Nordeste,2024,26.4,1
Cruz Alta,RS,Sul,2024,61.17,0
Rio de Janeiro,RJ,Sudeste,2024,60.14,1
Salto do Lontra,PR,Sul,2024,80.0,0
Patu,RN,Nordeste,2024,39.13,0
Porto Seguro,BA,Nordeste,2024,52.13,0
Ibarama,RS,Sul,2024,72.44,0
Ibirubá,RS,Sul,2024,63.28,0
Mirandiba,PE,Nordeste,2024,42.17,1
Recife,PE,Nordeste,2024,65.29,0
Rio de Janeiro,RJ,Sudeste,2024,60.14,1
Pedras Altas,RS,Sul,2024,67.21,0
Estiva Gerbi,SP,Sudeste,2024,50.77,1
Touros,RN,Nordeste,2024,31.91,1
Santa Vitória do Palmar,RS,Sul,2024,59.99,0
Pouso Redondo,SC,Sul,2024,68.69,0
Piranga,MG,Sudeste,2024,63.43,1
Lábrea,AM,Norte,2024,66.9,1
Lambari D'Oeste,MT,Centro-Oeste,2024,80.0,0
Cabrobó,PE,Nordeste,2024,70.14,0
Iturama,MG,Sudeste,2024,59.85,1
Magalhães de Almeida,MA,Nordeste,2024,56.28,1
Jaboatão dos Guararapes,PE,Nordeste,2024,61.03,0
Espigão D'Oeste,RO,Norte,2024,80.0,0
Paiçandu,PR,Sul,2024,70.33,0
Rolim de Moura,RO,Norte,2024,70.6,1
Ivaté,PR,Sul,2024,80.0,0
Balneário Barra do Sul,SC,Sul,2024,63.53,0
São Luís,MA,Nordeste,2024,52.79,1
Peixoto de Azevedo,MT,Centro-Oeste,2024,42.73,0
Cafelândia,SP,Sudeste,2024,64.3,0
Venâncio Aires,RS,Sul,2024,78.41,0
São José do Campestre,RN,Nordeste,2024,25.0,1
Madeiro,PI,Nordeste,2024,65.01,0
Jacaraci,BA,Nordeste,2024,66.43,0
Mondaí,SC,Sul,2024,70.43,0
Jeriquara,SP,Sudeste,2024,50.82,0
Rio Grande,RS,Sul,2024,58.45,0
Taiúva,SP,Sudeste,2024,70.03,0
Estrela,RS,Sul,2024,69.6,0
Recife,PE,Nordeste,2024,65.29,0
São Luís,MA,Nordeste,2024,52.79,1
Buritizeiro,MG,Sudeste,2024,44.21,1
Areia Branca,RN,Nordeste,2024,56.82,0
Santana do Matos,RN,Nordeste,2024,28.87,1
Messias Targino,RN,Nordeste,2024,23.97,1
Caaporã,PB,Nordeste,2024,44.29,0
Jaguaruna,SC,Sul,2024,48.39,1
Triunfo,PB,Nordeste,2024,55.0,1
Januária,MG,Sudeste,2024,27.24,1
Quipapá,PE,Nordeste,2024,53.33,1
São Marcos,RS,Sul,2024,80.0,0
Santa Cruz Cabrália,BA,Nordeste,2024,46.67,0
São Francisco de Paula,RS,Sul,2024,60.65,0
Sapiranga,RS,Sul,2024,73.9,0
Pedras de Maria da Cruz,MG,Sudeste,2024,35.81,1
Alto Alegre do Pindaré,MA,Nordeste,2024,42.71,1
Goianorte,TO,Norte,2024,57.94,0
Wanderley,BA,Nordeste,2024,58.33,0
Conselheiro Pena,MG,Sudeste,2024,69.02,0
Sítio Novo,MA,Nordeste,2024,48.38,1
Araçuaí,MG,Sudeste,2024,50.02,1
Mandaguaçu,PR,Sul,2024,63.44,0
Extremoz,RN,Nordeste,2024,53.23,0
Altônia,PR,Sul,2024,71.92,1
Belém,PB,Nordeste,2024,60.65,0
Campo Novo do Parecis,MT,Centro-Oeste,2024,65.16,0
Flexeiras,AL,Nordeste,2024,41.5,1
São Pedro da Água Branca,MA,Nordeste,2024,39.87,1
São José do Brejo do Cruz,PB,Nordeste,2024,46.27,0
Ipanguaçu,RN,Nordeste,2024,20.1,1
Coxilha,RS,Sul,2024,66.14,0
Pau D'Arco,TO,Norte,2024,11.05,1
Coronel Bicaco,RS,Sul,2024,79.32,0
Paulo Bento,RS,Sul,2024,65.38,0
Tanque do Piauí,PI,Nordeste,2024,61.92,0
Arambaré,RS,Sul,2024,61.27,0
Morro Reuter,RS,Sul,2024,56.24,1
Tapejara,RS,Sul,2024,71.34,0
Ronda Alta,RS,Sul,2024,76.01,0
Cristino Castro,PI,Nordeste,2024,55.47,1
São Martinho,SC,Sul,2024,69.93,0
Gameleira de Goiás,GO,Centro-Oeste,2024,80.0,0
Junqueiro,AL,Nordeste,2024,57.72,0
Lagoa do Mato,MA,Nordeste,2024,80.0,0
Seritinga,MG,Sudeste,2024,66.62,1
Campo Novo,RS,Sul,2024,65.72,0
Ubaí,MG,Sudeste,2024,71.8,1
Porto Vitória,PR,Sul,2024,80.0,0
Bagé,RS,Sul,2024,64.98,0
Terra Santa,PA,Norte,2024,72.19,0
Aratiba,RS,Sul,2024,80.0,0
Coronel Bicaco,RS,Sul,2024,79.32,0
João Pinheiro,MG,Sudeste,2024,63.39,1
Maracás,BA,Nordeste,2024,57.02,0
Mariópolis,PR,Sul,2024,76.94,0
Vargeão,SC,Sul,2024,80.0,0
Taguatinga,TO,Norte,2024,44.76,0
Coronel Bicaco,RS,Sul,2024,79.32,0
Taquaritinga do Norte,PE,Nordeste,2024,63.02,0
Vitória do Mearim,MA,Nordeste,2024,54.07,1
Monte Azul,MG,Sudeste,2024,80.0,0
Santa Cruz,RN,Nordeste,2024,28.5,1
Rio Grande,RS,Sul,2024,58.45,0
Guarda-Mor,MG,Sudeste,2024,79.19,0
Pouso Alegre,MG,Sudeste,2024,62.41,1
Nanuque,MG,Sudeste,2024,56.6,1
Ribeirão das Neves,MG,Sudeste,2024,59.14,1
Vitória do Xingu,PA,Norte,2024,63.83,1
Parintins,AM,Norte,2024,56.53,1
Lagoa do Barro do Piauí,PI,Nordeste,2024,59.71,0
São Caetano de Odivelas,PA,Norte,2024,40.26,1
Santa Quitéria do Maranhão,MA,Nordeste,2024,80.0,1
Rebouças,PR,Sul,2024,80.0,0
Araricá,RS,Sul,2024,76.34,0
São Sebastião,AL,Nordeste,2024,43.27,0
Laguna,SC,Sul,2024,40.16,1
Simonésia,MG,Sudeste,2024,67.98,1
Cataguases,MG,Sudeste,2024,42.67,1
Camapuã,MS,Centro-Oeste,2024,39.17,1
Padre Carvalho,MG,Sudeste,2024,52.45,1
Sebastião Laranjeiras,BA,Nordeste,2024,62.51,0
Lagoa de Pedras,RN,Nordeste,2024,52.99,0
Cacequi,RS,Sul,2024,55.58,0
Espera Feliz,MG,Sudeste,2024,72.95,0
Aparecida do Rio Doce,GO,Centro-Oeste,2024,62.97,1
Cachoeira de Pajeú,MG,Sudeste,2024,63.57,1
Passa e Fica,RN,Nordeste,2024,31.79,1
Venâncio Aires,RS,Sul,2024,78.41,0
Terra de Areia,RS,Sul,2024,69.02,0
Aratiba,RS,Sul,2024,80.0,0
Paripiranga,BA,Nordeste,2024,56.5,0
Vacaria,RS,Sul,2024,68.24,0
Francisco Santos,PI,Nordeste,2024,49.73,0
Riacho dos Cavalos,PB,Nordeste,2024,70.92,0
Buíque,PE,Nordeste,2024,57.08,0
Januária,MG,Sudeste,2024,27.24,1
Planura,MG,Sudeste,2024,51.44,1
Campo Bom,RS,Sul,2024,77.73,0
Passa Quatro,MG,Sudeste,2024,80.0,0
Solânea,PB,Nordeste,2024,78.77,0
Pirpirituba,PB,Nordeste,2024,41.41,1
Anamã,AM,Norte,2024,40.16,1
Edéia,GO,Centro-Oeste,2024,80.0,0
Campo Bom,RS,Sul,2024,77.73,0
Osório,RS,Sul,2024,69.76,0
Dom Pedrito,RS,Sul,2024,61.19,0
Tapauá,AM,Norte,2024,54.31,0
Rio dos Bois,TO,Norte,2024,24.42,1
Pato Branco,PR,Sul,2024,78.48,0
Japonvar,MG,Sudeste,2024,75.72,0
Águas de Lindóia,SP,Sudeste,2024,64.46,0
Erechim,RS,Sul,2024,64.31,0
Poté,MG,Sudeste,2024,47.81,1
Gandu,BA,Nordeste,2024,40.16,1
Sítio Novo,RN,Nordeste,2024,35.88,1
Caruaru,PE,Nordeste,2024,59.11,0
Raul Soares,MG,Sudeste,2024,69.16,1
Jandaíra,BA,Nordeste,2024,55.37,0
Salto de Pirapora,SP,Sudeste,2024,49.9,0
Carangola,MG,Sudeste,2024,55.64,1
Paraúna,GO,Centro-Oeste,2024,64.83,1
Pinheiro Preto,SC,Sul,2024,62.71,1
Barra de Santa Rosa,PB,Nordeste,2024,60.31,0
Lajeado,RS,Sul,2024,75.49,0
Água Preta,PE,Nordeste,2024,64.26,0
Bocaiúva do Sul,PR,Sul,2024,54.2,1
Sapucaia,RJ,Sudeste,2024,67.94,0
Santo Ângelo,RS,Sul,2024,66.92,0
Sapucaia do Sul,RS,Sul,2024,62.6,0
Lajedo do Tabocal,BA,Nordeste,2024,59.2,0
Piraí,RJ,Sudeste,2024,62.31,0
Afonso Cunha,MA,Nordeste,2024,73.36,1
Lagoa da Canoa,AL,Nordeste,2024,51.14,0
Pão de Açúcar,AL,Nordeste,2024,52.93,1
Lagoa Grande,PE,Nordeste,2024,58.93,1
Água Azul do Norte,PA,Norte,2024,34.94,1
Itaí,SP,Sudeste,2024,52.73,0
Mata de São João,BA,Nordeste,2024,58.32,0
Fernando Falcão,MA,Nordeste,2024,36.99,1
Uberaba,MG,Sudeste,2024,51.32,1
Cedro,PE,Nordeste,2024,52.32,1
Alagoinha do Piauí,PI,Nordeste,2024,50.17,1
Vitória do Jari,AP,Norte,2024,35.85,0
Unaí,MG,Sudeste,2024,60.33,0
Santo Antônio da Patrulha,RS,Sul,2024,77.72,0
Coaraci,BA,Nordeste,2024,43.8,0
Juiz de Fora,MG,Sudeste,2024,49.46,1
Divisa Nova,MG,Sudeste,2024,66.86,1
Santa Helena,MA,Nordeste,2024,60.93,1
Nova Módica,MG,Sudeste,2024,80.0,1
Luís Gomes,RN,Nordeste,2024,33.44,0
Goianinha,RN,Nordeste,2024,29.73,1
Lagoa da Confusão,TO,Norte,2024,33.23,1
Valença do Piauí,PI,Nordeste,2024,56.58,0
São Luiz Gonzaga,RS,Sul,2024,80.0,0
Riachão do Jacuípe,BA,Nordeste,2024,44.85,0
Nova Porteirinha,MG,Sudeste,2024,47.65,1
Paulo Ramos,MA,Nordeste,2024,76.82,1
Cabixi,RO,Norte,2024,70.85,1
Major Isidoro,AL,Nordeste,2024,46.33,0
Severiano Melo,RN,Nordeste,2024,72.95,0
Ribeirão das Neves,MG,Sudeste,2024,59.14,1
Cubatão,SP,Sudeste,2024,53.65,0
Ampére,PR,Sul,2024,67.87,1
Joaíma,MG,Sudeste,2024,48.92,0
Trabiju,SP,Sudeste,2024,80.0,0
Biritinga,BA,Nordeste,2024,29.4,1
Ponte Preta,RS,Sul,2024,63.31,0
Nova Pádua,RS,Sul,2024,80.0,0
São Miguel da Boa Vista,SC,Sul,2024,80.0,1
Aratiba,RS,Sul,2024,80.0,0
Porto Xavier,RS,Sul,2024,73.05,0
São Francisco de Paula,RS,Sul,2024,60.65,0
Milagres,BA,Nordeste,2024,40.72,1
Itatiba do Sul,RS,Sul,2024,80.0,0
Riozinho,RS,Sul,2024,76.61,0
Anchieta,SC,Sul,2024,77.89,0
Minduri,MG,Sudeste,2024,56.53,1
Faxinalzinho,RS,Sul,2024,78.45,0
Bom Jesus do Tocantins,TO,Norte,2024,33.34,0
Jardim de Angicos,RN,Nordeste,2024,23.43,1
São Sepé,RS,Sul,2024,80.0,0
Estreito,MA,Nordeste,2024,59.05,1
Petrolândia,PE,Nordeste,2024,56.52,1
Palmeira d'Oeste,SP,Sudeste,2024,69.6,1
Liberdade,MG,Sudeste,2024,60.12,1
Livramento,PB,Nordeste,2024,49.62,1
Ribeirão das Neves,MG,Sudeste,2024,59.14,1
Miguelópolis,SP,Sudeste,2024,66.88,0
Santa Juliana,MG,Sudeste,2024,65.71,0
Volta Grande,MG,Sudeste,2024,55.59,1
Nova Prata do Iguaçu,PR,Sul,2024,80.0,0
Jaguarão,RS,Sul,2024,53.41,0
São Gabriel,RS,Sul,2024,64.25,0
Amaraji,PE,Nordeste,2024,70.55,0
Cocos,BA,Nordeste,2024,53.76,0
Pérola,PR,Sul,2024,78.63,0
Sapucaí-Mirim,MG,Sudeste,2024,57.41,1
Carazinho,RS,Sul,2024,66.52,0
Baía da Traição,PB,Nordeste,2024,28.9,1
Lajeado,RS,Sul,2024,75.49,0
Santo Augusto,RS,Sul,2024,78.05,0
Caracol,MS,Centro-Oeste,2024,54.48,1
Cidade Ocidental,GO,Centro-Oeste,2024,56.04,1
Siriri,SE,Nordeste,2024,52.43,0
Maurilândia do Tocantins,TO,Norte,2024,26.36,0
Mondaí,SC,Sul,2024,70.43,0
Venâncio Aires,RS,Sul,2024,78.41,0
Camapuã,MS,Centro-Oeste,2024,39.17,1
Mata Verde,MG,Sudeste,2024,59.04,1
Guamiranga,PR,Sul,2024,79.6,0
Encruzilhada do Sul,RS,Sul,2024,66.52,0
Ubaí,MG,Sudeste,2024,71.8,0
São José do Belmonte,PE,Nordeste,2024,52.12,1
Miguel Pereira,RJ,Sudeste,2024,61.15,1
Arari,MA,Nordeste,2024,69.51,1
Parnaíba,PI,Nordeste,2024,38.04,1
Sarandi,RS,Sul,2024,72.81,0
Braço do Norte,SC,Sul,2024,63.84,0
Alhandra,PB,Nordeste,2024,61.09,0
Sapucaia do Sul,RS,Sul,2024,62.6,0
Uiraúna,PB,Nordeste,2024,80.0,0
Damianópolis,GO,Centro-Oeste,2024,72.05,1
Caxias,MA,Nordeste,2024,49.57,1
Correntes,PE,Nordeste,2024,56.47,1
Divisópolis,MG,Sudeste,2024,48.44,1
Camaquã,RS,Sul,2024,62.16,1
Cerejeiras,RO,Norte,2024,62.09,1
São José do Cerrito,SC,Sul,2024,77.0,0
Tabira,PE,Nordeste,2024,74.03,0
Pedra Branca do Amapari,AP,Norte,2024,68.48,0
Porto do Mangue,RN,Nordeste,2024,61.94,0
Lajeado,RS,Sul,2024,75.49,0
Laguna,SC,Sul,2024,40.16,1
Jaguaruna,SC,Sul,2024,48.39,1
Marquinho,PR,Sul,2024,74.92,1
São Sepé,RS,Sul,2024,80.0,0
Maragogipe,BA,Nordeste,2024,52.74,1
Ubaporanga,MG,Sudeste,2024,70.32,1
Caçapava do Sul,RS,Sul,2024,58.95,0
Almenara,MG,Sudeste,2024,45.59,1
Quissamã,RJ,Sudeste,2024,68.46,1
Trombas,GO,Centro-Oeste,2024,80.0,1
Ingá,PB,Nordeste,2024,61.08,0
Cubatão,SP,Sudeste,2024,53.65,0
Apuarema,BA,Nordeste,2024,43.58,0
Periquito,MG,Sudeste,2024,50.92,0
Tabaporã,MT,Centro-Oeste,2024,56.15,1
Ponte Serrada,SC,Sul,2024,57.53,0
Diogo de Vasconcelos,MG,Sudeste,2024,78.65,0
Martinho Campos,MG,Sudeste,2024,60.0,1
Sulina,PR,Sul,2024,66.92,1
Caicó,RN,Nordeste,2024,42.3,1
Sarandi,RS,Sul,2024,72.81,0
Soledade,PB,Nordeste,2024,40.39,1
Ubaí,MG,Sudeste,2024,71.8,0
Martins,RN,Nordeste,2024,47.7,1
Monte Azul,MG,Sudeste,2024,80.0,0
Nova Petrópolis,RS,Sul,2024,80.0,0
Palmares do Sul,RS,Sul,2024,57.88,1
Chapada Gaúcha,MG,Sudeste,2024,54.23,1
Marumbi,PR,Sul,2024,61.37,1
Vera Cruz,RN,Nordeste,2024,62.26,0
Brejões,BA,Nordeste,2024,57.86,0
Mauá da Serra,PR,Sul,2024,80.0,1
Lages,SC,Sul,2024,53.71,0
Loreto,MA,Nordeste,2024,45.2,1
Bandeirantes,PR,Sul,2024,76.11,0
Mendes Pimentel,MG,Sudeste,2024,79.7,0
Ivaiporã,PR,Sul,2024,68.76,1
Boa Vista do Gurupi,MA,Nordeste,2024,63.3,1
Piedade do Rio Grande,MG,Sudeste,2024,36.5,1
Jupi,PE,Nordeste,2024,63.87,1
Espinosa,MG,Sudeste,2024,66.83,0
Belém do Brejo do Cruz,PB,Nordeste,2024,61.23,0
Lagoa Vermelha,RS,Sul,2024,64.16,0
São Francisco de Paula,RS,Sul,2024,60.65,0
Garanhuns,PE,Nordeste,2024,56.86,1
Jatobá,PE,Nordeste,2024,76.72,0
Conselheiro Pena,MG,Sudeste,2024,69.02,0
Galiléia,MG,Sudeste,2024,52.6,1
Pedro Osório,RS,Sul,2024,69.69,0
Santa Maria do Herval,RS,Sul,2024,78.55,0
Santana de Pirapama,MG,Sudeste,2024,50.29,1
Orleans,SC,Sul,2024,68.14,0
Brasilândia,MS,Centro-Oeste,2024,56.39,1
Janiópolis,PR,Sul,2024,80.0,0
Extremoz,RN,Nordeste,2024,53.23,0
Bento Gonçalves,RS,Sul,2024,77.77,0
João Dourado,BA,Nordeste,2024,41.43,1
Matriz de Camaragibe,AL,Nordeste,2024,41.99,1
Serra,ES,Sudeste,2024,62.54,0
Paraopeba,MG,Sudeste,2024,53.95,1
Santana,AP,Norte,2024,47.82,0
Itapicuru,BA,Nordeste,2024,35.25,1
Nova Veneza,SC,Sul,2024,71.23,0
Curitiba,PR,Sul,2024,71.93,0
Touros,RN,Nordeste,2024,31.91,1
Formoso do Araguaia,TO,Norte,2024,66.36,0
Carnaubais,RN,Nordeste,2024,34.58,1
Ijuí,RS,Sul,2024,77.0,0
Riachão do Bacamarte,PB,Nordeste,2024,50.27,0
Nina Rodrigues,MA,Nordeste,2024,57.54,0
Rio Pardo,RS,Sul,2024,74.39,0
Água Doce,SC,Sul,2024,67.24,1
São Francisco,MG,Sudeste,2024,51.71,1
Palotina,PR,Sul,2024,70.79,1
Santa Terezinha,SC,Sul,2024,80.0,1
Rio Grande,RS,Sul,2024,58.45,0
Estrela,RS,Sul,2024,69.6,0
Belágua,MA,Nordeste,2024,64.24,1
Curionópolis,PA,Norte,2024,55.58,1
Tabaí,RS,Sul,2024,63.05,0
Alegria,RS,Sul,2024,80.0,0
Ipiranga do Sul,RS,Sul,2024,80.0,0
São João de Iracema,SP,Sudeste,2024,49.78,0
Bossoroca,RS,Sul,2024,54.93,1
Salvador das Missões,RS,Sul,2024,80.0,0
Tabatinga,SP,Sudeste,2024,65.32,0
Ingá,PB,Nordeste,2024,61.08,0
Peabiru,PR,Sul,2024,71.16,1
Salvador das Missões,RS,Sul,2024,80.0,0
Turvo,PR,Sul,2024,80.0,1
Cambuquira,MG,Sudeste,2024,71.0,0
Atalanta,SC,Sul,2024,72.52,1
Santa Cruz do Escalvado,MG,Sudeste,2024,58.77,1
Salvador das Missões,RS,Sul,2024,80.0,0
Novo Barreiro,RS,Sul,2024,65.03,0
São Francisco,MG,Sudeste,2024,51.71,1
Riachinho,MG,Sudeste,2024,71.24,1
Tapejara,PR,Sul,2024,71.09,0
Pirapora,MG,Sudeste,2024,54.52,1
Pedro Avelino,RN,Nordeste,2024,26.54,1
Campo Belo do Sul,SC,Sul,2024,47.83,0
Nova Xavantina,MT,Centro-Oeste,2024,72.93,0
Ituporanga,SC,Sul,2024,66.76,1
Peixe-Boi,PA,Norte,2024,58.11,1
Guaraciama,MG,Sudeste,2024,48.04,1
Muribeca,SE,Nordeste,2024,15.64,1
Bom Jesus,RS,Sul,2024,73.75,0
Cristalândia,TO,Norte,2024,52.25,1
Abaeté,MG,Sudeste,2024,56.9,1
Rodeio Bonito,RS,Sul,2024,80.0,0
Caculé,BA,Nordeste,2024,56.48,0
Itaiópolis,SC,Sul,2024,67.88,0
Cariacica,ES,Sudeste,2024,60.94,1
Guaratuba,PR,Sul,2024,69.4,0
Pimenta Bueno,RO,Norte,2024,71.37,1
Jardim de Piranhas,RN,Nordeste,2024,37.47,1
Caibi,SC,Sul,2024,76.16,0
São Francisco,MG,Sudeste,2024,51.71,1
Marilândia do Sul,PR,Sul,2024,73.34,1
São Jerônimo da Serra,PR,Sul,2024,80.0,0
Campo Grande,MS,Centro-Oeste,2024,47.69,0
Cruzília,MG,Sudeste,2024,80.0,0
Torres,RS,Sul,2024,65.68,0
Santo Ângelo,RS,Sul,2024,66.92,0
Campestre do Maranhão,MA,Nordeste,2024,67.22,0
Antônio João,MS,Centro-Oeste,2024,58.37,0
Três Passos,RS,Sul,2024,80.0,0
Fazenda Vilanova,RS,Sul,2024,80.0,0
Sarandi,RS,Sul,2024,72.81,0
Sertânia,PE,Nordeste,2024,62.6,0
Trindade,PE,Nordeste,2024,63.05,1
Virginópolis,MG,Sudeste,2024,49.9,1
Terra Roxa,PR,Sul,2024,70.39,1
Vereda,BA,Nordeste,2024,69.8,0
Rodeio Bonito,RS,Sul,2024,80.0,0
Barra do Rocha,BA,Nordeste,2024,44.61,0
Peruíbe,SP,Sudeste,2024,45.94,1
São João,PE,Nordeste,2024,63.98,0
Três Passos,RS,Sul,2024,80.0,0
Quixabeira,BA,Nordeste,2024,45.13,1
Alvorada de Minas,MG,Sudeste,2024,47.88,1
Pompéu,MG,Sudeste,2024,67.62,0
Senador Canedo,GO,Centro-Oeste,2024,53.68,1
Urupá,RO,Norte,2024,72.36,0
Alvorada do Sul,PR,Sul,2024,71.09,1
Mantena,MG,Sudeste,2024,54.88,1
Nova Ubiratã,MT,Centro-Oeste,2024,74.28,0
Inocência,MS,Centro-Oeste,2024,40.51,1
São Miguel dos Campos,AL,Nordeste,2024,55.0,1
Pescaria Brava,SC,Sul,2024,46.6,0
Juranda,PR,Sul,2024,63.12,1
Bom Jardim,RJ,Sudeste,2024,55.3,1
Vilhena,RO,Norte,2024,67.96,1
Itambaracá,PR,Sul,2024,79.25,1
Canto do Buriti,PI,Nordeste,2024,20.06,1
São José do Ouro,RS,Sul,2024,65.42,0
Braga,RS,Sul,2024,46.27,0
Governador Lindenberg,ES,Sudeste,2024,66.72,1
Poxoréo,MT,Centro-Oeste,2024,52.47,0
Rodeio Bonito,RS,Sul,2024,80.0,0
Itajá,GO,Centro-Oeste,2024,80.0,1
Itutinga,MG,Sudeste,2024,56.09,1
Pedra Dourada,MG,Sudeste,2024,58.09,1
Nova Colinas,MA,Nordeste,2024,80.0,0
Tenório,PB,Nordeste,2024,65.1,0
Fontoura Xavier,RS,Sul,2024,65.01,0
Sampaio,TO,Norte,2024,49.44,0
Nova Erechim,SC,Sul,2024,70.89,1
Pau dos Ferros,RN,Nordeste,2024,45.25,0
Santo Antônio da Patrulha,RS,Sul,2024,77.72,0
Vargem Bonita,SC,Sul,2024,66.82,1
Pitangueiras,PR,Sul,2024,80.0,1
Santa Margarida do Sul,RS,Sul,2024,48.4,0
Matupá,MT,Centro-Oeste,2024,67.95,0
Água Branca,PB,Nordeste,2024,52.91,0
Piúma,ES,Sudeste,2024,65.36,1
Firminópolis,GO,Centro-Oeste,2024,77.31,0
Anaurilândia,MS,Centro-Oeste,2024,67.61,1
Nova Prata,RS,Sul,2024,78.96,0
Paço do Lumiar,MA,Nordeste,2024,55.54,1
Nazareno,MG,Sudeste,2024,80.0,1
Duas Barras,RJ,Sudeste,2024,61.52,1
Paranhos,MS,Centro-Oeste,2024,50.56,1
Cerqueira César,SP,Sudeste,2024,49.79,0
Mazagão,AP,Norte,2024,36.5,1
Barra do Ribeiro,RS,Sul,2024,70.43,0
Santa Cruz,RN,Nordeste,2024,28.5,1
Patrocínio,MG,Sudeste,2024,64.83,0
São João dos Patos,MA,Nordeste,2024,57.94,0
Campo Largo,PR,Sul,2024,74.37,0
Três Passos,RS,Sul,2024,80.0,0
Braço do Norte,SC,Sul,2024,63.84,0
Terra de Areia,RS,Sul,2024,69.02,0
Ituiutaba,MG,Sudeste,2024,65.79,1
São Sebastião do Caí,RS,Sul,2024,61.4,0
Aimorés,MG,Sudeste,2024,53.9,1
Guanambi,BA,Nordeste,2024,53.73,0
Jundiá,AL,Nordeste,2024,41.39,1
Lontras,SC,Sul,2024,63.17,0
Lago do Junco,MA,Nordeste,2024,80.0,1
Ilhabela,SP,Sudeste,2024,49.92,0
Esperança do Sul,RS,Sul,2024,80.0,1
Ipecaetá,BA,Nordeste,2024,41.61,1
Florânia,RN,Nordeste,2024,42.91,0
Dianópolis,TO,Norte,2024,56.47,1
Cataguases,MG,Sudeste,2024,42.67,1
Indaial,SC,Sul,2024,59.31,1
Santa Tereza do Oeste,PR,Sul,2024,74.35,1
Várzea,RN,Nordeste,2024,24.12,1
Águas de Lindóia,SP,Sudeste,2024,64.46,0
Gramado,RS,Sul,2024,79.21,0
Fundão,ES,Sudeste,2024,64.41,0
Tamarana,PR,Sul,2024,74.8,0
São Francisco do Maranhão,MA,Nordeste,2024,56.04,1
São Mateus do Sul,PR,Sul,2024,80.0,0
São José de Mipibu,RN,Nordeste,2024,41.43,0
Arroio do Sal,RS,Sul,2024,69.49,0
Manhuaçu,MG,Sudeste,2024,53.58,1
Anori,AM,Norte,2024,76.6,0
Vale Verde,RS,Sul,2024,80.0,0
São Desidério,BA,Nordeste,2024,50.38,1
Passos Maia,SC,Sul,2024,54.31,1
São Sepé,RS,Sul,2024,80.0,0
Londrina,PR,Sul,2024,74.82,0
Alambari,SP,Sudeste,2024,72.91,0
Aragoiânia,GO,Centro-Oeste,2024,59.12,1
Reserva,PR,Sul,2024,73.98,1
Linha Nova,RS,Sul,2024,80.0,0
Santa Rita d'Oeste,SP,Sudeste,2024,63.62,0
Caconde,SP,Sudeste,2024,71.78,0
Toropi,RS,Sul,2024,80.0,0
Engenho Velho,RS,Sul,2024,77.38,0
Vila Lângaro,RS,Sul,2024,72.6,0
Couto de Magalhães de Minas,MG,Sudeste,2024,53.63,1
Mucugê,BA,Nordeste,2024,47.73,0
Itamari,BA,Nordeste,2024,63.04,0
Tio Hugo,RS,Sul,2024,80.0,0
Minas do Leão,RS,Sul,2024,74.31,0
Flórida Paulista,SP,Sudeste,2024,80.0,0
Itapuca,RS,Sul,2024,80.0,0
Piripá,BA,Nordeste,2024,66.84,0
Fernando Pedroza,RN,Nordeste,2024,39.77,1
Cruzália,SP,Sudeste,2024,80.0,0
Mirabela,MG,Sudeste,2024,62.46,1
Miracema,RJ,Sudeste,2024,69.57,0
Turmalina,SP,Sudeste,2024,51.04,1
Cordislândia,MG,Sudeste,2024,52.49,1
Monsenhor Gil,PI,Nordeste,2024,63.58,0
Paraí,RS,Sul,2024,80.0,0
Santa Luzia,MG,Sudeste,2024,56.2,1
Londrina,PR,Sul,2024,74.82,0
São José do Barreiro,SP,Sudeste,2024,44.38,1
São Francisco de Assis,RS,Sul,2024,61.82,0
Uberaba,MG,Sudeste,2024,51.32,1
São Paulo das Missões,RS,Sul,2024,78.07,0
Hulha Negra,RS,Sul,2024,71.75,0
Itacarambi,MG,Sudeste,2024,54.5,1
Pontal do Paraná,PR,Sul,2024,72.58,0
Araguacema,TO,Norte,2024,45.04,1
Novo Gama,GO,Centro-Oeste,2024,56.87,1
Craíbas,AL,Nordeste,2024,51.26,1
Sapucaia,PA,Norte,2024,79.9,0
Durandé,MG,Sudeste,2024,78.46,0
Garibaldi,RS,Sul,2024,75.26,0
Bom Jardim,MA,Nordeste,2024,80.0,0
Quatro Barras,PR,Sul,2024,68.92,0
Rio Negrinho,SC,Sul,2024,63.42,1
Iraquara,BA,Nordeste,2024,45.26,0
Valparaíso de Goiás,GO,Centro-Oeste,2024,60.56,1
Guarapuava,PR,Sul,2024,75.27,0
São José do Alegre,MG,Sudeste,2024,77.75,1
Três Coroas,RS,Sul,2024,59.55,0
Caraúbas,RN,Nordeste,2024,32.45,1
Bom Retiro,SC,Sul,2024,39.4,1
Lebon Régis,SC,Sul,2024,47.04,1
Araucária,PR,Sul,2024,71.19,0
Resende,RJ,Sudeste,2024,70.45,1
Bastos,SP,Sudeste,2024,56.53,0
Serrana,SP,Sudeste,2024,51.47,0
Três de Maio,RS,Sul,2024,79.17,0
Linhares,ES,Sudeste,2024,66.76,1
Gravatal,SC,Sul,2024,57.16,1
Rio Pardo,RS,Sul,2024,74.39,0
Anadia,AL,Nordeste,2024,57.84,0
Ingá,PB,Nordeste,2024,61.08,1
Floresta,PR,Sul,2024,76.93,0
Nova América da Colina,PR,Sul,2024,65.42,1
Imbuia,SC,Sul,2024,67.27,1
Piatã,BA,Nordeste,2024,48.21,0
Bom Jardim,PE,Nordeste,2024,64.09,1
Guapó,GO,Centro-Oeste,2024,66.78,1
Salto de Pirapora,SP,Sudeste,2024,49.9,0
Caxias do Sul,RS,Sul,2024,70.89,0
Alto Boa Vista,MT,Centro-Oeste,2024,80.0,0
Nova Prata,RS,Sul,2024,78.96,0
Três Barras do Paraná,PR,Sul,2024,79.46,0
Erechim,RS,Sul,2024,64.31,0
Pedras Grandes,SC,Sul,2024,80.0,0
Videira,SC,Sul,2024,61.06,1
Alegria,RS,Sul,2024,80.0,0
Santo Augusto,RS,Sul,2024,78.05,0
Ituiutaba,MG,Sudeste,2024,65.79,0
Concórdia,SC,Sul,2024,76.94,0
Guaraciaba,SC,Sul,2024,80.0,1
Lajedinho,BA,Nordeste,2024,54.93,0
Jangada,MT,Centro-Oeste,2024,59.89,0
Mogeiro,PB,Nordeste,2024,74.26,0
Josenópolis,MG,Sudeste,2024,80.0,1
Itapuã do Oeste,RO,Norte,2024,80.0,0
Apodi,RN,Nordeste,2024,43.46,0
Botuverá,SC,Sul,2024,71.04,0
Poxoréo,MT,Centro-Oeste,2024,52.47,0
Jaciara,MT,Centro-Oeste,2024,60.83,0
Serra,ES,Sudeste,2024,62.54,0
São Gabriel,RS,Sul,2024,64.25,0
São Sebastião do Tocantins,TO,Norte,2024,33.77,1
Ajuricaba,RS,Sul,2024,80.0,1
Buritis,RO,Norte,2024,54.78,1
Anori,AM,Norte,2024,76.6,0
Laranjal do Jari,AP,Norte,2024,45.64,0
Bom Jesus das Selvas,MA,Nordeste,2024,66.3,0
Timon,MA,Nordeste,2024,69.77,1
Roca Sales,RS,Sul,2024,76.28,0
Butiá,RS,Sul,2024,55.99,0
Santo Antônio da Patrulha,RS,Sul,2024,77.72,0
Bacabeira,MA,Nordeste,2024,56.2,0
Abadia de Goiás,GO,Centro-Oeste,2024,63.18,1
Marialva,PR,Sul,2024,74.29,0
Luislândia,MG,Sudeste,2024,54.93,1
Campos Verdes,GO,Centro-Oeste,2024,66.38,1
Carapicuíba,SP,Sudeste,2024,50.83,0
Lagoa Vermelha,RS,Sul,2024,64.16,0
Guidoval,MG,Sudeste,2024,64.83,0
Santo Ângelo,RS,Sul,2024,66.92,0
Sinop,MT,Centro-Oeste,2024,60.84,0
Planalto,RS,Sul,2024,73.65,0
São Rafael,RN,Nordeste,2024,26.88,0
Jequitaí,MG,Sudeste,2024,46.21,1
Bom Jardim,MA,Nordeste,2024,80.0,0
Serafina Corrêa,RS,Sul,2024,80.0,0
Pedro II,PI,Nordeste,2024,32.31,1
Ferreiros,PE,Nordeste,2024,61.78,0
Itabirito,MG,Sudeste,2024,63.29,1
Augusto de Lima,MG,Sudeste,2024,53.39,0
Nova Prata,RS,Sul,2024,78.96,0
Afogados da Ingazeira,PE,Nordeste,2024,68.77,1
Araçuaí,MG,Sudeste,2024,50.02,1
Martinho Campos,MG,Sudeste,2024,60.0,1
Parazinho,RN,Nordeste,2024,52.37,0
Santa Rita,PB,Nordeste,2024,47.0,0
Anamã,AM,Norte,2024,40.16,1
Carlos Chagas,MG,Sudeste,2024,60.36,0
Campos Novos,SC,Sul,2024,66.86,0
Formoso,MG,Sudeste,2024,64.21,1
Itambé,PR,Sul,2024,80.0,1
Corrente,PI,Nordeste,2024,53.03,0
Pratinha,MG,Sudeste,2024,80.0,0
Soledade,RS,Sul,2024,68.48,0
Tanhaçu,BA,Nordeste,2024,62.26,0
Ji-Paraná,RO,Norte,2024,80.0,0
Anori,AM,Norte,2024,76.6,1
Ponta de Pedras,PA,Norte,2024,45.11,1
Tupandi,RS,Sul,2024,80.0,0
Santo Antônio das Missões,RS,Sul,2024,74.48,0
Tapejara,RS,Sul,2024,71.34,0
Pesqueira,PE,Nordeste,2024,63.02,1
São Vicente,RN,Nordeste,2024,65.76,0
Vale do Sol,RS,Sul,2024,80.0,0
Natalândia,MG,Sudeste,2024,54.28,1
Tocantinópolis,TO,Norte,2024,41.22,0
Simolândia,GO,Centro-Oeste,2024,80.0,0
Lagoa Santa,MG,Sudeste,2024,64.72,1
Urubici,SC,Sul,2024,63.46,1
Imaculada,PB,Nordeste,2024,69.22,0
Campinas,SP,Sudeste,2024,47.76,0
São Luiz Gonzaga,RS,Sul,2024,80.0,0
Sananduva,RS,Sul,2024,75.28,0
Pindaré-Mirim,MA,Nordeste,2024,47.1,1
São Pedro de Alcântara,SC,Sul,2024,74.91,0
Nova Andradina,MS,Centro-Oeste,2024,61.97,1
São Bento do Tocantins,TO,Norte,2024,49.76,1
São Mateus,ES,Sudeste,2024,69.26,1
Caxambu,MG,Sudeste,2024,76.93,0
São João do Triunfo,PR,Sul,2024,78.79,1
Marcelino Vieira,RN,Nordeste,2024,34.1,0
Segredo,RS,Sul,2024,75.76,0
Macieira,SC,Sul,2024,80.0,0
Nova Hartz,RS,Sul,2024,73.32,0
Espírito Santo do Turvo,SP,Sudeste,2024,62.12,0
Santa Rosa,RS,Sul,2024,73.6,0
Candelária,RS,Sul,2024,76.07,0
Bento Gonçalves,RS,Sul,2024,77.77,0
Passa Sete,RS,Sul,2024,80.0,0
Boninal,BA,Nordeste,2024,50.69,0
Francisco Dumont,MG,Sudeste,2024,38.49,0
Mesópolis,SP,Sudeste,2024,41.56,1
Aratuípe,BA,Nordeste,2024,53.15,1
Nova Canaã,BA,Nordeste,2024,36.6,1
Teixeiras,MG,Sudeste,2024,76.18,0
Jateí,MS,Centro-Oeste,2024,68.83,0
Xexéu,PE,Nordeste,2024,65.51,1
Corbélia,PR,Sul,2024,75.44,1
São Francisco,SE,Nordeste,2024,41.56,1
Brunópolis,SC,Sul,2024,68.83,0
Leopoldina,MG,Sudeste,2024,62.21,1
Aimorés,MG,Sudeste,2024,53.9,1
Paty do Alferes,RJ,Sudeste,2024,68.68,1
Matelândia,PR,Sul,2024,74.52,0
Raul Soares,MG,Sudeste,2024,69.16,1
Presidente Kennedy,ES,Sudeste,2024,70.22,0
Colorado do Oeste,RO,Norte,2024,65.67,1
Lupionópolis,PR,Sul,2024,80.0,0
Bom Repouso,MG,Sudeste,2024,60.44,1
Gonçalves,MG,Sudeste,2024,65.09,1
Faxinal dos Guedes,SC,Sul,2024,57.2,1
Itacarambi,MG,Sudeste,2024,54.5,1
Jardim Alegre,PR,Sul,2024,64.31,1
Vera Cruz do Oeste,PR,Sul,2024,56.94,1
Aral Moreira,MS,Centro-Oeste,2024,74.85,0
São João do Carú,MA,Nordeste,2024,67.59,1
Parnamirim,RN,Nordeste,2024,50.04,0
Catolé do Rocha,PB,Nordeste,2024,59.32,0
Ibateguara,AL,Nordeste,2024,80.0,0
Itinga,MG,Sudeste,2024,56.85,1
Campo Mourão,PR,Sul,2024,77.95,0
Lauro Muller,SC,Sul,2024,66.04,1
São Tomé,RN,Nordeste,2024,27.18,1
Propriá,SE,Nordeste,2024,26.71,1
Uiraúna,PB,Nordeste,2024,80.0,0
Brejo de Areia,MA,Nordeste,2024,40.15,1
Panambi,RS,Sul,2024,76.0,0
Peçanha,MG,Sudeste,2024,67.16,1
Bonito,PE,Nordeste,2024,60.58,1
Laje,BA,Nordeste,2024,52.04,0
Luzinópolis,TO,Norte,2024,32.22,1
Elói Mendes,MG,Sudeste,2024,61.57,1
São Sebastião,SP,Sudeste,2024,45.57,0
Tapejara,RS,Sul,2024,71.34,0
Jandaia do Sul,PR,Sul,2024,77.44,0
Jurema,PE,Nordeste,2024,57.86,1
Guaraqueçaba,PR,Sul,2024,71.7,0
Hulha Negra,RS,Sul,2024,71.75,0
Embu das Artes,SP,Sudeste,2024,39.54,1
Cubatão,SP,Sudeste,2024,53.65,0
Miracema do Tocantins,TO,Norte,2024,47.63,0
Dom Pedrito,RS,Sul,2024,61.19,0
Ibipitanga,BA,Nordeste,2024,49.93,0
Gravatal,SC,Sul,2024,57.16,1
União da Vitória,PR,Sul,2024,75.71,0
Santa Mariana,PR,Sul,2024,74.63,1
Nazária,PI,Nordeste,2024,78.0,0
Monteiro Lobato,SP,Sudeste,2024,68.77,0
Gramado,RS,Sul,2024,79.21,0
Charqueadas,RS,Sul,2024,66.43,0
Caçapava do Sul,RS,Sul,2024,58.95,0
Charqueadas,RS,Sul,2024,66.43,0
Jequitinhonha,MG,Sudeste,2024,49.76,1
Carambeí,PR,Sul,2024,75.84,0
Balsa Nova,PR,Sul,2024,76.46,0
Paulo Jacinto,AL,Nordeste,2024,43.67,0
Paranaíba,MS,Centro-Oeste,2024,37.71,1
Teófilo Otoni,MG,Sudeste,2024,55.57,1
Antônio Martins,RN,Nordeste,2024,32.45,1
Santa Clara do Sul,RS,Sul,2024,80.0,0
Jaçanã,RN,Nordeste,2024,52.38,0
Entre Folhas,MG,Sudeste,2024,78.84,0
Palmópolis,MG,Sudeste,2024,45.12,1
Areias,SP,Sudeste,2024,62.9,0
Piau,MG,Sudeste,2024,36.74,1
Marilac,MG,Sudeste,2024,65.87,0
Araguapaz,GO,Centro-Oeste,2024,49.16,1
Porto Nacional,TO,Norte,2024,60.65,0
Brodowski,SP,Sudeste,2024,58.03,0
Lindóia,SP,Sudeste,2024,77.54,0
Granito,PE,Nordeste,2024,57.04,1
São Vicente,SP,Sudeste,2024,49.01,1
Lagoa do Carro,PE,Nordeste,2024,53.55,1
Paraíso do Norte,PR,Sul,2024,75.67,0
Bom Despacho,MG,Sudeste,2024,48.79,1
Lapa,PR,Sul,2024,80.0,0
Lindóia do Sul,SC,Sul,2024,80.0,1
São Vendelino,RS,Sul,2024,80.0,0
Itaú,RN,Nordeste,2024,57.42,0
Alpercata,MG,Sudeste,2024,51.63,1
Santa Maria da Boa Vista,PE,Nordeste,2024,51.17,1
Carmésia,MG,Sudeste,2024,36.86,1
Betânia,PE,Nordeste,2024,71.97,1
Paula Freitas,PR,Sul,2024,77.91,0
Amaporã,PR,Sul,2024,73.16,1
Coronel Martins,SC,Sul,2024,74.66,1
Jundiaí do Sul,PR,Sul,2024,60.68,0
Colinas do Tocantins,TO,Norte,2024,55.79,1
Cândido de Abreu,PR,Sul,2024,80.0,1
São Carlos do Ivaí,PR,Sul,2024,78.54,0
Pedro de Toledo,SP,Sudeste,2024,41.87,1
Pedreiras,MA,Nordeste,2024,70.02,0
Novo Oriente de Minas,MG,Sudeste,2024,50.62,1
Coronel Barros,RS,Sul,2024,80.0,0
Coromandel,MG,Sudeste,2024,47.93,1
Bom Jesus,RS,Sul,2024,73.75,0
Sítio Novo do Tocantins,TO,Norte,2024,45.85,1
Ubá,MG,Sudeste,2024,67.05,1
Malacacheta,MG,Sudeste,2024,77.62,0
Batayporã,MS,Centro-Oeste,2024,51.26,1
Morro do Chapéu do Piauí,PI,Nordeste,2024,35.98,1
Tangará,RN,Nordeste,2024,48.84,0
Ribeirão Cascalheira,MT,Centro-Oeste,2024,66.14,1
Ajuricaba,RS,Sul,2024,80.0,0
Patos do Piauí,PI,Nordeste,2024,80.0,0
Cataguases,MG,Sudeste,2024,42.67,1
Cajuri,MG,Sudeste,2024,66.8,1
Erechim,RS,Sul,2024,64.31,0
Chapecó,SC,Sul,2024,60.17,0
Córrego Novo,MG,Sudeste,2024,52.11,1
São João Batista,MA,Nordeste,2024,36.65,1
Ituiutaba,MG,Sudeste,2024,65.79,0
Lagoa Grande do Maranhão,MA,Nordeste,2024,80.0,1
Belmonte,BA,Nordeste,2024,42.49,0
Comodoro,MT,Centro-Oeste,2024,61.46,0
Três de Maio,RS,Sul,2024,79.17,0
Santa Cruz do Sul,RS,Sul,2024,67.32,0
Forquilhinha,SC,Sul,2024,62.24,1
Chapecó,SC,Sul,2024,60.17,0
Senador Amaral,MG,Sudeste,2024,71.75,1
Ibaiti,PR,Sul,2024,73.99,0
Vila Boa,GO,Centro-Oeste,2024,80.0,0
Alfenas,MG,Sudeste,2024,62.52,1
Bom Jesus do Galho,MG,Sudeste,2024,80.0,0
Candelária,RS,Sul,2024,76.07,0
Capitão de Campos,PI,Nordeste,2024,58.04,0
Caarapó,MS,Centro-Oeste,2024,57.41,0
São Miguel do Guaporé,RO,Norte,2024,69.73,0
Joaquim Távora,PR,Sul,2024,80.0,1
Salto do Jacuí,RS,Sul,2024,80.0,0
Palestina,AL,Nordeste,2024,40.59,1
Peritoró,MA,Nordeste,2024,61.07,1
Formosa,GO,Centro-Oeste,2024,66.03,0
Campinaçu,GO,Centro-Oeste,2024,71.97,1
Chapecó,SC,Sul,2024,60.17,1
Conceição da Barra,ES,Sudeste,2024,74.67,0
Quinta do Sol,PR,Sul,2024,77.24,0
Tapira,PR,Sul,2024,80.0,0
Montenegro,RS,Sul,2024,68.22,0
Piedade de Caratinga,MG,Sudeste,2024,57.33,1
Otacílio Costa,SC,Sul,2024,59.2,0
Santo Antônio dos Lopes,MA,Nordeste,2024,57.23,1
Celso Ramos,SC,Sul,2024,77.74,0
Santa Lúcia,SP,Sudeste,2024,68.96,1
Videira,SC,Sul,2024,61.06,1
Piranhas,GO,Centro-Oeste,2024,78.38,0
Itapeva,MG,Sudeste,2024,56.63,1
Marau,RS,Sul,2024,68.78,0
Batalha,PI,Nordeste,2024,49.49,0
Areal,RJ,Sudeste,2024,65.34,0
Ponte Serrada,SC,Sul,2024,57.53,1
Gastão Vidigal,SP,Sudeste,2024,57.58,0
Candelária,RS,Sul,2024,76.07,0
Carmo do Rio Claro,MG,Sudeste,2024,65.96,1
Paranacity,PR,Sul,2024,80.0,1
Joanópolis,SP,Sudeste,2024,73.15,0
Antônio Martins,RN,Nordeste,2024,32.45,1
Treze de Maio,SC,Sul,2024,73.15,0
São Francisco de Goiás,GO,Centro-Oeste,2024,62.43,1
Esmeraldas,MG,Sudeste,2024,55.55,1
Alegria,RS,Sul,2024,80.0,0
Quatro Irmãos,RS,Sul,2024,57.42,0
Dona Francisca,RS,Sul,2024,80.0,0
Santa Rita do Tocantins,TO,Norte,2024,65.92,0
Ananás,TO,Norte,2024,46.22,1
São Pedro do Suaçuí,MG,Sudeste,2024,69.13,1
Caiçara do Rio do Vento,RN,Nordeste,2024,44.52,1
Coqueiro Seco,AL,Nordeste,2024,41.33,1
Capão Bonito do Sul,RS,Sul,2024,58.18,1
Casca,RS,Sul,2024,80.0,1
Uniflor,PR,Sul,2024,63.5,1
Miraí,MG,Sudeste,2024,80.0,0
São Geraldo da Piedade,MG,Sudeste,2024,70.95,0
Ibimirim,PE,Nordeste,2024,55.58,1
Xaxim,SC,Sul,2024,68.78,0
Santa Inês,PR,Sul,2024,80.0,1
Vila Maria,RS,Sul,2024,80.0,0
Caarapó,MS,Centro-Oeste,2024,57.41,1
Brusque,SC,Sul,2024,70.5,0
Lajeado Grande,SC,Sul,2024,78.78,0
Ipiranga do Norte,MT,Centro-Oeste,2024,64.83,0
Caarapó,MS,Centro-Oeste,2024,57.41,1
Encantado,RS,Sul,2024,80.0,0
Delta,MG,Sudeste,2024,55.77,0
Sobradinho,RS,Sul,2024,80.0,0
Jaguarão,RS,Sul,2024,53.41,0
Luziânia,GO,Centro-Oeste,2024,66.66,0
Deodápolis,MS,Centro-Oeste,2024,80.0,0
Braço do Trombudo,SC,Sul,2024,65.11,0
Coronel Fabriciano,MG,Sudeste,2024,52.71,1
Antônio Prado,RS,Sul,2024,68.22,0
Tenente Portela,RS,Sul,2024,69.61,0
Tupanatinga,PE,Nordeste,2024,70.41,0
Janaúba,MG,Sudeste,2024,54.63,1
Careiro da Várzea,AM,Norte,2024,44.52,1
Xambioá,TO,Norte,2024,29.18,1
Baía Formosa,RN,Nordeste,2024,33.22,1
Lorena,SP,Sudeste,2024,48.46,0
Criciúma,SC,Sul,2024,62.54,0
Betim,MG,Sudeste,2024,58.25,1
Lagoa Santa,MG,Sudeste,2024,64.72,1
Campo Novo de Rondônia,RO,Norte,2024,62.75,1
Mongaguá,SP,Sudeste,2024,53.74,0
Porto Ferreira,SP,Sudeste,2024,54.0,0
Feliz,RS,Sul,2024,73.9,0
São Bento do Sapucaí,SP,Sudeste,2024,64.92,0
Fontoura Xavier,RS,Sul,2024,65.01,1
Presidente Castelo Branco,PR,Sul,2024,76.81,0
Novo Oriente de Minas,MG,Sudeste,2024,50.62,1
Francisco Alves,PR,Sul,2024,70.52,1
Santa Mônica,PR,Sul,2024,78.86,1
Bom Retiro,SC,Sul,2024,39.4,1
Buriti dos Lopes,PI,Nordeste,2024,47.6,1
Conceição da Barra,ES,Sudeste,2024,74.67,0
Aimorés,MG,Sudeste,2024,53.9,1
Sapopema,PR,Sul,2024,74.36,1
Mirassol d'Oeste,MT,Centro-Oeste,2024,56.36,0
Pindorama do Tocantins,TO,Norte,2024,52.73,0
São Cristóvão,SE,Nordeste,2024,59.87,1
Arame,MA,Nordeste,2024,76.81,0
Santa Terezinha,PE,Nordeste,2024,70.19,1
Esmeraldas,MG,Sudeste,2024,55.55,1
Martinho Campos,MG,Sudeste,2024,60.0,1
Passa Tempo,MG,Sudeste,2024,80.0,0
Guanhães,MG,Sudeste,2024,61.34,1
Viçosa,MG,Sudeste,2024,65.52,1
Bom Lugar,MA,Nordeste,2024,80.0,1
Sangão,SC,Sul,2024,70.98,0
Joaíma,MG,Sudeste,2024,48.92,1
São Mateus do Maranhão,MA,Nordeste,2024,67.09,0
Coronel Macedo,SP,Sudeste,2024,51.76,0
Monte Mor,SP,Sudeste,2024,54.58,0
Indianópolis,MG,Sudeste,2024,49.02,1
Buritis,MG,Sudeste,2024,56.75,1
Caldas Novas,GO,Centro-Oeste,2024,62.34,1
Witmarsum,SC,Sul,2024,79.97,0
Murici,AL,Nordeste,2024,57.6,1
Catas Altas,MG,Sudeste,2024,69.4,1
Guarujá,SP,Sudeste,2024,53.43,0
Pirenópolis,GO,Centro-Oeste,2024,74.01,0
São Martinho,RS,Sul,2024,80.0,0
Palmópolis,MG,Sudeste,2024,45.12,1
Hidrolândia,GO,Centro-Oeste,2024,70.74,0
Confresa,MT,Centro-Oeste,2024,42.31,1
Putinga,RS,Sul,2024,80.0,1
Naviraí,MS,Centro-Oeste,2024,63.53,0
Encruzilhada do Sul,RS,Sul,2024,66.52,0
Arvoredo,SC,Sul,2024,76.36,1
Juatuba,MG,Sudeste,2024,52.87,1
Divisa Alegre,MG,Sudeste,2024,55.72,1
Mangueirinha,PR,Sul,2024,73.44,0
Guarulhos,SP,Sudeste,2024,45.75,0
Raul Soares,MG,Sudeste,2024,69.16,1
Baraúna,RN,Nordeste,2024,38.99,1
Pilar,PB,Nordeste,2024,74.43,0
Santa Rita do Trivelato,MT,Centro-Oeste,2024,67.26,0
Carvalhópolis,MG,Sudeste,2024,77.41,1
Felício dos Santos,MG,Sudeste,2024,80.0,0
Dores do Indaiá,MG,Sudeste,2024,68.1,1
Butiá,RS,Sul,2024,55.99,0
Lages,SC,Sul,2024,53.71,1
Flores da Cunha,RS,Sul,2024,79.15,0
Videira,SC,Sul,2024,61.06,1
Porecatu,PR,Sul,2024,75.21,1
Santa Bárbara do Sul,RS,Sul,2024,68.31,0
Jardinópolis,SP,Sudeste,2024,61.9,0
Caicó,RN,Nordeste,2024,42.3,1
Riozinho,RS,Sul,2024,76.61,0
Casserengue,PB,Nordeste,2024,53.21,1
Marabá Paulista,SP,Sudeste,2024,72.78,0
Cromínia,GO,Centro-Oeste,2024,59.88,1
Cacaulândia,RO,Norte,2024,58.84,1
Piratininga,SP,Sudeste,2024,54.01,0
Joaquim Nabuco,PE,Nordeste,2024,54.58,0
São Ludgero,SC,Sul,2024,68.15,1
Mata Verde,MG,Sudeste,2024,59.04,1
Lauro Muller,SC,Sul,2024,66.04,1
Jarinu,SP,Sudeste,2024,53.9,0
Mar de Espanha,MG,Sudeste,2024,59.0,1
São Thomé das Letras,MG,Sudeste,2024,80.0,1
São Miguel do Passa Quatro,GO,Centro-Oeste,2024,80.0,0
Couto Magalhães,TO,Norte,2024,53.39,0
São José de Caiana,PB,Nordeste,2024,53.39,0
General Carneiro,MT,Centro-Oeste,2024,80.0,0
Piraí do Sul,PR,Sul,2024,74.08,0
Santa Cruz do Escalvado,MG,Sudeste,2024,58.77,1
Guarantã,SP,Sudeste,2024,69.04,0
Nobres,MT,Centro-Oeste,2024,60.77,0
Santa Rita,MA,Nordeste,2024,62.92,0
Goianá,MG,Sudeste,2024,75.76,1
Porto Rico,PR,Sul,2024,63.64,1
Passa Quatro,MG,Sudeste,2024,80.0,1
Caçador,SC,Sul,2024,71.48,0
Linhares,ES,Sudeste,2024,66.76,1
Sobrália,MG,Sudeste,2024,68.72,1
Espera Feliz,MG,Sudeste,2024,72.95,0
Nova Olinda do Maranhão,MA,Nordeste,2024,60.95,1
São Cristóvão,SE,Nordeste,2024,59.87,1
Igaratinga,MG,Sudeste,2024,70.67,1
Aurora do Tocantins,TO,Norte,2024,57.4,0
Betim,MG,Sudeste,2024,58.25,1
Linhares,ES,Sudeste,2024,66.76,1
São Pedro do Suaçuí,MG,Sudeste,2024,69.13,1
Arapongas,PR,Sul,2024,76.59,0
Praia Grande,SC,Sul,2024,67.96,1
Diamante do Norte,PR,Sul,2024,74.08,1
Sabino,SP,Sudeste,2024,58.64,0
Serrinha,RN,Nordeste,2024,60.14,0
Alto Paraíso de Goiás,GO,Centro-Oeste,2024,80.0,0
Criciúma,SC,Sul,2024,62.54,0
Santana do Paraíso,MG,Sudeste,2024,71.41,0
Caxambu do Sul,SC,Sul,2024,71.21,0
Caeté,MG,Sudeste,2024,74.49,0
Terra Nova,PE,Nordeste,2024,64.99,1
Santa Lúcia,PR,Sul,2024,79.57,1
Amaral Ferrador,RS,Sul,2024,72.06,0
Laurentino,SC,Sul,2024,66.86,0
Tenente Portela,RS,Sul,2024,69.61,0
Jacinto,MG,Sudeste,2024,50.97,1
Comendador Levy Gasparian,RJ,Sudeste,2024,56.32,1
Santa Isabel do Ivaí,PR,Sul,2024,80.0,0
Marau,RS,Sul,2024,68.78,0
Monte Santo do Tocantins,TO,Norte,2024,36.45,1
Criciúma,SC,Sul,2024,62.54,0
Joaíma,MG,Sudeste,2024,48.92,1
Contagem,MG,Sudeste,2024,58.08,1
Cruzeiro do Oeste,PR,Sul,2024,74.97,0
Iati,PE,Nordeste,2024,68.56,1
São Sebastião da Amoreira,PR,Sul,2024,80.0,1
Pederneiras,SP,Sudeste,2024,43.06,1
Guaraí,TO,Norte,2024,42.74,1
São Pedro de Alcântara,SC,Sul,2024,74.91,0
Itatiba do Sul,RS,Sul,2024,80.0,0
Exu,PE,Nordeste,2024,60.53,0
Arenápolis,MT,Centro-Oeste,2024,65.24,0
Fernando Pedroza,RN,Nordeste,2024,39.77,1
Formigueiro,RS,Sul,2024,80.0,0
Nísia Floresta,RN,Nordeste,2024,39.14,1
Massapê do Piauí,PI,Nordeste,2024,51.46,1
Araçoiaba,PE,Nordeste,2024,51.26,1
Marechal Cândido Rondon,PR,Sul,2024,76.01,1
Frei Miguelinho,PE,Nordeste,2024,69.96,1
Leopoldina,MG,Sudeste,2024,62.21,1
Vale Real,RS,Sul,2024,76.86,0
Nova Hartz,RS,Sul,2024,73.32,0
Arraias,TO,Norte,2024,41.11,1
Esmeraldas,MG,Sudeste,2024,55.55,1
Ponte Nova,MG,Sudeste,2024,57.17,1
Colônia do Piauí,PI,Nordeste,2024,63.22,0
Santa Bárbara do Sul,RS,Sul,2024,68.31,0
Maravilha,SC,Sul,2024,80.0,0
Custódia,PE,Nordeste,2024,80.0,1
Teixeira Soares,PR,Sul,2024,77.71,1
Ponta Porã,MS,Centro-Oeste,2024,61.45,1
Cachoeiro de Itapemirim,ES,Sudeste,2024,67.7,1
Vargem Bonita,SC,Sul,2024,66.82,1
Tupãssi,PR,Sul,2024,72.18,1
Tunas do Paraná,PR,Sul,2024,66.18,1
Senhora dos Remédios,MG,Sudeste,2024,80.0,1
Correia Pinto,SC,Sul,2024,63.0,0
Porteirinha,MG,Sudeste,2024,66.24,1
Icatu,MA,Nordeste,2024,68.75,1
Parecis,RO,Norte,2024,64.17,1
São José do Campestre,RN,Nordeste,2024,25.0,1
São Luiz Gonzaga,RS,Sul,2024,80.0,0
Rio Bonito do Iguaçu,PR,Sul,2024,80.0,0
Tapira,MG,Sudeste,2024,60.07,1
Ielmo Marinho,RN,Nordeste,2024,47.4,0
Barra do Corda,MA,Nordeste,2024,67.82,0
Pouso Alegre,MG,Sudeste,2024,62.41,1
Jaqueira,PE,Nordeste,2024,61.36,1
Inajá,PE,Nordeste,2024,58.6,1
Benedito Novo,SC,Sul,2024,64.47,1
Engenheiro Beltrão,PR,Sul,2024,80.0,1
Luciara,MT,Centro-Oeste,2024,44.17,1
Almino Afonso,RN,Nordeste,2024,17.02,1
São Pedro do Butiá,RS,Sul,2024,80.0,0
Cachoeira de Goiás,GO,Centro-Oeste,2024,67.45,0
Santo Expedito do Sul,RS,Sul,2024,80.0,1
Feliz Natal,MT,Centro-Oeste,2024,67.6,0
Frei Martinho,PB,Nordeste,2024,45.11,1
Cruzaltense,RS,Sul,2024,78.11,0
Dom Pedro de Alcântara,RS,Sul,2024,80.0,0
Pontalinda,SP,Sudeste,2024,50.33,1
Xavantina,SC,Sul,2024,72.9,1
Planalto,RS,Sul,2024,73.65,0
Áurea,RS,Sul,2024,80.0,0
Rondolândia,MT,Centro-Oeste,2024,36.18,1
Nonoai,RS,Sul,2024,48.14,1
Presidente Juscelino,MA,Nordeste,2024,43.48,1
Ciríaco,RS,Sul,2024,80.0,1
Berizal,MG,Sudeste,2024,70.18,1
Chuí,RS,Sul,2024,54.93,1
Vista Alegre do Prata,RS,Sul,2024,80.0,1
São Miguel das Missões,RS,Sul,2024,76.86,0
Antônio Martins,RN,Nordeste,2024,32.45,1
Olho d'Água Grande,AL,Nordeste,2024,80.0,1
São Bento do Norte,RN,Nordeste,2024,61.45,0
Osório,RS,Sul,2024,69.76,0
Jaguari,RS,Sul,2024,67.37,0
Ipira,SC,Sul,2024,80.0,1
Farroupilha,RS,Sul,2024,80.0,0
Sabará,MG,Sudeste,2024,60.94,1
Castilho,SP,Sudeste,2024,53.1,0
Carazinho,RS,Sul,2024,66.52,0
Nova Hartz,RS,Sul,2024,73.32,0
São Joaquim da Barra,SP,Sudeste,2024,51.12,0
Ibirité,MG,Sudeste,2024,56.29,1
Ouro Preto,MG,Sudeste,2024,59.55,1
Goiandira,GO,Centro-Oeste,2024,50.36,1
São Miguel do Tocantins,TO,Norte,2024,34.18,1
Suzano,SP,Sudeste,2024,48.1,0
Guaíra,SP,Sudeste,2024,59.03,0
Campos Gerais,MG,Sudeste,2024,67.91,1
Tangará,RN,Nordeste,2024,48.84,0
Bom Jesus,RS,Sul,2024,73.75,0
Apodi,RN,Nordeste,2024,43.46,1
Goianápolis,GO,Centro-Oeste,2024,75.26,0
Padre Paraíso,MG,Sudeste,2024,54.04,1
Luís Domingues,MA,Nordeste,2024,77.39,1
Juazeirinho,PB,Nordeste,2024,55.74,0
Ijuí,RS,Sul,2024,77.0,0
Ribeirão,PE,Nordeste,2024,64.61,1
Barra do Mendes,BA,Nordeste,2024,45.6,0
Lucélia,SP,Sudeste,2024,67.06,1
Toledo,MG,Sudeste,2024,65.89,1
São Mateus,ES,Sudeste,2024,69.26,1
Teófilo Otoni,MG,Sudeste,2024,55.57,1
Paraibano,MA,Nordeste,2024,79.02,0
Sonora,MS,Centro-Oeste,2024,52.8,1
Cotia,SP,Sudeste,2024,55.5,0
Canela,RS,Sul,2024,78.87,0
São Jorge do Ivaí,PR,Sul,2024,80.0,0
Romelândia,SC,Sul,2024,56.69,1
Maravilhas,MG,Sudeste,2024,71.64,1
Santo Antônio de Pádua,RJ,Sudeste,2024,68.58,1
Vitorino,PR,Sul,2024,72.74,0
São Vicente,SP,Sudeste,2024,49.01,0
Farroupilha,RS,Sul,2024,80.0,0
Água Doce do Norte,ES,Sudeste,2024,77.74,1
Foz do Iguaçu,PR,Sul,2024,74.1,0
Passos Maia,SC,Sul,2024,54.31,1
Campos Novos,SC,Sul,2024,66.86,0
São Vicente,SP,Sudeste,2024,49.01,0
Lagoa Vermelha,RS,Sul,2024,64.16,0
Pedra Grande,RN,Nordeste,2024,51.07,0
Anhembi,SP,Sudeste,2024,44.99,1
Caxambu,MG,Sudeste,2024,76.93,1
Governador Luiz Rocha,MA,Nordeste,2024,80.0,1
Jardim de Piranhas,RN,Nordeste,2024,37.47,1
Dois Riachos,AL,Nordeste,2024,51.92,1
Baependi,MG,Sudeste,2024,71.83,1
Machado,MG,Sudeste,2024,63.26,1
Lavrinhas,SP,Sudeste,2024,57.18,0
Mossoró,RN,Nordeste,2024,44.54,0
Japaraíba,MG,Sudeste,2024,72.45,1
Capitão Leônidas Marques,PR,Sul,2024,74.06,1
Picuí,PB,Nordeste,2024,57.06,0
Chapadão do Sul,MS,Centro-Oeste,2024,49.18,1
Paranavaí,PR,Sul,2024,80.0,0
Praia Norte,TO,Norte,2024,25.02,1
Panambi,RS,Sul,2024,76.0,0
Terra de Areia,RS,Sul,2024,69.02,0
Camanducaia,MG,Sudeste,2024,58.85,0
Contagem,MG,Sudeste,2024,58.08,1
Cascavel,PR,Sul,2024,80.0,0
Canas,SP,Sudeste,2024,57.95,0
Mariana,MG,Sudeste,2024,58.12,1
Bom Jesus do Itabapoana,RJ,Sudeste,2024,61.57,1
Carangola,MG,Sudeste,2024,55.64,1
Toritama,PE,Nordeste,2024,55.11,1
Gameleira,PE,Nordeste,2024,62.1,1
Conceição dos Ouros,MG,Sudeste,2024,64.92,1
Diadema,SP,Sudeste,2024,47.05,1
Nossa Senhora da Glória,SE,Nordeste,2024,36.66,1
Pastos Bons,MA,Nordeste,2024,75.06,0
Novo Oriente de Minas,MG,Sudeste,2024,50.62,1
Mamonas,MG,Sudeste,2024,46.38,1
Porto Velho,RO,Norte,2024,67.5,1
Macuco,RJ,Sudeste,2024,66.31,1
Iporã do Oeste,SC,Sul,2024,80.0,1
Rio Negro,MS,Centro-Oeste,2024,57.54,0
Nísia Floresta,RN,Nordeste,2024,39.14,1
Itaporanga,PB,Nordeste,2024,24.9,1
Caucaia,CE,Nordeste,2024,69.14,0
Ribeirão Preto,SP,Sudeste,2024,45.48,0
Cajobi,SP,Sudeste,2024,64.32,0
Agudo,RS,Sul,2024,60.08,0
Itabira,MG,Sudeste,2024,60.96,1
Sobrado,PB,Nordeste,2024,63.31,0
Tavares,RS,Sul,2024,68.03,0
Taipas do Tocantins,TO,Norte,2024,59.86,0
São Pedro do Sul,RS,Sul,2024,77.57,0
Godoy Moreira,PR,Sul,2024,80.0,0
Esperantina,TO,Norte,2024,47.0,1
Apodi,RN,Nordeste,2024,43.46,1
Mirandópolis,SP,Sudeste,2024,57.82,0
Nova Petrópolis,RS,Sul,2024,80.0,0
Forquilhinha,SC,Sul,2024,62.24,1
Brusque,SC,Sul,2024,70.5,0
Guaçuí,ES,Sudeste,2024,74.96,1
Palmeiras do Tocantins,TO,Norte,2024,25.06,1
Boa Esperança do Iguaçu,PR,Sul,2024,75.76,1
Clementina,SP,Sudeste,2024,55.83,0
Leopoldina,MG,Sudeste,2024,62.21,1
São Gonçalo do Amarante,RN,Nordeste,2024,56.91,0
Francisco Morato,SP,Sudeste,2024,55.48,1
Ubaporanga,MG,Sudeste,2024,70.32,0
São Geraldo,MG,Sudeste,2024,80.0,1
São Lourenço do Sul,RS,Sul,2024,79.22,0
Prudente de Morais,MG,Sudeste,2024,57.41,1
Piracema,MG,Sudeste,2024,69.08,1
Apiúna,SC,Sul,2024,66.35,1
Mossoró,RN,Nordeste,2024,44.54,0
Currais Novos,RN,Nordeste,2024,47.33,0
Muritiba,BA,Nordeste,2024,30.55,1
Santa Margarida,MG,Sudeste,2024,73.24,0
Malacacheta,MG,Sudeste,2024,77.62,0
Mato Leitão,RS,Sul,2024,80.0,0
Marcelândia,MT,Centro-Oeste,2024,65.23,1
Encantado,RS,Sul,2024,80.0,0
Uberlândia,MG,Sudeste,2024,55.71,1
Primeira Cruz,MA,Nordeste,2024,76.22,0
Minas do Leão,RS,Sul,2024,74.31,0
Pirapora,MG,Sudeste,2024,54.52,1
Patrocínio do Muriaé,MG,Sudeste,2024,73.79,1
Osasco,SP,Sudeste,2024,51.47,0
São Brás,AL,Nordeste,2024,69.26,1
Morrinhos,GO,Centro-Oeste,2024,65.2,1
Porto Murtinho,MS,Centro-Oeste,2024,37.55,1
Guaramirim,SC,Sul,2024,71.87,0
Buritis,MG,Sudeste,2024,56.75,1
Blumenau,SC,Sul,2024,66.53,0
Campina Grande do Sul,PR,Sul,2024,71.94,0
Belo Horizonte,MG,Sudeste,2024,61.33,1
Macapá,AP,Norte,2024,49.2,0
Franco da Rocha,SP,Sudeste,2024,55.69,0
Itacoatiara,AM,Norte,2024,51.78,1
Segredo,RS,Sul,2024,75.76,1
Santa Fé de Minas,MG,Sudeste,2024,40.26,1
São José do Egito,PE,Nordeste,2024,69.54,1
Canoinhas,SC,Sul,2024,74.87,0
Castro,PR,Sul,2024,75.14,0
Curiúva,PR,Sul,2024,80.0,0
São Sebastião do Caí,RS,Sul,2024,61.4,0
Lajeado Novo,MA,Nordeste,2024,63.83,1
Taipu,RN,Nordeste,2024,43.17,1
Coremas,PB,Nordeste,2024,69.16,0
Santo Amaro da Imperatriz,SC,Sul,2024,61.81,1
Varginha,MG,Sudeste,2024,55.51,1
Curvelo,MG,Sudeste,2024,67.73,1
Mossoró,RN,Nordeste,2024,44.54,1
Caraúbas,RN,Nordeste,2024,32.45,1
Funilândia,MG,Sudeste,2024,56.12,1
Nova Aurora,PR,Sul,2024,80.0,0
Açu,RN,Nordeste,2024,48.18,0
Sapiranga,RS,Sul,2024,73.9,0
Camocim de São Félix,PE,Nordeste,2024,59.74,1
Salete,SC,Sul,2024,78.29,0
Nepomuceno,MG,Sudeste,2024,58.03,1
Lucena,PB,Nordeste,2024,52.54,0
Santa Branca,SP,Sudeste,2024,46.96,1
Sairé,PE,Nordeste,2024,69.69,1
Santa Fé,PR,Sul,2024,62.22,1
Ibirama,SC,Sul,2024,69.5,1
Nobres,MT,Centro-Oeste,2024,60.77,0
Taboão da Serra,SP,Sudeste,2024,51.16,0
Santa Rita do Araguaia,GO,Centro-Oeste,2024,78.93,1
Missal,PR,Sul,2024,80.0,1
Umburatiba,MG,Sudeste,2024,66.38,0
Restinga,SP,Sudeste,2024,71.82,0
Urucânia,MG,Sudeste,2024,59.62,1
Mesquita,MG,Sudeste,2024,57.61,1
Paracatu,MG,Sudeste,2024,68.02,0
Astorga,PR,Sul,2024,79.63,0
Imbituva,PR,Sul,2024,80.0,0
Centro do Guilherme,MA,Nordeste,2024,80.0,1
Botelhos,MG,Sudeste,2024,67.86,1
Guarujá,SP,Sudeste,2024,53.43,0
Farroupilha,RS,Sul,2024,80.0,0
Três Cachoeiras,RS,Sul,2024,80.0,0
Ipubi,PE,Nordeste,2024,73.25,0
Morro da Fumaça,SC,Sul,2024,69.95,0
Catuji,MG,Sudeste,2024,42.58,1
Lauro Muller,SC,Sul,2024,66.04,0
Ielmo Marinho,RN,Nordeste,2024,47.4,0
Rio Tinto,PB,Nordeste,2024,78.16,0
Planalto,RS,Sul,2024,73.65,0
Açailândia,MA,Nordeste,2024,45.9,1
Caçador,SC,Sul,2024,71.48,0
Divino,MG,Sudeste,2024,54.23,1
Olho-d'Água do Borges,RN,Nordeste,2024,31.39,0
Vanini,RS,Sul,2024,80.0,0
Ajuricaba,RS,Sul,2024,80.0,0
Pium,TO,Norte,2024,29.05,1
Arapeí,SP,Sudeste,2024,53.27,0
Santo Antônio do Itambé,MG,Sudeste,2024,52.34,0
Chiapetta,RS,Sul,2024,78.78,1
Itá,SC,Sul,2024,70.81,0
São Jerônimo,RS,Sul,2024,80.0,0
Floresta Azul,BA,Nordeste,2024,21.74,1
Pedro Canário,ES,Sudeste,2024,70.99,1
São João do Sabugi,RN,Nordeste,2024,54.48,1
Caieiras,SP,Sudeste,2024,49.69,1
Sul Brasil,SC,Sul,2024,76.76,0
São José do Divino,MG,Sudeste,2024,50.96,1
Rodeio,SC,Sul,2024,60.87,1
Dom Bosco,MG,Sudeste,2024,59.62,1
Vargem Bonita,MG,Sudeste,2024,62.33,1
Brochier,RS,Sul,2024,67.29,0
Gameleiras,MG,Sudeste,2024,47.75,1
Gravatal,SC,Sul,2024,57.16,1
Mundo Novo,MS,Centro-Oeste,2024,80.0,0
Guaraniaçu,PR,Sul,2024,80.0,0
Miguel Leão,PI,Nordeste,2024,52.65,1
Lagoa Salgada,RN,Nordeste,2024,30.02,1
São Pedro do Suaçuí,MG,Sudeste,2024,69.13,1
Pedregulho,SP,Sudeste,2024,64.02,0
Borebi,SP,Sudeste,2024,64.23,0
Ascurra,SC,Sul,2024,80.0,0
Orleans,SC,Sul,2024,68.14,0
Franco da Rocha,SP,Sudeste,2024,55.69,0
Dom Pedrito,RS,Sul,2024,61.19,0
Roteiro,AL,Nordeste,2024,66.92,0
Jucurutu,RN,Nordeste,2024,34.74,1
Ronda Alta,RS,Sul,2024,76.01,0
Ponta Porã,MS,Centro-Oeste,2024,61.45,1
Rancho Queimado,SC,Sul,2024,73.86,1
Cianorte,PR,Sul,2024,79.62,0
Cáceres,MT,Centro-Oeste,2024,52.83,0
Presidente Getúlio,SC,Sul,2024,65.13,0
Irani,SC,Sul,2024,74.83,0
Montalvânia,MG,Sudeste,2024,53.65,1
Uberaba,MG,Sudeste,2024,51.32,1
Tumiritinga,MG,Sudeste,2024,50.96,1
Taboão da Serra,SP,Sudeste,2024,51.16,0
Bonfim,MG,Sudeste,2024,70.99,1
Erval Grande,RS,Sul,2024,80.0,0
Peçanha,MG,Sudeste,2024,67.16,1
Pirapora,MG,Sudeste,2024,54.52,1
Caratinga,MG,Sudeste,2024,55.16,1
Estiva,MG,Sudeste,2024,73.63,1
Paranatinga,MT,Centro-Oeste,2024,50.99,1
Otacílio Costa,SC,Sul,2024,59.2,1
Taquarituba,SP,Sudeste,2024,57.07,0
Tubarão,SC,Sul,2024,71.86,0
São João Nepomuceno,MG,Sudeste,2024,70.39,0
Vera Cruz,RS,Sul,2024,68.66,0
Juiz de Fora,MG,Sudeste,2024,49.46,1
Rolim de Moura,RO,Norte,2024,70.6,0
Lençóis,BA,Nordeste,2024,42.83,0
Curitibanos,SC,Sul,2024,53.71,1
Arapoema,TO,Norte,2024,43.86,1
São Geraldo do Baixio,MG,Sudeste,2024,72.56,1
Porto União,SC,Sul,2024,72.02,0
Alvorada D'Oeste,RO,Norte,2024,36.33,1
São Paulo,SP,Sudeste,2024,44.37,1
Santana do Matos,RN,Nordeste,2024,28.87,1
Horizontina,RS,Sul,2024,72.61,0
Morros,MA,Nordeste,2024,80.0,0
Atalaia do Norte,AM,Norte,2024,58.48,1
Capela de Santana,RS,Sul,2024,69.65,0
Palmeirais,PI,Nordeste,2024,55.7,0
Deodápolis,MS,Centro-Oeste,2024,80.0,0
Campina do Monte Alegre,SP,Sudeste,2024,51.32,0
São José da Barra,MG,Sudeste,2024,80.0,0
Santa Izabel do Oeste,PR,Sul,2024,80.0,1
Carnaubais,RN,Nordeste,2024,34.58,1
Serranópolis do Iguaçu,PR,Sul,2024,80.0,1
São Marcos,RS,Sul,2024,80.0,0
Humaitá,RS,Sul,2024,80.0,0
Grossos,RN,Nordeste,2024,46.65,1
Passo do Sobrado,RS,Sul,2024,80.0,0
Terezinha,PE,Nordeste,2024,70.15,1
Valinhos,SP,Sudeste,2024,55.55,0
Morro Redondo,RS,Sul,2024,74.06,0
Serafina Corrêa,RS,Sul,2024,80.0,0
Itabira,MG,Sudeste,2024,60.96,1
São João da Ponte,MG,Sudeste,2024,67.96,0
Iracema do Oeste,PR,Sul,2024,80.0,1
Cuiabá,MT,Centro-Oeste,2024,58.26,0
Poté,MG,Sudeste,2024,47.81,1
Angelândia,MG,Sudeste,2024,63.08,1
Brusque,SC,Sul,2024,70.5,0
São José da Safira,MG,Sudeste,2024,73.69,0
Condor,RS,Sul,2024,80.0,0
Serrano do Maranhão,MA,Nordeste,2024,69.93,0
Seberi,RS,Sul,2024,80.0,0
Rolândia,PR,Sul,2024,74.42,0
Gavião,BA,Nordeste,2024,63.7,0
Canguçu,RS,Sul,2024,79.74,0
Saubara,BA,Nordeste,2024,49.07,1
Tubarão,SC,Sul,2024,71.86,0
Flores da Cunha,RS,Sul,2024,79.15,0
Pau dos Ferros,RN,Nordeste,2024,45.25,0
Panambi,RS,Sul,2024,76.0,0
Cuiabá,MT,Centro-Oeste,2024,58.26,0
Vacaria,RS,Sul,2024,68.24,0
Teófilo Otoni,MG,Sudeste,2024,55.57,1
Turvo,SC,Sul,2024,62.69,1
Muqui,ES,Sudeste,2024,66.19,1
Nova Bassano,RS,Sul,2024,78.22,0
Campos dos Goytacazes,RJ,Sudeste,2024,45.1,1
Laranjal,MG,Sudeste,2024,46.49,1
Mato Verde,MG,Sudeste,2024,70.78,1
Vila Rica,MT,Centro-Oeste,2024,53.14,1
Nova Esperança,PR,Sul,2024,75.03,0
São Thomé das Letras,MG,Sudeste,2024,80.0,1
Coreaú,CE,Nordeste,2024,80.0,1
Três Fronteiras,SP,Sudeste,2024,80.0,0
Pedro Leopoldo,MG,Sudeste,2024,62.5,1
Setubinha,MG,Sudeste,2024,53.85,1
Malacacheta,MG,Sudeste,2024,77.62,0
Jequitinhonha,MG,Sudeste,2024,49.76,1
Terenos,MS,Centro-Oeste,2024,63.66,1
Japurá,AM,Norte,2024,77.7,1
Estrela do Sul,MG,Sudeste,2024,52.24,1
Novo Horizonte do Norte,MT,Centro-Oeste,2024,65.77,1
Aparecida do Taboado,MS,Centro-Oeste,2024,56.16,1
Concórdia,SC,Sul,2024,76.94,0
Nossa Senhora das Graças,PR,Sul,2024,79.27,1
Cotriguaçu,MT,Centro-Oeste,2024,61.94,1
Ouro Preto,MG,Sudeste,2024,59.55,1
Fernandes Pinheiro,PR,Sul,2024,80.0,0
Jucurutu,RN,Nordeste,2024,34.74,1
Baldim,MG,Sudeste,2024,75.13,1
Santo André,PB,Nordeste,2024,50.76,0
Pedro Gomes,MS,Centro-Oeste,2024,40.53,1
Curvelo,MG,Sudeste,2024,67.73,1
Reserva do Cabaçal,MT,Centro-Oeste,2024,76.82,1
Engenheiro Coelho,SP,Sudeste,2024,57.75,0
Campo Limpo Paulista,SP,Sudeste,2024,54.81,0
Lagoinha,SP,Sudeste,2024,53.85,1
Bom Retiro do Sul,RS,Sul,2024,78.46,0
Belo Horizonte,MG,Sudeste,2024,61.33,1
Caatiba,BA,Nordeste,2024,53.62,0
Pajeú do Piauí,PI,Nordeste,2024,68.29,0
Torres,RS,Sul,2024,65.68,0
Fernão,SP,Sudeste,2024,80.0,0
São Vicente,RN,Nordeste,2024,65.76,0
Pedra Preta,MT,Centro-Oeste,2024,60.59,1
Canápolis,MG,Sudeste,2024,51.07,1
Vespasiano,MG,Sudeste,2024,58.37,1
Guarapari,ES,Sudeste,2024,73.1,1
Coração de Jesus,MG,Sudeste,2024,67.95,1
Porto Real do Colégio,AL,Nordeste,2024,69.69,1
Presidente Bernardes,MG,Sudeste,2024,60.93,1
Sacramento,MG,Sudeste,2024,66.63,1
Taparuba,MG,Sudeste,2024,49.89,1
Tenente Portela,RS,Sul,2024,69.61,0
Santiago,RS,Sul,2024,73.95,0
Tramandaí,RS,Sul,2024,58.64,0
Manhumirim,MG,Sudeste,2024,70.43,0
Irati,SC,Sul,2024,80.0,1
Tupirama,TO,Norte,2024,43.0,1
Deodápolis,MS,Centro-Oeste,2024,80.0,0
Camaquã,RS,Sul,2024,62.16,0
Uberlândia,MG,Sudeste,2024,55.71,1
Mariana,MG,Sudeste,2024,58.12,1
Inhapi,AL,Nordeste,2024,67.49,1
São José do Jacuri,MG,Sudeste,2024,59.37,1
Bom Retiro,SC,Sul,2024,39.4,1
Trombudo Central,SC,Sul,2024,70.04,0
Lagoa do Ouro,PE,Nordeste,2024,73.78,1
Tibagi,PR,Sul,2024,78.09,0
Cruz Machado,PR,Sul,2024,80.0,1
Parelhas,RN,Nordeste,2024,49.2,1
Nova Santa Rita,PI,Nordeste,2024,53.26,0
Matias Olímpio,PI,Nordeste,2024,31.65,1
Santiago,RS,Sul,2024,73.95,0
Santo Amaro da Imperatriz,SC,Sul,2024,61.81,1
Vazante,MG,Sudeste,2024,49.64,1
Santiago,RS,Sul,2024,73.95,0
João Monlevade,MG,Sudeste,2024,64.07,1
Porto Barreiro,PR,Sul,2024,80.0,1
Tubarão,SC,Sul,2024,71.86,0
Aparecida de Goiânia,GO,Centro-Oeste,2024,63.87,1
Aracruz,ES,Sudeste,2024,72.36,1
Ibiaí,MG,Sudeste,2024,60.78,1
Gararu,SE,Nordeste,2024,26.47,1
Capão do Leão,RS,Sul,2024,53.81,0
Pontal do Araguaia,MT,Centro-Oeste,2024,71.32,0
Estância Velha,RS,Sul,2024,69.31,0
Itapirapuã,GO,Centro-Oeste,2024,41.17,1
Reserva do Iguaçu,PR,Sul,2024,78.22,1
Avelino Lopes,PI,Nordeste,2024,47.14,0
Dois Irmãos,RS,Sul,2024,78.68,0
Lavras,MG,Sudeste,2024,60.18,1
Lagarto,SE,Nordeste,2024,42.31,1
Cavalcante,GO,Centro-Oeste,2024,63.47,1
Caetanópolis,MG,Sudeste,2024,59.24,1
Águas de Chapecó,SC,Sul,2024,73.48,1
Ascurra,SC,Sul,2024,80.0,0
Ilicínea,MG,Sudeste,2024,51.49,1
Xanxerê,SC,Sul,2024,68.79,0
Sete Lagoas,MG,Sudeste,2024,57.97,1
Urutaí,GO,Centro-Oeste,2024,78.38,0
Segredo,RS,Sul,2024,75.76,1
Dueré,TO,Norte,2024,41.72,1
Vitor Meireles,SC,Sul,2024,50.26,1
Bernardino de Campos,SP,Sudeste,2024,70.21,0
Damião,PB,Nordeste,2024,44.24,1
São Roque,SP,Sudeste,2024,56.9,0
Ibirité,MG,Sudeste,2024,56.29,1
Santa Luzia,MG,Sudeste,2024,56.2,1
Divinópolis de Goiás,GO,Centro-Oeste,2024,79.92,1
Sussuapara,PI,Nordeste,2024,34.28,1
Lagoa Grande,MG,Sudeste,2024,80.0,0
Marau,RS,Sul,2024,68.78,0
Divinópolis do Tocantins,TO,Norte,2024,45.46,1
Paracatu,MG,Sudeste,2024,68.02,1
Boa Vista,PB,Nordeste,2024,70.41,0
Luís Correia,PI,Nordeste,2024,65.03,0
Selvíria,MS,Centro-Oeste,2024,33.87,1
Paraíso das Águas,MS,Centro-Oeste,2024,76.92,1
Barro Duro,PI,Nordeste,2024,44.76,0
Praia Grande,SP,Sudeste,2024,55.55,0
Canguçu,RS,Sul,2024,79.74,0
Ivoti,RS,Sul,2024,77.79,0
Santo Amaro da Imperatriz,SC,Sul,2024,61.81,0
Pérola d'Oeste,PR,Sul,2024,80.0,1
Campo Grande,RN,Nordeste,2024,42.79,1
Sananduva,RS,Sul,2024,75.28,0
Itaeté,BA,Nordeste,2024,47.43,0
Raposos,MG,Sudeste,2024,53.57,1
Carandaí,MG,Sudeste,2024,73.09,1
Poá,SP,Sudeste,2024,58.69,0
Juara,MT,Centro-Oeste,2024,57.76,0
Maturéia,PB,Nordeste,2024,55.48,1
São José do Seridó,RN,Nordeste,2024,42.95,1
Indaial,SC,Sul,2024,59.31,1
Santa Clara do Sul,RS,Sul,2024,80.0,0
Rio de Contas,BA,Nordeste,2024,55.31,1
Pompéu,MG,Sudeste,2024,67.62,0
Santa Leopoldina,ES,Sudeste,2024,80.0,0
Monte Alegre,RN,Nordeste,2024,62.63,0
Bauru,SP,Sudeste,2024,49.57,1
Pouso Alegre,MG,Sudeste,2024,62.41,1
Rio Vermelho,MG,Sudeste,2024,49.66,1
Carrancas,MG,Sudeste,2024,71.89,1
Itanhaém,SP,Sudeste,2024,58.59,0
Andradas,MG,Sudeste,2024,60.22,1
Xanxerê,SC,Sul,2024,68.79,1
Currais Novos,RN,Nordeste,2024,47.33,0
Mataraca,PB,Nordeste,2024,80.0,0
Cristalina,GO,Centro-Oeste,2024,69.87,0
Virmond,PR,Sul,2024,78.88,1
Capela do Alto,SP,Sudeste,2024,52.82,0
Jandira,SP,Sudeste,2024,50.54,1
Serra Branca,PB,Nordeste,2024,61.29,0
Ipuiúna,MG,Sudeste,2024,57.35,1
Medina,MG,Sudeste,2024,71.82,0
Cambuci,RJ,Sudeste,2024,70.76,0
Medina,MG,Sudeste,2024,71.82,0
Resende Costa,MG,Sudeste,2024,61.52,1
Itararé,SP,Sudeste,2024,59.9,0
Iraí,RS,Sul,2024,69.28,0
Ipatinga,MG,Sudeste,2024,67.17,1
São Gonçalo do Sapucaí,MG,Sudeste,2024,76.83,0
Senhora dos Remédios,MG,Sudeste,2024,80.0,0
Ijuí,RS,Sul,2024,77.0,0
Itapuí,SP,Sudeste,2024,41.78,1
Iguatemi,MS,Centro-Oeste,2024,44.73,1
João Ramalho,SP,Sudeste,2024,80.0,0
Otacílio Costa,SC,Sul,2024,59.2,1
Santa Mercedes,SP,Sudeste,2024,80.0,1
Embu das Artes,SP,Sudeste,2024,39.54,1
Águas de Chapecó,SC,Sul,2024,73.48,0
Guaíra,PR,Sul,2024,65.99,1
Conceição da Aparecida,MG,Sudeste,2024,72.31,1
Cachoeira Paulista,SP,Sudeste,2024,55.01,0
Caraá,RS,Sul,2024,80.0,0
Buriti Alegre,GO,Centro-Oeste,2024,70.78,0
Xanxerê,SC,Sul,2024,68.79,1
Limeira do Oeste,MG,Sudeste,2024,67.61,0
Içara,SC,Sul,2024,71.39,0
Governador Archer,MA,Nordeste,2024,80.0,0
Areia Branca,RN,Nordeste,2024,56.82,0
Passa Quatro,MG,Sudeste,2024,80.0,1
Manoel Viana,RS,Sul,2024,35.72,1
Açu,RN,Nordeste,2024,48.18,0
Boa Vista do Sul,RS,Sul,2024,74.36,1
Mato Queimado,RS,Sul,2024,80.0,0
Leoberto Leal,SC,Sul,2024,75.76,0
Itambé do Mato Dentro,MG,Sudeste,2024,78.11,1
Camapuã,MS,Centro-Oeste,2024,39.17,0
Veranópolis,RS,Sul,2024,77.57,0
Santana de Cataguases,MG,Sudeste,2024,80.0,0
Medina,MG,Sudeste,2024,71.82,0
Fernando Pedroza,RN,Nordeste,2024,39.77,1
Tenente Ananias,RN,Nordeste,2024,48.81,1
Nova Esperança do Sul,RS,Sul,2024,80.0,0
Licínio de Almeida,BA,Nordeste,2024,75.76,0
Anguera,BA,Nordeste,2024,45.15,1
Fontoura Xavier,RS,Sul,2024,65.01,1
Piranguçu,MG,Sudeste,2024,68.5,1
Ibarama,RS,Sul,2024,72.44,0
Palmópolis,MG,Sudeste,2024,45.12,1
Senador Salgado Filho,RS,Sul,2024,80.0,0
Porteirão,GO,Centro-Oeste,2024,80.0,0
Assis Chateaubriand,PR,Sul,2024,80.0,1
Cruzmaltina,PR,Sul,2024,80.0,1
Alvorada de Minas,MG,Sudeste,2024,47.88,1
Santa Terezinha do Progresso,SC,Sul,2024,58.41,1
Nova Esperança do Sudoeste,PR,Sul,2024,80.0,1
Santo Antônio do Rio Abaixo,MG,Sudeste,2024,63.31,1
Santa Bárbara do Sul,RS,Sul,2024,68.31,1
Canápolis,MG,Sudeste,2024,51.07,1
Ventania,PR,Sul,2024,75.01,1
Poços de Caldas,MG,Sudeste,2024,61.73,1
Goiânia,GO,Centro-Oeste,2024,68.74,1
Ituporanga,SC,Sul,2024,66.76,1
Santa Rosa,RS,Sul,2024,73.6,0
Águas de Chapecó,SC,Sul,2024,73.48,0
Mampituba,RS,Sul,2024,68.47,0
Colorado,PR,Sul,2024,80.0,0
Içara,SC,Sul,2024,71.39,0
Água Clara,MS,Centro-Oeste,2024,71.75,1
João Pinheiro,MG,Sudeste,2024,63.39,1
Brasileira,PI,Nordeste,2024,40.07,1
Santa Vitória,MG,Sudeste,2024,72.24,0
Zé Doca,MA,Nordeste,2024,80.0,0
Renascença,PR,Sul,2024,72.28,1
Alpestre,RS,Sul,2024,75.71,0
Cortês,PE,Nordeste,2024,64.81,1
Içara,SC,Sul,2024,71.39,0
Guabiruba,SC,Sul,2024,71.73,1
Quebrangulo,AL,Nordeste,2024,61.22,0
Cachoeirinha,PE,Nordeste,2024,60.56,1
Rio Negrinho,SC,Sul,2024,63.42,1
Lago Verde,MA,Nordeste,2024,65.07,1
Santa Tereza do Tocantins,TO,Norte,2024,53.31,0
Espírito Santo do Dourado,MG,Sudeste,2024,68.68,0
Caraí,MG,Sudeste,2024,48.07,1
Terra Rica,PR,Sul,2024,70.78,1
Penalva,MA,Nordeste,2024,59.53,1
Carmo da Mata,MG,Sudeste,2024,79.19,0
Bom Jesus do Galho,MG,Sudeste,2024,80.0,0
Contenda,PR,Sul,2024,78.62,0
Taquarivaí,SP,Sudeste,2024,65.02,0
Galvão,SC,Sul,2024,80.0,0
Teutônia,RS,Sul,2024,80.0,0
Pedro Leopoldo,MG,Sudeste,2024,62.5,1
Paineiras,MG,Sudeste,2024,79.1,1
Boa Esperança do Sul,SP,Sudeste,2024,48.12,1
Tanque Novo,BA,Nordeste,2024,66.17,0
Papanduva,SC,Sul,2024,72.03,0
Paulino Neves,MA,Nordeste,2024,67.34,1
Praia Grande,SC,Sul,2024,67.96,1
Vespasiano,MG,Sudeste,2024,58.37,1
São Bento,MA,Nordeste,2024,80.0,0
Bom Despacho,MG,Sudeste,2024,48.79,1
Braganey,PR,Sul,2024,80.0,1
Carlos Barbosa,RS,Sul,2024,69.44,0
Caieiras,SP,Sudeste,2024,49.69,1
Unaí,MG,Sudeste,2024,60.33,1
Inhapi,AL,Nordeste,2024,67.49,1
Canápolis,MG,Sudeste,2024,51.07,1
Murici dos Portelas,PI,Nordeste,2024,69.05,0
Lavras,MG,Sudeste,2024,60.18,1
Barão de Cotegipe,RS,Sul,2024,80.0,0
Japurá,AM,Norte,2024,77.7,1
Caieiras,SP,Sudeste,2024,49.69,1
Sorocaba,SP,Sudeste,2024,53.15,0
Ewbank da Câmara,MG,Sudeste,2024,42.36,1
Saltinho,SC,Sul,2024,80.0,0
Concórdia,SC,Sul,2024,76.94,0
Primavera de Rondônia,RO,Norte,2024,80.0,0
Cambé,PR,Sul,2024,79.24,0
Porto Xavier,RS,Sul,2024,73.05,0
Araguatins,TO,Norte,2024,41.9,1
Jaguarão,RS,Sul,2024,53.41,1
Aparecida,PB,Nordeste,2024,48.47,1
Guaxupé,MG,Sudeste,2024,57.85,1
Itapejara d'Oeste,PR,Sul,2024,76.17,0
Ibiá,MG,Sudeste,2024,57.07,1
Bocaiúva,MG,Sudeste,2024,70.61,0
Nazaré da Mata,PE,Nordeste,2024,58.93,0
São Bentinho,PB,Nordeste,2024,68.26,0
Ponte Alta do Norte,SC,Sul,2024,66.7,1
Serafina Corrêa,RS,Sul,2024,80.0,0
Estância Velha,RS,Sul,2024,69.31,0
São Carlos,SP,Sudeste,2024,56.26,0
Orlândia,SP,Sudeste,2024,50.6,1
São José de Ubá,RJ,Sudeste,2024,75.86,1
Mogi das Cruzes,SP,Sudeste,2024,52.01,0
Três de Maio,RS,Sul,2024,79.17,0
Bom Princípio,RS,Sul,2024,74.68,0
Guaranésia,MG,Sudeste,2024,74.61,0
São Benedito do Sul,PE,Nordeste,2024,41.36,1
Potim,SP,Sudeste,2024,47.02,0
Teotônio Vilela,AL,Nordeste,2024,57.03,1
Viana,ES,Sudeste,2024,71.71,0
Cacimbas,PB,Nordeste,2024,39.49,1
Saloá,PE,Nordeste,2024,61.72,1
Novo Horizonte,BA,Nordeste,2024,63.79,1
Rodolfo Fernandes,RN,Nordeste,2024,38.22,1
Silveiras,SP,Sudeste,2024,51.4,0
Araguari,MG,Sudeste,2024,53.17,1
Borda da Mata,MG,Sudeste,2024,67.91,1
Ibirubá,RS,Sul,2024,63.28,0
Soledade,RS,Sul,2024,68.48,0
Vera Mendes,PI,Nordeste,2024,80.0,0
Entre Rios do Sul,RS,Sul,2024,79.55,0
Tatuí,SP,Sudeste,2024,55.87,0
Itapetininga,SP,Sudeste,2024,48.17,1
Wall Ferraz,PI,Nordeste,2024,44.12,1
Pitimbu,PB,Nordeste,2024,76.57,0
São Gabriel da Palha,ES,Sudeste,2024,73.64,1
Goiabeira,MG,Sudeste,2024,69.73,1
Barreirinhas,MA,Nordeste,2024,55.23,1
Monte Sião,MG,Sudeste,2024,58.25,1
São Lourenço do Sul,RS,Sul,2024,79.22,0
São Gotardo,MG,Sudeste,2024,57.5,1
São Jerônimo,RS,Sul,2024,80.0,0
Pocinhos,PB,Nordeste,2024,48.17,1
Campo Novo,RS,Sul,2024,65.72,0
Indiara,GO,Centro-Oeste,2024,69.23,1
Sooretama,ES,Sudeste,2024,69.28,1
Santa Luzia,MG,Sudeste,2024,56.2,1
Quitandinha,PR,Sul,2024,73.05,1
São Jorge d'Oeste,PR,Sul,2024,80.0,1
Pinhal,RS,Sul,2024,60.36,0
Guarulhos,SP,Sudeste,2024,45.75,1
Ronda Alta,RS,Sul,2024,76.01,0
Caçapava do Sul,RS,Sul,2024,58.95,0
Setubinha,MG,Sudeste,2024,53.85,1
Luzerna,SC,Sul,2024,74.01,1
Ivaí,PR,Sul,2024,80.0,1
Itatiaiuçu,MG,Sudeste,2024,73.57,1
Palmitos,SC,Sul,2024,61.82,1
Alumínio,SP,Sudeste,2024,53.71,0
Rio Negrinho,SC,Sul,2024,63.42,1
São José do Rio Claro,MT,Centro-Oeste,2024,74.23,0
Brejo Grande do Araguaia,PA,Norte,2024,64.62,1
Capivari do Sul,RS,Sul,2024,47.38,0
Palmeira,PR,Sul,2024,72.95,0
Cipotânea,MG,Sudeste,2024,74.17,1
Pracuúba,AP,Norte,2024,43.05,0
Caçapava,SP,Sudeste,2024,57.51,0
Jacareí,SP,Sudeste,2024,51.14,1
Santa Maria do Cambucá,PE,Nordeste,2024,80.0,0
Pedrinópolis,MG,Sudeste,2024,63.06,1
Nova Olímpia,PR,Sul,2024,79.33,1
Ataléia,MG,Sudeste,2024,69.2,0
Jussara,PR,Sul,2024,73.48,0
Floriano,PI,Nordeste,2024,54.22,0
Cerro Largo,RS,Sul,2024,75.82,0
Dionísio Cerqueira,SC,Sul,2024,63.02,1
Lagoa Salgada,RN,Nordeste,2024,30.02,1
Anita Garibaldi,SC,Sul,2024,68.32,1
Campanha,MG,Sudeste,2024,48.0,1
Cantanhede,MA,Nordeste,2024,57.5,1
Campinas do Sul,RS,Sul,2024,80.0,0
Alcinópolis,MS,Centro-Oeste,2024,77.19,0
Braga,RS,Sul,2024,46.27,1
Dionísio Cerqueira,SC,Sul,2024,63.02,1
Vista Alegre,RS,Sul,2024,80.0,0
Petrolina,PE,Nordeste,2024,68.42,1
Porto Lucena,RS,Sul,2024,78.78,0
Saldanha Marinho,RS,Sul,2024,48.79,1
Santo Antônio dos Milagres,PI,Nordeste,2024,80.0,0
Itariri,SP,Sudeste,2024,64.65,0
Guadalupe,PI,Nordeste,2024,54.0,1
Tacima,PB,Nordeste,2024,59.92,1
Bananeiras,PB,Nordeste,2024,55.82,0
Alto Rio Novo,ES,Sudeste,2024,67.16,1
Santa Helena,PR,Sul,2024,79.32,1
Jacinto Machado,SC,Sul,2024,57.49,1
Vila Velha,ES,Sudeste,2024,70.0,0
Armazém,SC,Sul,2024,72.02,1
Araguaína,TO,Norte,2024,42.16,1
Wenceslau Braz,PR,Sul,2024,80.0,0
Caridade do Piauí,PI,Nordeste,2024,64.49,0
Sinop,MT,Centro-Oeste,2024,60.84,0
Dois Córregos,SP,Sudeste,2024,64.5,0
São Lourenço da Serra,SP,Sudeste,2024,64.46,0
Bonito de Santa Fé,PB,Nordeste,2024,47.04,1
Araguari,MG,Sudeste,2024,53.17,1
Munhoz,MG,Sudeste,2024,78.23,1
Nova Londrina,PR,Sul,2024,78.01,0
São Salvador do Tocantins,TO,Norte,2024,52.91,1
Paverama,RS,Sul,2024,66.28,0
Cerro Largo,RS,Sul,2024,75.82,0
Rio Casca,MG,Sudeste,2024,63.0,0
Campina da Lagoa,PR,Sul,2024,80.0,0
Arroio Trinta,SC,Sul,2024,80.0,0
São Gotardo,MG,Sudeste,2024,57.5,1
Ubá,MG,Sudeste,2024,67.05,1
Faxinal,PR,Sul,2024,80.0,0
Rio Novo,MG,Sudeste,2024,45.41,1
Palmeira das Missões,RS,Sul,2024,53.85,0
Espera Feliz,MG,Sudeste,2024,72.95,0
Amambai,MS,Centro-Oeste,2024,48.04,1
Dionísio Cerqueira,SC,Sul,2024,63.02,1
Glória de Dourados,MS,Centro-Oeste,2024,79.07,0
Nova Maringá,MT,Centro-Oeste,2024,64.76,0
Piranga,MG,Sudeste,2024,63.43,1
Olivedos,PB,Nordeste,2024,58.53,0
Juarez Távora,PB,Nordeste,2024,36.0,0
Embu-Guaçu,SP,Sudeste,2024,51.94,0
Japurá,PR,Sul,2024,74.44,1
São João Evangelista,MG,Sudeste,2024,80.0,0
Curral de Dentro,MG,Sudeste,2024,79.36,1
Pires Ferreira,CE,Nordeste,2024,80.0,1
Sítio d'Abadia,GO,Centro-Oeste,2024,61.35,1
Alexandria,RN,Nordeste,2024,24.68,1
Luís Gomes,RN,Nordeste,2024,33.44,1
Ituverava,SP,Sudeste,2024,53.56,0
Fronteira,MG,Sudeste,2024,57.36,1
Joca Marques,PI,Nordeste,2024,44.75,0
Pedra Azul,MG,Sudeste,2024,60.83,0
Siqueira Campos,PR,Sul,2024,80.0,1
Cotiporã,RS,Sul,2024,74.92,0
Antônio Carlos,MG,Sudeste,2024,78.32,0
Siderópolis,SC,Sul,2024,64.7,0
Sinop,MT,Centro-Oeste,2024,60.84,0
Pintadas,BA,Nordeste,2024,50.59,1
Barra do Jacaré,PR,Sul,2024,65.76,1
Suzano,SP,Sudeste,2024,48.1,1
Fervedouro,MG,Sudeste,2024,68.38,1
Nuporanga,SP,Sudeste,2024,71.14,0
Francisco Morato,SP,Sudeste,2024,55.48,0
Santa Rosa do Piauí,PI,Nordeste,2024,64.16,0
Juazeiro do Piauí,PI,Nordeste,2024,70.51,1
Formoso,GO,Centro-Oeste,2024,72.26,1
São Domingos,SC,Sul,2024,78.68,0
Perolândia,GO,Centro-Oeste,2024,77.97,0
Santa Helena de Minas,MG,Sudeste,2024,62.75,1
Santa Cruz do Sul,RS,Sul,2024,67.32,0
Altinho,PE,Nordeste,2024,61.99,1
Timbaúba,PE,Nordeste,2024,75.02,1
Visconde do Rio Branco,MG,Sudeste,2024,60.26,1
Rio Bonito do Iguaçu,PR,Sul,2024,80.0,1
Cacequi,RS,Sul,2024,55.58,0
Praia Grande,SC,Sul,2024,67.96,1
Chiador,MG,Sudeste,2024,77.9,0
Francisco Morato,SP,Sudeste,2024,55.48,0
Guanhães,MG,Sudeste,2024,61.34,1
Muriaé,MG,Sudeste,2024,62.06,1
Campo Alegre,AL,Nordeste,2024,67.86,0
Graça Aranha,MA,Nordeste,2024,73.9,1
Gilbués,PI,Nordeste,2024,38.32,1
Santana,AP,Norte,2024,47.82,1
Ubá,MG,Sudeste,2024,67.05,1
Cedral,MA,Nordeste,2024,71.43,0
Sete Barras,SP,Sudeste,2024,68.93,0
Picos,PI,Nordeste,2024,57.43,0
Joinville,SC,Sul,2024,68.23,1
Uraí,PR,Sul,2024,77.07,0
Conceição do Rio Verde,MG,Sudeste,2024,80.0,0
Encantado,RS,Sul,2024,80.0,0
Luís Antônio,SP,Sudeste,2024,47.62,0
Grossos,RN,Nordeste,2024,46.65,1
Borrazópolis,PR,Sul,2024,80.0,0
Campina do Simão,PR,Sul,2024,80.0,1
Pindorama,SP,Sudeste,2024,51.97,1
Joinville,SC,Sul,2024,68.23,1
Augustinópolis,TO,Norte,2024,54.94,1
Jaguari,RS,Sul,2024,67.37,0
Ji-Paraná,RO,Norte,2024,80.0,0
Ponta Grossa,PR,Sul,2024,76.43,0
Bernardo Sayão,TO,Norte,2024,57.3,1
Aragarças,GO,Centro-Oeste,2024,66.26,1
Pavão,MG,Sudeste,2024,80.0,1
Santo Anastácio,SP,Sudeste,2024,79.99,0
Campo Verde,MT,Centro-Oeste,2024,60.16,0
Cafeara,PR,Sul,2024,80.0,0
Campo do Meio,MG,Sudeste,2024,69.55,1
Pedra do Anta,MG,Sudeste,2024,80.0,1
Herval d'Oeste,SC,Sul,2024,57.65,1
Sumaré,SP,Sudeste,2024,57.39,0
Tarabai,SP,Sudeste,2024,78.69,0
Mar de Espanha,MG,Sudeste,2024,59.0,1
Lima Duarte,MG,Sudeste,2024,51.94,1
São José das Palmeiras,PR,Sul,2024,80.0,0
Flores,PE,Nordeste,2024,75.14,0
Janaúba,MG,Sudeste,2024,54.63,1
Ribeirão Claro,PR,Sul,2024,75.41,1
Itatim,BA,Nordeste,2024,56.29,0
São Sebastião do Oeste,MG,Sudeste,2024,72.84,1
Cordisburgo,MG,Sudeste,2024,70.99,1
Nova Araçá,RS,Sul,2024,80.0,0
Blumenau,SC,Sul,2024,66.53,0
Indaial,SC,Sul,2024,59.31,1
Nova Lacerda,MT,Centro-Oeste,2024,59.29,1
Ubiratã,PR,Sul,2024,80.0,0
Não-Me-Toque,RS,Sul,2024,68.38,0
Salete,SC,Sul,2024,78.29,0
São Luís de Montes Belos,GO,Centro-Oeste,2024,68.7,1
Muzambinho,MG,Sudeste,2024,49.23,1
São Gonçalo do Sapucaí,MG,Sudeste,2024,76.83,0
Axixá,MA,Nordeste,2024,80.0,0
Rosário Oeste,MT,Centro-Oeste,2024,58.02,0
Paracatu,MG,Sudeste,2024,68.02,1
Frutal,MG,Sudeste,2024,58.24,1
Capanema,PR,Sul,2024,78.69,1
Mamborê,PR,Sul,2024,80.0,0
São Sebastião do Anta,MG,Sudeste,2024,61.81,1
São João do Pacuí,MG,Sudeste,2024,75.08,1
Santa Vitória,MG,Sudeste,2024,72.24,0
Canguçu,RS,Sul,2024,79.74,0
Mendonça,SP,Sudeste,2024,71.55,1
Japaraíba,MG,Sudeste,2024,72.45,1
Cornélio Procópio,PR,Sul,2024,77.26,0
Ascurra,SC,Sul,2024,80.0,1
Novo Barreiro,RS,Sul,2024,65.03,0
Flora Rica,SP,Sudeste,2024,37.09,0
Pejuçara,RS,Sul,2024,64.52,0
Cerro Largo,RS,Sul,2024,75.82,0
Silveirânia,MG,Sudeste,2024,80.0,1
Passa-Vinte,MG,Sudeste,2024,64.23,1
Mata,RS,Sul,2024,67.91,0
Princesa Isabel,PB,Nordeste,2024,80.0,1
São Domingos,PB,Nordeste,2024,80.0,0
Simplício Mendes,PI,Nordeste,2024,80.0,0
Morro Grande,SC,Sul,2024,72.78,1
Ferros,MG,Sudeste,2024,44.57,1
Nova Serrana,MG,Sudeste,2024,59.11,1
Jaraguá do Sul,SC,Sul,2024,73.91,0
Guarará,MG,Sudeste,2024,80.0,0
Pantano Grande,RS,Sul,2024,73.69,0
Padre Carvalho,MG,Sudeste,2024,52.45,1
Tarumirim,MG,Sudeste,2024,71.59,1
Divino das Laranjeiras,MG,Sudeste,2024,47.5,1
Vargem,SC,Sul,2024,80.0,0
Santa Cruz de Salinas,MG,Sudeste,2024,80.0,0
Lajes,RN,Nordeste,2024,36.25,0
Professor Jamil,GO,Centro-Oeste,2024,80.0,0
Galinhos,RN,Nordeste,2024,44.78,1
Lagoa Salgada,RN,Nordeste,2024,30.02,1
Campos Novos,SC,Sul,2024,66.86,0
Vila Bela da Santíssima Trindade,MT,Centro-Oeste,2024,52.17,0
Joinville,SC,Sul,2024,68.23,0
São Brás do Suaçuí,MG,Sudeste,2024,70.24,1
Iperó,SP,Sudeste,2024,47.07,0
Bom Retiro do Sul,RS,Sul,2024,78.46,0
Porteirinha,MG,Sudeste,2024,66.24,1
Marataízes,ES,Sudeste,2024,74.32,0
Monsenhor Paulo,MG,Sudeste,2024,65.54,1
Iraí de Minas,MG,Sudeste,2024,44.85,1
Crixás,GO,Centro-Oeste,2024,68.88,1
Toledo,PR,Sul,2024,79.64,1
Guarujá,SP,Sudeste,2024,53.43,1
Barbacena,MG,Sudeste,2024,62.71,1
Sobradinho,RS,Sul,2024,80.0,0
Sabinópolis,MG,Sudeste,2024,46.78,1
Serra Talhada,PE,Nordeste,2024,76.71,1
Montezuma,MG,Sudeste,2024,58.49,1
Condor,RS,Sul,2024,80.0,0
Itiquira,MT,Centro-Oeste,2024,48.53,1
Ipumirim,SC,Sul,2024,58.28,1
Schroeder,SC,Sul,2024,65.84,0
Iraceminha,SC,Sul,2024,63.74,1
Macapá,AP,Norte,2024,49.2,0
Belo Horizonte,MG,Sudeste,2024,61.33,1
Moema,MG,Sudeste,2024,80.0,1
Cristal,RS,Sul,2024,68.53,0
Bragança Paulista,SP,Sudeste,2024,56.64,0
São João do Sabugi,RN,Nordeste,2024,54.48,1
Pereiras,SP,Sudeste,2024,56.11,1
Olivença,AL,Nordeste,2024,54.93,1
Lidianópolis,PR,Sul,2024,80.0,1
Santos Dumont,MG,Sudeste,2024,59.95,1
Pranchita,PR,Sul,2024,80.0,0
São Felipe,BA,Nordeste,2024,51.43,0
Paranapuã,SP,Sudeste,2024,39.38,1
Santo Cristo,RS,Sul,2024,76.62,0
São Bento,PB,Nordeste,2024,48.44,0
Brejo do Cruz,PB,Nordeste,2024,57.95,0
Coronel Murta,MG,Sudeste,2024,68.05,0
Belo Oriente,MG,Sudeste,2024,60.9,1
Areia Branca,RN,Nordeste,2024,56.82,0
Traipu,AL,Nordeste,2024,38.63,1
Palmeira das Missões,RS,Sul,2024,53.85,0
Araguari,MG,Sudeste,2024,53.17,1
Belém,AL,Nordeste,2024,59.21,1
Teresina,PI,Nordeste,2024,53.41,1
Natuba,PB,Nordeste,2024,62.3,0
Espinosa,MG,Sudeste,2024,66.83,1
Indianópolis,PR,Sul,2024,80.0,0
Cabeceiras do Piauí,PI,Nordeste,2024,26.93,1
Ponto Belo,ES,Sudeste,2024,80.0,1
Conceição do Mato Dentro,MG,Sudeste,2024,62.26,1
Araxá,MG,Sudeste,2024,70.59,1
Rio Piracicaba,MG,Sudeste,2024,77.46,0
Lindoeste,PR,Sul,2024,80.0,0
Rolante,RS,Sul,2024,80.0,0
Catuípe,RS,Sul,2024,80.0,0
Pinhalzinho,SC,Sul,2024,78.51,0
Inimutaba,MG,Sudeste,2024,46.85,1
Brotas,SP,Sudeste,2024,64.89,0
Caraúbas do Piauí,PI,Nordeste,2024,44.94,1
Itanhandu,MG,Sudeste,2024,80.0,1
Bom Jesus dos Perdões,SP,Sudeste,2024,71.48,0
Campo Maior,PI,Nordeste,2024,56.83,0
Encanto,RN,Nordeste,2024,52.83,1
Xaxim,SC,Sul,2024,68.78,0
Itatiaiuçu,MG,Sudeste,2024,73.57,1
Oriente,SP,Sudeste,2024,62.91,0
Mário Campos,MG,Sudeste,2024,71.88,1
Nerópolis,GO,Centro-Oeste,2024,70.0,1
Mauá,SP,Sudeste,2024,51.29,0
Ourinhos,SP,Sudeste,2024,55.25,0
Mimoso do Sul,ES,Sudeste,2024,69.97,0
Igarapé Grande,MA,Nordeste,2024,80.0,1
Ibitinga,SP,Sudeste,2024,54.7,0
Tiros,MG,Sudeste,2024,62.7,1
Cunha Porã,SC,Sul,2024,80.0,0
Itapecerica da Serra,SP,Sudeste,2024,57.76,0
Porto Franco,MA,Nordeste,2024,61.72,1
Teutônia,RS,Sul,2024,80.0,0
Monte Azul Paulista,SP,Sudeste,2024,74.01,0
Garuva,SC,Sul,2024,58.9,1
Capinzal,SC,Sul,2024,73.49,0
Barroso,MG,Sudeste,2024,74.67,1
Mirassol d'Oeste,MT,Centro-Oeste,2024,56.36,1
Gurupi,TO,Norte,2024,50.17,1
Teresina,PI,Nordeste,2024,53.41,1
Barras,PI,Nordeste,2024,59.72,1
Xaxim,SC,Sul,2024,68.78,0
Paes Landim,PI,Nordeste,2024,56.42,0
Florânia,RN,Nordeste,2024,42.91,1
Novo Triunfo,BA,Nordeste,2024,28.92,1
Ibiúna,SP,Sudeste,2024,50.42,1
Dois Irmãos,RS,Sul,2024,78.68,0
São José do Hortêncio,RS,Sul,2024,78.94,0
Tocantins,MG,Sudeste,2024,61.96,1
Ouro Preto,MG,Sudeste,2024,59.55,1
Porto Real do Colégio,AL,Nordeste,2024,69.69,1
Congo,PB,Nordeste,2024,54.36,0
Nova Olímpia,MT,Centro-Oeste,2024,55.56,1
Harmonia,RS,Sul,2024,80.0,0
Siderópolis,SC,Sul,2024,64.7,0
Cosmópolis,SP,Sudeste,2024,57.43,1
Diamantino,MT,Centro-Oeste,2024,56.72,1
Nova Marilândia,MT,Centro-Oeste,2024,49.91,1
Dormentes,PE,Nordeste,2024,67.39,1
Santa Helena de Minas,MG,Sudeste,2024,62.75,1
Santa Filomena,PI,Nordeste,2024,34.92,1
Lagoa Seca,PB,Nordeste,2024,68.72,0
Ibiraiaras,RS,Sul,2024,78.69,0
Barão de Cotegipe,RS,Sul,2024,80.0,0
Piracanjuba,GO,Centro-Oeste,2024,69.9,1
Planaltina,GO,Centro-Oeste,2024,67.87,1
Salinas,MG,Sudeste,2024,74.1,1
Arara,PB,Nordeste,2024,42.08,1
Governador Valadares,MG,Sudeste,2024,56.68,1
Governador Newton Bello,MA,Nordeste,2024,70.87,1
Aparecida,SP,Sudeste,2024,49.33,1
Pedra Bonita,MG,Sudeste,2024,64.45,1
Timóteo,MG,Sudeste,2024,59.91,1
São Joaquim do Monte,PE,Nordeste,2024,70.35,1
Panamá,GO,Centro-Oeste,2024,76.04,1
Contagem,MG,Sudeste,2024,58.08,1
Ponte Nova,MG,Sudeste,2024,57.17,1
Pedro Afonso,TO,Norte,2024,57.52,0
Flores de Goiás,GO,Centro-Oeste,2024,68.9,0
Boa Esperança,PR,Sul,2024,80.0,1
Nova Guarita,MT,Centro-Oeste,2024,69.95,0
Pequizeiro,TO,Norte,2024,41.97,1
Ilha Comprida,SP,Sudeste,2024,56.64,1
Minas Novas,MG,Sudeste,2024,71.72,1
Ibitiúra de Minas,MG,Sudeste,2024,44.57,1
Não-Me-Toque,RS,Sul,2024,68.38,0
Luminárias,MG,Sudeste,2024,69.32,1
Baixo Guandu,ES,Sudeste,2024,70.62,1
Matozinhos,MG,Sudeste,2024,52.79,1
Colina,SP,Sudeste,2024,49.61,1
Alfenas,MG,Sudeste,2024,62.52,1
Alagoinha,PB,Nordeste,2024,61.06,0
Caraguatatuba,SP,Sudeste,2024,58.59,0
Anísio de Abreu,PI,Nordeste,2024,51.99,1
Pompéia,SP,Sudeste,2024,65.04,0
Jataí,GO,Centro-Oeste,2024,66.63,1
Pedro Leopoldo,MG,Sudeste,2024,62.5,1
Três Cachoeiras,RS,Sul,2024,80.0,0
Arujá,SP,Sudeste,2024,55.66,1
Pinhal Grande,RS,Sul,2024,66.33,0
Urupês,SP,Sudeste,2024,80.0,0
Sabáudia,PR,Sul,2024,80.0,0
São João del Rei,MG,Sudeste,2024,59.67,1
Dom Macedo Costa,BA,Nordeste,2024,80.0,0
Estrela Dalva,MG,Sudeste,2024,80.0,0
Gaúcha do Norte,MT,Centro-Oeste,2024,50.68,1
Brejinho,PE,Nordeste,2024,72.8,1
Aricanduva,MG,Sudeste,2024,60.38,1
Emas,PB,Nordeste,2024,67.81,0
Mato Leitão,RS,Sul,2024,80.0,0
Santa Cruz do Xingu,MT,Centro-Oeste,2024,57.91,1
Presidente Castello Branco,SC,Sul,2024,52.43,1
Imbaú,PR,Sul,2024,73.19,0
Vale do Sol,RS,Sul,2024,80.0,0
Porto Lucena,RS,Sul,2024,78.78,1
Mateus Leme,MG,Sudeste,2024,60.63,1
Urucânia,MG,Sudeste,2024,59.62,1
Capitão,RS,Sul,2024,80.0,0
Várzea Paulista,SP,Sudeste,2024,53.85,0
Salete,SC,Sul,2024,78.29,0
Prudente de Morais,MG,Sudeste,2024,57.41,1
Mercedes,PR,Sul,2024,80.0,1
Soledade de Minas,MG,Sudeste,2024,74.19,1
Jacinto Machado,SC,Sul,2024,57.49,1
Cruzeiro da Fortaleza,MG,Sudeste,2024,65.32,1
Doutor Maurício Cardoso,RS,Sul,2024,77.35,0
Miranorte,TO,Norte,2024,57.09,1
Salto,SP,Sudeste,2024,60.17,1
Ressaquinha,MG,Sudeste,2024,59.64,1
Barros Cassal,RS,Sul,2024,55.82,1
Itupeva,SP,Sudeste,2024,50.55,0
Barretos,SP,Sudeste,2024,63.04,0
Joaçaba,SC,Sul,2024,62.61,1
Iguaraci,PE,Nordeste,2024,73.75,1
Santa Rosa do Sul,SC,Sul,2024,59.55,1
Campina Grande,PB,Nordeste,2024,48.39,0
Poté,MG,Sudeste,2024,47.81,1
João Pinheiro,MG,Sudeste,2024,63.39,1
Mata Roma,MA,Nordeste,2024,71.33,1
Itapetininga,SP,Sudeste,2024,48.17,1
Sorocaba,SP,Sudeste,2024,53.15,1
Paulistana,PI,Nordeste,2024,50.71,0
Luiziana,PR,Sul,2024,80.0,1
Guarantã do Norte,MT,Centro-Oeste,2024,63.98,0
Catuji,MG,Sudeste,2024,42.58,1
Trajano de Moraes,RJ,Sudeste,2024,77.65,1
Soledade,RS,Sul,2024,68.48,0
Roseira,SP,Sudeste,2024,66.26,1
Mandaguari,PR,Sul,2024,80.0,1
Imbé de Minas,MG,Sudeste,2024,67.94,1
Itapecerica da Serra,SP,Sudeste,2024,57.76,0
Campos Altos,MG,Sudeste,2024,61.87,1
Vila Nova dos Martírios,MA,Nordeste,2024,80.0,0
Campina Verde,MG,Sudeste,2024,77.67,0
Juara,MT,Centro-Oeste,2024,57.76,1
Sales Oliveira,SP,Sudeste,2024,62.03,0
Rio Grande da Serra,SP,Sudeste,2024,38.67,1
Ibirarema,SP,Sudeste,2024,80.0,0
Vera,MT,Centro-Oeste,2024,41.54,1
Cândido Godói,RS,Sul,2024,76.2,0
Rio Branco do Ivaí,PR,Sul,2024,71.38,1
Mirassol d'Oeste,MT,Centro-Oeste,2024,56.36,1
Irani,SC,Sul,2024,74.83,0
Engenheiro Navarro,MG,Sudeste,2024,50.36,1
São Bernardo do Campo,SP,Sudeste,2024,59.62,0
São Vicente do Seridó,PB,Nordeste,2024,59.88,0
Grão Pará,SC,Sul,2024,67.57,1
Mariápolis,SP,Sudeste,2024,57.49,0
São Miguel,RN,Nordeste,2024,46.13,0
Herval d'Oeste,SC,Sul,2024,57.65,1
Tangará da Serra,MT,Centro-Oeste,2024,53.83,1
Acajutiba,BA,Nordeste,2024,26.77,1
Eugenópolis,MG,Sudeste,2024,60.4,1
Sapeaçu,BA,Nordeste,2024,60.68,1
Sucupira do Riachão,MA,Nordeste,2024,76.09,1
Ourinhos,SP,Sudeste,2024,55.25,0
Rio das Pedras,SP,Sudeste,2024,67.48,0
São Pedro dos Crentes,MA,Nordeste,2024,46.51,1
Iúna,ES,Sudeste,2024,73.2,0
Nhandeara,SP,Sudeste,2024,68.69,0
Espírito Santo do Pinhal,SP,Sudeste,2024,67.8,0
Frederico Westphalen,RS,Sul,2024,65.99,0
Santos Dumont,MG,Sudeste,2024,59.95,1
Prudentópolis,PR,Sul,2024,80.0,1
Anita Garibaldi,SC,Sul,2024,68.32,1
Uberlândia,MG,Sudeste,2024,55.71,1
Cambira,PR,Sul,2024,80.0,1
Centralina,MG,Sudeste,2024,78.54,1
Lizarda,TO,Norte,2024,48.57,0
Almino Afonso,RN,Nordeste,2024,17.02,1
Taubaté,SP,Sudeste,2024,50.1,1
Governador Valadares,MG,Sudeste,2024,56.68,1
Piumhi,MG,Sudeste,2024,61.04,1
Nova Petrópolis,RS,Sul,2024,80.0,0
Barbosa Ferraz,PR,Sul,2024,80.0,0
Pedras de Fogo,PB,Nordeste,2024,43.85,1
Cunha Porã,SC,Sul,2024,80.0,0
Itapevi,SP,Sudeste,2024,55.16,1
Recreio,MG,Sudeste,2024,73.4,0
Ponto dos Volantes,MG,Sudeste,2024,73.78,0
Santana do Deserto,MG,Sudeste,2024,61.92,1
Caçador,SC,Sul,2024,71.48,0
Manhuaçu,MG,Sudeste,2024,53.58,1
Lagoa dos Patos,MG,Sudeste,2024,47.19,1
Igarapava,SP,Sudeste,2024,52.47,1
Cunha,SP,Sudeste,2024,54.88,1
Palmitos,SC,Sul,2024,61.82,1
Manfrinópolis,PR,Sul,2024,80.0,0
Japonvar,MG,Sudeste,2024,75.72,0
Pirajuba,MG,Sudeste,2024,66.13,1
Cajamar,SP,Sudeste,2024,55.71,0
Chapada do Norte,MG,Sudeste,2024,47.26,1
Ipiranga,PR,Sul,2024,80.0,1
Jaraguá do Sul,SC,Sul,2024,73.91,0
Patrocínio,MG,Sudeste,2024,64.83,1
Presidente Getúlio,SC,Sul,2024,65.13,0
Icaraí de Minas,MG,Sudeste,2024,58.3,1
Corinto,MG,Sudeste,2024,46.3,1
Campina Grande,PB,Nordeste,2024,48.39,1
Seberi,RS,Sul,2024,80.0,0
Irupi,ES,Sudeste,2024,69.44,1
Casca,RS,Sul,2024,80.0,0
Bananal,SP,Sudeste,2024,53.04,1
Várzea Grande,MT,Centro-Oeste,2024,53.18,1
Blumenau,SC,Sul,2024,66.53,0
Tiradentes,MG,Sudeste,2024,65.18,1
Maravilha,SC,Sul,2024,80.0,0
Porteirinha,MG,Sudeste,2024,66.24,1
Laguna Carapã,MS,Centro-Oeste,2024,80.0,0
São Jorge do Patrocínio,PR,Sul,2024,75.2,1
Lagoa,PB,Nordeste,2024,32.22,1
Barrinha,SP,Sudeste,2024,59.52,0
Bebedouro,SP,Sudeste,2024,53.82,1
Icaraí de Minas,MG,Sudeste,2024,58.3,1
São Valério,TO,Norte,2024,67.92,0
Franco da Rocha,SP,Sudeste,2024,55.69,1
Marmeleiro,PR,Sul,2024,78.57,1
Coronel Vivida,PR,Sul,2024,80.0,0
Pontes e Lacerda,MT,Centro-Oeste,2024,69.94,0
Anápolis,GO,Centro-Oeste,2024,73.43,0
Francisco Beltrão,PR,Sul,2024,79.72,0
Maringá,PR,Sul,2024,80.0,0
Montes Claros,MG,Sudeste,2024,64.62,1
Coronel João Pessoa,RN,Nordeste,2024,31.08,1
Pirajuí,SP,Sudeste,2024,57.88,0
Pacaembu,SP,Sudeste,2024,67.13,0
Santa Rita do Sapucaí,MG,Sudeste,2024,54.67,1
Jacutinga,MG,Sudeste,2024,63.18,1
Alto Feliz,RS,Sul,2024,73.84,0
Icaraí de Minas,MG,Sudeste,2024,58.3,1
Acari,RN,Nordeste,2024,49.84,0
Juripiranga,PB,Nordeste,2024,55.28,0
Santos,SP,Sudeste,2024,59.92,0
Sumé,PB,Nordeste,2024,40.1,1
Jatobá,MA,Nordeste,2024,73.93,0
Descanso,SC,Sul,2024,80.0,0
Santa Terezinha,SC,Sul,2024,80.0,0
São Bento do Sul,SC,Sul,2024,74.17,1
Salinas,MG,Sudeste,2024,74.1,1
Boqueirão,PB,Nordeste,2024,44.48,0
Martinópolis,SP,Sudeste,2024,57.49,1
Cafelândia,PR,Sul,2024,80.0,0
Dores de Campos,MG,Sudeste,2024,58.87,1
Camaquã,RS,Sul,2024,62.16,0
Nova Santa Rosa,PR,Sul,2024,78.12,0
Serra,ES,Sudeste,2024,62.54,1
Santos,SP,Sudeste,2024,59.92,0
Getúlio Vargas,RS,Sul,2024,74.54,0
Alto Garças,MT,Centro-Oeste,2024,46.93,1
Ponto Chique,MG,Sudeste,2024,64.41,1
Montes Claros,MG,Sudeste,2024,64.62,1
Montanha,ES,Sudeste,2024,65.84,1
Santa Cruz da Esperança,SP,Sudeste,2024,51.45,0
Itapemirim,ES,Sudeste,2024,64.07,1
Luisburgo,MG,Sudeste,2024,80.0,1
Aguaí,SP,Sudeste,2024,52.38,1
Paraí,RS,Sul,2024,80.0,0
Carmo do Cajuru,MG,Sudeste,2024,69.28,1
Sertãozinho,SP,Sudeste,2024,58.07,0
Alto Jequitibá,MG,Sudeste,2024,55.63,1
Conceição do Mato Dentro,MG,Sudeste,2024,62.26,1
Santa Maria do Suaçuí,MG,Sudeste,2024,64.62,1
Santa Terezinha de Itaipu,PR,Sul,2024,80.0,0
Machadinho,RS,Sul,2024,69.73,0
Cesário Lange,SP,Sudeste,2024,59.73,0
Mafra,SC,Sul,2024,74.07,0
Demerval Lobão,PI,Nordeste,2024,71.72,1
Treze Tílias,SC,Sul,2024,75.2,0
Piên,PR,Sul,2024,80.0,1
Botuverá,SC,Sul,2024,71.04,0
Novo Cruzeiro,MG,Sudeste,2024,76.27,0
Papagaios,MG,Sudeste,2024,52.46,1
Porto União,SC,Sul,2024,72.02,1
Ibitirama,ES,Sudeste,2024,74.85,1
Carmo da Cachoeira,MG,Sudeste,2024,75.21,1
Vertente do Lério,PE,Nordeste,2024,80.0,1
Grão Pará,SC,Sul,2024,67.57,1
Viradouro,SP,Sudeste,2024,66.25,0
Ipeúna,SP,Sudeste,2024,49.81,1
Poço Fundo,MG,Sudeste,2024,80.0,0
Jaraguá do Sul,SC,Sul,2024,73.91,1
Major Vieira,SC,Sul,2024,70.82,1
Balbinos,SP,Sudeste,2024,80.0,1
Araguainha,MT,Centro-Oeste,2024,29.4,1
Ruy Barbosa,RN,Nordeste,2024,61.84,0
Monte das Gameleiras,RN,Nordeste,2024,40.25,0
Patu,RN,Nordeste,2024,39.13,0
Barra de Santana,PB,Nordeste,2024,35.21,1
Cacimba de Areia,PB,Nordeste,2024,66.53,0
Mondaí,SC,Sul,2024,70.43,0
Santa Cruz do Escalvado,MG,Sudeste,2024,58.77,1
São Martinho,SC,Sul,2024,69.93,1
Riozinho,RS,Sul,2024,76.61,1
Itatiba do Sul,RS,Sul,2024,80.0,0
Caracol,PI,Nordeste,2024,64.12,0
Rio Grande da Serra,SP,Sudeste,2024,38.67,1
Santo Antônio do Retiro,MG,Sudeste,2024,78.39,0
Brochier,RS,Sul,2024,67.29,0
Luzilândia,PI,Nordeste,2024,56.4,0
Hidrolina,GO,Centro-Oeste,2024,70.15,1
Montes Claros,MG,Sudeste,2024,64.62,1
Forquetinha,RS,Sul,2024,63.97,0
Travesseiro,RS,Sul,2024,80.0,0
Bandeira,MG,Sudeste,2024,65.57,1
Derrubadas,RS,Sul,2024,54.69,1
Santa Helena de Minas,MG,Sudeste,2024,62.75,1
Luislândia,MG,Sudeste,2024,54.93,1
Queluzito,MG,Sudeste,2024,64.59,1
Boa Esperança,ES,Sudeste,2024,77.19,1
Cássia,MG,Sudeste,2024,72.14,1
Rio dos Índios,RS,Sul,2024,80.0,0
Feira Nova,PE,Nordeste,2024,80.0,1
São Domingos do Norte,ES,Sudeste,2024,80.0,1
Aragominas,TO,Norte,2024,31.83,1
Serranópolis,GO,Centro-Oeste,2024,58.7,1
São Pedro do Sul,RS,Sul,2024,77.57,0
Itajubá,MG,Sudeste,2024,63.11,1
Crissiumal,RS,Sul,2024,74.23,0
Colméia,TO,Norte,2024,53.62,1
Paraguaçu Paulista,SP,Sudeste,2024,53.39,1
Barro Alto,GO,Centro-Oeste,2024,80.0,0
Muriaé,MG,Sudeste,2024,62.06,1
Verdejante,PE,Nordeste,2024,57.8,1
Itueta,MG,Sudeste,2024,59.6,1
Córrego Danta,MG,Sudeste,2024,80.0,0
Itapeva,SP,Sudeste,2024,57.76,0
Carmo de Minas,MG,Sudeste,2024,60.43,1
Maringá,PR,Sul,2024,80.0,0
Primavera do Leste,MT,Centro-Oeste,2024,54.21,1
Ivatuba,PR,Sul,2024,78.99,1
Padre Bernardo,GO,Centro-Oeste,2024,61.84,1
Aricanduva,MG,Sudeste,2024,60.38,1
Marechal Floriano,ES,Sudeste,2024,78.47,1
Jacaraú,PB,Nordeste,2024,41.56,1
Florestal,MG,Sudeste,2024,60.94,1
Espigão Alto do Iguaçu,PR,Sul,2024,73.21,1
Governador Valadares,MG,Sudeste,2024,56.68,1
Aurora,SC,Sul,2024,65.45,1
João Pessoa,PB,Nordeste,2024,52.13,0
Pontal,SP,Sudeste,2024,63.34,1
Salto Grande,SP,Sudeste,2024,63.49,0
Munhoz de Melo,PR,Sul,2024,57.66,1
Assis,SP,Sudeste,2024,49.23,1
Prata do Piauí,PI,Nordeste,2024,20.78,1
Tremembé,SP,Sudeste,2024,48.77,1
Novais,SP,Sudeste,2024,70.41,0
Igarapé,MG,Sudeste,2024,56.52,1
Itabirito,MG,Sudeste,2024,63.29,1
Figueira,PR,Sul,2024,80.0,0
Joviânia,GO,Centro-Oeste,2024,61.57,1
Pancas,ES,Sudeste,2024,80.0,1
Beneditinos,PI,Nordeste,2024,77.94,0
Fraiburgo,SC,Sul,2024,68.73,1
Ipameri,GO,Centro-Oeste,2024,66.71,1
Cristianópolis,GO,Centro-Oeste,2024,80.0,1
Cajazeiras,PB,Nordeste,2024,56.36,0
Itanhandu,MG,Sudeste,2024,80.0,0
São Geraldo,MG,Sudeste,2024,80.0,1
Itabira,MG,Sudeste,2024,60.96,1
São Roque de Minas,MG,Sudeste,2024,72.56,1
Uruaçu,GO,Centro-Oeste,2024,71.02,1
Joaçaba,SC,Sul,2024,62.61,1
Iguape,SP,Sudeste,2024,60.97,1
Formosa da Serra Negra,MA,Nordeste,2024,80.0,1
Paranã,TO,Norte,2024,48.28,1
São Domingos,SC,Sul,2024,78.68,1
Colônia Leopoldina,AL,Nordeste,2024,80.0,0
Cachoeira Alta,GO,Centro-Oeste,2024,74.25,1
Chavantes,SP,Sudeste,2024,44.52,1
São José do Rio Preto,SP,Sudeste,2024,56.68,1
Oliveira,MG,Sudeste,2024,54.71,1
Gouvelândia,GO,Centro-Oeste,2024,46.07,1
Pilões,PB,Nordeste,2024,47.82,1
Apucarana,PR,Sul,2024,80.0,0
Jaboticatubas,MG,Sudeste,2024,71.06,1
Papanduva,SC,Sul,2024,72.03,0
Cajati,SP,Sudeste,2024,62.43,0
Ivinhema,MS,Centro-Oeste,2024,64.82,1
Novo Cabrais,RS,Sul,2024,80.0,0
Juquiá,SP,Sudeste,2024,59.04,0
Nova Campina,SP,Sudeste,2024,50.74,1
Santo André,SP,Sudeste,2024,57.33,0
Cunha Porã,SC,Sul,2024,80.0,0
São José do Mantimento,MG,Sudeste,2024,53.01,1
Santa Terezinha,MT,Centro-Oeste,2024,46.1,0
Bocaina,SP,Sudeste,2024,39.68,1
Várzea Grande,MT,Centro-Oeste,2024,53.18,1
Três Palmeiras,RS,Sul,2024,80.0,0
Capitólio,MG,Sudeste,2024,80.0,0
Lambari,MG,Sudeste,2024,68.05,0
Cravinhos,SP,Sudeste,2024,47.95,1
Vargem Alta,ES,Sudeste,2024,72.36,0
Cantagalo,PR,Sul,2024,68.01,1
Ouro Verde de Minas,MG,Sudeste,2024,55.99,1
Quatá,SP,Sudeste,2024,68.48,0
Lambari,MG,Sudeste,2024,68.05,1
Cruzília,MG,Sudeste,2024,80.0,0
Lambari,MG,Sudeste,2024,68.05,1
Branquinha,AL,Nordeste,2024,76.97,1
Nova Veneza,GO,Centro-Oeste,2024,80.0,0
Botelhos,MG,Sudeste,2024,67.86,1
Coroados,SP,Sudeste,2024,71.12,1
Itaguaru,GO,Centro-Oeste,2024,80.0,1
Bonfinópolis de Minas,MG,Sudeste,2024,80.0,0
Aripuanã,MT,Centro-Oeste,2024,63.44,0
Coelho Neto,MA,Nordeste,2024,63.75,1
Rondonópolis,MT,Centro-Oeste,2024,57.26,1
Apiacá,ES,Sudeste,2024,61.98,1
Santo Antônio do Aracanguá,SP,Sudeste,2024,55.06,1
Pardinho,SP,Sudeste,2024,61.43,0
Santana,AP,Norte,2024,47.82,1
Sarzedo,MG,Sudeste,2024,80.0,1
Lajinha,MG,Sudeste,2024,73.28,0
Mallet,PR,Sul,2024,80.0,1
Aricanduva,MG,Sudeste,2024,60.38,1
Turvo,SC,Sul,2024,62.69,1
Carbonita,MG,Sudeste,2024,67.08,1
Vargem Grande do Rio Pardo,MG,Sudeste,2024,64.67,1
Palmitos,SC,Sul,2024,61.82,1
Pinheirinho do Vale,RS,Sul,2024,80.0,0
Avaí,SP,Sudeste,2024,59.41,1
Araraquara,SP,Sudeste,2024,59.9,1
Lajedão,BA,Nordeste,2024,61.97,0
Catalão,GO,Centro-Oeste,2024,67.35,1
Brejão,PE,Nordeste,2024,69.12,1
Marilena,PR,Sul,2024,80.0,0
Ubaporanga,MG,Sudeste,2024,70.32,0
Dom Silvério,MG,Sudeste,2024,68.96,1
Pau dos Ferros,RN,Nordeste,2024,45.25,0
Primavera do Leste,MT,Centro-Oeste,2024,54.21,1
Iúna,ES,Sudeste,2024,73.2,0
Solidão,PE,Nordeste,2024,75.45,1
Batatais,SP,Sudeste,2024,64.07,1
Cristal,RS,Sul,2024,68.53,0
Inácio Martins,PR,Sul,2024,74.45,0
Borda da Mata,MG,Sudeste,2024,67.91,1
Três Corações,MG,Sudeste,2024,55.52,1
Caraí,MG,Sudeste,2024,48.07,1
Orizânia,MG,Sudeste,2024,65.59,1
Coromandel,MG,Sudeste,2024,47.93,1
Orizona,GO,Centro-Oeste,2024,80.0,0
Borborema,SP,Sudeste,2024,80.0,0
Penápolis,SP,Sudeste,2024,63.79,0
Nova Lima,MG,Sudeste,2024,60.62,1
Felixlândia,MG,Sudeste,2024,56.65,1
Louveira,SP,Sudeste,2024,58.84,0
Pinheiros,ES,Sudeste,2024,77.69,1
Jumirim,SP,Sudeste,2024,76.93,0
Santo Inácio,PR,Sul,2024,80.0,1
Coimbra,MG,Sudeste,2024,77.38,1
Terra Boa,PR,Sul,2024,80.0,1
Nortelândia,MT,Centro-Oeste,2024,52.79,1
João Neiva,ES,Sudeste,2024,73.12,1
Aroeiras,PB,Nordeste,2024,69.89,0
Timbó,SC,Sul,2024,71.48,0
Lavandeira,TO,Norte,2024,70.95,0
Conchal,SP,Sudeste,2024,58.29,0
Mortugaba,BA,Nordeste,2024,70.74,0
Machado,MG,Sudeste,2024,63.26,1
Júlio Mesquita,SP,Sudeste,2024,68.91,0
São Lourenço do Oeste,SC,Sul,2024,72.76,0
Taiaçu,SP,Sudeste,2024,69.26,0
Iconha,ES,Sudeste,2024,76.89,0
Pingo-d'Água,MG,Sudeste,2024,41.49,1
Urucuia,MG,Sudeste,2024,60.76,1
Passira,PE,Nordeste,2024,75.67,1
Rolante,RS,Sul,2024,80.0,0
Barra do Garças,MT,Centro-Oeste,2024,64.28,0
Rio Claro,SP,Sudeste,2024,55.16,0
São Pedro da Cipa,MT,Centro-Oeste,2024,74.0,1
Canoinhas,SC,Sul,2024,74.87,1
Dois Vizinhos,PR,Sul,2024,80.0,1
Teodoro Sampaio,SP,Sudeste,2024,68.95,1
Paraíso do Sul,RS,Sul,2024,80.0,0
Brasília de Minas,MG,Sudeste,2024,75.81,1
Ecoporanga,ES,Sudeste,2024,70.94,1
Entre Rios de Minas,MG,Sudeste,2024,80.0,0
Inhuma,PI,Nordeste,2024,59.47,1
Fraiburgo,SC,Sul,2024,68.73,1
Brasília de Minas,MG,Sudeste,2024,75.81,1
Brasília de Minas,MG,Sudeste,2024,75.81,1
Salto do Itararé,PR,Sul,2024,67.05,1
Lagamar,MG,Sudeste,2024,80.0,0
Morro Grande,SC,Sul,2024,72.78,1
Bela Vista de Minas,MG,Sudeste,2024,66.46,1
Itabirito,MG,Sudeste,2024,63.29,1
Amparo,PB,Nordeste,2024,80.0,0
Liberato Salzano,RS,Sul,2024,74.33,0
Palmeira das Missões,RS,Sul,2024,53.85,0
Vinhedo,SP,Sudeste,2024,56.12,1
Luiz Alves,SC,Sul,2024,80.0,0
Alto Paraguai,MT,Centro-Oeste,2024,69.57,0
Rio Claro,SP,Sudeste,2024,55.16,0
Santa Cruz das Palmeiras,SP,Sudeste,2024,54.47,1
Agrolândia,SC,Sul,2024,80.0,0
Janaúba,MG,Sudeste,2024,54.63,1
Nazário,GO,Centro-Oeste,2024,79.15,1
Barra de Guabiraba,PE,Nordeste,2024,80.0,1
Santa Fé do Sul,SP,Sudeste,2024,62.66,0
Vitória,ES,Sudeste,2024,68.18,1
Calumbi,PE,Nordeste,2024,75.27,1
São Romão,MG,Sudeste,2024,55.73,1
Itapemirim,ES,Sudeste,2024,64.07,1
Bom Jesus de Goiás,GO,Centro-Oeste,2024,76.39,1
Imaculada,PB,Nordeste,2024,69.22,0
Pouso Alto,MG,Sudeste,2024,78.67,1
Água Comprida,MG,Sudeste,2024,80.0,0
São João do Soter,MA,Nordeste,2024,31.6,1
Manaíra,PB,Nordeste,2024,80.0,0
Carmópolis de Minas,MG,Sudeste,2024,77.39,1
Morro Redondo,RS,Sul,2024,74.06,0
Fátima,TO,Norte,2024,57.08,1
Ipatinga,MG,Sudeste,2024,67.17,1
Iguape,SP,Sudeste,2024,60.97,1
Nova Crixás,GO,Centro-Oeste,2024,66.92,1
Jaboticabal,SP,Sudeste,2024,57.48,1
Brochier,RS,Sul,2024,67.29,0
Aramina,SP,Sudeste,2024,49.16,1
Lajes,RN,Nordeste,2024,36.25,0
Itaúba,MT,Centro-Oeste,2024,61.64,1
Cacique Doble,RS,Sul,2024,80.0,0
Uruaçu,GO,Centro-Oeste,2024,71.02,1
Iporã do Oeste,SC,Sul,2024,80.0,1
Morada Nova de Minas,MG,Sudeste,2024,80.0,0
São Miguel do Oeste,SC,Sul,2024,70.46,0
Avaré,SP,Sudeste,2024,61.23,0
São Paulo,SP,Sudeste,2024,44.37,1
Garibaldi,RS,Sul,2024,75.26,0
Pedro Canário,ES,Sudeste,2024,70.99,1
Anchieta,ES,Sudeste,2024,80.0,1
São José da Lapa,MG,Sudeste,2024,65.31,1
Morro da Garça,MG,Sudeste,2024,80.0,0
Palmital,SP,Sudeste,2024,51.9,1
São Raimundo do Doca Bezerra,MA,Nordeste,2024,60.22,0
Sousa,PB,Nordeste,2024,49.9,1
Igaratá,SP,Sudeste,2024,64.51,0
Sebastião Barros,PI,Nordeste,2024,33.21,1
Mairipotaba,GO,Centro-Oeste,2024,80.0,0
Cezarina,GO,Centro-Oeste,2024,47.38,1
Ibiam,SC,Sul,2024,67.95,1
Boa Esperança,MG,Sudeste,2024,58.17,1
Rio do Prado,MG,Sudeste,2024,57.42,1
Carandaí,MG,Sudeste,2024,73.09,1
Campo Novo,RS,Sul,2024,65.72,0
Martins Soares,MG,Sudeste,2024,77.07,1
São Miguel do Iguaçu,PR,Sul,2024,74.57,1
Cipotânea,MG,Sudeste,2024,74.17,1
Itatinga,SP,Sudeste,2024,64.72,0
Promissão,SP,Sudeste,2024,69.41,0
Rio Vermelho,MG,Sudeste,2024,49.66,1
Presidente Olegário,MG,Sudeste,2024,77.76,1
Peçanha,MG,Sudeste,2024,67.16,0
Salgueiro,PE,Nordeste,2024,76.55,0
Charqueada,SP,Sudeste,2024,50.3,1
Palmeiras de Goiás,GO,Centro-Oeste,2024,69.91,1
Garopaba,SC,Sul,2024,72.08,1
Campo Limpo de Goiás,GO,Centro-Oeste,2024,80.0,1
Lagoa Alegre,PI,Nordeste,2024,28.81,1
Palmas,TO,Norte,2024,62.2,0
Piracicaba,SP,Sudeste,2024,58.93,0
Macatuba,SP,Sudeste,2024,67.48,0
Aguaí,SP,Sudeste,2024,52.38,1
Ribeirão Grande,SP,Sudeste,2024,66.37,0
Patrocínio,MG,Sudeste,2024,64.83,1
Juara,MT,Centro-Oeste,2024,57.76,1
Carapicuíba,SP,Sudeste,2024,50.83,1
Piripiri,PI,Nordeste,2024,40.06,1
Sud Mennucci,SP,Sudeste,2024,56.44,1
Brás Pires,MG,Sudeste,2024,58.04,1
Diamantina,MG,Sudeste,2024,62.93,1
Mafra,SC,Sul,2024,74.07,1
Jequitinhonha,MG,Sudeste,2024,49.76,1
Claraval,MG,Sudeste,2024,75.74,1
Maracanaú,CE,Nordeste,2024,80.0,0
São Manuel,SP,Sudeste,2024,63.06,0
Maximiliano de Almeida,RS,Sul,2024,80.0,0
Malhada de Pedras,BA,Nordeste,2024,71.89,0
Pedro Canário,ES,Sudeste,2024,70.99,1
Santa Maria de Itabira,MG,Sudeste,2024,58.85,1
Santa Rosa de Lima,SC,Sul,2024,80.0,1
São João da Fronteira,PI,Nordeste,2024,34.14,1
Montanhas,RN,Nordeste,2024,62.22,0
São João del Rei,MG,Sudeste,2024,59.67,1
Lagoa de Itaenga,PE,Nordeste,2024,71.87,1
Medianeira,PR,Sul,2024,79.33,0
Meridiano,SP,Sudeste,2024,69.33,0
Esmeralda,RS,Sul,2024,80.0,0
Franciscópolis,MG,Sudeste,2024,80.0,0
São Francisco de Sales,MG,Sudeste,2024,77.07,0
Dois Lajeados,RS,Sul,2024,80.0,0
Passo do Sobrado,RS,Sul,2024,80.0,0
Caraúbas,RN,Nordeste,2024,32.45,1
Guimarânia,MG,Sudeste,2024,63.8,1
Amparo,SP,Sudeste,2024,56.97,1
Timóteo,MG,Sudeste,2024,59.91,1
Não-Me-Toque,RS,Sul,2024,68.38,0
Pires do Rio,GO,Centro-Oeste,2024,69.4,1
São Bento do Sul,SC,Sul,2024,74.17,1
Cabreúva,SP,Sudeste,2024,54.18,1
Paranatama,PE,Nordeste,2024,75.04,0
Pontalina,GO,Centro-Oeste,2024,74.41,1
Comercinho,MG,Sudeste,2024,61.87,1
Cruzeiro,SP,Sudeste,2024,45.68,1
Laranjal Paulista,SP,Sudeste,2024,58.49,1
Diamantina,MG,Sudeste,2024,62.93,1
Cana Verde,MG,Sudeste,2024,55.6,1
Cajazeiras,PB,Nordeste,2024,56.36,0
Paraíso do Tocantins,TO,Norte,2024,63.78,0
Franciscópolis,MG,Sudeste,2024,80.0,0
Itabirinha,MG,Sudeste,2024,67.27,1
Itarumã,GO,Centro-Oeste,2024,77.21,1
Hortolândia,SP,Sudeste,2024,61.65,0
Bandeira do Sul,MG,Sudeste,2024,74.43,1
Ipanema,MG,Sudeste,2024,79.02,0
Ribeirão Preto,SP,Sudeste,2024,45.48,1
Mari,PB,Nordeste,2024,44.47,1
Benedito Novo,SC,Sul,2024,64.47,1
Mercês,MG,Sudeste,2024,80.0,1
São Luís,MA,Nordeste,2024,52.79,1
Tigrinhos,SC,Sul,2024,79.2,1
Itaubal,AP,Norte,2024,55.34,0
Itabaiana,PB,Nordeste,2024,32.55,1
Guarani das Missões,RS,Sul,2024,71.9,0
Diamantina,MG,Sudeste,2024,62.93,1
Extrema,MG,Sudeste,2024,61.38,1
Pará de Minas,MG,Sudeste,2024,57.9,1
São Francisco do Oeste,RN,Nordeste,2024,60.69,1
Rio Paranaíba,MG,Sudeste,2024,78.89,0
Rancho Queimado,SC,Sul,2024,73.86,1
Urussanga,SC,Sul,2024,70.65,0
Tupã,SP,Sudeste,2024,55.08,1
Monte Alto,SP,Sudeste,2024,69.16,0
Cerro Corá,RN,Nordeste,2024,63.66,0
Riacho de Santana,RN,Nordeste,2024,52.8,1
Barro,CE,Nordeste,2024,69.8,0
Pilar do Sul,SP,Sudeste,2024,60.55,1
Colatina,ES,Sudeste,2024,74.72,1
Campo Alegre de Goiás,GO,Centro-Oeste,2024,79.91,0
São Pedro dos Ferros,MG,Sudeste,2024,80.0,0
Pancas,ES,Sudeste,2024,80.0,1
Alfenas,MG,Sudeste,2024,62.52,1
Juína,MT,Centro-Oeste,2024,51.09,1
Flores da Cunha,RS,Sul,2024,79.15,0
Lagoa Formosa,MG,Sudeste,2024,63.75,1
Colatina,ES,Sudeste,2024,74.72,1
Nova Ponte,MG,Sudeste,2024,73.54,1
Teixeirópolis,RO,Norte,2024,73.21,0
Jambeiro,SP,Sudeste,2024,62.36,0
Iepê,SP,Sudeste,2024,56.43,0
Ibitirama,ES,Sudeste,2024,74.85,1
Santa Rita de Jacutinga,MG,Sudeste,2024,47.7,1
Coqueiral,MG,Sudeste,2024,72.67,1
Presidente Kennedy,TO,Norte,2024,71.14,0
Itapissuma,PE,Nordeste,2024,78.03,1
Divinópolis,MG,Sudeste,2024,67.23,1
Santos Dumont,MG,Sudeste,2024,59.95,1
Santo Antônio do Paraíso,PR,Sul,2024,80.0,1
Quadra,SP,Sudeste,2024,55.49,1
Cachoeira de Minas,MG,Sudeste,2024,64.71,1
Mato Verde,MG,Sudeste,2024,70.78,1
Bom Princípio,RS,Sul,2024,74.68,0
Iapu,MG,Sudeste,2024,43.66,1
Lupércio,SP,Sudeste,2024,59.68,1
Itajá,RN,Nordeste,2024,60.78,0
Rodolfo Fernandes,RN,Nordeste,2024,38.22,1
Arandu,SP,Sudeste,2024,58.49,0
Itabaiana,PB,Nordeste,2024,32.55,1
Artur Nogueira,SP,Sudeste,2024,55.03,0
São José do Cerrito,SC,Sul,2024,77.0,0
Santa Rita de Ibitipoca,MG,Sudeste,2024,67.77,1
Lacerdópolis,SC,Sul,2024,71.59,1
Bom Princípio do Piauí,PI,Nordeste,2024,80.0,0
Penápolis,SP,Sudeste,2024,63.79,0
Elias Fausto,SP,Sudeste,2024,59.26,0
Jequeri,MG,Sudeste,2024,61.2,1
Itabaiana,PB,Nordeste,2024,32.55,1
Limoeiro,PE,Nordeste,2024,73.45,0
Ibirubá,RS,Sul,2024,63.28,1
Assaí,PR,Sul,2024,80.0,1
Riacho de Santo Antônio,PB,Nordeste,2024,78.78,0
Portão,RS,Sul,2024,60.02,0
São Luis do Piauí,PI,Nordeste,2024,62.07,0
Amaral Ferrador,RS,Sul,2024,72.06,0
Fernandópolis,SP,Sudeste,2024,61.33,0
Antônio Carlos,SC,Sul,2024,75.32,0
Araçagi,PB,Nordeste,2024,66.65,0
João Dias,RN,Nordeste,2024,51.64,0
São Sebastião do Rio Preto,MG,Sudeste,2024,68.83,1
Jucurutu,RN,Nordeste,2024,34.74,1
Japurá,AM,Norte,2024,77.7,1
Nova Venécia,ES,Sudeste,2024,80.0,1
Santana da Boa Vista,RS,Sul,2024,53.93,1
Morro Grande,SC,Sul,2024,72.78,0
Itamarandiba,MG,Sudeste,2024,62.57,1
Araçaí,MG,Sudeste,2024,80.0,0
Franciscópolis,MG,Sudeste,2024,80.0,1
Porto Lucena,RS,Sul,2024,78.78,1
Tenente Ananias,RN,Nordeste,2024,48.81,1
Riversul,SP,Sudeste,2024,80.0,0
Catuípe,RS,Sul,2024,80.0,0
Buri,SP,Sudeste,2024,53.99,1
Bicas,MG,Sudeste,2024,50.81,1
Santo Antônio do Sudoeste,PR,Sul,2024,79.58,1
Vazante,MG,Sudeste,2024,49.64,1
Bom Sucesso de Itararé,SP,Sudeste,2024,60.25,0
Euclides da Cunha Paulista,SP,Sudeste,2024,76.58,0
Varzelândia,MG,Sudeste,2024,52.18,1
Urussanga,SC,Sul,2024,70.65,1
Aporé,GO,Centro-Oeste,2024,64.94,1
João Pessoa,PB,Nordeste,2024,52.13,1
Erval Grande,RS,Sul,2024,80.0,0
Batatais,SP,Sudeste,2024,64.07,0
Honório Serpa,PR,Sul,2024,59.97,1
Bambuí,MG,Sudeste,2024,68.24,1
Macaparana,PE,Nordeste,2024,73.76,1
Santa Rita do Itueto,MG,Sudeste,2024,80.0,1
Matipó,MG,Sudeste,2024,80.0,1
Rio Bom,PR,Sul,2024,80.0,0
Tuparetama,PE,Nordeste,2024,77.54,1
Céu Azul,PR,Sul,2024,80.0,1
Santa Vitória,MG,Sudeste,2024,72.24,1
Águas de Santa Bárbara,SP,Sudeste,2024,54.97,0
Rio Branco,MT,Centro-Oeste,2024,53.36,1
Sarapuí,SP,Sudeste,2024,47.53,1
Una,BA,Nordeste,2024,44.38,1
Potirendaba,SP,Sudeste,2024,63.91,0
Santa Luzia,PB,Nordeste,2024,59.0,0
Ibiaçá,RS,Sul,2024,71.87,0
Santa Rosa da Serra,MG,Sudeste,2024,74.06,1
Rio Tinto,PB,Nordeste,2024,78.16,0
Remígio,PB,Nordeste,2024,62.28,0
Miguel Alves,PI,Nordeste,2024,45.41,1
Confins,MG,Sudeste,2024,57.07,1
Buritinópolis,GO,Centro-Oeste,2024,54.33,1
Casca,RS,Sul,2024,80.0,0
Nova Brasilândia,MT,Centro-Oeste,2024,59.69,1
Varjão de Minas,MG,Sudeste,2024,61.0,1
Mogi Mirim,SP,Sudeste,2024,58.13,0
Ângulo,PR,Sul,2024,80.0,1
Barra de São Francisco,ES,Sudeste,2024,78.66,1
Nova União,MG,Sudeste,2024,53.22,1
Nova Nazaré,MT,Centro-Oeste,2024,51.34,1
Sete Lagoas,MG,Sudeste,2024,57.97,1
João Pessoa,PB,Nordeste,2024,52.13,1
Tracunhaém,PE,Nordeste,2024,62.75,1
Morungaba,SP,Sudeste,2024,52.33,0
Cafelândia,SP,Sudeste,2024,64.3,0
Porto de Moz,PA,Norte,2024,73.69,1
Forquilha,CE,Nordeste,2024,80.0,1
Cajuru,SP,Sudeste,2024,73.07,0
Itaquaquecetuba,SP,Sudeste,2024,48.89,1
Santa Rosa do Sul,SC,Sul,2024,59.55,1
Montividiu,GO,Centro-Oeste,2024,68.25,1
Itueta,MG,Sudeste,2024,59.6,1
Jardim do Seridó,RN,Nordeste,2024,33.95,1
Diadema,SP,Sudeste,2024,47.05,1
Pradópolis,SP,Sudeste,2024,75.13,0
Getúlio Vargas,RS,Sul,2024,74.54,0
Miradouro,MG,Sudeste,2024,52.6,1
Coronel José Dias,PI,Nordeste,2024,64.26,0
Reginópolis,SP,Sudeste,2024,80.0,1
Unaí,MG,Sudeste,2024,60.33,1
Urussanga,SC,Sul,2024,70.65,1
São Jerônimo,RS,Sul,2024,80.0,0
São José do Divino,MG,Sudeste,2024,50.96,1
João Monlevade,MG,Sudeste,2024,64.07,1
Campo Verde,MT,Centro-Oeste,2024,60.16,1
São José do Cedro,SC,Sul,2024,76.92,1
Aurora,SC,Sul,2024,65.45,1
Independência,RS,Sul,2024,68.77,0
Americano do Brasil,GO,Centro-Oeste,2024,75.18,1
Batatais,SP,Sudeste,2024,64.07,0
Santa Teresinha,PB,Nordeste,2024,46.65,0
Abaeté,MG,Sudeste,2024,56.9,1
Marmelópolis,MG,Sudeste,2024,77.3,1
Alcântaras,CE,Nordeste,2024,80.0,1
Herval,RS,Sul,2024,57.32,0
Mafra,SC,Sul,2024,74.07,1
Espinosa,MG,Sudeste,2024,66.83,1
Colatina,ES,Sudeste,2024,74.72,1
Dores do Rio Preto,ES,Sudeste,2024,80.0,1
Figueirópolis,TO,Norte,2024,65.27,0
Botucatu,SP,Sudeste,2024,62.56,0
Sengés,PR,Sul,2024,80.0,1
Poços de Caldas,MG,Sudeste,2024,61.73,1
Novo Itacolomi,PR,Sul,2024,80.0,1
Rodeio,SC,Sul,2024,60.87,1
José Bonifácio,SP,Sudeste,2024,59.8,0
Atilio Vivacqua,ES,Sudeste,2024,75.4,1
Ibirité,MG,Sudeste,2024,56.29,1
Mariana,MG,Sudeste,2024,58.12,1
Campo Novo do Parecis,MT,Centro-Oeste,2024,65.16,1
Seara,SC,Sul,2024,80.0,0
Tenente Ananias,RN,Nordeste,2024,48.81,1
Recreio,MG,Sudeste,2024,73.4,0
Monte Carmelo,MG,Sudeste,2024,66.33,1
Cipotânea,MG,Sudeste,2024,74.17,1
Osvaldo Cruz,SP,Sudeste,2024,61.92,0
Visconde do Rio Branco,MG,Sudeste,2024,60.26,1
Irati,PR,Sul,2024,80.0,1
Massaranduba,SC,Sul,2024,72.41,1
Descanso,SC,Sul,2024,80.0,0
Sananduva,RS,Sul,2024,75.28,0
Campo Verde,MT,Centro-Oeste,2024,60.16,1
Tavares,PB,Nordeste,2024,75.99,0
São Miguel do Tapuio,PI,Nordeste,2024,36.96,1
Araputanga,MT,Centro-Oeste,2024,53.64,1
Tabatinga,SP,Sudeste,2024,65.32,0
Santa Rita do Sapucaí,MG,Sudeste,2024,54.67,1
São Lourenço do Piauí,PI,Nordeste,2024,80.0,0
Porto Estrela,MT,Centro-Oeste,2024,80.0,0
São Pedro,SP,Sudeste,2024,56.57,1
Diamantino,MT,Centro-Oeste,2024,56.72,1
Barra de São Francisco,ES,Sudeste,2024,78.66,1
Tamboril do Piauí,PI,Nordeste,2024,70.55,0
Verê,PR,Sul,2024,80.0,0
Timbó,SC,Sul,2024,71.48,1
Águas Vermelhas,MG,Sudeste,2024,48.71,1
Inhumas,GO,Centro-Oeste,2024,80.0,1
Itamonte,MG,Sudeste,2024,61.31,1
Quatro Pontes,PR,Sul,2024,80.0,1
Adamantina,SP,Sudeste,2024,69.44,0
Jandaia,GO,Centro-Oeste,2024,77.61,1
Vista Alegre do Alto,SP,Sudeste,2024,80.0,0
Santo Antônio do Grama,MG,Sudeste,2024,80.0,1
Pitangui,MG,Sudeste,2024,80.0,0
Governador Lindenberg,ES,Sudeste,2024,66.72,1
Carlos Barbosa,RS,Sul,2024,69.44,0
Ibicaré,SC,Sul,2024,76.34,0
Jaguariaíva,PR,Sul,2024,80.0,0
Pilar de Goiás,GO,Centro-Oeste,2024,80.0,1
Iporá,GO,Centro-Oeste,2024,78.6,1
Guapirama,PR,Sul,2024,80.0,0
Santo Antônio do Caiuá,PR,Sul,2024,80.0,1
Inhaúma,MG,Sudeste,2024,52.36,1
Padre Marcos,PI,Nordeste,2024,80.0,1
Pejuçara,RS,Sul,2024,64.52,0
Érico Cardoso,BA,Nordeste,2024,69.97,0
Delfim Moreira,MG,Sudeste,2024,66.18,1
Palestina de Goiás,GO,Centro-Oeste,2024,79.61,0
Várzea da Palma,MG,Sudeste,2024,64.73,1
Santo Antônio do Amparo,MG,Sudeste,2024,80.0,1
São João do Manteninha,MG,Sudeste,2024,79.91,0
Rio Fortuna,SC,Sul,2024,78.6,0
São Pedro do Ivaí,PR,Sul,2024,80.0,1
Juripiranga,PB,Nordeste,2024,55.28,0
São Pedro do Iguaçu,PR,Sul,2024,75.54,1
Taquaral de Goiás,GO,Centro-Oeste,2024,71.25,1
Tupã,SP,Sudeste,2024,55.08,0
Rio dos Cedros,SC,Sul,2024,63.92,1
Gramado,RS,Sul,2024,79.21,0
Ibirá,SP,Sudeste,2024,72.56,0
São Gotardo,MG,Sudeste,2024,57.5,1
Nova Alvorada,RS,Sul,2024,80.0,0
Campinápolis,MT,Centro-Oeste,2024,45.19,0
Antônio Prado,RS,Sul,2024,68.22,0
Agudos,SP,Sudeste,2024,61.01,1
Wenceslau Braz,MG,Sudeste,2024,53.79,1
Estação,RS,Sul,2024,74.46,0
Vargem Grande do Sul,SP,Sudeste,2024,71.16,0
Carmo de Minas,MG,Sudeste,2024,60.43,1
Bocaiúva,MG,Sudeste,2024,70.61,1
Ipaba,MG,Sudeste,2024,65.76,1
Montalvânia,MG,Sudeste,2024,53.65,1
Liberato Salzano,RS,Sul,2024,74.33,0
Seberi,RS,Sul,2024,80.0,0
Figueirão,MS,Centro-Oeste,2024,62.12,1
Serra de São Bento,RN,Nordeste,2024,34.12,1
Palmelo,GO,Centro-Oeste,2024,35.72,1
São Miguel do Anta,MG,Sudeste,2024,75.65,1
Itapira,SP,Sudeste,2024,63.71,1
Três Marias,MG,Sudeste,2024,70.22,1
Ibiracatu,MG,Sudeste,2024,66.87,1
São Simão,SP,Sudeste,2024,65.66,1
Porto Vera Cruz,RS,Sul,2024,65.93,1
Cambuí,MG,Sudeste,2024,67.59,1
Triunfo,RS,Sul,2024,68.96,0
Vila Valério,ES,Sudeste,2024,80.0,0
Divino,MG,Sudeste,2024,54.23,1
Águas de São Pedro,SP,Sudeste,2024,80.0,1
Felisburgo,MG,Sudeste,2024,56.8,1
Conquista D'Oeste,MT,Centro-Oeste,2024,47.02,1
Vila Bela da Santíssima Trindade,MT,Centro-Oeste,2024,52.17,1
Serranos,MG,Sudeste,2024,44.9,1
Três Palmeiras,RS,Sul,2024,80.0,0
Guapiara,SP,Sudeste,2024,69.06,0
Poços de Caldas,MG,Sudeste,2024,61.73,1
Frei Gaspar,MG,Sudeste,2024,56.48,1
Santa Cruz do Rio Pardo,SP,Sudeste,2024,57.25,1
Arceburgo,MG,Sudeste,2024,80.0,1
Brejo dos Santos,PB,Nordeste,2024,51.07,1
Roque Gonzales,RS,Sul,2024,76.36,0
Itaquaquecetuba,SP,Sudeste,2024,48.89,1
Guarani das Missões,RS,Sul,2024,71.9,1
Elesbão Veloso,PI,Nordeste,2024,55.01,0
Castelo,ES,Sudeste,2024,73.43,1
Perdões,MG,Sudeste,2024,72.62,1
Paquetá,PI,Nordeste,2024,80.0,0
São Raimundo Nonato,PI,Nordeste,2024,70.08,1
Caibi,SC,Sul,2024,76.16,1
Itaquaquecetuba,SP,Sudeste,2024,48.89,1
Caraúbas,PB,Nordeste,2024,53.58,1
Ribeirão Branco,SP,Sudeste,2024,57.56,1
Pitangui,MG,Sudeste,2024,80.0,0
Barbacena,MG,Sudeste,2024,62.71,1
Biritiba-Mirim,SP,Sudeste,2024,48.54,1
Barão de Melgaço,MT,Centro-Oeste,2024,63.34,0
Teutônia,RS,Sul,2024,80.0,0
Muniz Freire,ES,Sudeste,2024,80.0,1
Santos,SP,Sudeste,2024,59.92,0
Goiatuba,GO,Centro-Oeste,2024,70.09,1
Cupira,PE,Nordeste,2024,78.27,1
Lagoa de Dentro,PB,Nordeste,2024,69.61,0
Chapada da Natividade,TO,Norte,2024,54.09,0
Tapera,RS,Sul,2024,64.43,1
São João do Cariri,PB,Nordeste,2024,36.7,1
Santa Isabel,SP,Sudeste,2024,73.45,0
Águas da Prata,SP,Sudeste,2024,67.26,0
Terezópolis de Goiás,GO,Centro-Oeste,2024,61.52,1
Poço Dantas,PB,Nordeste,2024,30.45,1
Rodeio,SC,Sul,2024,60.87,1
Alta Floresta,MT,Centro-Oeste,2024,57.91,1
Bom Despacho,MG,Sudeste,2024,48.79,1
Sumaré,SP,Sudeste,2024,57.39,1
Itu,SP,Sudeste,2024,67.66,0
Triunfo,RS,Sul,2024,68.96,0
Frederico Westphalen,RS,Sul,2024,65.99,1
Alto Taquari,MT,Centro-Oeste,2024,73.52,0
Nova Santa Rita,RS,Sul,2024,61.05,1
Mulungu,PB,Nordeste,2024,60.21,0
Campos de Júlio,MT,Centro-Oeste,2024,53.38,1
Votorantim,SP,Sudeste,2024,53.97,1
Ibatiba,ES,Sudeste,2024,80.0,1
Papagaios,MG,Sudeste,2024,52.46,1
Tietê,SP,Sudeste,2024,53.53,1
Triunfo,RS,Sul,2024,68.96,0
Ritápolis,MG,Sudeste,2024,66.87,1
Passos,MG,Sudeste,2024,67.82,1
Trindade,GO,Centro-Oeste,2024,68.56,1
Itá,SC,Sul,2024,70.81,1
Schroeder,SC,Sul,2024,65.84,1
Fernandópolis,SP,Sudeste,2024,61.33,0
Estrela Velha,RS,Sul,2024,80.0,0
Itaobim,MG,Sudeste,2024,54.67,1
Fernandópolis,SP,Sudeste,2024,61.33,0
Cachoeira da Prata,MG,Sudeste,2024,56.96,1
Suzano,SP,Sudeste,2024,48.1,1
Alexânia,GO,Centro-Oeste,2024,76.84,0
Niquelândia,GO,Centro-Oeste,2024,73.95,1
Rancho Alegre,PR,Sul,2024,77.46,1
Lagoão,RS,Sul,2024,80.0,0
Nova Resende,MG,Sudeste,2024,71.01,1
Porto Grande,AP,Norte,2024,67.62,0
Bom Jesus do Galho,MG,Sudeste,2024,80.0,0
Ribeirão do Pinhal,PR,Sul,2024,80.0,1
Cabrália Paulista,SP,Sudeste,2024,79.5,0
Paranaíta,MT,Centro-Oeste,2024,63.88,1
São João da Boa Vista,SP,Sudeste,2024,58.79,1
Alvinópolis,MG,Sudeste,2024,54.12,1
Nova Floresta,PB,Nordeste,2024,68.38,0
Americana,SP,Sudeste,2024,62.11,1
Salto da Divisa,MG,Sudeste,2024,49.57,1
Bady Bassitt,SP,Sudeste,2024,59.68,1
Quarto Centenário,PR,Sul,2024,79.9,0
Pinhal Grande,RS,Sul,2024,66.33,0
Ingazeira,PE,Nordeste,2024,78.78,1
Porto Xavier,RS,Sul,2024,73.05,0
Nazaré Paulista,SP,Sudeste,2024,52.23,1
Monte Aprazível,SP,Sudeste,2024,74.54,0
Nazaré Paulista,SP,Sudeste,2024,52.23,1
Bofete,SP,Sudeste,2024,51.32,1
Água Fria de Goiás,GO,Centro-Oeste,2024,59.82,1
Vidal Ramos,SC,Sul,2024,74.32,1
Turmalina,MG,Sudeste,2024,58.26,1
São José da Bela Vista,SP,Sudeste,2024,52.91,0
Governador Dix-Sept Rosado,RN,Nordeste,2024,61.52,0
Nova Glória,GO,Centro-Oeste,2024,80.0,1
Itaguari,GO,Centro-Oeste,2024,80.0,0
São João do Caiuá,PR,Sul,2024,80.0,1
Santo Antônio de Posse,SP,Sudeste,2024,58.55,1
Tupã,SP,Sudeste,2024,55.08,0
Nazaré Paulista,SP,Sudeste,2024,52.23,1
Presidente Getúlio,SC,Sul,2024,65.13,0
Casinhas,PE,Nordeste,2024,79.54,1
Madre de Deus de Minas,MG,Sudeste,2024,71.14,0
Sabinópolis,MG,Sudeste,2024,46.78,1
Iretama,PR,Sul,2024,80.0,1
Capelinha,MG,Sudeste,2024,60.28,1
Brasil Novo,PA,Norte,2024,74.26,1
Boracéia,SP,Sudeste,2024,72.55,0
Mirassol,SP,Sudeste,2024,69.6,0
Bom Jardim de Goiás,GO,Centro-Oeste,2024,79.26,0
Piedade,SP,Sudeste,2024,62.12,1
Cristais Paulista,SP,Sudeste,2024,54.91,0
Herval,RS,Sul,2024,57.32,0
Inconfidentes,MG,Sudeste,2024,80.0,1
Santo André,SP,Sudeste,2024,57.33,1
Esperantinópolis,MA,Nordeste,2024,62.78,1
Juru,PB,Nordeste,2024,68.31,0
Antônio Carlos,MG,Sudeste,2024,78.32,0
Cristais,MG,Sudeste,2024,69.33,1
Manaíra,PB,Nordeste,2024,80.0,0
Joselândia,MA,Nordeste,2024,58.77,1
Congonhas,MG,Sudeste,2024,60.11,1
Trindade do Sul,RS,Sul,2024,80.0,0
Nova Odessa,SP,Sudeste,2024,59.09,0
Novo Cruzeiro,MG,Sudeste,2024,76.27,1
Ouro Branco,MG,Sudeste,2024,67.76,1
Salto,SP,Sudeste,2024,60.17,1
Alcântara,MA,Nordeste,2024,74.47,0
Regente Feijó,SP,Sudeste,2024,78.07,0
Timóteo,MG,Sudeste,2024,59.91,1
Harmonia,RS,Sul,2024,80.0,0
Abadiânia,GO,Centro-Oeste,2024,79.11,1
Viçosa,MG,Sudeste,2024,65.52,1
Guapé,MG,Sudeste,2024,62.11,1
Campo Novo do Parecis,MT,Centro-Oeste,2024,65.16,1
Jaú,SP,Sudeste,2024,63.12,0
Presidente Prudente,SP,Sudeste,2024,58.37,1
Tabatinga,SP,Sudeste,2024,65.32,0
Paraíso do Sul,RS,Sul,2024,80.0,0
Rio Azul,PR,Sul,2024,80.0,1
Curral Novo do Piauí,PI,Nordeste,2024,22.86,1
Socorro,SP,Sudeste,2024,55.63,1
Nova Granada,SP,Sudeste,2024,64.31,0
Barra do Chapéu,SP,Sudeste,2024,67.5,0
Carapicuíba,SP,Sudeste,2024,50.83,1
São João del Rei,MG,Sudeste,2024,59.67,1
Barão de Melgaço,MT,Centro-Oeste,2024,63.34,0
Cafelândia,SP,Sudeste,2024,64.3,0
São Francisco de Assis,RS,Sul,2024,61.82,1
Santa Terezinha,SC,Sul,2024,80.0,0
Coromandel,MG,Sudeste,2024,47.93,1
Turmalina,MG,Sudeste,2024,58.26,1
São José do Inhacorá,RS,Sul,2024,80.0,0
Nova Era,MG,Sudeste,2024,63.58,1
Angélica,MS,Centro-Oeste,2024,80.0,1
Socorro,SP,Sudeste,2024,55.63,1
Taguaí,SP,Sudeste,2024,62.14,1
Timbó,SC,Sul,2024,71.48,1
Bela Vista de Minas,MG,Sudeste,2024,66.46,1
Bom Jesus do Oeste,SC,Sul,2024,74.35,1
Araçoiaba da Serra,SP,Sudeste,2024,54.42,1
Jerônimo Monteiro,ES,Sudeste,2024,71.71,1
Cristal,RS,Sul,2024,68.53,1
Santana do Piauí,PI,Nordeste,2024,40.02,1
Araras,SP,Sudeste,2024,61.73,0
Oeiras,PI,Nordeste,2024,68.21,1
Atalanta,SC,Sul,2024,72.52,1
Juquitiba,SP,Sudeste,2024,63.43,0
Botelhos,MG,Sudeste,2024,67.86,1
Ipuã,SP,Sudeste,2024,77.52,0
São Bernardino,SC,Sul,2024,80.0,0
São João do Oeste,SC,Sul,2024,80.0,1
Anhumas,SP,Sudeste,2024,69.09,0
Nova Canaã do Norte,MT,Centro-Oeste,2024,60.45,1
Divinópolis,MG,Sudeste,2024,67.23,1
Nova Veneza,SC,Sul,2024,71.23,1
Equador,RN,Nordeste,2024,27.64,1
Ouvidor,GO,Centro-Oeste,2024,67.81,1
Jaguaraçu,MG,Sudeste,2024,65.26,1
Muniz Freire,ES,Sudeste,2024,80.0,1
Abre Campo,MG,Sudeste,2024,80.0,1
Natividade da Serra,SP,Sudeste,2024,46.55,1
Puxinanã,PB,Nordeste,2024,76.24,0
Arroio do Tigre,RS,Sul,2024,80.0,0
Guaratinguetá,SP,Sudeste,2024,60.67,0
Severínia,SP,Sudeste,2024,48.16,1
Leme do Prado,MG,Sudeste,2024,57.42,1
Campinas do Sul,RS,Sul,2024,80.0,0
Pejuçara,RS,Sul,2024,64.52,0
Pedra Preta,RN,Nordeste,2024,48.13,0
Áurea,RS,Sul,2024,80.0,0
Agudo,RS,Sul,2024,60.08,0
Almino Afonso,RN,Nordeste,2024,17.02,1
São José do Peixe,PI,Nordeste,2024,76.6,0
Santa Helena,SC,Sul,2024,78.58,0
Orobó,PE,Nordeste,2024,64.34,1
Dores de Guanhães,MG,Sudeste,2024,48.52,1
Curral Velho,PB,Nordeste,2024,44.57,1
Anhanguera,GO,Centro-Oeste,2024,80.0,1
Canaã,MG,Sudeste,2024,76.58,1
Guatambú,SC,Sul,2024,50.17,1
Patis,MG,Sudeste,2024,77.38,1
Grão Pará,SC,Sul,2024,67.57,1
Tocos do Moji,MG,Sudeste,2024,78.63,1
Santa Rita de Caldas,MG,Sudeste,2024,80.0,1
Canaã,MG,Sudeste,2024,76.58,1
São Caetano do Sul,SP,Sudeste,2024,64.1,1
Bertópolis,MG,Sudeste,2024,62.87,1
Ibaté,SP,Sudeste,2024,57.31,1
Brejetuba,ES,Sudeste,2024,69.4,1
Montes Claros de Goiás,GO,Centro-Oeste,2024,68.75,1
Satubinha,MA,Nordeste,2024,80.0,0
Canaã,MG,Sudeste,2024,76.58,1
Tuiuti,SP,Sudeste,2024,68.04,0
São Sebastião de Lagoa de Roça,PB,Nordeste,2024,66.95,0
Monte Belo,MG,Sudeste,2024,55.11,1
Seara,SC,Sul,2024,80.0,0
Pequi,MG,Sudeste,2024,66.77,1
Cabedelo,PB,Nordeste,2024,54.02,1
Bocaiúva,MG,Sudeste,2024,70.61,1
Itá,SC,Sul,2024,70.81,1
Schroeder,SC,Sul,2024,65.84,1
Planalto Alegre,SC,Sul,2024,79.63,1
Recursolândia,TO,Norte,2024,8.25,1
Altos,PI,Nordeste,2024,64.89,0
Piracicaba,SP,Sudeste,2024,58.93,1
São Miguel do Oeste,SC,Sul,2024,70.46,1
Neves Paulista,SP,Sudeste,2024,80.0,0
General Carneiro,MT,Centro-Oeste,2024,80.0,0
Paulínia,SP,Sudeste,2024,53.65,1
Chiapetta,RS,Sul,2024,78.78,0
Datas,MG,Sudeste,2024,80.0,1
Pitangui,MG,Sudeste,2024,80.0,1
São Luís do Paraitinga,SP,Sudeste,2024,74.44,0
Santo Antônio do Monte,MG,Sudeste,2024,80.0,1
Turmalina,MG,Sudeste,2024,58.26,1
Curitibanos,SC,Sul,2024,53.71,1
Embu das Artes,SP,Sudeste,2024,39.54,1
Minaçu,GO,Centro-Oeste,2024,76.32,1
Formosa do Oeste,PR,Sul,2024,80.0,1
Tapiraí,SP,Sudeste,2024,58.05,0
Monsenhor Hipólito,PI,Nordeste,2024,80.0,1
Campos do Jordão,SP,Sudeste,2024,55.98,1
São José de Piranhas,PB,Nordeste,2024,40.93,1
Carnaíba,PE,Nordeste,2024,80.0,1
Angicos,RN,Nordeste,2024,26.39,1
Lagoa Dourada,MG,Sudeste,2024,66.55,1
Mutum,MG,Sudeste,2024,64.53,1
Juruena,MT,Centro-Oeste,2024,63.07,1
Combinado,TO,Norte,2024,65.04,0
Corupá,SC,Sul,2024,64.27,1
Piracaia,SP,Sudeste,2024,62.06,0
Angatuba,SP,Sudeste,2024,53.44,1
Leme do Prado,MG,Sudeste,2024,57.42,1
Jaquirana,RS,Sul,2024,70.35,0
Benedito Novo,SC,Sul,2024,64.47,1
Itapira,SP,Sudeste,2024,63.71,0
Serrania,MG,Sudeste,2024,66.47,1
Monte Carmelo,MG,Sudeste,2024,66.33,1
Pirassununga,SP,Sudeste,2024,51.43,1
Araporã,MG,Sudeste,2024,65.56,1
Arapuã,PR,Sul,2024,58.64,1
Getúlio Vargas,RS,Sul,2024,74.54,0
Rio Bananal,ES,Sudeste,2024,75.44,1
Narandiba,SP,Sudeste,2024,57.61,1
Patos de Minas,MG,Sudeste,2024,70.88,1
Araçariguama,SP,Sudeste,2024,55.05,0
Varzelândia,MG,Sudeste,2024,52.18,1
Abdon Batista,SC,Sul,2024,73.3,1
Bonfinópolis de Minas,MG,Sudeste,2024,80.0,0
Nova Venécia,ES,Sudeste,2024,80.0,1
Vila Valério,ES,Sudeste,2024,80.0,0
Bauru,SP,Sudeste,2024,49.57,1
Amparo,SP,Sudeste,2024,56.97,1
Itapira,SP,Sudeste,2024,63.71,0
Afonso Cláudio,ES,Sudeste,2024,80.0,1
Jaguaré,ES,Sudeste,2024,73.41,1
São Raimundo das Mangabeiras,MA,Nordeste,2024,72.44,1
Corumbaíba,GO,Centro-Oeste,2024,72.79,1
Nova Venécia,ES,Sudeste,2024,80.0,1
São Carlos,SP,Sudeste,2024,56.26,1
Rio Pomba,MG,Sudeste,2024,67.71,1
Ataléia,MG,Sudeste,2024,69.2,0
Mineiros,GO,Centro-Oeste,2024,80.0,1
Santa Cruz do Rio Pardo,SP,Sudeste,2024,57.25,1
Dumont,SP,Sudeste,2024,77.25,0
Brasilândia de Minas,MG,Sudeste,2024,77.23,0
Itati,RS,Sul,2024,52.69,1
Divino,MG,Sudeste,2024,54.23,1
São José de Espinharas,PB,Nordeste,2024,60.23,0
Camalaú,PB,Nordeste,2024,42.98,1
Bonópolis,GO,Centro-Oeste,2024,54.0,1
Socorro,SP,Sudeste,2024,55.63,1
Jequeri,MG,Sudeste,2024,61.2,1
Divinolândia de Minas,MG,Sudeste,2024,69.54,1
Itapaci,GO,Centro-Oeste,2024,79.01,1
Brumadinho,MG,Sudeste,2024,71.82,1
Divino das Laranjeiras,MG,Sudeste,2024,47.5,1
Luz,MG,Sudeste,2024,58.68,1
Santa Adélia,SP,Sudeste,2024,63.89,1
Bueno Brandão,MG,Sudeste,2024,65.8,1
Ituporanga,SC,Sul,2024,66.76,1
São José da Varginha,MG,Sudeste,2024,59.26,1
Orindiúva,SP,Sudeste,2024,49.39,0
Rio Rufino,SC,Sul,2024,68.06,1
Itumbiara,GO,Centro-Oeste,2024,71.41,1
Enéas Marques,PR,Sul,2024,80.0,1
Goianira,GO,Centro-Oeste,2024,70.86,1
Santa Cecília,PB,Nordeste,2024,19.74,1
Santo Antônio de Goiás,GO,Centro-Oeste,2024,80.0,1
Jati,CE,Nordeste,2024,75.23,1
Ibiraci,MG,Sudeste,2024,39.73,1
João Alfredo,PE,Nordeste,2024,60.81,1
Irineópolis,SC,Sul,2024,73.1,1
Vera Cruz,SP,Sudeste,2024,65.56,0
Rancharia,SP,Sudeste,2024,63.34,0
Turvolândia,MG,Sudeste,2024,64.7,1
Cruzília,MG,Sudeste,2024,80.0,0
São Vicente do Sul,RS,Sul,2024,77.73,0
Herval,RS,Sul,2024,57.32,1
Itanhandu,MG,Sudeste,2024,80.0,0
São Sebastião do Rio Verde,MG,Sudeste,2024,70.28,1
Leme do Prado,MG,Sudeste,2024,57.42,1
Salvador,BA,Nordeste,2024,45.52,1
Carlos Barbosa,RS,Sul,2024,69.44,0
Capim,PB,Nordeste,2024,60.01,1
Pompéu,MG,Sudeste,2024,67.62,1
Aguanil,MG,Sudeste,2024,80.0,1
Garça,SP,Sudeste,2024,56.55,1
Cananéia,SP,Sudeste,2024,67.33,0
Franca,SP,Sudeste,2024,61.42,1
Jacuí,MG,Sudeste,2024,72.3,1
São Paulo,SP,Sudeste,2024,44.37,1
Massaranduba,SC,Sul,2024,72.41,1
Patos de Minas,MG,Sudeste,2024,70.88,1
Bonfinópolis,GO,Centro-Oeste,2024,61.67,1
Jacupiranga,SP,Sudeste,2024,66.5,0
Marília,SP,Sudeste,2024,62.61,1
Dracena,SP,Sudeste,2024,65.9,0
Vargem Alegre,MG,Sudeste,2024,80.0,1
Cabedelo,PB,Nordeste,2024,54.02,1
Conceição do Castelo,ES,Sudeste,2024,77.84,1
Caiana,MG,Sudeste,2024,62.1,1
Miraí,MG,Sudeste,2024,80.0,0
Rio Negro,PR,Sul,2024,80.0,1
Paraibuna,SP,Sudeste,2024,66.21,0
Penápolis,SP,Sudeste,2024,63.79,1
Capelinha,MG,Sudeste,2024,60.28,1
Guarabira,PB,Nordeste,2024,42.78,1
Acauã,PI,Nordeste,2024,80.0,1
Marilândia,ES,Sudeste,2024,78.73,0
Sertãozinho,PB,Nordeste,2024,56.63,1
Pio IX,PI,Nordeste,2024,42.01,1
Cristiano Otoni,MG,Sudeste,2024,73.35,1
Rio Piracicaba,MG,Sudeste,2024,77.46,1
Nova Roma do Sul,RS,Sul,2024,80.0,1
Luz,MG,Sudeste,2024,58.68,1
Igaracy,PB,Nordeste,2024,36.1,1
Santa Maria de Jetibá,ES,Sudeste,2024,80.0,0
Sacramento,MG,Sudeste,2024,66.63,1
Guaiçara,SP,Sudeste,2024,55.48,1
Angicos,RN,Nordeste,2024,26.39,1
Paulo de Faria,SP,Sudeste,2024,55.24,1
Capitólio,MG,Sudeste,2024,80.0,1
Sales,SP,Sudeste,2024,69.91,0
Pinheiros,ES,Sudeste,2024,77.69,1
Abadia dos Dourados,MG,Sudeste,2024,64.48,1
Jacuípe,AL,Nordeste,2024,58.55,1
Santa Teresa,ES,Sudeste,2024,80.0,1
São Luís do Curu,CE,Nordeste,2024,80.0,0
Santa Teresa,ES,Sudeste,2024,80.0,1
Governador Dix-Sept Rosado,RN,Nordeste,2024,61.52,0
Mara Rosa,GO,Centro-Oeste,2024,71.26,1
Embu-Guaçu,SP,Sudeste,2024,51.94,1
Juquitiba,SP,Sudeste,2024,63.43,1
Capinópolis,MG,Sudeste,2024,55.94,1
Itaju,SP,Sudeste,2024,58.17,0
Itamarandiba,MG,Sudeste,2024,62.57,1
Santo Antônio do Leste,MT,Centro-Oeste,2024,64.12,1
São Sebastião da Bela Vista,MG,Sudeste,2024,69.08,1
Croatá,CE,Nordeste,2024,80.0,1
Barra do Garças,MT,Centro-Oeste,2024,64.28,1
Maravilha,SC,Sul,2024,80.0,0
São Gonçalo do Rio Abaixo,MG,Sudeste,2024,80.0,1
Palmitinho,RS,Sul,2024,80.0,0
Agudos do Sul,PR,Sul,2024,76.47,1
Serrinha dos Pintos,RN,Nordeste,2024,61.18,0
São Tomé,RN,Nordeste,2024,27.18,1
Timbaúba dos Batistas,RN,Nordeste,2024,27.96,1
Barão de Cotegipe,RS,Sul,2024,80.0,0
Jaborandi,SP,Sudeste,2024,80.0,0
São José do Campestre,RN,Nordeste,2024,25.0,1
São Vendelino,RS,Sul,2024,80.0,0
Rosário da Limeira,MG,Sudeste,2024,59.92,1
Jaguari,RS,Sul,2024,67.37,1
Turiúba,SP,Sudeste,2024,80.0,1
Liberato Salzano,RS,Sul,2024,74.33,0
Japaraíba,MG,Sudeste,2024,72.45,1
Centenário,TO,Norte,2024,30.54,1
Santo Hipólito,MG,Sudeste,2024,62.33,1
São Valentim do Sul,RS,Sul,2024,80.0,0
Cacimba de Dentro,PB,Nordeste,2024,79.56,0
Monte Alegre do Sul,SP,Sudeste,2024,59.25,0
Araras,SP,Sudeste,2024,61.73,1
Americana,SP,Sudeste,2024,62.11,1
Sarutaiá,SP,Sudeste,2024,79.11,1
Santa Cruz da Conceição,SP,Sudeste,2024,68.76,1
Seara,SC,Sul,2024,80.0,0
Campo Redondo,RN,Nordeste,2024,31.26,1
Itapetim,PE,Nordeste,2024,67.68,1
Campina Grande,PB,Nordeste,2024,48.39,1
Crucilândia,MG,Sudeste,2024,80.0,1
Ipaussu,SP,Sudeste,2024,59.79,0
Major Sales,RN,Nordeste,2024,38.44,1
Paraisópolis,MG,Sudeste,2024,63.95,1
Três Marias,MG,Sudeste,2024,70.22,1
Mutum,MG,Sudeste,2024,64.53,1
Rio Manso,MG,Sudeste,2024,72.62,1
Domingos Martins,ES,Sudeste,2024,80.0,1
Ribeirão Bonito,SP,Sudeste,2024,79.35,0
Caiapônia,GO,Centro-Oeste,2024,77.1,1
Luz,MG,Sudeste,2024,58.68,1
Novo Horizonte,SC,Sul,2024,80.0,1
Maravilha,AL,Nordeste,2024,70.6,1
Salesópolis,SP,Sudeste,2024,67.15,0
Guairaçá,PR,Sul,2024,73.72,1
Pomerode,SC,Sul,2024,65.94,1
Itapecerica,MG,Sudeste,2024,73.56,1
Arroio do Meio,RS,Sul,2024,80.0,0
Barão de Monte Alto,MG,Sudeste,2024,66.24,1
São Marcos,RS,Sul,2024,80.0,0
Juscimeira,MT,Centro-Oeste,2024,53.79,1
Pratápolis,MG,Sudeste,2024,65.46,1
Triunfo,PE,Nordeste,2024,80.0,1
Queimada Nova,PI,Nordeste,2024,63.49,1
Limeira,SP,Sudeste,2024,65.28,0
Posse,GO,Centro-Oeste,2024,76.74,1
São João,PR,Sul,2024,80.0,1
Antônio Carlos,SC,Sul,2024,75.32,0
Itamogi,MG,Sudeste,2024,64.25,1
Caicó,RN,Nordeste,2024,42.3,1
Américo de Campos,SP,Sudeste,2024,63.29,1
Terra Roxa,SP,Sudeste,2024,69.28,1
Limeira,SP,Sudeste,2024,65.28,0
Barra do Garças,MT,Centro-Oeste,2024,64.28,1
Capinzal do Norte,MA,Nordeste,2024,42.37,1
Caturama,BA,Nordeste,2024,52.31,0
Corumbataí do Sul,PR,Sul,2024,80.0,1
Sandolândia,TO,Norte,2024,51.26,1
Cumaru,PE,Nordeste,2024,76.97,1
Brasilândia do Tocantins,TO,Norte,2024,36.84,1
Aurora,SC,Sul,2024,65.45,1
Sacramento,MG,Sudeste,2024,66.63,1
Doutor Severiano,RN,Nordeste,2024,58.21,0
Colíder,MT,Centro-Oeste,2024,54.3,1
São Lourenço,MG,Sudeste,2024,66.73,1
Rio do Oeste,SC,Sul,2024,80.0,0
Pinheiros,ES,Sudeste,2024,77.69,1
Caldeirão Grande do Piauí,PI,Nordeste,2024,80.0,1
Touros,RN,Nordeste,2024,31.91,1
Carnaubais,RN,Nordeste,2024,34.58,1
Taiobeiras,MG,Sudeste,2024,70.99,1
Vermelho Novo,MG,Sudeste,2024,74.55,1
Santa Teresa,ES,Sudeste,2024,80.0,1
Santiago do Sul,SC,Sul,2024,74.66,1
Senador Cortes,MG,Sudeste,2024,48.13,1
Edealina,GO,Centro-Oeste,2024,77.15,1
Registro,SP,Sudeste,2024,56.89,1
Pindamonhangaba,SP,Sudeste,2024,58.74,1
Lagoa dos Gatos,PE,Nordeste,2024,72.37,1
Vargem Grande Paulista,SP,Sudeste,2024,60.02,1
Iporã do Oeste,SC,Sul,2024,80.0,1
Tocantínia,TO,Norte,2024,48.88,1
Vicentinópolis,GO,Centro-Oeste,2024,78.5,1
Itarana,ES,Sudeste,2024,78.33,1
Lençóis Paulista,SP,Sudeste,2024,64.4,0
Virgem da Lapa,MG,Sudeste,2024,55.04,1
São José dos Campos,SP,Sudeste,2024,61.18,1
Alvinópolis,MG,Sudeste,2024,54.12,1
Abre Campo,MG,Sudeste,2024,80.0,1
Piquete,SP,Sudeste,2024,67.86,1
Coronel Xavier Chaves,MG,Sudeste,2024,73.66,1
Patos de Minas,MG,Sudeste,2024,70.88,1
Rio Quente,GO,Centro-Oeste,2024,79.37,1
Alfredo Chaves,ES,Sudeste,2024,75.35,1
Fortaleza dos Nogueiras,MA,Nordeste,2024,50.73,1
Santa Cruz da Baixa Verde,PE,Nordeste,2024,76.08,1
Cedral,SP,Sudeste,2024,74.02,0
Patrocínio Paulista,SP,Sudeste,2024,50.36,1
Dom Bosco,MG,Sudeste,2024,59.62,1
Ibiraçu,ES,Sudeste,2024,69.69,1
Tarumirim,MG,Sudeste,2024,71.59,1
Quatiguá,PR,Sul,2024,80.0,1
Mococa,SP,Sudeste,2024,51.87,1
Cosmorama,SP,Sudeste,2024,80.0,0
Itanhomi,MG,Sudeste,2024,47.22,1
Diamante do Sul,PR,Sul,2024,71.09,1
Juazeiro do Norte,CE,Nordeste,2024,63.78,0
Ibiara,PB,Nordeste,2024,19.37,1
Rio Claro,SP,Sudeste,2024,55.16,1
Muniz Freire,ES,Sudeste,2024,80.0,0
Alegre,ES,Sudeste,2024,69.0,1
Realeza,PR,Sul,2024,80.0,0
Lastro,PB,Nordeste,2024,27.9,1
Barcelona,RN,Nordeste,2024,59.37,1
Uruaçu,GO,Centro-Oeste,2024,71.02,1
Timburi,SP,Sudeste,2024,45.52,1
São Simão,GO,Centro-Oeste,2024,73.9,1
Mogi Guaçu,SP,Sudeste,2024,56.12,1
Parelhas,RN,Nordeste,2024,49.2,1
São Gonçalo do Abaeté,MG,Sudeste,2024,80.0,1
Santa Isabel,GO,Centro-Oeste,2024,79.56,0
Oliveira,MG,Sudeste,2024,54.71,1
Pinhalzinho,SC,Sul,2024,78.51,0
Marília,SP,Sudeste,2024,62.61,1
Capitão Andrade,MG,Sudeste,2024,46.67,1
Barão de Melgaço,MT,Centro-Oeste,2024,63.34,0
Presidente Nereu,SC,Sul,2024,56.35,1
Areado,MG,Sudeste,2024,72.21,1
Doverlândia,GO,Centro-Oeste,2024,78.47,1
Capelinha,MG,Sudeste,2024,60.28,1
Itapagipe,MG,Sudeste,2024,66.51,1
Águas Mornas,SC,Sul,2024,80.0,0
São João do Paraíso,MG,Sudeste,2024,71.98,1
Alto Horizonte,GO,Centro-Oeste,2024,68.81,1
Pavão,MG,Sudeste,2024,80.0,1
Piranguinho,MG,Sudeste,2024,71.05,1
Manhuaçu,MG,Sudeste,2024,53.58,1
Ourinhos,SP,Sudeste,2024,55.25,0
Mutum,MG,Sudeste,2024,64.53,1
Divinópolis,MG,Sudeste,2024,67.23,1
Fernando Prestes,SP,Sudeste,2024,80.0,1
Antônio Carlos,SC,Sul,2024,75.32,0
Alpinópolis,MG,Sudeste,2024,48.26,1
São Francisco de Paula,MG,Sudeste,2024,78.86,1
Rafard,SP,Sudeste,2024,80.0,0
Angicos,RN,Nordeste,2024,26.39,1
Santa Maria de Jetibá,ES,Sudeste,2024,80.0,1
Carmo do Rio Verde,GO,Centro-Oeste,2024,79.02,1
Senador Firmino,MG,Sudeste,2024,68.56,1
Itapiranga,SC,Sul,2024,72.9,1
Bela Vista do Toldo,SC,Sul,2024,80.0,1
Botuporã,BA,Nordeste,2024,65.03,0
Santa Gertrudes,SP,Sudeste,2024,63.03,1
Conselheiro Lafaiete,MG,Sudeste,2024,67.43,1
Apiacás,MT,Centro-Oeste,2024,53.82,1
Natércia,MG,Sudeste,2024,71.74,1
Divino de São Lourenço,ES,Sudeste,2024,51.59,1
Altaneira,CE,Nordeste,2024,80.0,1
Engenheiro Caldas,MG,Sudeste,2024,61.83,1
Varzelândia,MG,Sudeste,2024,52.18,1
Sucupira,TO,Norte,2024,77.95,0
Mamanguape,PB,Nordeste,2024,51.66,1
Conselheiro Lafaiete,MG,Sudeste,2024,67.43,1
Campestre da Serra,RS,Sul,2024,80.0,1
Cláudia,MT,Centro-Oeste,2024,61.97,1
São Vicente de Minas,MG,Sudeste,2024,63.39,1
Juquitiba,SP,Sudeste,2024,63.43,1
Senador Sá,CE,Nordeste,2024,80.0,1
Pariquera-Açu,SP,Sudeste,2024,67.0,0
Itariri,SP,Sudeste,2024,64.65,0
General Salgado,SP,Sudeste,2024,63.97,1
Goiás,GO,Centro-Oeste,2024,69.49,1
Canoinhas,SC,Sul,2024,74.87,1
Lagoa da Prata,MG,Sudeste,2024,73.73,1
Jussara,GO,Centro-Oeste,2024,62.46,1
Domingos Martins,ES,Sudeste,2024,80.0,1
Serrinha dos Pintos,RN,Nordeste,2024,61.18,1
Votuporanga,SP,Sudeste,2024,54.68,1
Piquerobi,SP,Sudeste,2024,60.19,0
Araraquara,SP,Sudeste,2024,59.9,1
Acreúna,GO,Centro-Oeste,2024,62.06,1
Manaíra,PB,Nordeste,2024,80.0,0
Turvelândia,GO,Centro-Oeste,2024,70.07,1
Guarani d'Oeste,SP,Sudeste,2024,80.0,0
Córrego do Ouro,GO,Centro-Oeste,2024,77.79,1
São José da Lagoa Tapada,PB,Nordeste,2024,80.0,0
Uiraúna,PB,Nordeste,2024,80.0,0
Pinheirinho do Vale,RS,Sul,2024,80.0,0
Aroeiras do Itaim,PI,Nordeste,2024,57.75,1
Jaçanã,RN,Nordeste,2024,52.38,1
São Pedro do Turvo,SP,Sudeste,2024,70.94,1
Várzea Grande,PI,Nordeste,2024,80.0,0
Itueta,MG,Sudeste,2024,59.6,1
Ciríaco,RS,Sul,2024,80.0,1
Paraíso do Sul,RS,Sul,2024,80.0,0
Anita Garibaldi,SC,Sul,2024,68.32,1
Siderópolis,SC,Sul,2024,64.7,1
São José dos Cordeiros,PB,Nordeste,2024,80.0,1
Taquaruçu do Sul,RS,Sul,2024,80.0,1
Floriano Peixoto,RS,Sul,2024,80.0,0
Argirita,MG,Sudeste,2024,59.26,1
Macaíba,RN,Nordeste,2024,36.28,0
Ribeirão Preto,SP,Sudeste,2024,45.48,1
Juruaia,MG,Sudeste,2024,78.72,1
Conselheiro Lafaiete,MG,Sudeste,2024,67.43,1
Lagoa da Prata,MG,Sudeste,2024,73.73,1
Manoel Viana,RS,Sul,2024,35.72,1
Estrela d'Oeste,SP,Sudeste,2024,58.28,1
Santa Efigênia de Minas,MG,Sudeste,2024,49.21,1
Cândido Godói,RS,Sul,2024,76.2,0
Itaú de Minas,MG,Sudeste,2024,75.2,1
Cachoeira dos Índios,PB,Nordeste,2024,48.08,1
Palma Sola,SC,Sul,2024,80.0,0
Ribeirão Pires,SP,Sudeste,2024,66.91,0
Major Gercino,SC,Sul,2024,56.12,1
Gonzaga,MG,Sudeste,2024,68.63,1
Ibiraci,MG,Sudeste,2024,39.73,1
Santa Amélia,PR,Sul,2024,80.0,1
Cuité,PB,Nordeste,2024,55.49,1
Inaciolândia,GO,Centro-Oeste,2024,76.77,1
Virgínia,MG,Sudeste,2024,61.6,1
Silvianópolis,MG,Sudeste,2024,58.35,1
Assunção do Piauí,PI,Nordeste,2024,80.0,0
Governador Lindenberg,ES,Sudeste,2024,66.72,1
Salmourão,SP,Sudeste,2024,60.91,1
Taciba,SP,Sudeste,2024,79.94,0
Luiziânia,SP,Sudeste,2024,58.85,0
Chapada dos Guimarães,MT,Centro-Oeste,2024,52.97,1
Dois Irmãos do Tocantins,TO,Norte,2024,53.8,0
Altinópolis,SP,Sudeste,2024,70.36,0
Itapecerica da Serra,SP,Sudeste,2024,57.76,1
São João do Jaguaribe,CE,Nordeste,2024,79.85,1
Novo Horizonte,SP,Sudeste,2024,64.6,1
Coração de Jesus,MG,Sudeste,2024,67.95,1
Presidente Médici,MA,Nordeste,2024,76.15,0
Limeira,SP,Sudeste,2024,65.28,1
São Vicente Ferrer,MA,Nordeste,2024,64.17,1
Colniza,MT,Centro-Oeste,2024,47.78,1
Nova Tebas,PR,Sul,2024,80.0,1
Campinorte,GO,Centro-Oeste,2024,74.74,1
Iracemápolis,SP,Sudeste,2024,62.96,0
São Bento do Sul,SC,Sul,2024,74.17,1
Ribeirão Vermelho,MG,Sudeste,2024,48.75,1
Nova Santa Bárbara,PR,Sul,2024,80.0,0
Inhapim,MG,Sudeste,2024,70.4,1
São Luíz do Norte,GO,Centro-Oeste,2024,76.07,1
Lago dos Rodrigues,MA,Nordeste,2024,80.0,1
Urucânia,MG,Sudeste,2024,59.62,1
Rio do Oeste,SC,Sul,2024,80.0,0
Miraí,MG,Sudeste,2024,80.0,0
Solonópole,CE,Nordeste,2024,80.0,1
Barbosa,SP,Sudeste,2024,67.3,0
Central de Minas,MG,Sudeste,2024,72.65,1
Lagoa da Prata,MG,Sudeste,2024,73.73,1
Querência,MT,Centro-Oeste,2024,61.52,1
Serraria,PB,Nordeste,2024,80.0,0
Ferraz de Vasconcelos,SP,Sudeste,2024,57.23,1
Eliseu Martins,PI,Nordeste,2024,80.0,0
Paraí,RS,Sul,2024,80.0,0
Jaborá,SC,Sul,2024,74.82,1
Tambaú,SP,Sudeste,2024,53.01,1
Indaiatuba,SP,Sudeste,2024,62.07,1
Santa Maria de Jetibá,ES,Sudeste,2024,80.0,1
Boca da Mata,AL,Nordeste,2024,74.59,1
Catuti,MG,Sudeste,2024,64.35,1
Ipiaçu,MG,Sudeste,2024,75.9,1
Pimenteiras,PI,Nordeste,2024,63.73,0
Americana,SP,Sudeste,2024,62.11,1
Esperança,PB,Nordeste,2024,64.55,0
Lutécia,SP,Sudeste,2024,72.92,1
Lima Campos,MA,Nordeste,2024,80.0,1
Sardoá,MG,Sudeste,2024,51.34,1
Perdigão,MG,Sudeste,2024,80.0,1
Pedra Branca,PB,Nordeste,2024,80.0,0
Cutias,AP,Norte,2024,52.37,1
Cândido Mota,SP,Sudeste,2024,73.87,0
Serrinha dos Pintos,RN,Nordeste,2024,61.18,1
Frutuoso Gomes,RN,Nordeste,2024,27.09,1
Angélica,MS,Centro-Oeste,2024,80.0,1
Pedra Bonita,MG,Sudeste,2024,64.45,1
São Sebastião da Vargem Alegre,MG,Sudeste,2024,57.79,1
Quinze de Novembro,RS,Sul,2024,70.67,1
Jaraguá,GO,Centro-Oeste,2024,80.0,1
Patis,MG,Sudeste,2024,77.38,1
Dionísio,MG,Sudeste,2024,80.0,0
Japonvar,MG,Sudeste,2024,75.72,1
Albertina,MG,Sudeste,2024,71.23,1
São Domingos do Prata,MG,Sudeste,2024,70.8,1
Venda Nova do Imigrante,ES,Sudeste,2024,80.0,1
Serra do Salitre,MG,Sudeste,2024,63.21,1
Tapurah,MT,Centro-Oeste,2024,59.92,1
Sangão,SC,Sul,2024,70.98,0
Rio Pardo de Minas,MG,Sudeste,2024,74.39,1
Betânia do Piauí,PI,Nordeste,2024,48.5,1
Várzea,PB,Nordeste,2024,56.63,1
Pindoba,AL,Nordeste,2024,36.18,1
Curral de Cima,PB,Nordeste,2024,60.93,0
São Gonçalo do Pará,MG,Sudeste,2024,64.24,1
Piedade dos Gerais,MG,Sudeste,2024,73.21,1
Icó,CE,Nordeste,2024,80.0,0
Guarulhos,SP,Sudeste,2024,45.75,1
Boa Esperança,ES,Sudeste,2024,77.19,1
Ipê,RS,Sul,2024,80.0,0
Santa Bárbara d'Oeste,SP,Sudeste,2024,58.84,1
Pitangueiras,SP,Sudeste,2024,65.71,1
Mirim Doce,SC,Sul,2024,45.55,1
Goiatins,TO,Norte,2024,18.74,1
Piraju,SP,Sudeste,2024,67.22,1
Baliza,GO,Centro-Oeste,2024,66.86,1
Rio do Campo,SC,Sul,2024,69.94,1
Dom Viçoso,MG,Sudeste,2024,80.0,1
Atibaia,SP,Sudeste,2024,72.05,0
Água Boa,MT,Centro-Oeste,2024,62.56,1
Muriaé,MG,Sudeste,2024,62.06,1
Campos Belos,GO,Centro-Oeste,2024,67.62,1
Itirapina,SP,Sudeste,2024,62.57,1
Quirinópolis,GO,Centro-Oeste,2024,69.08,1
Motuca,SP,Sudeste,2024,79.94,0
Rio Novo do Sul,ES,Sudeste,2024,78.33,0
Ouro,SC,Sul,2024,73.74,1
Leme,SP,Sudeste,2024,57.33,1
Quinze de Novembro,RS,Sul,2024,70.67,1
Piracuruca,PI,Nordeste,2024,76.3,1
Farol,PR,Sul,2024,76.57,1
Santa Maria do Tocantins,TO,Norte,2024,31.78,1
Venda Nova do Imigrante,ES,Sudeste,2024,80.0,1
Passos,MG,Sudeste,2024,67.82,1
Pinhal Grande,RS,Sul,2024,66.33,0
Catuípe,RS,Sul,2024,80.0,0
Óleo,SP,Sudeste,2024,60.93,1
Conceição do Mato Dentro,MG,Sudeste,2024,62.26,0
Vargem Grande,MA,Nordeste,2024,80.0,1
Bugre,MG,Sudeste,2024,80.0,1
Fortuna de Minas,MG,Sudeste,2024,62.69,1
Turvo,SC,Sul,2024,62.69,1
Penaforte,CE,Nordeste,2024,78.04,0
Cláudio,MG,Sudeste,2024,64.18,1
Salto Veloso,SC,Sul,2024,80.0,0
São Roque do Canaã,ES,Sudeste,2024,75.39,1
José Bonifácio,SP,Sudeste,2024,59.8,0
Atibaia,SP,Sudeste,2024,72.05,0
Ouro Branco,RN,Nordeste,2024,46.85,1
Trindade do Sul,RS,Sul,2024,80.0,0
São João da Lagoa,MG,Sudeste,2024,54.91,1
Santa Maria do Suaçuí,MG,Sudeste,2024,64.62,1
Riachinho,TO,Norte,2024,28.46,1
Alterosa,MG,Sudeste,2024,64.6,1
Serranópolis de Minas,MG,Sudeste,2024,80.0,1
Itaúna,MG,Sudeste,2024,71.43,1
Três Pontas,MG,Sudeste,2024,64.27,1
Ribeirão do Sul,SP,Sudeste,2024,75.04,0
Casa Branca,SP,Sudeste,2024,50.63,1
Populina,SP,Sudeste,2024,78.22,1
Tarumirim,MG,Sudeste,2024,71.59,1
São José dos Campos,SP,Sudeste,2024,61.18,1
Sigefredo Pacheco,PI,Nordeste,2024,50.79,1
Três Lagoas,MS,Centro-Oeste,2024,71.48,1
Congonhal,MG,Sudeste,2024,74.47,1
São Mamede,PB,Nordeste,2024,44.17,1
São Joaquim de Bicas,MG,Sudeste,2024,53.39,1
Venda Nova do Imigrante,ES,Sudeste,2024,80.0,1
Araras,SP,Sudeste,2024,61.73,1
Ouro Verde de Goiás,GO,Centro-Oeste,2024,80.0,1
Santa Rita,PB,Nordeste,2024,47.0,1
Boituva,SP,Sudeste,2024,64.65,1
Capivari,SP,Sudeste,2024,67.01,0
Matias Barbosa,MG,Sudeste,2024,62.35,1
Rondinha,RS,Sul,2024,80.0,0
Milagres do Maranhão,MA,Nordeste,2024,80.0,1
Itaberaí,GO,Centro-Oeste,2024,79.11,1
São João do Oriente,MG,Sudeste,2024,80.0,0
Brazabrantes,GO,Centro-Oeste,2024,54.03,1
Ipê,RS,Sul,2024,80.0,0
Santana do Riacho,MG,Sudeste,2024,64.05,1
Pombal,PB,Nordeste,2024,62.19,1
Estiva,MG,Sudeste,2024,73.63,1
Senador Modestino Gonçalves,MG,Sudeste,2024,76.11,1
Ipuaçu,SC,Sul,2024,62.89,1
Três Pontas,MG,Sudeste,2024,64.27,1
Fagundes Varela,RS,Sul,2024,80.0,0
Guanhães,MG,Sudeste,2024,61.34,1
Brasnorte,MT,Centro-Oeste,2024,56.56,1
Guarani das Missões,RS,Sul,2024,71.9,1
Passa e Fica,RN,Nordeste,2024,31.79,1
Miracatu,SP,Sudeste,2024,49.39,1
Pancas,ES,Sudeste,2024,80.0,1
Sousa,PB,Nordeste,2024,49.9,1
Dirce Reis,SP,Sudeste,2024,52.09,1
Luís Gomes,RN,Nordeste,2024,33.44,1
Boa Esperança,ES,Sudeste,2024,77.19,1
Alfredo Vasconcelos,MG,Sudeste,2024,73.26,1
Sem-Peixe,MG,Sudeste,2024,77.0,1
Vista Alegre,RS,Sul,2024,80.0,1
Ibiaçá,RS,Sul,2024,71.87,0
São Manoel do Paraná,PR,Sul,2024,80.0,0
Rio do Campo,SC,Sul,2024,69.94,1
Santana da Vargem,MG,Sudeste,2024,67.34,1
Quinze de Novembro,RS,Sul,2024,70.67,1
Jardim Olinda,PR,Sul,2024,54.93,1
Cerquilho,SP,Sudeste,2024,64.08,1
Itaguaçu,ES,Sudeste,2024,74.88,1
São Sebastião do Paraíso,MG,Sudeste,2024,67.85,1
Novo Cruzeiro,MG,Sudeste,2024,76.27,1
Formiga,MG,Sudeste,2024,69.05,1
Veredinha,MG,Sudeste,2024,65.08,1
São Tomás de Aquino,MG,Sudeste,2024,70.04,1
Itaipulândia,PR,Sul,2024,80.0,1
Teresina,PI,Nordeste,2024,53.41,1
Centralina,MG,Sudeste,2024,78.54,1
Monte Carmelo,MG,Sudeste,2024,66.33,1
São José dos Campos,SP,Sudeste,2024,61.18,1
Lavras,MG,Sudeste,2024,60.18,1
Cruz do Espírito Santo,PB,Nordeste,2024,60.34,0
Desterro de Entre Rios,MG,Sudeste,2024,80.0,0
Salgado Filho,PR,Sul,2024,80.0,1
Coité do Nóia,AL,Nordeste,2024,75.74,1
Alegre,ES,Sudeste,2024,69.0,1
Goianésia,GO,Centro-Oeste,2024,79.82,1
Riacho dos Machados,MG,Sudeste,2024,69.55,1
Itirapuã,SP,Sudeste,2024,74.86,1
Rafael Godeiro,RN,Nordeste,2024,37.03,1
Alto do Rodrigues,RN,Nordeste,2024,53.58,0
Teodoro Sampaio,SP,Sudeste,2024,68.95,1
Campinas,SP,Sudeste,2024,47.76,1
Nova Bandeirantes,MT,Centro-Oeste,2024,74.34,1
Coronel Freitas,SC,Sul,2024,75.16,1
Itaporanga,SP,Sudeste,2024,43.0,1
Cássia,MG,Sudeste,2024,72.14,1
Novorizonte,MG,Sudeste,2024,69.97,1
Morro Agudo de Goiás,GO,Centro-Oeste,2024,80.0,1
Cássia dos Coqueiros,SP,Sudeste,2024,69.29,1
Caturité,PB,Nordeste,2024,57.47,1
Terra Nova do Norte,MT,Centro-Oeste,2024,62.25,0
Iporanga,SP,Sudeste,2024,56.89,1
Sousa,PB,Nordeste,2024,49.9,1
Caldas,MG,Sudeste,2024,56.1,1
Faina,GO,Centro-Oeste,2024,74.61,0
Joanésia,MG,Sudeste,2024,80.0,1
Maratá,RS,Sul,2024,69.78,0
Oscar Bressane,SP,Sudeste,2024,70.12,1
Alvinópolis,MG,Sudeste,2024,54.12,1
Palmitinho,RS,Sul,2024,80.0,0
Coração de Jesus,MG,Sudeste,2024,67.95,1
Presidente Epitácio,SP,Sudeste,2024,53.56,1
Itaúna,MG,Sudeste,2024,71.43,1
Nhandeara,SP,Sudeste,2024,68.69,1
Monte Horebe,PB,Nordeste,2024,80.0,1
Goioxim,PR,Sul,2024,80.0,1
Saudades,SC,Sul,2024,80.0,1
Planaltina do Paraná,PR,Sul,2024,79.82,1
Boa Vista do Buricá,RS,Sul,2024,80.0,0
Santa Cruz do Rio Pardo,SP,Sudeste,2024,57.25,1
Indiaporã,SP,Sudeste,2024,69.58,1
Catanduvas,SC,Sul,2024,70.18,1
Pilões,RN,Nordeste,2024,67.21,0
Rolante,RS,Sul,2024,80.0,0
Olho d'Água,PB,Nordeste,2024,66.76,1
Turvânia,GO,Centro-Oeste,2024,73.74,1
Itamarati de Minas,MG,Sudeste,2024,53.26,1
Jales,SP,Sudeste,2024,59.42,1
Mantenópolis,ES,Sudeste,2024,80.0,1
Herval d'Oeste,SC,Sul,2024,57.65,1
Chiapetta,RS,Sul,2024,78.78,0
Joaçaba,SC,Sul,2024,62.61,1
Marcelino Ramos,RS,Sul,2024,74.28,1
Itariri,SP,Sudeste,2024,64.65,1
Matipó,MG,Sudeste,2024,80.0,1
Catanduva,SP,Sudeste,2024,58.62,1
Pedrinhas Paulista,SP,Sudeste,2024,71.34,0
Ervália,MG,Sudeste,2024,58.71,1
Itaúna,MG,Sudeste,2024,71.43,1
Aguaí,SP,Sudeste,2024,52.38,1
Cordeirópolis,SP,Sudeste,2024,75.28,0
Barueri,SP,Sudeste,2024,65.63,1
Alcantil,PB,Nordeste,2024,48.58,0
Alto Caparaó,MG,Sudeste,2024,80.0,1
Santa Cruz dos Milagres,PI,Nordeste,2024,57.0,1
Pedralva,MG,Sudeste,2024,55.01,1
Divino das Laranjeiras,MG,Sudeste,2024,47.5,1
Holambra,SP,Sudeste,2024,61.93,1
Cássia,MG,Sudeste,2024,72.14,1
Rio Pardo de Minas,MG,Sudeste,2024,74.39,1
Jardim do Seridó,RN,Nordeste,2024,33.95,1
Cruzeta,RN,Nordeste,2024,56.46,1
Barbacena,MG,Sudeste,2024,62.71,1
Mairiporã,SP,Sudeste,2024,59.15,1
Jaguariúna,SP,Sudeste,2024,65.65,1
Bilac,SP,Sudeste,2024,63.3,1
Jundiaí,SP,Sudeste,2024,70.94,0
Leopoldo de Bulhões,GO,Centro-Oeste,2024,78.01,0
Salto,SP,Sudeste,2024,60.17,1
Piraúba,MG,Sudeste,2024,75.54,1
Campinas do Sul,RS,Sul,2024,80.0,0
Governador Dix-Sept Rosado,RN,Nordeste,2024,61.52,0
Monteiro,PB,Nordeste,2024,59.17,1
Alvorada,TO,Norte,2024,53.11,1
Ipatinga,MG,Sudeste,2024,67.17,1
Passos,MG,Sudeste,2024,67.82,1
Teodoro Sampaio,SP,Sudeste,2024,68.95,1
Conselheiro Mairinck,PR,Sul,2024,56.22,1
Porto Feliz,SP,Sudeste,2024,74.61,0
Planalto,PR,Sul,2024,80.0,0
Parapuã,SP,Sudeste,2024,76.25,0
Ecoporanga,ES,Sudeste,2024,70.94,1
Rincão,SP,Sudeste,2024,62.42,1
Manduri,SP,Sudeste,2024,65.13,1
Bom Jesus,SC,Sul,2024,67.18,0
Grão Mogol,MG,Sudeste,2024,72.9,1
São Sebastião da Grama,SP,Sudeste,2024,67.26,1
Franca,SP,Sudeste,2024,61.42,1
Dourado,SP,Sudeste,2024,72.84,0
Aiuruoca,MG,Sudeste,2024,59.4,1
Olhos-d'Água,MG,Sudeste,2024,70.12,1
Rosana,SP,Sudeste,2024,62.92,1
Conceição do Canindé,PI,Nordeste,2024,52.61,1
Campestre,MG,Sudeste,2024,71.58,1
Braúna,SP,Sudeste,2024,80.0,0
Caiabu,SP,Sudeste,2024,50.17,1
Frutuoso Gomes,RN,Nordeste,2024,27.09,1
Vila Propício,GO,Centro-Oeste,2024,75.29,1
João Monlevade,MG,Sudeste,2024,64.07,1
Paraíso,SC,Sul,2024,80.0,1
Cândido Mota,SP,Sudeste,2024,73.87,0
Jaicós,PI,Nordeste,2024,79.14,0
Areial,PB,Nordeste,2024,80.0,0
Ribeirão Pires,SP,Sudeste,2024,66.91,1
Paula Cândido,MG,Sudeste,2024,58.13,1
Lins,SP,Sudeste,2024,75.13,1
Brejetuba,ES,Sudeste,2024,69.4,1
Sorocaba,SP,Sudeste,2024,53.15,1
Apiaí,SP,Sudeste,2024,70.29,0
Nova Veneza,SC,Sul,2024,71.23,1
Santa Rosa de Goiás,GO,Centro-Oeste,2024,80.0,1
Taquaritinga,SP,Sudeste,2024,65.07,1
Gavião Peixoto,SP,Sudeste,2024,68.99,1
Itapiranga,SC,Sul,2024,72.9,1
Matão,SP,Sudeste,2024,66.95,0
Nova Mutum,MT,Centro-Oeste,2024,66.79,1
Gurinhatã,MG,Sudeste,2024,77.39,1
Salto de Pirapora,SP,Sudeste,2024,49.9,1
Novo Alegre,TO,Norte,2024,72.98,0
Quilombo,SC,Sul,2024,69.21,1
Taquarussu,MS,Centro-Oeste,2024,79.02,1
Jequeri,MG,Sudeste,2024,61.2,1
Viadutos,RS,Sul,2024,80.0,1
Guaraci,SP,Sudeste,2024,74.77,0
Santa Bárbara d'Oeste,SP,Sudeste,2024,58.84,1
Cruzeiro do Iguaçu,PR,Sul,2024,80.0,1
Romaria,MG,Sudeste,2024,61.43,1
Cambuquira,MG,Sudeste,2024,71.0,1
Itatiba,SP,Sudeste,2024,67.53,1
Formiga,MG,Sudeste,2024,69.05,1
Salgadinho,PB,Nordeste,2024,73.86,1
Embu-Guaçu,SP,Sudeste,2024,51.94,1
Pratápolis,MG,Sudeste,2024,65.46,1
Nova Aliança,SP,Sudeste,2024,61.36,1
Buriti de Goiás,GO,Centro-Oeste,2024,80.0,1
Viadutos,RS,Sul,2024,80.0,1
Curimatá,PI,Nordeste,2024,70.09,1
Novo Mundo,MT,Centro-Oeste,2024,57.99,1
Itápolis,SP,Sudeste,2024,68.83,1
Luiz Alves,SC,Sul,2024,80.0,0
Itacambira,MG,Sudeste,2024,78.78,1
Santa Albertina,SP,Sudeste,2024,67.95,0
Canabrava do Norte,MT,Centro-Oeste,2024,41.47,1
Porto Grande,AP,Norte,2024,67.62,1
Santa Rosa de Viterbo,SP,Sudeste,2024,75.23,1
Mirassolândia,SP,Sudeste,2024,62.66,0
Itaguara,MG,Sudeste,2024,60.81,1
Pilõezinhos,PB,Nordeste,2024,80.0,0
Cruzeta,RN,Nordeste,2024,56.46,1
Queluz,SP,Sudeste,2024,64.92,1
Pato Bragado,PR,Sul,2024,80.0,1
Carmo do Paranaíba,MG,Sudeste,2024,71.94,1
São José do Rio Pardo,SP,Sudeste,2024,52.98,1
Novo Santo Antônio,MT,Centro-Oeste,2024,72.61,0
Ribeirãozinho,MT,Centro-Oeste,2024,54.05,0
Taiobeiras,MG,Sudeste,2024,70.99,1
Perdizes,MG,Sudeste,2024,69.85,1
Cariré,CE,Nordeste,2024,80.0,1
Boa Vista do Cadeado,RS,Sul,2024,72.77,0
Flórida,PR,Sul,2024,65.64,1
Carrapateira,PB,Nordeste,2024,70.72,1
Faxinal do Soturno,RS,Sul,2024,79.26,0
Américo Brasiliense,SP,Sudeste,2024,68.63,1
Antônio Almeida,PI,Nordeste,2024,80.0,0
Tapera,RS,Sul,2024,64.43,1
Santa Terezinha do Tocantins,TO,Norte,2024,60.03,0
Santa Tereza de Goiás,GO,Centro-Oeste,2024,80.0,1
Nova Bréscia,RS,Sul,2024,77.71,1
São Gonçalo do Sapucaí,MG,Sudeste,2024,76.83,1
Medeiros,MG,Sudeste,2024,80.0,0
Cerro Branco,RS,Sul,2024,73.15,0
Ribeirão dos Índios,SP,Sudeste,2024,72.08,1
Ipê,RS,Sul,2024,80.0,0
Canindé,CE,Nordeste,2024,80.0,1
São João d'Aliança,GO,Centro-Oeste,2024,80.0,1
Viadutos,RS,Sul,2024,80.0,0
Funilândia,MG,Sudeste,2024,56.12,1
Ferros,MG,Sudeste,2024,44.57,1
Rio do Campo,SC,Sul,2024,69.94,1
São José do Divino,MG,Sudeste,2024,50.96,1
Montauri,RS,Sul,2024,80.0,0
Mato Leitão,RS,Sul,2024,80.0,0
São João da Paraúna,GO,Centro-Oeste,2024,80.0,1
Sete de Setembro,RS,Sul,2024,78.78,0
Araguaiana,MT,Centro-Oeste,2024,80.0,1
Manoel Viana,RS,Sul,2024,35.72,1
Campo Azul,MG,Sudeste,2024,80.0,0
Vila Valério,ES,Sudeste,2024,80.0,1
São José do Rio Pardo,SP,Sudeste,2024,52.98,1
Andradina,SP,Sudeste,2024,60.79,1
Bom Sucesso,MG,Sudeste,2024,69.34,1
Formosa do Sul,SC,Sul,2024,67.78,1
Bauru,SP,Sudeste,2024,49.57,1
Buritama,SP,Sudeste,2024,66.64,1
São Francisco do Piauí,PI,Nordeste,2024,61.76,1
Bertioga,SP,Sudeste,2024,58.87,1
Borborema,PB,Nordeste,2024,80.0,0
São José do Rio Pardo,SP,Sudeste,2024,52.98,1
Ecoporanga,ES,Sudeste,2024,70.94,1
Graça,CE,Nordeste,2024,80.0,1
Capão Bonito,SP,Sudeste,2024,65.3,1
Dona Emma,SC,Sul,2024,80.0,1
Santa Luzia do Paruá,MA,Nordeste,2024,80.0,1
Pirangi,SP,Sudeste,2024,80.0,0
Três Pontas,MG,Sudeste,2024,64.27,1
Guareí,SP,Sudeste,2024,65.19,1
Taiobeiras,MG,Sudeste,2024,70.99,1
Baraúna,PB,Nordeste,2024,62.78,1
Iguatu,CE,Nordeste,2024,60.44,1
Diadema,SP,Sudeste,2024,47.05,1
Roque Gonzales,RS,Sul,2024,76.36,0
Itapuranga,GO,Centro-Oeste,2024,80.0,1
Lontra,MG,Sudeste,2024,66.64,1
Bom Jesus do Araguaia,MT,Centro-Oeste,2024,38.34,1
Caibaté,RS,Sul,2024,80.0,0
São Carlos,SP,Sudeste,2024,56.26,1
São João Batista do Glória,MG,Sudeste,2024,80.0,1
Ribeirão Corrente,SP,Sudeste,2024,73.16,1
Santa Rita do Sapucaí,MG,Sudeste,2024,54.67,1
Itapecerica,MG,Sudeste,2024,73.56,1
Anchieta,SC,Sul,2024,77.89,1
Bom Jesus do Sul,PR,Sul,2024,80.0,1
São Simão,SP,Sudeste,2024,65.66,1
Itaguaçu,ES,Sudeste,2024,74.88,1
Taquaruçu do Sul,RS,Sul,2024,80.0,1
Sebastianópolis do Sul,SP,Sudeste,2024,80.0,0
Prata,PB,Nordeste,2024,52.77,1
Mococa,SP,Sudeste,2024,51.87,1
São José dos Quatro Marcos,MT,Centro-Oeste,2024,80.0,0
São Gonçalo do Piauí,PI,Nordeste,2024,80.0,0
Divinolândia,SP,Sudeste,2024,56.9,1
Sericita,MG,Sudeste,2024,70.39,1
General Carneiro,MT,Centro-Oeste,2024,80.0,0
Gaurama,RS,Sul,2024,78.98,0
Alagoa,MG,Sudeste,2024,69.11,1
São Tiago,MG,Sudeste,2024,80.0,1
Mutunópolis,GO,Centro-Oeste,2024,80.0,1
Mira Estrela,SP,Sudeste,2024,64.03,1
Marília,SP,Sudeste,2024,62.61,1
Lucas do Rio Verde,MT,Centro-Oeste,2024,66.59,1
Piraúba,MG,Sudeste,2024,75.54,1
Aiuaba,CE,Nordeste,2024,75.88,0
Heliodora,MG,Sudeste,2024,53.53,1
Novo Jardim,TO,Norte,2024,29.51,1
São Joaquim da Barra,SP,Sudeste,2024,51.12,1
Atalanta,SC,Sul,2024,72.52,0
Ouro Fino,MG,Sudeste,2024,66.49,1
Taquaraçu de Minas,MG,Sudeste,2024,68.34,1
Carmo do Paranaíba,MG,Sudeste,2024,71.94,1
Santa Cruz,RN,Nordeste,2024,28.5,1
Ibitirama,ES,Sudeste,2024,74.85,1
Fama,MG,Sudeste,2024,73.24,1
Santo Antônio do Planalto,RS,Sul,2024,77.57,0
Mulungu,PB,Nordeste,2024,60.21,1
Chapadão do Céu,GO,Centro-Oeste,2024,80.0,1
Sebastião Leal,PI,Nordeste,2024,80.0,0
Milagres,CE,Nordeste,2024,76.0,1
Herculândia,SP,Sudeste,2024,80.0,1
Nova Independência,SP,Sudeste,2024,54.76,1
Ribeirão Pires,SP,Sudeste,2024,66.91,1
Caturaí,GO,Centro-Oeste,2024,70.26,1
Arroio do Tigre,RS,Sul,2024,80.0,0
São Domingos do Cariri,PB,Nordeste,2024,80.0,1
Itápolis,SP,Sudeste,2024,68.83,1
Pai Pedro,MG,Sudeste,2024,65.4,1
Dona Eusébia,MG,Sudeste,2024,52.47,1
Santana da Vargem,MG,Sudeste,2024,67.34,1
Pinhalzinho,SP,Sudeste,2024,78.39,1
José Raydan,MG,Sudeste,2024,79.22,0
Itapura,SP,Sudeste,2024,54.6,1
Pereira Barreto,SP,Sudeste,2024,68.39,1
Maria da Fé,MG,Sudeste,2024,64.13,1
São Miguel do Araguaia,GO,Centro-Oeste,2024,80.0,1
Brejetuba,ES,Sudeste,2024,69.4,1
Pinhal da Serra,RS,Sul,2024,75.04,0
Patos,PB,Nordeste,2024,49.44,1
Indiana,SP,Sudeste,2024,80.0,0
Águas Frias,SC,Sul,2024,48.72,1
Itajobi,SP,Sudeste,2024,80.0,1
Junco do Seridó,PB,Nordeste,2024,60.17,1
Manoel Emídio,PI,Nordeste,2024,80.0,1
Novo Santo Antônio,PI,Nordeste,2024,53.65,1
Ibiraci,MG,Sudeste,2024,39.73,1
São Gonçalo do Rio Preto,MG,Sudeste,2024,80.0,1
Campo Belo,MG,Sudeste,2024,71.17,1
Cidelândia,MA,Nordeste,2024,68.64,1
Cardoso,SP,Sudeste,2024,70.71,0
Araraquara,SP,Sudeste,2024,59.9,1
Bariri,SP,Sudeste,2024,67.3,1
Ipiranga de Goiás,GO,Centro-Oeste,2024,80.0,1
Santana do Jacaré,MG,Sudeste,2024,76.82,1
Pontes Gestal,SP,Sudeste,2024,72.78,1
Amaralina,GO,Centro-Oeste,2024,80.0,1
Cristina,MG,Sudeste,2024,59.84,1
Lucianópolis,SP,Sudeste,2024,75.65,0
Laranja da Terra,ES,Sudeste,2024,80.0,1
Duartina,SP,Sudeste,2024,80.0,0
Itápolis,SP,Sudeste,2024,68.83,1
Armazém,SC,Sul,2024,72.02,1
Barros Cassal,RS,Sul,2024,55.82,1
Atalaia,PR,Sul,2024,80.0,1
Belmonte,SC,Sul,2024,74.01,1
Gabriel Monteiro,SP,Sudeste,2024,80.0,1
Presidente Epitácio,SP,Sudeste,2024,53.56,1
Gouveia,MG,Sudeste,2024,75.13,1
Ouro Verde do Oeste,PR,Sul,2024,80.0,1
Álvares Florence,SP,Sudeste,2024,78.82,0
Mineiros do Tietê,SP,Sudeste,2024,51.31,1
Jauru,MT,Centro-Oeste,2024,52.12,1
Cocal de Telha,PI,Nordeste,2024,69.55,0
Lagoa Bonita do Sul,RS,Sul,2024,72.28,0
Buritizal,SP,Sudeste,2024,80.0,0
Porto Grande,AP,Norte,2024,67.62,1
Tanabi,SP,Sudeste,2024,67.59,1
Cajazeiras,PB,Nordeste,2024,56.36,1
Conde,PB,Nordeste,2024,65.28,1
Santa Rita do Passa Quatro,SP,Sudeste,2024,65.26,1
Ibaretama,CE,Nordeste,2024,71.84,0
José Bonifácio,SP,Sudeste,2024,59.8,1
Dom Aquino,MT,Centro-Oeste,2024,80.0,0
Guapiaçu,SP,Sudeste,2024,60.24,1
Astolfo Dutra,MG,Sudeste,2024,75.66,1
Petrolina de Goiás,GO,Centro-Oeste,2024,62.71,1
Rosana,SP,Sudeste,2024,62.92,1
São Braz do Piauí,PI,Nordeste,2024,80.0,0
Ouroeste,SP,Sudeste,2024,80.0,1
Campinas,SP,Sudeste,2024,47.76,1
Redentora,RS,Sul,2024,80.0,1
Pedro Avelino,RN,Nordeste,2024,26.54,1
Mãe d'Água,PB,Nordeste,2024,71.59,0
Tapiraí,MG,Sudeste,2024,77.0,1
Águas de Lindóia,SP,Sudeste,2024,64.46,0
Canavieira,PI,Nordeste,2024,55.53,1
São José de Princesa,PB,Nordeste,2024,80.0,1
Quiterianópolis,CE,Nordeste,2024,80.0,1
São Patrício,GO,Centro-Oeste,2024,80.0,1
São Domingos,SC,Sul,2024,78.68,1
Álvares Machado,SP,Sudeste,2024,58.23,1
Ouro Verde,SP,Sudeste,2024,80.0,0
Itapetininga,SP,Sudeste,2024,48.17,1
Pirapozinho,SP,Sudeste,2024,75.83,0
União do Sul,MT,Centro-Oeste,2024,63.63,1
Aruanã,GO,Centro-Oeste,2024,79.85,1
Sorriso,MT,Centro-Oeste,2024,79.21,1
Araçatuba,SP,Sudeste,2024,68.1,1
Palestina,SP,Sudeste,2024,61.63,1
Arabutã,SC,Sul,2024,79.48,1
São Mateus,ES,Sudeste,2024,69.26,1
Nova Olinda,CE,Nordeste,2024,80.0,1
Pará de Minas,MG,Sudeste,2024,57.9,1
Paulistas,MG,Sudeste,2024,71.9,1
Itapororoca,PB,Nordeste,2024,73.05,1
Vargem,SP,Sudeste,2024,75.3,0
São Simão,SP,Sudeste,2024,65.66,0
Assaré,CE,Nordeste,2024,80.0,1
Avanhandava,SP,Sudeste,2024,72.36,1
Pains,MG,Sudeste,2024,69.54,1
Silvânia,GO,Centro-Oeste,2024,80.0,1
Serra do Navio,AP,Norte,2024,39.84,1
Mundo Novo,GO,Centro-Oeste,2024,80.0,1
Presidente Venceslau,SP,Sudeste,2024,63.36,1
Cachoeira Dourada,GO,Centro-Oeste,2024,73.68,1
Redentora,RS,Sul,2024,80.0,0
Redentora,RS,Sul,2024,80.0,0
Domingos Martins,ES,Sudeste,2024,80.0,1
Caçu,GO,Centro-Oeste,2024,74.28,1
Lagoa do Sítio,PI,Nordeste,2024,18.93,1
Taquaruçu do Sul,RS,Sul,2024,80.0,1
Porangaba,SP,Sudeste,2024,71.51,0
Entre Rios de Minas,MG,Sudeste,2024,80.0,1
Ubirajara,SP,Sudeste,2024,53.91,1
Barra do Bugres,MT,Centro-Oeste,2024,55.71,1
Olímpia,SP,Sudeste,2024,64.26,1
Capitólio,MG,Sudeste,2024,80.0,1
Cambuquira,MG,Sudeste,2024,71.0,1
São Pedro do Piauí,PI,Nordeste,2024,54.3,1
Santo Antônio da Alegria,SP,Sudeste,2024,54.65,1
Morada Nova,CE,Nordeste,2024,73.22,1
Vieiras,MG,Sudeste,2024,55.31,1
Saudades,SC,Sul,2024,80.0,1
Campo Largo do Piauí,PI,Nordeste,2024,24.57,1
Bias Fortes,MG,Sudeste,2024,70.55,1
Cruzeta,RN,Nordeste,2024,56.46,0
Caucaia,CE,Nordeste,2024,69.14,0
Tejupá,SP,Sudeste,2024,74.41,0
São João da Urtiga,RS,Sul,2024,77.05,1
Bom Retiro do Sul,RS,Sul,2024,78.46,0
Dom Bosco,MG,Sudeste,2024,59.62,1
Protásio Alves,RS,Sul,2024,79.98,0
Ametista do Sul,RS,Sul,2024,54.07,1
Valparaíso,SP,Sudeste,2024,66.97,1
Rosana,SP,Sudeste,2024,62.92,1
Pratânia,SP,Sudeste,2024,60.03,0
Caconde,SP,Sudeste,2024,71.78,0
Arapuá,MG,Sudeste,2024,80.0,1
Nossa Senhora do Livramento,MT,Centro-Oeste,2024,70.38,0
Cocalzinho de Goiás,GO,Centro-Oeste,2024,79.6,1
Moeda,MG,Sudeste,2024,78.2,1
Capitão Gervásio Oliveira,PI,Nordeste,2024,67.7,1
Amparo,SP,Sudeste,2024,56.97,1
Carnaubeira da Penha,PE,Nordeste,2024,80.0,1
Acopiara,CE,Nordeste,2024,65.49,0
Itamarandiba,MG,Sudeste,2024,62.57,1
Capão do Cipó,RS,Sul,2024,80.0,0
Itainópolis,PI,Nordeste,2024,75.05,0
Sumaré,SP,Sudeste,2024,57.39,1
Nipoã,SP,Sudeste,2024,80.0,1
Olho d'Água,PB,Nordeste,2024,66.76,1
Pescador,MG,Sudeste,2024,80.0,0
Apuiarés,CE,Nordeste,2024,80.0,0
Papanduva,SC,Sul,2024,72.03,1
Santo Afonso,MT,Centro-Oeste,2024,56.69,1
Bom Jesus da Penha,MG,Sudeste,2024,55.99,1
Lucrécia,RN,Nordeste,2024,7.94,1
Patis,MG,Sudeste,2024,77.38,0
Lagoão,RS,Sul,2024,80.0,1
Viçosa,RN,Nordeste,2024,62.42,0
Lagoa Santa,GO,Centro-Oeste,2024,80.0,0
Alvarenga,MG,Sudeste,2024,45.84,1
Jacutinga,RS,Sul,2024,80.0,0
Nova Bassano,RS,Sul,2024,78.22,1
Rio Formoso,PE,Nordeste,2024,80.0,1
Areiópolis,SP,Sudeste,2024,73.52,1
Jerumenha,PI,Nordeste,2024,33.53,1
Monte Castelo,SP,Sudeste,2024,68.66,1
Cabeceiras,GO,Centro-Oeste,2024,71.31,1
Guaraíta,GO,Centro-Oeste,2024,73.75,1
Monte Alegre do Piauí,PI,Nordeste,2024,69.24,0
Ubarana,SP,Sudeste,2024,63.84,1
Lavras da Mangabeira,CE,Nordeste,2024,76.08,0
Ouro Fino,MG,Sudeste,2024,66.49,1
Araponga,MG,Sudeste,2024,52.43,1
Caucaia,CE,Nordeste,2024,69.14,0
Brazópolis,MG,Sudeste,2024,55.66,1
Palmitinho,RS,Sul,2024,80.0,0
Santana da Vargem,MG,Sudeste,2024,67.34,1
Carmo de Minas,MG,Sudeste,2024,60.43,1
Dolcinópolis,SP,Sudeste,2024,77.13,0
Monções,SP,Sudeste,2024,80.0,1
Tupiratins,TO,Norte,2024,32.22,1
Presidente Bernardes,SP,Sudeste,2024,66.81,1
Guarani,MG,Sudeste,2024,80.0,0
Brunópolis,SC,Sul,2024,68.83,1
Bela Vista da Caroba,PR,Sul,2024,77.31,1
Ararendá,CE,Nordeste,2024,80.0,1
Meruoca,CE,Nordeste,2024,80.0,1
Britânia,GO,Centro-Oeste,2024,80.0,1
Ipaporanga,CE,Nordeste,2024,80.0,1
Quintana,SP,Sudeste,2024,56.38,1
Promissão,SP,Sudeste,2024,69.41,1
Mauá,SP,Sudeste,2024,51.29,1
Presidente Epitácio,SP,Sudeste,2024,53.56,1
Oratórios,MG,Sudeste,2024,74.81,1
Jatobá do Piauí,PI,Nordeste,2024,74.79,1
Rubiataba,GO,Centro-Oeste,2024,77.9,1
Prados,MG,Sudeste,2024,74.26,1
Castelândia,GO,Centro-Oeste,2024,80.0,1
Boa Vista do Buricá,RS,Sul,2024,80.0,0
Palmeirópolis,TO,Norte,2024,53.03,1
Parelhas,RN,Nordeste,2024,49.2,1
São Miguel Arcanjo,SP,Sudeste,2024,60.81,1
Conchas,SP,Sudeste,2024,52.67,1
Matinhas,PB,Nordeste,2024,79.38,0
Nova Luzitânia,SP,Sudeste,2024,78.23,0
Machados,PE,Nordeste,2024,80.0,1
Bayeux,PB,Nordeste,2024,40.74,1
Pedra Branca,CE,Nordeste,2024,80.0,1
Mauá,SP,Sudeste,2024,51.29,1
Auriflama,SP,Sudeste,2024,70.43,1
Iracema,CE,Nordeste,2024,80.0,1
Portalegre,RN,Nordeste,2024,55.67,1
Novo Planalto,GO,Centro-Oeste,2024,80.0,1
Vianópolis,GO,Centro-Oeste,2024,80.0,1
Santa Bárbara do Tugúrio,MG,Sudeste,2024,55.44,1
Senhora de Oliveira,MG,Sudeste,2024,79.39,1
Cândido Mota,SP,Sudeste,2024,73.87,1
Senador Alexandre Costa,MA,Nordeste,2024,80.0,1
Icém,SP,Sudeste,2024,74.38,1
Guariba,SP,Sudeste,2024,71.35,1
Ijaci,MG,Sudeste,2024,73.92,1
Eldorado,SP,Sudeste,2024,65.24,1
Itanhangá,MT,Centro-Oeste,2024,80.0,0
Fortaleza,CE,Nordeste,2024,74.95,1
Rio do Oeste,SC,Sul,2024,80.0,0
Bonfinópolis de Minas,MG,Sudeste,2024,80.0,0
Maximiliano de Almeida,RS,Sul,2024,80.0,0
Vila Nova do Piauí,PI,Nordeste,2024,80.0,1
Frutuoso Gomes,RN,Nordeste,2024,27.09,1
Parobé,RS,Sul,2024,61.51,0
Mirante do Paranapanema,SP,Sudeste,2024,80.0,1
Rodolfo Fernandes,RN,Nordeste,2024,38.22,1
Ouro Verde,SC,Sul,2024,50.27,1
Arneiroz,CE,Nordeste,2024,74.62,1
São Miguel da Baixa Grande,PI,Nordeste,2024,31.36,1
Abre Campo,MG,Sudeste,2024,80.0,1
Lagoa Santa,MG,Sudeste,2024,64.72,1
Estrela do Sul,MG,Sudeste,2024,52.24,1
Irapuã,SP,Sudeste,2024,71.24,1
Guararapes,SP,Sudeste,2024,61.81,1
São João do Piauí,PI,Nordeste,2024,50.09,1
Guaimbê,SP,Sudeste,2024,80.0,1
Guará,SP,Sudeste,2024,69.43,1
Taboleiro Grande,RN,Nordeste,2024,51.04,1
Itati,RS,Sul,2024,52.69,1
Desterro do Melo,MG,Sudeste,2024,70.08,1
Esperantina,PI,Nordeste,2024,60.81,1
Fortaleza,CE,Nordeste,2024,74.95,1
Fortaleza,CE,Nordeste,2024,74.95,0
Santo Antônio do Jardim,SP,Sudeste,2024,72.81,0
Arcos,MG,Sudeste,2024,79.0,1
Laranja da Terra,ES,Sudeste,2024,80.0,1
Quixaba,PE,Nordeste,2024,80.0,1
Matão,SP,Sudeste,2024,66.95,1
Apiaí,SP,Sudeste,2024,70.29,1
Espírito Santo do Pinhal,SP,Sudeste,2024,67.8,1
Araponga,MG,Sudeste,2024,52.43,1
Caridade,CE,Nordeste,2024,80.0,1
Braúnas,MG,Sudeste,2024,73.45,0
Rio dos Índios,RS,Sul,2024,80.0,0
Agricolândia,PI,Nordeste,2024,39.55,1
Glória D'Oeste,MT,Centro-Oeste,2024,80.0,1
Igaraçu do Tietê,SP,Sudeste,2024,70.4,1
Caconde,SP,Sudeste,2024,71.78,1
Barra D'Alcântara,PI,Nordeste,2024,64.23,1
Águia Branca,ES,Sudeste,2024,80.0,1
Pacatuba,CE,Nordeste,2024,76.63,1
Saboeiro,CE,Nordeste,2024,76.08,1
Alegre,ES,Sudeste,2024,69.0,1
Jesúpolis,GO,Centro-Oeste,2024,80.0,1
Sobral,CE,Nordeste,2024,80.0,1
Itapecerica,MG,Sudeste,2024,73.56,1
Santo André,SP,Sudeste,2024,57.33,1
Farias Brito,CE,Nordeste,2024,80.0,1
Massaranduba,SC,Sul,2024,72.41,1
Guararema,SP,Sudeste,2024,67.24,1
Rodeiro,MG,Sudeste,2024,50.42,1
Marcos Parente,PI,Nordeste,2024,29.37,1
Olho d'Água,PB,Nordeste,2024,66.76,1
Currais,PI,Nordeste,2024,80.0,1
Santa Maria da Serra,SP,Sudeste,2024,55.23,1
Alvinlândia,SP,Sudeste,2024,75.18,1
Córrego Fundo,MG,Sudeste,2024,71.22,1
Ingaí,MG,Sudeste,2024,56.85,1
Rio Pardo de Minas,MG,Sudeste,2024,74.39,1
Entre Rios de Minas,MG,Sudeste,2024,80.0,1
Birigui,SP,Sudeste,2024,72.5,1
Riachão do Poço,PB,Nordeste,2024,70.13,1
Peritiba,SC,Sul,2024,80.0,1
Guzolândia,SP,Sudeste,2024,80.0,0
Indaiabira,MG,Sudeste,2024,60.09,1
Mombuca,SP,Sudeste,2024,59.84,1
Jardim do Mulato,PI,Nordeste,2024,61.92,1
Santa Ernestina,SP,Sudeste,2024,80.0,1
Potengi,CE,Nordeste,2024,80.0,1
Arealva,SP,Sudeste,2024,73.77,1
Umbuzeiro,PB,Nordeste,2024,44.74,1
Santa Inês,MA,Nordeste,2024,52.49,1
Lagoa de São Francisco,PI,Nordeste,2024,47.49,1
Anchieta,SC,Sul,2024,77.89,1
Saltinho,SP,Sudeste,2024,67.95,0
Coruripe,AL,Nordeste,2024,80.0,1
Itauçu,GO,Centro-Oeste,2024,80.0,1
Carandaí,MG,Sudeste,2024,73.09,1
Santa Rosa do Sul,SC,Sul,2024,59.55,1
Oliveira de Fátima,TO,Norte,2024,54.93,0
Fartura,SP,Sudeste,2024,65.56,1
Francinópolis,PI,Nordeste,2024,78.27,1
Nova Aurora,GO,Centro-Oeste,2024,20.79,1
Cachoeira Dourada,MG,Sudeste,2024,80.0,1
Paulistânia,SP,Sudeste,2024,44.71,1
Capistrano,CE,Nordeste,2024,77.99,1
Gália,SP,Sudeste,2024,79.07,0
Trizidela do Vale,MA,Nordeste,2024,62.49,1
Reriutaba,CE,Nordeste,2024,80.0,1
Coluna,MG,Sudeste,2024,66.67,1
Porto dos Gaúchos,MT,Centro-Oeste,2024,76.25,0
Catiguá,SP,Sudeste,2024,58.54,1
Cumari,GO,Centro-Oeste,2024,76.76,0
Bernardo do Mearim,MA,Nordeste,2024,19.1,1
Rianápolis,GO,Centro-Oeste,2024,77.08,1
Paula Cândido,MG,Sudeste,2024,58.13,1
Santa Carmem,MT,Centro-Oeste,2024,72.84,1
Campestre de Goiás,GO,Centro-Oeste,2024,79.44,1
Tejuçuoca,CE,Nordeste,2024,80.0,1
Mococa,SP,Sudeste,2024,51.87,1
Central do Maranhão,MA,Nordeste,2024,80.0,1
Lins,SP,Sudeste,2024,75.13,1
Denise,MT,Centro-Oeste,2024,61.8,1
Joaquim Pires,PI,Nordeste,2024,59.6,1
Valentim Gentil,SP,Sudeste,2024,69.19,1
Barra de São Miguel,PB,Nordeste,2024,63.73,1
Machado,MG,Sudeste,2024,63.26,1
Vitória Brasil,SP,Sudeste,2024,68.83,1
Erval Grande,RS,Sul,2024,80.0,0
Moraújo,CE,Nordeste,2024,80.0,1
São Félix do Piauí,PI,Nordeste,2024,42.27,1
São Joaquim da Barra,SP,Sudeste,2024,51.12,1
Pequeri,MG,Sudeste,2024,39.0,1
Rubiácea,SP,Sudeste,2024,57.81,1
Glaucilândia,MG,Sudeste,2024,60.93,1
Paiva,MG,Sudeste,2024,80.0,1
Santo Antônio da Barra,GO,Centro-Oeste,2024,80.0,1
Jardim,CE,Nordeste,2024,78.19,0
Belo Vale,MG,Sudeste,2024,80.0,1
Sapezal,MT,Centro-Oeste,2024,71.39,1
Quiterianópolis,CE,Nordeste,2024,80.0,1
Antônio Prado,RS,Sul,2024,68.22,1
Jacobina do Piauí,PI,Nordeste,2024,80.0,1
Riachão,PB,Nordeste,2024,56.97,1
Itatira,CE,Nordeste,2024,80.0,1
Frecheirinha,CE,Nordeste,2024,80.0,1
Sertaneja,PR,Sul,2024,80.0,1
Estrela do Indaiá,MG,Sudeste,2024,80.0,1
Vicente Dutra,RS,Sul,2024,73.49,0
Franca,SP,Sudeste,2024,61.42,1
Quiterianópolis,CE,Nordeste,2024,80.0,1
Curvelo,MG,Sudeste,2024,67.73,1
Serra Grande,PB,Nordeste,2024,46.27,1
Dom Expedito Lopes,PI,Nordeste,2024,77.56,0
Alto Araguaia,MT,Centro-Oeste,2024,74.79,1
Bento de Abreu,SP,Sudeste,2024,80.0,1
Tapera,RS,Sul,2024,64.43,1
Barão de Antonina,SP,Sudeste,2024,67.91,0
Araripe,CE,Nordeste,2024,76.18,1
Dom Inocêncio,PI,Nordeste,2024,80.0,1
Afonso Cláudio,ES,Sudeste,2024,80.0,1
Ferros,MG,Sudeste,2024,44.57,1
Rio Verde,GO,Centro-Oeste,2024,80.0,1
Lavínia,SP,Sudeste,2024,64.99,0
Junqueirópolis,SP,Sudeste,2024,77.4,1
Santo Inácio do Piauí,PI,Nordeste,2024,74.44,1
Uruana,GO,Centro-Oeste,2024,76.25,1
Monte Alegre de Goiás,GO,Centro-Oeste,2024,74.82,1
Maurilândia,GO,Centro-Oeste,2024,78.69,1
Redenção do Gurguéia,PI,Nordeste,2024,80.0,1
Santa Rita do Novo Destino,GO,Centro-Oeste,2024,80.0,1
Ametista do Sul,RS,Sul,2024,54.07,1
Palhano,CE,Nordeste,2024,72.04,1
Recife,PE,Nordeste,2024,65.29,1
Beberibe,CE,Nordeste,2024,78.39,1
São Tiago,MG,Sudeste,2024,80.0,1
Granjeiro,CE,Nordeste,2024,80.0,1
Itaóca,SP,Sudeste,2024,64.03,0
Baturité,CE,Nordeste,2024,78.18,1
Bacurituba,MA,Nordeste,2024,80.0,1
Lourdes,SP,Sudeste,2024,74.94,0
Araújos,MG,Sudeste,2024,74.92,1
Redenção da Serra,SP,Sudeste,2024,80.0,1
Nova Canaã Paulista,SP,Sudeste,2024,79.1,0
Oliveira Fortes,MG,Sudeste,2024,72.78,1
Altair,SP,Sudeste,2024,59.85,1
Bálsamo,SP,Sudeste,2024,80.0,1
Hidrolândia,CE,Nordeste,2024,80.0,1
Oliveira,MG,Sudeste,2024,54.71,1
Piquet Carneiro,CE,Nordeste,2024,80.0,1
Paulicéia,SP,Sudeste,2024,69.3,1
Abaeté,MG,Sudeste,2024,56.9,1
Tombos,MG,Sudeste,2024,60.67,1
Arenópolis,GO,Centro-Oeste,2024,80.0,1
Cajueiro da Praia,PI,Nordeste,2024,52.75,1
Nova Santa Helena,MT,Centro-Oeste,2024,79.33,0
Palmares Paulista,SP,Sudeste,2024,80.0,0
São João do Arraial,PI,Nordeste,2024,40.46,1
Viçosa do Ceará,CE,Nordeste,2024,80.0,1
Tartarugalzinho,AP,Norte,2024,39.04,1
Ariranha,SP,Sudeste,2024,66.43,1
São João do Rio do Peixe,PB,Nordeste,2024,48.11,1
Matão,SP,Sudeste,2024,66.95,1
Borborema,SP,Sudeste,2024,80.0,1
Granja,CE,Nordeste,2024,80.0,1
Poranga,CE,Nordeste,2024,80.0,1
São João da Urtiga,RS,Sul,2024,77.05,0
Aurora,CE,Nordeste,2024,73.96,0
Paial,SC,Sul,2024,72.28,0
Piratuba,SC,Sul,2024,80.0,1
Dores do Turvo,MG,Sudeste,2024,77.19,1
Uruana de Minas,MG,Sudeste,2024,58.52,1
Coivaras,PI,Nordeste,2024,78.41,1
Quixeramobim,CE,Nordeste,2024,80.0,1
União dos Palmares,AL,Nordeste,2024,80.0,1
Santa Cruz,PB,Nordeste,2024,57.29,1
Santana do Acaraú,CE,Nordeste,2024,80.0,1
Ilha Solteira,SP,Sudeste,2024,68.72,1
Morrinhos,CE,Nordeste,2024,80.0,1
Nova Alvorada,RS,Sul,2024,80.0,0
Açu,RN,Nordeste,2024,48.18,0
Entre Rios do Sul,RS,Sul,2024,79.55,1
Monte Belo do Sul,RS,Sul,2024,80.0,0
Paverama,RS,Sul,2024,66.28,1
Buritis,MG,Sudeste,2024,56.75,1
Pinheirinho do Vale,RS,Sul,2024,80.0,0
Irapuru,SP,Sudeste,2024,80.0,1
Caiçara,PB,Nordeste,2024,58.17,1
Alto Alegre,SP,Sudeste,2024,63.01,1
Alto Longá,PI,Nordeste,2024,80.0,1
Guiricema,MG,Sudeste,2024,50.41,1
Cocal,PI,Nordeste,2024,74.22,1
Ceres,GO,Centro-Oeste,2024,80.0,1
Nova Europa,SP,Sudeste,2024,55.45,1
Nova Esperança do Sul,RS,Sul,2024,80.0,0
Boqueirão do Piauí,PI,Nordeste,2024,80.0,0
Vieirópolis,PB,Nordeste,2024,35.36,1
Choró,CE,Nordeste,2024,80.0,1
Piracicaba,SP,Sudeste,2024,58.93,1
Joca Claudino,PB,Nordeste,2024,46.0,1
Pacujá,CE,Nordeste,2024,80.0,1
Castelo do Piauí,PI,Nordeste,2024,75.84,1
Westfalia,RS,Sul,2024,80.0,0
Campo Grande do Piauí,PI,Nordeste,2024,80.0,1
Três Marias,MG,Sudeste,2024,70.22,1
Camacho,MG,Sudeste,2024,80.0,1
Cabo Verde,MG,Sudeste,2024,73.25,1
Mucambo,CE,Nordeste,2024,80.0,1
Pacoti,CE,Nordeste,2024,80.0,1
Casa Grande,MG,Sudeste,2024,70.55,1
Riolândia,SP,Sudeste,2024,80.0,1
Acarape,CE,Nordeste,2024,78.41,1
Icapuí,CE,Nordeste,2024,80.0,0
Hugo Napoleão,PI,Nordeste,2024,80.0,1
Alegrete do Piauí,PI,Nordeste,2024,58.22,0
Ipiranga do Piauí,PI,Nordeste,2024,80.0,1
Parambu,CE,Nordeste,2024,80.0,1
Sanclerlândia,GO,Centro-Oeste,2024,78.37,1
Onda Verde,SP,Sudeste,2024,52.45,1
Francisco Macedo,PI,Nordeste,2024,62.8,1
Nossa Senhora de Nazaré,PI,Nordeste,2024,28.91,1
Passagem,PB,Nordeste,2024,79.59,0
Entre Rios do Oeste,PR,Sul,2024,80.0,1
Tartarugalzinho,AP,Norte,2024,39.04,1
Independência,CE,Nordeste,2024,80.0,1
Imaculada,PB,Nordeste,2024,69.22,0
Mauriti,CE,Nordeste,2024,80.0,1
São José da Laje,AL,Nordeste,2024,79.33,1
Jaci,SP,Sudeste,2024,59.85,1
Ribeiro Gonçalves,PI,Nordeste,2024,80.0,1
Varjota,CE,Nordeste,2024,80.0,1
Armazém,SC,Sul,2024,72.02,1
Itaitinga,CE,Nordeste,2024,80.0,1
Martinópole,CE,Nordeste,2024,80.0,1
Matutina,MG,Sudeste,2024,80.0,1
Adelândia,GO,Centro-Oeste,2024,80.0,1
São João da Urtiga,RS,Sul,2024,77.05,0
Jequiá da Praia,AL,Nordeste,2024,55.12,1
Simões,PI,Nordeste,2024,70.36,1
Monsenhor Tabosa,CE,Nordeste,2024,80.0,1
Maranhãozinho,MA,Nordeste,2024,76.95,1
Fortim,CE,Nordeste,2024,80.0,1
Acaraú,CE,Nordeste,2024,80.0,1
Santana do Mundaú,AL,Nordeste,2024,80.0,1
Descalvado,SP,Sudeste,2024,62.78,1
Nossa Senhora do Livramento,MT,Centro-Oeste,2024,70.38,1
Tururu,CE,Nordeste,2024,80.0,1
Cocal dos Alves,PI,Nordeste,2024,80.0,1
Teixeira,PB,Nordeste,2024,73.96,1
Modelo,SC,Sul,2024,80.0,1
Candeias,MG,Sudeste,2024,80.0,1
Planalto da Serra,MT,Centro-Oeste,2024,62.17,1
Santa Bárbara d'Oeste,SP,Sudeste,2024,58.84,1
Acaiaca,MG,Sudeste,2024,80.0,0
Logradouro,PB,Nordeste,2024,80.0,1
Banabuiú,CE,Nordeste,2024,80.0,0
Guaiúba,CE,Nordeste,2024,73.87,1
Nova Iguaçu de Goiás,GO,Centro-Oeste,2024,80.0,1
Carnaubal,CE,Nordeste,2024,80.0,1
Uruburetama,CE,Nordeste,2024,80.0,1
Camocim,CE,Nordeste,2024,80.0,1
Monsenhor Tabosa,CE,Nordeste,2024,80.0,1
Adolfo,SP,Sudeste,2024,66.25,1
Santana do Garambéu,MG,Sudeste,2024,52.65,1
Jeceaba,MG,Sudeste,2024,69.58,1
Cascavel,CE,Nordeste,2024,80.0,1
Colômbia,SP,Sudeste,2024,80.0,0
Campos Sales,CE,Nordeste,2024,80.0,1
Catarina,CE,Nordeste,2024,79.35,1
Maçambará,RS,Sul,2024,69.08,1
Araponga,MG,Sudeste,2024,52.43,1
Santa Terezinha de Goiás,GO,Centro-Oeste,2024,80.0,1
Santo Antônio do Pinhal,SP,Sudeste,2024,48.8,1
Maranguape,CE,Nordeste,2024,79.79,1
Promissão,SP,Sudeste,2024,69.41,1
Novo Oriente,CE,Nordeste,2024,80.0,1
Palmácia,CE,Nordeste,2024,80.0,1
Carlinda,MT,Centro-Oeste,2024,48.49,1
Aracati,CE,Nordeste,2024,80.0,1
Itapagé,CE,Nordeste,2024,80.0,1
Panelas,PE,Nordeste,2024,77.3,1
Abaiara,CE,Nordeste,2024,80.0,1
Afonso Cláudio,ES,Sudeste,2024,80.0,1
Tapiratiba,SP,Sudeste,2024,57.9,1
Barra Bonita,SP,Sudeste,2024,61.33,1
Nossa Senhora do Livramento,MT,Centro-Oeste,2024,70.38,1
São Tiago,MG,Sudeste,2024,80.0,1
Pedra Lavrada,PB,Nordeste,2024,76.28,1
Salgadinho,PE,Nordeste,2024,80.0,1
Ibiapina,CE,Nordeste,2024,80.0,1
Pimenta,MG,Sudeste,2024,73.93,1
Madalena,CE,Nordeste,2024,80.0,1
Nova Palmeira,PB,Nordeste,2024,62.84,1
Senador Pompeu,CE,Nordeste,2024,80.0,1
Panorama,SP,Sudeste,2024,80.0,1
Montadas,PB,Nordeste,2024,68.18,1
Riacho Frio,PI,Nordeste,2024,80.0,1
Marcolândia,PI,Nordeste,2024,80.0,1
Mombaça,CE,Nordeste,2024,80.0,1
Maracanaú,CE,Nordeste,2024,80.0,1
Getulina,SP,Sudeste,2024,54.54,1
Monsenhor Tabosa,CE,Nordeste,2024,80.0,1
Córrego do Bom Jesus,MG,Sudeste,2024,74.76,1
Apiaí,SP,Sudeste,2024,70.29,1
Crato,CE,Nordeste,2024,80.0,1
Jaguaretama,CE,Nordeste,2024,80.0,1
Maracanaú,CE,Nordeste,2024,80.0,1
Amontada,CE,Nordeste,2024,80.0,1
Tauá,CE,Nordeste,2024,80.0,1
Jesuânia,MG,Sudeste,2024,65.01,1
Paramoti,CE,Nordeste,2024,80.0,1
São João da Varjota,PI,Nordeste,2024,58.01,1
Crixás do Tocantins,TO,Norte,2024,36.17,1
Varjão,GO,Centro-Oeste,2024,80.0,1
Guarinos,GO,Centro-Oeste,2024,56.95,1
Ipu,CE,Nordeste,2024,80.0,1
Porteiras,CE,Nordeste,2024,80.0,1
Bela Vista do Piauí,PI,Nordeste,2024,64.18,1
Santa Helena,PB,Nordeste,2024,57.33,1
Campos Novos Paulista,SP,Sudeste,2024,39.06,1
Glicério,SP,Sudeste,2024,72.12,1
Francisco Dantas,RN,Nordeste,2024,50.65,1
Umari,CE,Nordeste,2024,80.0,1
Antonina do Norte,CE,Nordeste,2024,80.0,1
Caririaçu,CE,Nordeste,2024,80.0,1
Guiratinga,MT,Centro-Oeste,2024,80.0,1
Gado Bravo,PB,Nordeste,2024,78.52,0
Guaraciaba do Norte,CE,Nordeste,2024,80.0,1
Paranaiguara,GO,Centro-Oeste,2024,80.0,1
Horizonte,CE,Nordeste,2024,80.0,1
Lebon Régis,SC,Sul,2024,47.04,1
Itapiranga,SC,Sul,2024,72.9,1
Pedra do Indaiá,MG,Sudeste,2024,80.0,1
Curvelândia,MT,Centro-Oeste,2024,40.14,1
Davinópolis,GO,Centro-Oeste,2024,80.0,1
Mulungu,CE,Nordeste,2024,80.0,1
Novo Oriente do Piauí,PI,Nordeste,2024,70.76,1
Bela Cruz,CE,Nordeste,2024,80.0,1
Aquiraz,CE,Nordeste,2024,80.0,1
Missão Velha,CE,Nordeste,2024,75.55,1
Irajuba,BA,Nordeste,2024,46.57,1
Mulungu,PB,Nordeste,2024,60.21,1
Embaúba,SP,Sudeste,2024,80.0,0
Ocauçu,SP,Sudeste,2024,80.0,1
Crateús,CE,Nordeste,2024,80.0,1
Crateús,CE,Nordeste,2024,80.0,1
Santa Bárbara de Goiás,GO,Centro-Oeste,2024,78.53,1
Colônia do Gurguéia,PI,Nordeste,2024,58.67,1
Princesa Isabel,PB,Nordeste,2024,80.0,1
Sossêgo,PB,Nordeste,2024,25.43,1
Itapipoca,CE,Nordeste,2024,80.0,1
Damolândia,GO,Centro-Oeste,2024,80.0,1
General Sampaio,CE,Nordeste,2024,80.0,1
Paracuru,CE,Nordeste,2024,80.0,1
Santópolis do Aguapeí,SP,Sudeste,2024,74.82,1
Tamboril,CE,Nordeste,2024,80.0,1
Corumbataí,SP,Sudeste,2024,49.46,1
Barroquinha,CE,Nordeste,2024,80.0,1
Tianguá,CE,Nordeste,2024,80.0,1
São Gonçalo do Amarante,CE,Nordeste,2024,80.0,1
Itarema,CE,Nordeste,2024,80.0,1
Itapipoca,CE,Nordeste,2024,80.0,1
Ocara,CE,Nordeste,2024,80.0,1
Ibicuitinga,CE,Nordeste,2024,80.0,1
Jaguaribe,CE,Nordeste,2024,80.0,1
Pedranópolis,SP,Sudeste,2024,45.5,1
Crateús,CE,Nordeste,2024,80.0,1
Ferreira Gomes,AP,Norte,2024,74.45,0
Assunção,PB,Nordeste,2024,53.55,1
Cristalândia do Piauí,PI,Nordeste,2024,79.94,0
Uruoca,CE,Nordeste,2024,80.0,1
Quixelô,CE,Nordeste,2024,79.4,1
Elisiário,SP,Sudeste,2024,73.56,1
Barreira,CE,Nordeste,2024,80.0,1
Santa Quitéria,CE,Nordeste,2024,80.0,1
Ouro Velho,PB,Nordeste,2024,80.0,1
Ubajara,CE,Nordeste,2024,80.0,1
Canindé,CE,Nordeste,2024,80.0,1
São João da Serra,PI,Nordeste,2024,54.3,1
Groaíras,CE,Nordeste,2024,80.0,1
Santa Cruz do Piauí,PI,Nordeste,2024,80.0,1
Baixio,CE,Nordeste,2024,80.0,1
Ipaumirim,CE,Nordeste,2024,80.0,1
Santana dos Montes,MG,Sudeste,2024,64.44,1
Canindé,CE,Nordeste,2024,80.0,1
Tarrafas,CE,Nordeste,2024,80.0,1
Trairi,CE,Nordeste,2024,80.0,1
Nova Esperança do Sul,RS,Sul,2024,80.0,1
Faxinal do Soturno,RS,Sul,2024,79.26,1
Princesa Isabel,PB,Nordeste,2024,80.0,1
Platina,SP,Sudeste,2024,72.78,1
Jucás,CE,Nordeste,2024,80.0,1
Chaval,CE,Nordeste,2024,76.01,1
Campinas do Piauí,PI,Nordeste,2024,80.0,1
Estiva,MG,Sudeste,2024,73.63,1
Massapê,CE,Nordeste,2024,80.0,1
Pindoretama,CE,Nordeste,2024,80.0,1
Ibertioga,MG,Sudeste,2024,80.0,1
Itaueira,PI,Nordeste,2024,32.37,1
Cruz,CE,Nordeste,2024,80.0,1
Conceição,PB,Nordeste,2024,78.15,1
Olho D'Água do Piauí,PI,Nordeste,2024,65.38,1
Nova América,GO,Centro-Oeste,2024,80.0,1
Rio dos Índios,RS,Sul,2024,80.0,1
Alvarenga,MG,Sudeste,2024,45.84,1
Boa Viagem,CE,Nordeste,2024,80.0,1
São Benedito,CE,Nordeste,2024,80.0,1
Aparecida d'Oeste,SP,Sudeste,2024,69.19,1
Cascalho Rico,MG,Sudeste,2024,66.54,1
Domingos Mourão,PI,Nordeste,2024,80.0,1
Umirim,CE,Nordeste,2024,69.88,1
São Benedito,CE,Nordeste,2024,80.0,1
Dona Inês,PB,Nordeste,2024,53.98,1
Mucurici,ES,Sudeste,2024,80.0,1
Centralina,MG,Sudeste,2024,78.54,1
Capela Nova,MG,Sudeste,2024,80.0,0
Ipueiras,CE,Nordeste,2024,80.0,1
Potiretama,CE,Nordeste,2024,80.0,1
Milhã,CE,Nordeste,2024,80.0,1
Pacajus,CE,Nordeste,2024,80.0,1
Barbalha,CE,Nordeste,2024,80.0,1
Bom Jesus,PI,Nordeste,2024,80.0,1
Paraipaba,CE,Nordeste,2024,80.0,1
Jijoca de Jericoacoara,CE,Nordeste,2024,80.0,1
Redenção,CE,Nordeste,2024,80.0,1
Salto do Céu,MT,Centro-Oeste,2024,80.0,1
Várzea Alegre,CE,Nordeste,2024,80.0,1
Pentecoste,CE,Nordeste,2024,80.0,1
Irauçuba,CE,Nordeste,2024,80.0,1
São José do Piauí,PI,Nordeste,2024,80.0,1
Ernestina,RS,Sul,2024,64.9,0
Pouso Novo,RS,Sul,2024,80.0,1
Jaupaci,GO,Centro-Oeste,2024,80.0,1
Baixa Grande do Ribeiro,PI,Nordeste,2024,53.75,1
Ferreira Gomes,AP,Norte,2024,74.45,1
Jurema,PI,Nordeste,2024,80.0,1
Marapoama,SP,Sudeste,2024,80.0,1
Queimadas,PB,Nordeste,2024,80.0,1
Rio Piracicaba,MG,Sudeste,2024,77.46,1
Macaubal,SP,Sudeste,2024,80.0,1
São Pedro da União,MG,Sudeste,2024,77.42,1
Rialma,GO,Centro-Oeste,2024,70.11,1
Belo Monte,AL,Nordeste,2024,80.0,1
Planalto,SP,Sudeste,2024,75.35,1
Serra Alta,SC,Sul,2024,80.0,1
Aracoiaba,CE,Nordeste,2024,80.0,1
Quixadá,CE,Nordeste,2024,80.0,1
Atibaia,SP,Sudeste,2024,72.05,0
Vista Gaúcha,RS,Sul,2024,75.14,1
São João das Duas Pontes,SP,Sudeste,2024,80.0,1
Alto Santo,CE,Nordeste,2024,80.0,1
Guaramiranga,CE,Nordeste,2024,59.66,1
Piacatu,SP,Sudeste,2024,80.0,0
Eusébio,CE,Nordeste,2024,80.0,1
Santana de Mangueira,PB,Nordeste,2024,80.0,1
Conceição,PB,Nordeste,2024,78.15,1
Ivolândia,GO,Centro-Oeste,2024,80.0,0
Água Branca,PI,Nordeste,2024,80.0,1
Borborema,SP,Sudeste,2024,80.0,1
Paraíso,SP,Sudeste,2024,77.31,1
Betim,MG,Sudeste,2024,58.25,1
Nova Russas,CE,Nordeste,2024,80.0,1
Pedreira,SP,Sudeste,2024,80.0,1
Venha-Ver,RN,Nordeste,2024,47.31,1
Areia,PB,Nordeste,2024,80.0,1
Laranja da Terra,ES,Sudeste,2024,80.0,1
Fazenda Nova,GO,Centro-Oeste,2024,80.0,1
São Domingos das Dores,MG,Sudeste,2024,80.0,1
São José do Divino,PI,Nordeste,2024,80.0,1
Jaguaruana,CE,Nordeste,2024,80.0,1
Limoeiro do Norte,CE,Nordeste,2024,80.0,1
Tabuleiro do Norte,CE,Nordeste,2024,80.0,1
Alagoa Nova,PB,Nordeste,2024,45.33,1
Jardinópolis,SC,Sul,2024,80.0,0
Ponte Branca,MT,Centro-Oeste,2024,77.25,1
Aurilândia,GO,Centro-Oeste,2024,76.59,1
Cubati,PB,Nordeste,2024,73.11,1
Russas,CE,Nordeste,2024,80.0,1
Anicuns,GO,Centro-Oeste,2024,80.0,1
Arraial,PI,Nordeste,2024,80.0,1
Marco,CE,Nordeste,2024,80.0,1
Cariús,CE,Nordeste,2024,80.0,1
Jardim do Seridó,RN,Nordeste,2024,33.95,1
Ametista do Sul,RS,Sul,2024,54.07,1
Serra Nova Dourada,MT,Centro-Oeste,2024,67.73,1
Rubinéia,SP,Sudeste,2024,63.75,1
Iomerê,SC,Sul,2024,75.31,1
Miraíma,CE,Nordeste,2024,80.0,1
Iguatama,MG,Sudeste,2024,80.0,1
Arco-Íris,SP,Sudeste,2024,35.72,1
Iacanga,SP,Sudeste,2024,80.0,1
Chorozinho,CE,Nordeste,2024,80.0,1
Estrela do Norte,GO,Centro-Oeste,2024,69.25,1
Nova Monte Verde,MT,Centro-Oeste,2024,77.58,1
Aratuba,CE,Nordeste,2024,80.0,1
Mossâmedes,GO,Centro-Oeste,2024,80.0,1
Tupi Paulista,SP,Sudeste,2024,80.0,1
Taperoá,PB,Nordeste,2024,78.57,1
Marizópolis,PB,Nordeste,2024,80.0,1
Brejo Santo,CE,Nordeste,2024,80.0,1
Pavussu,PI,Nordeste,2024,68.54,1
Macedônia,SP,Sudeste,2024,80.0,0
Araçu,GO,Centro-Oeste,2024,77.68,1
Jaguaribara,CE,Nordeste,2024,80.0,1
Pereiro,CE,Nordeste,2024,80.0,1
Angical do Piauí,PI,Nordeste,2024,64.55,1
Sandovalina,SP,Sudeste,2024,79.23,1
Espírito Santo do Pinhal,SP,Sudeste,2024,67.8,1
Itapiúna,CE,Nordeste,2024,80.0,1
Floreal,SP,Sudeste,2024,80.0,1
Coxixola,PB,Nordeste,2024,75.76,1
Vespasiano,MG,Sudeste,2024,58.37,1
Arroio do Tigre,RS,Sul,2024,80.0,0
Nova Guataporanga,SP,Sudeste,2024,68.83,1
Magda,SP,Sudeste,2024,80.0,1
Santa Cruz de Goiás,GO,Centro-Oeste,2024,73.75,1
São João da Canabrava,PI,Nordeste,2024,80.0,1
Novo São Joaquim,MT,Centro-Oeste,2024,62.33,1
Maracaí,SP,Sudeste,2024,80.0,1
Buriti dos Montes,PI,Nordeste,2024,80.0,1
Bernardino Batista,PB,Nordeste,2024,64.46,1
Echaporã,SP,Sudeste,2024,78.18,1
Santana do Cariri,CE,Nordeste,2024,80.0,1
Ererê,CE,Nordeste,2024,80.0,1
Deputado Irapuan Pinheiro,CE,Nordeste,2024,80.0,1
Catunda,CE,Nordeste,2024,80.0,1
Fronteiras,PI,Nordeste,2024,80.0,1
Quixeré,CE,Nordeste,2024,80.0,1
Cândido Rodrigues,SP,Sudeste,2024,71.23,1
Itaiçaba,CE,Nordeste,2024,80.0,1
Faxinal do Soturno,RS,Sul,2024,79.26,1
Lins,SP,Sudeste,2024,75.13,1
Lagoinha do Piauí,PI,Nordeste,2024,80.0,1
Parisi,SP,Sudeste,2024,77.23,1
Tarumã,SP,Sudeste,2024,80.0,1
Cedro,CE,Nordeste,2024,80.0,1
Santo Expedito,SP,Sudeste,2024,80.0,1
Jaquirana,RS,Sul,2024,70.35,0
Estrela do Norte,SP,Sudeste,2024,74.08,1
Orós,CE,Nordeste,2024,80.0,1
Palmeira do Piauí,PI,Nordeste,2024,72.28,0
Conceição,PB,Nordeste,2024,78.15,1
Brunópolis,SC,Sul,2024,68.83,1
Mirante do Paranapanema,SP,Sudeste,2024,80.0,1
São Benedito,CE,Nordeste,2024,80.0,1
Caiuá,SP,Sudeste,2024,58.9,1
Cabaceiras,PB,Nordeste,2024,64.02,1
Torixoréu,MT,Centro-Oeste,2024,80.0,1
Catingueira,PB,Nordeste,2024,39.72,1
Salitre,CE,Nordeste,2024,80.0,1
Cabedelo,PB,Nordeste,2024,54.02,1
Uru,SP,Sudeste,2024,80.0,1
Landri Sales,PI,Nordeste,2024,80.0,1
Brejo Alegre,SP,Sudeste,2024,80.0,1
Uchoa,SP,Sudeste,2024,50.47,1
Rio Doce,MG,Sudeste,2024,80.0,1
São Francisco,PB,Nordeste,2024,60.48,1
Avelinópolis,GO,Centro-Oeste,2024,72.79,1
Mirante do Paranapanema,SP,Sudeste,2024,80.0,1
São Miguel de Taipu,PB,Nordeste,2024,15.73,1
Brejo do Piauí,PI,Nordeste,2024,55.21,1
Pracinha,SP,Sudeste,2024,80.0,1
João Costa,PI,Nordeste,2024,55.82,1
Papagaios,MG,Sudeste,2024,52.46,1
Pongaí,SP,Sudeste,2024,80.0,1
Tabapuã,SP,Sudeste,2024,80.0,1
Suzanápolis,SP,Sudeste,2024,80.0,1
Santa Clara d'Oeste,SP,Sudeste,2024,80.0,1
Júlio Borges,PI,Nordeste,2024,49.16,1
São João do Pau d'Alho,SP,Sudeste,2024,80.0,1
São Julião,PI,Nordeste,2024,80.0,1
Saudades,SC,Sul,2024,80.0,1
Zacarias,SP,Sudeste,2024,44.78,1
Murutinga do Sul,SP,Sudeste,2024,61.33,1
Belém do Piauí,PI,Nordeste,2024,80.0,1
Gurjão,PB,Nordeste,2024,74.35,1
Inúbia Paulista,SP,Sudeste,2024,80.0,1
Paula Cândido,MG,Sudeste,2024,58.13,1
Nhandeara,SP,Sudeste,2024,68.69,1
Sagres,SP,Sudeste,2024,71.82,1
São Pedro das Missões,RS,Sul,2024,80.0,1
Ouro Fino,MG,Sudeste,2024,66.49,1
Marinópolis,SP,Sudeste,2024,80.0,1
