id_municipio,municipio,uf,indicador,ano
1100031,Cabixi,RO,69.1,2023
1100072,Corumbiara,RO,58.2,2023
1100189,Pimenta Bueno,RO,69.73,2023
1101609,Theobroma,RO,50.7,2023
1101807,Vale do Paraíso,RO,55.69,2023
1302900,Maués,AM,53.17,2023
1303304,Novo Aripuanã,AM,72.32,2023
1500107,Abaetetuba,PA,39.73,2023
1501105,Bagre,PA,46.7,2023
1501725,Brasil Novo,PA,73.21,2023
1502103,Cametá,PA,40.41,2023
1502855,Curuá,PA,37.54,2023
1503705,Itupiranga,PA,42.67,2023
1506583,Santa Maria das Barreiras,PA,53.64,2023
1600105,Amapá,AP,31.2,2023
1600600,Santana,AP,41.76,2023
1600709,Tartarugalzinho,AP,17.66,2023
1700350,Aliança do Tocantins,TO,95.52,2023
1703602,Brasilândia do Tocantins,TO,29.73,2023
1718006,Porto Alegre do Tocantins,TO,7.57,2023
1722107,Xambioá,TO,22.0,2023
2101301,Bacuri,MA,67.67,2023
2101350,Bacurituba,MA,88.89,2023
2105351,Itaipava do Grajaú,MA,86.12,2023
2106508,Matinha,MA,63.97,2023
2106904,Monção,MA,51.98,2023
2109759,Santa Filomena do Maranhão,MA,36.45,2023
2111532,São Pedro da Água Branca,MA,32.95,2023
2111607,São Raimundo das Mangabeiras,MA,71.02,2023
2112506,Tutóia,MA,37.64,2023
2113009,Vitorino Freire,MA,51.04,2023
2203230,Currais,PI,93.16,2023
2203305,Demerval Lobão,PI,70.15,2023
2205805,Luzilândia,PI,51.73,2023
2208106,Pimenteiras,PI,60.51,2023
2208551,Porto Alegre do Piauí,PI,73.86,2023
2209203,Santa Filomena,PI,27.74,2023
2209658,São Francisco de Assis do Piauí,PI,33.64,2023
2210359,São Lourenço do Piauí,PI,100.0,2023
2210623,Sebastião Barros,PI,26.0,2023
2302305,Bela Cruz,CE,95.85,2023
2307908,Martinópole,CE,98.47,2023
2309706,Pacatuba,CE,76.03,2023
2311801,Russas,CE,92.93,2023
2400802,Angicos,RN,28.34,2023
2401453,Baraúna,RN,32.01,2023
2403608,Extremoz,RN,48.0,2023
2404903,Itaú,RN,54.71,2023
2405207,Janduís,RN,23.48,2023
2407005,Luís Gomes,RN,32.17,2023
2409308,Patu,RN,32.16,2023
2413102,Senador Elói de Souza,RN,50.36,2023
2500734,Amparo,PB,85.27,2023
2501104,Areia,PB,85.08,2023
2501500,Bananeiras,PB,51.04,2023
2502805,Brejo do Cruz,PB,53.57,2023
2503902,Camalaú,PB,36.34,2023
2505402,Desterro,PB,55.88,2023
2512200,Prata,PB,47.46,2023
2512788,Riacho de Santo Antônio,PB,78.57,2023
2513406,Santa Luzia,PB,54.82,2023
2515609,Serra da Raiz,PB,17.39,2023
2515906,Serraria,PB,83.64,2023
2606200,Goiana,PE,53.14,2023
2607752,Itapissuma,PE,77.69,2023
2610004,Palmares,PE,43.01,2023
2610509,Passira,PE,74.89,2023
2702405,Delmiro Gouveia,AL,31.11,2023
2703205,Igreja Nova,AL,47.93,2023
2705002,Mata Grande,AL,40.11,2023
2708501,São Luís do Quitunde,AL,39.59,2023
2708709,São Miguel dos Milagres,AL,34.51,2023
2803005,Itabaianinha,SE,59.05,2023
2806008,Ribeirópolis,SE,46.43,2023
2901700,Antônio Cardoso,BA,33.89,2023
2902302,Aratuípe,BA,47.9,2023
2903276,Barrocas,BA,42.08,2023
2908200,Conceição da Feira,BA,31.68,2023
2910206,Dom Macedo Costa,BA,85.87,2023
2910602,Esplanada,BA,19.87,2023
2910727,Eunápolis,BA,34.62,2023
2910776,Feira da Mata,BA,55.73,2023
2911253,Gavião,BA,60.47,2023
2913507,Iguaí,BA,49.55,2023
2917003,Itiúba,BA,27.79,2023
2917904,Jandaíra,BA,50.51,2023
2923050,Novo Triunfo,BA,21.75,2023
2925956,Rafael Jambeiro,BA,48.41,2023
2927705,Santa Cruz Cabrália,BA,40.45,2023
2928802,Santo Estêvão,BA,32.65,2023
2930105,Senhor do Bonfim,BA,19.93,2023
2930501,Serrinha,BA,25.2,2023
2932705,Uruçuca,BA,30.01,2023
3100609,Água Boa,MG,66.7,2023
3101003,Águas Vermelhas,MG,42.77,2023
3101102,Aimorés,MG,48.78,2023
3101300,Alagoa,MG,67.0,2023
3107604,Bom Jesus da Penha,MG,51.25,2023
3112653,Capitão Andrade,MG,40.45,2023
3117306,Conceição das Alagoas,MG,55.38,2023
3120839,Cuparaque,MG,98.0,2023
3122470,Dom Bosco,MG,37.5,2023
3124401,Espírito Santo do Dourado,MG,66.49,2023
3125705,Felixlândia,MG,52.03,2023
3125903,Ferros,MG,38.1,2023
3126307,Fortaleza de Minas,MG,70.59,2023
3127354,Glaucilândia,MG,57.14,2023
3129004,Guiricema,MG,44.72,2023
3130200,Igaratinga,MG,68.89,2023
3133501,Itapecerica,MG,72.37,2023
3134004,Itinga,MG,42.04,2023
3136702,Juiz de Fora,MG,58.62,2023
3138906,Machacalis,MG,62.01,2023
3144409,Natércia,MG,70.18,2023
3144508,Nazareno,MG,87.42,2023
3145505,Olímpio Noronha,MG,62.27,2023
3148004,Patos de Minas,MG,70.81,2023
3154408,Ressaquinha,MG,55.59,2023
3156502,Rubelita,MG,100.0,2023
3157203,Santa Bárbara,MG,69.91,2023
3159308,Santa Rita de Jacutinga,MG,41.62,2023
3160702,Santos Dumont,MG,55.96,2023
3165537,Sarzedo,MG,80.06,2023
3165578,Senador Amaral,MG,70.19,2023
3167608,Simonésia,MG,65.64,2023
3168903,Tiros,MG,59.26,2023
3170305,Umburatiba,MG,63.7,2023
3170909,Varzelândia,MG,59.07,2023
3200102,Afonso Cláudio,ES,87.36,2023
3200359,Alto Rio Novo,ES,64.65,2023
3200805,Baixo Guandu,ES,68.83,2023
3201407,Castelo,ES,72.21,2023
3201605,Conceição da Barra,ES,78.28,2023
3204005,Pancas,ES,80.63,2023
3204302,Presidente Kennedy,ES,68.35,2023
3204609,Santa Teresa,ES,84.05,2023
3300209,Araruama,RJ,50.86,2023
3300936,Carapebus,RJ,51.01,2023
3304102,Porciúncula,RJ,35.38,2023
3502606,Aparecida d'Oeste,SP,67.1,2023
3502705,Apiaí,SP,54.68,2023
3505906,Batatais,SP,64.89,2023
3509106,Caiuá,SP,54.71,2023
3512605,Coronel Macedo,SP,46.28,2023
3526803,Lençóis Paulista,SP,61.31,2023
3529401,Mauá,SP,45.74,2023
3530508,Mococa,SP,61.41,2023
3532207,Narandiba,SP,53.17,2023
3534500,Oscar Bressane,SP,68.23,2023
3540804,Potirendaba,SP,60.72,2023
3541505,Presidente Venceslau,SP,60.06,2023
3544251,Rosana,SP,100.0,2023
4101408,Apucarana,PR,82.14,2023
4106506,Coronel Vivida,PR,80.52,2023
4107520,Esperança Nova,PR,42.11,2023
4107553,Farol,PR,75.96,2023
4109757,Ibema,PR,72.84,2023
4116208,Morretes,PR,68.42,2023
4116604,Nova América da Colina,PR,62.54,2023
4118105,Paranacity,PR,83.27,2023
4118808,Peabiru,PR,69.48,2023
4119905,Ponta Grossa,PR,75.79,2023
4126306,Sengés,PR,80.66,2023
4127205,Terra Boa,PR,85.98,2023
4127809,Tomazina,PR,91.65,2023
4128005,Ubiratã,PR,85.59,2023
4128559,Vera Cruz do Oeste,PR,52.37,2023
4200507,Águas de Chapecó,SC,72.27,2023
4201257,Apiúna,SC,50.0,2023
4201901,Aurora,SC,62.58,2023
4203907,Capinzal,SC,72.28,2023
4207106,Ilhota,SC,38.95,2023
4208401,Itapiranga,SC,71.58,2023
4210035,Luzerna,SC,72.91,2023
4210605,Massaranduba,SC,78.49,2023
4211256,Morro Grande,SC,55.56,2023
4211306,Navegantes,SC,54.66,2023
4214300,Rancho Queimado,SC,72.73,2023
4214607,Rio do Oeste,SC,80.3,2023
4215075,Riqueza,SC,83.43,2023
4215703,Santo Amaro da Imperatriz,SC,58.19,2023
4216503,São Joaquim,SC,42.08,2023
4217253,São Pedro de Alcântara,SC,74.22,2023
4218301,Três Barras,SC,68.42,2023
4301404,Arvorezinha,RS,81.49,2023
4302154,Boa Vista das Missões,RS,77.2,2023
4302352,Bom Princípio,RS,76.24,2023
4304002,Campo Novo,RS,66.01,2023
4304705,Carazinho,RS,63.87,2023
4304952,Caseiros,RS,86.13,2023
4305405,Chiapetta,RS,85.09,2023
4306734,Doutor Maurício Cardoso,RS,76.88,2023
4306957,Entre Rios do Sul,RS,79.48,2023
4307906,Farroupilha,RS,82.8,2023
4309050,Glorinha,RS,65.09,2023
4311601,Liberato Salzano,RS,88.64,2023
4312203,Maximiliano de Almeida,RS,87.4,2023
4312252,Minas do Leão,RS,73.26,2023
4313011,Nova Candelária,RS,90.91,2023
4313037,Nova Esperança do Sul,RS,90.91,2023
4314076,Passo do Sobrado,RS,88.54,2023
4315057,Porto Mauá,RS,41.07,2023
4315305,Quaraí,RS,54.77,2023
4315701,Rio Pardo,RS,73.36,2023
4318408,São Jerônimo,RS,76.2,2023
4319406,São Pedro do Sul,RS,77.14,2023
4320263,Segredo,RS,75.0,2023
4321436,Terra de Areia,RS,66.9,2023
4323200,Victor Graeff,RS,88.92,2023
4323408,Vila Maria,RS,78.95,2023
5000609,Amambai,MS,42.01,2023
5002001,Batayporã,MS,45.7,2023
5004304,Iguatemi,MS,38.28,2023
5101803,Barra do Garças,MT,59.79,2023
5108105,Tesouro,MT,28.99,2023
5201702,Aragarças,GO,63.56,2023
5204706,Campinorte,GO,73.78,2023
5217104,Piracanjuba,GO,67.96,2023
5221304,Três Ranchos,GO,79.46,2023
5221403,Trindade,GO,66.34,2023
5221601,Uruaçu,GO,70.42,2023
1100502,Novo Horizonte do Oeste,RO,72.53,2023
1101492,São Francisco do Guaporé,RO,65.79,2023
1300904,Canutama,AM,84.63,2023
1301209,Coari,AM,47.15,2023
1302108,Japurá,AM,77.3,2023
1302603,Manaus,AM,54.32,2023
1501758,Brejo Grande do Araguaia,PA,61.58,2023
1502004,Cachoeira do Arari,PA,57.05,2023
1502608,Colares,PA,54.39,2023
1503044,Floresta do Araguaia,PA,47.77,2023
1701051,Angico,TO,40.16,2023
1703891,Carrasco Bonito,TO,34.09,2023
1710508,Itacajá,TO,60.46,2023
1711902,Lagoa da Confusão,TO,26.02,2023
1712009,Lajeado,TO,40.45,2023
1713304,Miranorte,TO,52.55,2023
2100055,Açailândia,MA,39.59,2023
2100501,Alto Parnaíba,MA,46.76,2023
2101970,Boa Vista do Gurupi,MA,59.99,2023
2102556,Campestre do Maranhão,MA,64.72,2023
2103000,Caxias,MA,43.75,2023
2103752,Davinópolis,MA,66.75,2023
2106631,Matões do Norte,MA,63.8,2023
2111078,São João do Soter,MA,24.38,2023
2202455,Capitão Gervásio Oliveira,PI,65.3,2023
2202703,Cocal,PI,73.16,2023
2207306,Paes Landim,PI,51.76,2023
2207355,Pajeú do Piauí,PI,66.01,2023
2210805,Simplício Mendes,PI,88.71,2023
2210953,Tamboril do Piauí,PI,68.75,2023
2211100,União,PI,26.82,2023
2300903,Apuiarés,CE,80.8,2023
2301307,Araripe,CE,75.5,2023
2301406,Aratuba,CE,46.15,2023
2301505,Arneiroz,CE,73.64,2023
2302404,Boa Viagem,CE,80.04,2023
2303402,Carnaubal,CE,87.03,2023
2304350,Forquilha,CE,100.0,2023
2306207,Itaiçaba,CE,91.32,2023
2307502,Lavras da Mangabeira,CE,75.38,2023
2309508,Orós,CE,90.9,2023
2311504,Quixeré,CE,86.21,2023
2312304,São Benedito,CE,96.93,2023
2313401,Tianguá,CE,84.36,2023
2313559,Tururu,CE,89.24,2023
2400505,Alexandria,RN,17.76,2023
2402402,Carnaúba dos Dantas,RN,65.52,2023
2403103,Currais Novos,RN,41.2,2023
2409407,Pau dos Ferros,RN,38.86,2023
2410405,Pureza,RN,40.0,2023
2410603,Rafael Godeiro,RN,29.93,2023
2410702,Riacho da Cruz,RN,14.29,2023
2412203,São José de Mipibu,RN,33.43,2023
2412708,São Pedro,RN,42.86,2023
2414159,Tenente Laurentino Cruz,RN,44.64,2023
2500403,Alagoa Nova,PB,38.94,2023
2500700,São João do Rio do Peixe,PB,42.09,2023
2500809,Araçagi,PB,64.03,2023
2501609,Barra de Santa Rosa,PB,56.39,2023
2504074,Caraúbas,PB,48.41,2023
2514602,São José do Bonfim,PB,11.97,2023
2516805,Triunfo,PB,50.08,2023
2517407,Zabelê,PB,91.18,2023
2600807,Altinho,PE,58.41,2023
2603900,Carnaíba,PE,91.81,2023
2609105,Machados,PE,86.88,2023
2609907,Ouricuri,PE,36.16,2023
2611507,Quipapá,PE,48.12,2023
2612208,Salgueiro,PE,75.94,2023
2615706,Triunfo,PE,82.65,2023
2703502,Jacuípe,AL,54.29,2023
2703759,Jequiá da Praia,AL,50.22,2023
2704807,Maribondo,AL,46.59,2023
2705309,Minador do Negrão,AL,30.02,2023
2706422,Pariconha,AL,27.78,2023
2708105,Santana do Mundaú,AL,98.87,2023
2801405,Carira,SE,33.52,2023
2804409,Neópolis,SE,23.66,2023
2804607,Nossa Senhora das Dores,SE,46.43,2023
2805901,Riachuelo,SE,11.32,2023
2806503,Santa Rosa de Lima,SE,25.0,2023
2900108,Abaíra,BA,34.57,2023
2902005,Aracatu,BA,41.95,2023
2904753,Buritirama,BA,13.04,2023
2908507,Conceição do Jacuípe,BA,34.3,2023
2913002,Ibitiara,BA,62.17,2023
2917334,Iuiú,BA,49.03,2023
2917359,Jaborandi,BA,40.89,2023
2921401,Mirangaba,BA,33.73,2023
2925600,Presidente Dutra,BA,21.28,2023
2926905,Rio do Pires,BA,36.5,2023
2927101,Rodelas,BA,23.27,2023
2929354,São José da Vitória,BA,31.3,2023
3101706,Almenara,MG,39.24,2023
3101904,Alpinópolis,MG,42.26,2023
3102209,Alvarenga,MG,39.52,2023
3105905,Barroso,MG,73.7,2023
3108404,Botelhos,MG,65.49,2023
3110509,Camanducaia,MG,54.64,2023
3113909,Carmo da Cachoeira,MG,74.34,2023
3115706,Central de Minas,MG,71.27,2023
3117702,Conceição do Rio Verde,MG,89.94,2023
3118908,Cordisburgo,MG,65.59,2023
3122702,Dom Silvério,MG,66.83,2023
3123502,Douradoquara,MG,66.67,2023
3125952,Fervedouro,MG,66.12,2023
3126802,Frei Gaspar,MG,51.82,2023
3128105,Guapé,MG,58.55,2023
3134103,Itueta,MG,100.0,2023
3134806,Jacuí,MG,70.85,2023
3136553,José Raydan,MG,79.09,2023
3136603,Nova União,MG,47.99,2023
3142601,Monsenhor Paulo,MG,62.69,2023
3144706,Nova Era,MG,60.32,2023
3145059,Nova Porteirinha,MG,41.56,2023
3145208,Nova Serrana,MG,54.95,2023
3145372,Novorizonte,MG,68.05,2023
3146008,Ouro Fino,MG,80.0,2023
3146107,Ouro Preto,MG,64.92,2023
3146206,Ouro Verde de Minas,MG,51.25,2023
3148004,Patos de Minas,MG,70.3,2023
3155603,Rio Pardo de Minas,MG,73.36,2023
3159605,Santa Rita do Sapucaí,MG,90.34,2023
3159605,Santa Rita do Sapucaí,MG,49.69,2023
3161106,São Francisco,MG,45.24,2023
3161502,São Geraldo,MG,81.24,2023
3164407,São Sebastião da Bela Vista,MG,66.97,2023
3164605,São Sebastião do Oeste,MG,71.5,2023
3165602,Senador Cortes,MG,42.11,2023
3166105,Senhora do Porto,MG,46.56,2023
3166501,Serra Azul de Minas,MG,55.0,2023
3169703,Turmalina,MG,54.71,2023
3170206,Uberlândia,MG,57.02,2023
3170750,Varjão de Minas,MG,57.22,2023
3200706,Atilio Vivacqua,ES,74.57,2023
3204104,Pinheiros,ES,77.7,2023
3204559,Santa Maria de Jetibá,ES,85.48,2023
3204559,Santa Maria de Jetibá,ES,85.82,2023
3300159,Aperibé,RJ,59.34,2023
3301900,Itaboraí,RJ,51.3,2023
3302007,Itaguaí,RJ,42.05,2023
3303500,Nova Iguaçu,RJ,33.23,2023
3303955,Pinheiral,RJ,51.35,2023
3305158,São José do Vale do Rio Preto,RJ,71.41,2023
3501400,Álvaro de Carvalho,SP,54.76,2023
3504008,Assis,SP,43.37,2023
3506904,Bofete,SP,45.78,2023
3509809,Campos Novos Paulista,SP,32.08,2023
3513009,Cotia,SP,50.73,2023
3515129,Emilianópolis,SP,47.92,2023
3523305,Itariri,SP,57.26,2023
3534302,Orlândia,SP,44.94,2023
3542800,Ribeira,SP,62.9,2023
3543105,Ribeirão Corrente,SP,71.89,2023
3543907,Rio Claro,SP,50.27,2023
3549409,São Joaquim da Barra,SP,52.89,2023
3554508,Tietê,SP,48.35,2023
3555604,Uchoa,SP,44.79,2023
3556354,Vargem,SP,74.45,2023
3556958,Vitória Brasil,SP,66.67,2023
4100103,Abatiá,PR,56.08,2023
4102307,Balsa Nova,PR,75.83,2023
4102703,Barra do Jacaré,PR,62.96,2023
4103958,Campina do Simão,PR,85.54,2023
4104204,Campo Largo,PR,73.34,2023
4104808,Cascavel,PR,80.11,2023
4107108,Diamante do Norte,PR,72.99,2023
4107256,Douradina,PR,50.3,2023
4112306,Japira,PR,75.69,2023
4114609,Marechal Cândido Rondon,PR,75.3,2023
4116307,Munhoz de Melo,PR,53.23,2023
4117305,Ortigueira,PR,92.31,2023
4117305,Ortigueira,PR,62.63,2023
4118709,Paulo Frontin,PR,90.71,2023
4120507,Primeiro de Maio,PR,51.44,2023
4120655,Quarto Centenário,PR,79.88,2023
4122206,Rio Branco do Sul,PR,62.29,2023
4128633,Doutor Ulysses,PR,76.32,2023
4201000,Anita Garibaldi,SC,61.46,2023
4202404,Blumenau,SC,63.89,2023
4202909,Brusque,SC,68.68,2023
4203600,Campos Novos,SC,61.52,2023
4205605,Galvão,SC,80.83,2023
4206504,Guaramirim,SC,70.33,2023
4206652,Guatambú,SC,66.67,2023
4208104,Itaiópolis,SC,60.94,2023
4209805,Leoberto Leal,SC,75.0,2023
4209904,Lontras,SC,33.33,2023
4212403,Pedras Grandes,SC,81.73,2023
4214904,Rio Fortuna,SC,78.36,2023
4215307,Salete,SC,78.0,2023
4217956,Tigrinhos,SC,79.06,2023
4218103,Timbé do Sul,SC,71.29,2023
4302105,Bento Gonçalves,RS,74.0,2023
4302907,Cacequi,RS,55.89,2023
4306106,Cruz Alta,RS,58.96,2023
4307203,Erval Grande,RS,91.99,2023
4308078,Fazenda Vilanova,RS,80.0,2023
4308201,Flores da Cunha,RS,80.35,2023
4308508,Frederico Westphalen,RS,83.01,2023
4309001,Giruá,RS,77.82,2023
4310306,Ilópolis,RS,100.0,2023
4312351,Montauri,RS,100.0,2023
4313409,Novo Hamburgo,RS,62.48,2023
4314464,Pinhal da Serra,RS,74.14,2023
4317707,Santo Antônio das Missões,RS,77.06,2023
4318002,São Borja,RS,65.4,2023
4318622,São José dos Ausentes,RS,61.59,2023
4319737,São Valério do Sul,RS,71.43,2023
4321907,Três Passos,RS,73.91,2023
4322376,Unistalda,RS,58.82,2023
4322855,Vespasiano Correa,RS,81.25,2023
4323606,Vista Alegre do Prata,RS,95.03,2023
5002100,Bela Vista,MS,43.77,2023
5002209,Bonito,MS,53.37,2023
5007935,Sonora,MS,47.5,2023
5008305,Três Lagoas,MS,69.86,2023
5100805,Apiacás,MT,58.01,2023
5101001,Araguaiana,MT,100.0,2023
5103601,Dom Aquino,MT,88.28,2023
5103809,Figueirópolis D'Oeste,MT,86.02,2023
5104906,Jangada,MT,55.89,2023
5105101,Juara,MT,49.53,2023
5106422,Peixoto de Azevedo,MT,36.06,2023
5106802,Porto dos Gaúchos,MT,75.58,2023
5107743,Santa Cruz do Xingu,MT,53.52,2023
5107768,Santa Rita do Trivelato,MT,64.77,2023
5108006,Tapurah,MT,55.92,2023
5200100,Abadiânia,GO,78.96,2023
5204102,Cachoeira Alta,GO,73.19,2023
5205455,Cezarina,GO,41.26,2023
5209101,Goiatuba,GO,68.19,2023
5210901,Itapaci,GO,78.84,2023
5218706,Rianápolis,GO,76.56,2023
5219738,Santo Antônio de Goiás,GO,91.99,2023
5220686,Simolândia,GO,86.31,2023
1101500,Seringueiras,RO,63.02,2023
1300201,Atalaia do Norte,AM,54.2,2023
1300706,Boca do Acre,AM,59.09,2023
1303700,Santo Antônio do Içá,AM,59.68,2023
1304005,Silves,AM,40.1,2023
1501402,Belém,PA,48.22,2023
1505205,Oeiras do Pará,PA,18.54,2023
1505908,Porto de Moz,PA,72.52,2023
1507755,Sapucaia,PA,79.88,2023
1508100,Tucuruí,PA,37.28,2023
1600808,Vitória do Jari,AP,28.7,2023
1701903,Araguacema,TO,38.62,2023
1712405,Lizarda,TO,42.61,2023
1714302,Nazaré,TO,45.94,2023
1722081,Wanderlândia,TO,35.16,2023
2100402,Altamira do Maranhão,MA,90.52,2023
2101004,Arari,MA,67.49,2023
2102705,Cantanhede,MA,53.04,2023
2106607,Matões,MA,72.34,2023
2106805,Mirinzal,MA,91.54,2023
2109601,Rosário,MA,56.65,2023
2201408,Barro Duro,PI,38.31,2023
2201770,Boa Hora,PI,58.74,2023
2208601,Prata do Piauí,PI,14.28,2023
2209872,São João da Fronteira,PI,26.94,2023
2210003,São João do Piauí,PI,44.35,2023
2210631,Sebastião Leal,PI,93.5,2023
2210904,Socorro do Piauí,PI,68.44,2023
2300309,Acopiara,CE,62.63,2023
2304905,Groaíras,CE,99.15,2023
2306256,Itaitinga,CE,85.82,2023
2308377,Miraíma,CE,86.66,2023
2308708,Morada Nova,CE,71.96,2023
2310258,Paraipaba,CE,98.24,2023
2311355,Quixelô,CE,79.3,2023
2311702,Reriutaba,CE,99.52,2023
2401008,Apodi,RN,37.32,2023
2401107,Areia Branca,RN,49.53,2023
2401701,Bom Jesus,RN,29.19,2023
2401859,Caiçara do Norte,RN,31.2,2023
2403103,Currais Novos,RN,20.0,2023
2405207,Janduís,RN,45.45,2023
2411205,Santa Cruz,RN,21.32,2023
2412708,São Pedro,RN,28.21,2023
2413706,Sítio Novo,RN,28.73,2023
2502151,Boa Vista,PB,68.57,2023
2503001,Caaporã,PB,37.78,2023
2503209,Cabedelo,PB,48.94,2023
2504306,Catolé do Rocha,PB,55.21,2023
2504405,Conceição,PB,77.83,2023
2504900,Cruz do Espírito Santo,PB,28.57,2023
2505709,Dona Inês,PB,48.88,2023
2506103,Fagundes,PB,60.71,2023
2506905,Itabaiana,PB,33.24,2023
2507903,Juripiranga,PB,50.41,2023
2508000,Juru,PB,66.04,2023
2508406,Lastro,PB,20.77,2023
2513158,Santa Cecília,PB,13.38,2023
2601003,Angelim,PE,62.05,2023
2602605,Brejo da Madre de Deus,PE,52.96,2023
2610707,Paulista,PE,51.54,2023
2614808,Tacaratu,PE,56.04,2023
2700409,Atalaia,AL,32.36,2023
2701100,Branquinha,AL,76.44,2023
2701209,Cacimbinhas,AL,30.55,2023
2703403,Jacaré dos Homens,AL,38.18,2023
2703601,Japaratinga,AL,23.07,2023
2704401,Major Isidoro,AL,40.07,2023
2801900,Cumbe,SE,44.12,2023
2803708,Macambira,SE,38.3,2023
2805604,Porto da Folha,SE,25.59,2023
2901155,América Dourada,BA,32.19,2023
2902807,Barra da Estiva,BA,47.58,2023
2908309,Conceição do Almeida,BA,53.85,2023
2911402,Glória,BA,35.91,2023
2913804,Ipecaetá,BA,34.83,2023
2914109,Ipupiara,BA,66.75,2023
2915106,Itagi,BA,37.75,2023
2920403,Manoel Vitorino,BA,39.54,2023
2924801,Piritiba,BA,43.07,2023
2926202,Riachão das Neves,BA,37.21,2023
2928901,São Desidério,BA,44.69,2023
2933604,Xique-Xique,BA,31.02,2023
3100906,Águas Formosas,MG,51.15,2023
3102209,Alvarenga,MG,59.37,2023
3104106,Arceburgo,MG,86.77,2023
3104205,Arcos,MG,78.83,2023
3104304,Areado,MG,70.75,2023
3104908,Baependi,MG,70.29,2023
3108206,Bonfinópolis de Minas,MG,81.81,2023
3109253,Bugre,MG,100.0,2023
3114105,Carmo de Minas,MG,56.53,2023
3115409,Catas Altas da Noruega,MG,59.09,2023
3116100,Chapada do Norte,MG,41.12,2023
3116159,Chapada Gaúcha,MG,48.19,2023
3117603,Conceição do Pará,MG,73.98,2023
3117900,Congonhal,MG,73.46,2023
3121100,Delfim Moreira,MG,63.46,2023
3122207,Divinolândia de Minas,MG,67.53,2023
3123205,Dores do Indaiá,MG,65.78,2023
3124005,Ervália,MG,54.48,2023
3124609,Estrela Dalva,MG,87.26,2023
3130101,Igarapé,MG,51.87,2023
3131901,Itabirito,MG,59.98,2023
3133204,Itanhomi,MG,41.07,2023
3134707,Jacinto,MG,45.37,2023
3135407,Jeceaba,MG,67.57,2023
3138682,Luislândia,MG,59.68,2023
3139003,Machado,MG,65.0,2023
3150539,Pingo-d'Água,MG,34.7,2023
3151206,Pirapora,MG,49.51,2023
3153301,Presidente Kubitschek,MG,75.75,2023
3155603,Rio Pardo de Minas,MG,74.16,2023
3158201,Santa Maria do Suaçuí,MG,61.58,2023
3160504,Santo Antônio do Rio Abaixo,MG,60.0,2023
3164704,São Sebastião do Paraíso,MG,65.48,2023
3164803,São Sebastião do Rio Preto,MG,66.67,2023
3164902,São Sebastião do Rio Verde,MG,68.42,2023
3165008,São Tiago,MG,95.06,2023
3166204,Senhora dos Remédios,MG,96.38,2023
3166709,Serra dos Aimorés,MG,58.13,2023
3168804,Tiradentes,MG,62.26,2023
3170503,Urucânia,MG,55.56,2023
3171105,Veríssimo,MG,97.76,2023
3202009,Dores do Rio Preto,ES,84.32,2023
3203130,João Neiva,ES,71.84,2023
3204401,Rio Novo do Sul,ES,78.04,2023
3204807,São José do Calçado,ES,74.52,2023
3302106,Itaocara,RJ,65.31,2023
3303807,Paraty,RJ,50.72,2023
3305505,Saquarema,RJ,63.54,2023
3305604,Silva Jardim,RJ,55.39,2023
3501103,Alto Alegre,SP,59.64,2023
3505500,Barretos,SP,59.67,2023
3518107,Guarantã,SP,66.92,2023
3519055,Holambra,SP,58.34,2023
3522604,Itapira,SP,58.07,2023
3522703,Itápolis,SP,66.67,2023
3529104,Marinópolis,SP,93.33,2023
3532009,Morungaba,SP,46.95,2023
3537206,Pedro de Toledo,SP,35.12,2023
3539707,Platina,SP,71.43,2023
3544103,Rio Grande da Serra,SP,46.76,2023
3546009,Santa Branca,SP,40.78,2023
3549003,São Francisco,SP,79.17,2023
3556503,Várzea Paulista,SP,48.73,2023
4100905,Amaporã,PR,71.89,2023
4101200,Antonina,PR,66.31,2023
4110102,Imbituva,PR,80.43,2023
4113759,Lunardelli,PR,57.46,2023
4119954,Pontal do Paraná,PR,71.19,2023
4123303,Santa Cruz de Monte Castelo,PR,85.79,2023
4126504,Sertanópolis,PR,66.76,2023
4127957,Tupãssi,PR,70.71,2023
4200754,Alto Bela Vista,SC,87.39,2023
4201109,Anitápolis,SC,61.48,2023
4202081,Bandeirante,SC,70.12,2023
4205407,Florianópolis,SC,47.8,2023
4205456,Forquilhinha,SC,55.98,2023
4206652,Guatambú,SC,47.81,2023
4207106,Ilhota,SC,54.25,2023
4209508,Laurentino,SC,64.28,2023
4209854,Lindóia do Sul,SC,87.38,2023
4211603,Nova Veneza,SC,63.57,2023
4211900,Palhoça,SC,51.42,2023
4213203,Pomerode,SC,63.17,2023
4216354,São João do Itaperiú,SC,55.09,2023
4217501,Seara,SC,73.9,2023
4218905,Urubici,SC,60.18,2023
4219200,Vidal Ramos,SC,73.28,2023
4301552,Áurea,RS,86.67,2023
4301958,Barra Funda,RS,68.75,2023
4305124,Cerrito,RS,75.07,2023
4305132,Cerro Branco,RS,72.08,2023
4306205,Cruzeiro do Sul,RS,68.21,2023
4308003,Faxinal do Soturno,RS,86.45,2023
4311007,Jaguarão,RS,48.21,2023
4311791,Maratá,RS,67.82,2023
4312252,Minas do Leão,RS,54.04,2023
4312609,Muçum,RS,50.88,2023
4313359,Nova Roma do Sul,RS,82.57,2023
4314100,Passo Fundo,RS,58.54,2023
4315404,Redentora,RS,75.0,2023
4315909,Rodeio Bonito,RS,88.57,2023
4316436,Saldanha Marinho,RS,90.91,2023
4316477,Salvador das Missões,RS,100.0,2023
4316907,Santa Maria,RS,64.84,2023
4317202,Santa Rosa,RS,67.45,2023
4317251,Santa Tereza,RS,90.91,2023
4320701,Sobradinho,RS,74.97,2023
4322004,Triunfo,RS,71.37,2023
4322400,Uruguaiana,RS,60.94,2023
5001508,Bandeirantes,MS,25.95,2023
5003900,Figueirão,MS,58.57,2023
5006309,Paranaíba,MS,30.65,2023
5008404,Vicentina,MS,65.38,2023
5103056,Cláudia,MT,58.39,2023
5103056,Cláudia,MT,51.33,2023
5103452,Denise,MT,58.18,2023
5103700,Feliz Natal,MT,65.18,2023
5105101,Juara,MT,41.4,2023
5205513,Cocalzinho de Goiás,GO,79.53,2023
5209705,Hidrolândia,GO,68.97,2023
5209804,Hidrolina,GO,68.26,2023
5210604,Itaguaru,GO,81.65,2023
5221452,Trombas,GO,90.94,2023
5222005,Vianópolis,GO,89.04,2023
1100346,Alvorada D'Oeste,RO,39.29,2023
1100809,Candeias do Jamari,RO,48.96,2023
1101435,Nova União,RO,60.65,2023
1300144,Apuí,AM,71.92,2023
1301209,Coari,AM,56.31,2023
1301902,Itacoatiara,AM,46.31,2023
1302009,Itapiranga,AM,45.49,2023
1302504,Manacapuru,AM,66.51,2023
1304062,Tabatinga,AM,41.53,2023
1502152,Canaã dos Carajás,PA,62.1,2023
1504422,Marituba,PA,57.34,2023
1506195,Rurópolis,PA,57.97,2023
1506302,Salvaterra,PA,51.95,2023
1506807,Santarém,PA,54.92,2023
1507300,São Félix do Xingu,PA,39.67,2023
1507458,São Geraldo do Araguaia,PA,46.49,2023
1701101,Aparecida do Rio Negro,TO,30.07,2023
1707207,Dois Irmãos do Tocantins,TO,48.67,2023
1713601,Monte do Carmo,TO,69.96,2023
1716109,Paraíso do Tocantins,TO,60.56,2023
1718758,Rio Sono,TO,27.83,2023
2102358,Buritirana,MA,61.37,2023
2103208,Chapadinha,MA,47.1,2023
2103257,Cidelândia,MA,66.44,2023
2104800,Grajaú,MA,42.36,2023
2105609,Joselândia,MA,54.55,2023
2106201,Luís Domingues,MA,76.93,2023
2108207,Pedreiras,MA,68.1,2023
2108256,Pedro do Rosário,MA,65.82,2023
2108702,Pio XII,MA,24.85,2023
2109270,Presidente Sarney,MA,62.8,2023
2109908,Santa Inês,MA,61.26,2023
2109908,Santa Inês,MA,47.95,2023
2111748,Senador Alexandre Costa,MA,95.63,2023
2111904,Sucupira do Norte,MA,49.97,2023
2200202,Água Branca,PI,90.64,2023
2201988,Brejo do Piauí,PI,50.33,2023
2203271,Curral Novo do Piauí,PI,16.11,2023
2203420,Domingos Mourão,PI,91.43,2023
2207405,Palmeira do Piauí,PI,70.83,2023
2207777,Patos do Piauí,PI,81.59,2023
2304657,Graça,CE,98.41,2023
2306306,Itapagé,CE,90.68,2023
2306900,Jaguaribe,CE,85.97,2023
2312700,Senador Pompeu,CE,100.0,2023
2400208,Açu,RN,35.52,2023
2401800,Brejinho,RN,35.09,2023
2403806,Florânia,RN,30.0,2023
2404408,Grossos,RN,57.4,2023
2404903,Itaú,RN,57.89,2023
2407104,Macaíba,RN,28.29,2023
2407302,Marcelino Vieira,RN,23.08,2023
2407500,Maxaranguape,RN,39.12,2023
2408201,Nísia Floresta,RN,30.63,2023
2410256,Porto do Mangue,RN,58.35,2023
2410306,Serra Caiada,RN,29.52,2023
2411106,Ruy Barbosa,RN,58.23,2023
2414456,Triunfo Potiguar,RN,24.71,2023
2500577,Algodão de Jandaíra,PB,44.32,2023
2500601,Alhandra,PB,57.33,2023
2502607,Igaracy,PB,28.96,2023
2503308,Cachoeira dos Índios,PB,42.05,2023
2503605,Caiçara,PB,53.84,2023
2504207,Catingueira,PB,32.79,2023
2511905,Pitimbu,PB,75.96,2023
2600054,Abreu e Lima,PE,47.44,2023
2602308,Bonito,PE,56.71,2023
2603801,Capoeiras,PE,50.95,2023
2604155,Casinhas,PE,79.46,2023
2604502,Chã Grande,PE,55.33,2023
2606705,Ibirajuba,PE,39.34,2023
2608305,Jupi,PE,60.68,2023
2609006,Macaparana,PE,72.61,2023
2609154,Manari,PE,56.89,2023
2611101,Petrolina,PE,66.17,2023
2701605,Canapi,AL,45.5,2023
2705507,Murici,AL,53.15,2023
2705903,Olho d'Água Grande,AL,88.26,2023
2706000,Olivença,AL,50.0,2023
2800704,Brejo Grande,SE,27.27,2023
2801207,Canindé de São Francisco,SE,22.69,2023
2804003,Maruim,SE,21.39,2023
2806404,Santana do São Francisco,SE,28.89,2023
2902104,Araci,BA,20.27,2023
2902658,Banzaê,BA,33.07,2023
2902906,Barra do Choça,BA,36.09,2023
2903201,Barreiras,BA,37.98,2023
2909604,Crisópolis,BA,50.31,2023
2914505,Irará,BA,33.6,2023
2921005,Mata de São João,BA,54.01,2023
2923803,Paripiranga,BA,51.85,2023
2928703,Santo Antônio de Jesus,BA,33.47,2023
2931350,Teixeira de Freitas,BA,51.85,2023
3101607,Alfenas,MG,59.05,2023
3104601,Astolfo Dutra,MG,74.88,2023
3106903,Bicas,MG,45.18,2023
3107000,Biquinhas,MG,88.0,2023
3112802,Capitólio,MG,83.44,2023
3116001,Chalé,MG,89.1,2023
3117504,Conceição do Mato Dentro,MG,63.0,2023
3121258,Delta,MG,50.98,2023
3122009,Divino,MG,67.21,2023
3122306,Divinópolis,MG,69.78,2023
3125606,Felisburgo,MG,52.21,2023
3126505,Francisco Badaró,MG,70.83,2023
3126950,Frei Lagonegro,MG,56.25,2023
3127073,Fruta de Leite,MG,43.91,2023
3127339,Gameleiras,MG,70.52,2023
3127404,Gonçalves,MG,62.15,2023
3127701,Governador Valadares,MG,58.73,2023
3129103,Gurinhatã,MG,76.93,2023
3132800,Itambé do Mato Dentro,MG,77.78,2023
3133808,Itaúna,MG,69.71,2023
3137536,Lagoa Grande,MG,81.75,2023
3145802,Onça de Pitangui,MG,40.0,2023
3147303,Paraisópolis,MG,60.77,2023
3148103,Patrocínio,MG,59.9,2023
3150901,Piranguçu,MG,66.27,2023
3156601,Rubim,MG,86.74,2023
3159803,Santa Vitória,MG,70.78,2023
3162401,São João da Ponte,MG,65.62,2023
3162708,São João do Paraíso,MG,70.47,2023
3167004,Serranos,MG,38.46,2023
3168408,Tarumirim,MG,45.9,2023
3202603,Iconha,ES,76.34,2023
3204005,Pancas,ES,83.04,2023
3204054,Pedro Canário,ES,65.05,2023
3205150,Vila Pavão,ES,74.58,2023
3304201,Resende,RJ,68.62,2023
3304607,Santa Maria Madalena,RJ,64.53,2023
3503901,Arujá,SP,50.85,2023
3511409,Cerqueira César,SP,44.01,2023
3513702,Descalvado,SP,59.36,2023
3517703,Guará,SP,67.39,2023
3519808,Icém,SP,73.35,2023
3522208,Itapecerica da Serra,SP,53.44,2023
3522307,Itapetininga,SP,42.15,2023
3525201,Jarinu,SP,48.78,2023
3528304,Magda,SP,84.51,2023
3529906,Miracatu,SP,43.55,2023
3532868,Nova Castilho,SP,40.0,2023
3543303,Ribeirão Pires,SP,61.43,2023
3547650,Santa Salete,SP,100.0,2023
3551306,Sebastianópolis do Sul,SP,83.75,2023
3551801,Sete Barras,SP,66.79,2023
3552700,Tabatinga,SP,63.12,2023
4101309,Antônio Olinto,PR,91.41,2023
4104006,Campina Grande do Sul,PR,70.42,2023
4105805,Colombo,PR,64.92,2023
4107306,Doutor Camargo,PR,79.12,2023
4112405,Japurá,PR,73.42,2023
4112504,Jardim Alegre,PR,61.2,2023
4115804,Medianeira,PR,79.22,2023
4117206,Nova Olímpia,PR,79.22,2023
4119301,Pinhão,PR,61.89,2023
4122172,Rio Branco do Ivaí,PR,69.75,2023
4125001,São João do Ivaí,PR,61.46,2023
4200309,Agronômica,SC,75.87,2023
4200804,Anchieta,SC,77.52,2023
4201257,Apiúna,SC,62.19,2023
4201653,Arvoredo,SC,75.71,2023
4202099,Barra Bonita,SC,50.0,2023
4202206,Benedito Novo,SC,61.4,2023
4205456,Forquilhinha,SC,58.71,2023
4206652,Guatambú,SC,44.44,2023
4206900,Ibirama,SC,67.48,2023
4207577,Iomerê,SC,74.46,2023
4208104,Itaiópolis,SC,54.82,2023
4208807,Jaguaruna,SC,68.07,2023
4209151,José Boiteux,SC,37.11,2023
4211876,Paial,SC,70.83,2023
4215505,Santa Cecília,SC,66.38,2023
4215695,Santiago do Sul,SC,73.68,2023
4218350,Treviso,SC,68.59,2023
4218756,Tunápolis,SC,79.86,2023
4219176,Vargem Bonita,SC,64.13,2023
4300703,Anta Gorda,RS,89.06,2023
4303806,Campinas do Sul,RS,91.46,2023
4304358,Candiota,RS,48.87,2023
4305801,Constantina,RS,89.68,2023
4306551,Dom Pedro de Alcântara,RS,95.45,2023
4307005,Erechim,RS,61.21,2023
4307104,Herval,RS,63.43,2023
4307906,Farroupilha,RS,81.85,2023
4308904,Getúlio Vargas,RS,73.54,2023
4309308,Guaíba,RS,49.72,2023
4311007,Jaguarão,RS,83.9,2023
4311122,Jaquirana,RS,69.4,2023
4311775,Maquiné,RS,42.6,2023
4313375,Nova Santa Rita,RS,57.28,2023
4313490,Novo Barreiro,RS,62.5,2023
4314555,Pirapó,RS,91.67,2023
4315149,Presidente Lucena,RS,87.03,2023
4315750,Riozinho,RS,85.71,2023
4316956,Santa Maria do Herval,RS,78.3,2023
4317301,Santa Vitória do Palmar,RS,56.01,2023
4318408,São Jerônimo,RS,73.97,2023
4318507,São José do Norte,RS,70.45,2023
4319356,São Pedro da Serra,RS,80.67,2023
4322301,Tuparendi,RS,88.1,2023
4322905,Viadutos,RS,86.68,2023
4323358,Vila Lângaro,RS,71.21,2023
5004403,Inocência,MS,33.64,2023
5005400,Maracaju,MS,40.62,2023
5104542,Itanhangá,MT,89.0,2023
5106109,Nossa Senhora do Livramento,MT,68.42,2023
5107180,Ribeirão Cascalheira,MT,63.42,2023
5107198,Ribeirãozinho,MT,48.96,2023
5108907,Nova Maringá,MT,61.75,2023
5204854,Campo Limpo de Goiás,GO,86.91,2023
5206503,Cromínia,GO,55.88,2023
5206800,Damolândia,GO,93.21,2023
5206909,Davinópolis,GO,87.08,2023
5213756,Montividiu,GO,65.97,2023
5220009,São João d'Aliança,GO,81.82,2023
1100346,Alvorada D'Oeste,RO,33.55,2023
1301951,Itamarati,AM,96.73,2023
1303007,Nhamundá,AM,73.21,2023
1500958,Aurora do Pará,PA,33.96,2023
1504752,Mojuí dos Campos,PA,55.19,2023
1504901,Muaná,PA,36.17,2023
1506401,Santa Cruz do Arari,PA,49.87,2023
1507201,São Domingos do Capim,PA,31.2,2023
1600253,Itaubal,AP,100.0,2023
1600303,Macapá,AP,43.33,2023
1701309,Aragominas,TO,24.61,2023
1703867,Cariri do Tocantins,TO,15.77,2023
1708254,Fortaleza do Tabocão,TO,48.93,2023
1718659,Rio da Conceição,TO,17.56,2023
2103307,Codó,MA,46.94,2023
2104651,Governador Newton Bello,MA,69.13,2023
2104677,Governador Nunes Freire,MA,76.23,2023
2107407,Olho d'Água das Cunhãs,MA,53.93,2023
2107704,Paraibano,MA,78.85,2023
2111672,São Roberto,MA,48.24,2023
2112852,Vila Nova dos Martírios,MA,86.07,2023
2200707,Anísio de Abreu,PI,46.55,2023
2204907,Isaías Coelho,PI,27.85,2023
2205276,Jatobá do Piauí,PI,73.84,2023
2205409,Joaquim Pires,PI,55.54,2023
2205904,Manoel Emídio,PI,100.0,2023
2210201,São José do Piauí,PI,93.83,2023
2211605,Vila Nova do Piauí,PI,100.0,2023
2301901,Barbalha,CE,85.38,2023
2302701,Campos Sales,CE,84.18,2023
2303600,Catarina,CE,79.24,2023
2303709,Caucaia,CE,60.94,2023
2304954,Guaiúba,CE,72.74,2023
2305654,Ipaporanga,CE,97.47,2023
2306009,Iracema,CE,98.61,2023
2306553,Itarema,CE,92.56,2023
2311207,Potengi,CE,90.85,2023
2313351,Tejuçuoca,CE,85.37,2023
2400406,Água Nova,RN,33.29,2023
2401800,Brejinho,RN,52.88,2023
2403400,Equador,RN,20.52,2023
2404101,Galinhos,RN,38.33,2023
2404309,Governador Dix-Sept Rosado,RN,37.5,2023
2406155,Jundiá,RN,54.55,2023
2408904,Parelhas,RN,43.33,2023
2410009,Pilões,RN,38.89,2023
2500205,Aguiar,PB,68.73,2023
2501906,Belém,PB,56.8,2023
2503753,Cajazeirinhas,PB,84.33,2023
2504405,Conceição,PB,80.68,2023
2504850,Coxixola,PB,75.0,2023
2505907,Emas,PB,65.44,2023
2506608,Ibiara,PB,13.07,2023
2507804,Junco do Seridó,PB,56.22,2023
2507903,Juripiranga,PB,31.74,2023
2509107,Mari,PB,37.99,2023
2510105,Nova Floresta,PB,60.94,2023
2513802,Santa Teresinha,PB,40.43,2023
2515971,Sobrado,PB,60.0,2023
2516607,Tavares,PB,75.27,2023
2604601,Condado,PE,45.57,2023
2605459,Fernando de Noronha,PE,78.11,2023
2605905,Gameleira,PE,58.54,2023
2606101,Glória do Goitá,PE,70.58,2023
2607307,Ipubi,PE,72.0,2023
2607505,Itaíba,PE,59.5,2023
2610103,Palmeirina,PE,60.56,2023
2611408,Primavera,PE,77.53,2023
2612455,Santa Cruz,PE,69.26,2023
2704203,Limoeiro de Anadia,AL,43.45,2023
2706307,Palmeira dos Índios,AL,32.18,2023
2709301,União dos Palmares,AL,89.35,2023
2800670,Boquim,SE,22.76,2023
2802908,Itabaiana,SE,31.93,2023
2804102,Moita Bonita,SE,43.16,2023
2805000,Pedra Mole,SE,47.62,2023
2805703,Propriá,SE,25.97,2023
2806008,Ribeirópolis,SE,33.67,2023
2901403,Angical,BA,38.05,2023
2903003,Barra do Mendes,BA,39.25,2023
2906899,Caraíbas,BA,46.59,2023
2907558,Caturama,BA,46.92,2023
2913309,Ichu,BA,28.43,2023
2922730,Nova Fátima,BA,46.81,2023
2923704,Paratinga,BA,21.13,2023
2925204,Pojuca,BA,60.54,2023
2927309,Salinas da Margarida,BA,47.81,2023
2930006,Sebastião Laranjeiras,BA,59.03,2023
3100906,Águas Formosas,MG,49.23,2023
3103900,Araújos,MG,74.0,2023
3104403,Argirita,MG,55.13,2023
3106606,Bertópolis,MG,29.73,2023
3107307,Bocaiúva,MG,68.82,2023
3110103,Caiana,MG,58.54,2023
3111804,Canápolis,MG,45.48,2023
3112406,Capetinga,MG,54.82,2023
3113503,Carbonita,MG,64.55,2023
3114907,Casa Grande,MG,68.75,2023
3115003,Cascalho Rico,MG,63.9,2023
3115706,Central de Minas,MG,51.75,2023
3117603,Conceição do Pará,MG,63.62,2023
3119807,Córrego Danta,MG,84.09,2023
3124203,Espera Feliz,MG,71.63,2023
3124500,Estiva,MG,72.45,2023
3126604,Francisco Dumont,MG,31.48,2023
3126703,Francisco Sá,MG,55.3,2023
3127057,Fronteira dos Vales,MG,28.57,2023
3129202,Heliodora,MG,48.35,2023
3132404,Itajubá,MG,59.76,2023
3133709,Itatiaiuçu,MG,70.0,2023
3137809,Lambari,MG,77.03,2023
3140803,Matias Barbosa,MG,58.84,2023
3142304,Moeda,MG,77.89,2023
3144003,Mutum,MG,83.6,2023
3145307,Novo Cruzeiro,MG,67.93,2023
3146008,Ouro Fino,MG,64.5,2023
3147808,Passa-Vinte,MG,61.11,2023
3149150,Pedras de Maria da Cruz,MG,28.66,2023
3153004,Pratinha,MG,85.44,2023
3158102,Santa Maria do Salto,MG,47.31,2023
3160405,Santo Antônio do Monte,MG,82.37,2023
3161403,São Francisco do Glória,MG,59.41,2023
3163300,São José do Divino,MG,58.5,2023
3171006,Vazante,MG,54.63,2023
3171071,Veredinha,MG,62.13,2023
3171154,Vermelho Novo,MG,73.55,2023
3201605,Conceição da Barra,ES,73.7,2023
3204005,Pancas,ES,72.78,2023
3300258,Arraial do Cabo,RJ,50.49,2023
3302254,Itatiaia,RJ,65.0,2023
3302858,Mesquita,RJ,37.82,2023
3303302,Niterói,RJ,51.92,2023
3304110,Porto Real,RJ,60.8,2023
3306107,Valença,RJ,58.36,2023
3508009,Buri,SP,48.89,2023
3512704,Corumbataí,SP,43.63,2023
3513801,Diadema,SP,63.46,2023
3519006,Herculândia,SP,85.15,2023
3520400,Ilhabela,SP,44.16,2023
3527405,Lucélia,SP,64.53,2023
3533205,Nova Independência,SP,49.79,2023
3541307,Presidente Epitácio,SP,65.73,2023
3543501,Riversul,SP,81.07,2023
3549409,São Joaquim da Barra,SP,45.54,2023
3550902,São Simão,SP,63.64,2023
4101853,Ariranha do Ivaí,PR,75.6,2023
4102000,Assis Chateaubriand,PR,80.21,2023
4102406,Bandeirantes,PR,75.41,2023
4103305,Borrazópolis,PR,87.15,2023
4105607,Cidade Gaúcha,PR,64.72,2023
4110805,Iretama,PR,87.59,2023
4112009,Jaguariaíva,PR,80.92,2023
4113403,Leópolis,PR,91.11,2023
4114203,Mandaguari,PR,85.06,2023
4121802,Ribeirão Claro,PR,74.58,2023
4125753,São Pedro do Iguaçu,PR,74.73,2023
4127601,Tijucas do Sul,PR,78.76,2023
4128609,Verê,PR,81.02,2023
4202131,Bela Vista do Toldo,SC,86.2,2023
4203204,Camboriú,SC,50.54,2023
4203303,Campo Alegre,SC,66.48,2023
4203501,Campo Erê,SC,60.89,2023
4207601,Ipira,SC,83.23,2023
4208955,Jardinópolis,SC,81.82,2023
4209607,Lauro Muller,SC,80.19,2023
4210902,Modelo,SC,81.55,2023
4216008,São Carlos,SC,71.49,2023
4217105,São Martinho,SC,68.42,2023
4217550,Serra Alta,SC,92.21,2023
4219002,Urussanga,SC,65.59,2023
4300059,Água Santa,RS,64.61,2023
4300646,Ametista do Sul,RS,53.78,2023
4301206,Arroio do Tigre,RS,80.42,2023
4301636,Balneário Pinhal,RS,58.38,2023
4301750,Barão do Triunfo,RS,88.23,2023
4301875,Barra do Quaraí,RS,61.01,2023
4301909,Barra do Ribeiro,RS,68.6,2023
4303608,Cambará do Sul,RS,82.9,2023
4307104,Herval,RS,85.71,2023
4309654,Hulha Negra,RS,70.19,2023
4310900,Jacutinga,RS,90.32,2023
4312500,Mostardas,RS,51.38,2023
4313300,Nova Prata,RS,78.81,2023
4313391,Novo Cabrais,RS,86.08,2023
4313441,Novo Tiradentes,RS,71.43,2023
4313656,Palmares do Sul,RS,53.49,2023
4314209,Pedro Osório,RS,67.96,2023
4315313,Quatro Irmãos,RS,52.94,2023
4318457,São José das Missões,RS,78.44,2023
4318614,São José do Sul,RS,85.0,2023
4319125,São Martinho da Serra,RS,50.0,2023
4319505,São Sebastião do Caí,RS,88.14,2023
4321105,Tapes,RS,58.59,2023
4321105,Tapes,RS,60.56,2023
4321709,Três Coroas,RS,55.48,2023
4322376,Unistalda,RS,85.71,2023
5002803,Caracol,MS,49.46,2023
5004809,Japorã,MS,21.39,2023
5005608,Miranda,MS,26.61,2023
5007109,Ribas do Rio Pardo,MS,34.35,2023
5007695,São Gabriel do Oeste,MS,52.32,2023
5007976,Taquarussu,MS,78.85,2023
5100102,Acorizal,MT,38.04,2023
5102702,Canarana,MT,41.12,2023
5102793,Carlinda,MT,45.9,2023
5106158,Nova Bandeirantes,MT,73.3,2023
5106182,Nova Lacerda,MT,55.17,2023
5107305,São José do Rio Claro,MT,73.17,2023
5108501,Vera,MT,34.76,2023
5200829,Amaralina,GO,84.23,2023
5205307,Cavalcante,GO,60.19,2023
5213053,Mimoso de Goiás,GO,66.67,2023
5213772,Montividiu do Norte,GO,59.37,2023
5217302,Pirenópolis,GO,72.91,2023
5218102,Portelândia,GO,71.68,2023
5218607,Rialma,GO,68.21,2023
5219357,Santa Isabel,GO,79.49,2023
5220264,São Miguel do Passa Quatro,GO,81.95,2023
5220280,São Patrício,GO,89.17,2023
1100023,Ariquemes,RO,62.3,2023
1100122,Ji-Paraná,RO,70.52,2023
1100320,São Miguel do Guaporé,RO,67.75,2023
1101203,Ministro Andreazza,RO,72.5,2023
1300029,Alvarães,AM,39.91,2023
1301308,Codajás,AM,49.8,2023
1302306,Jutaí,AM,36.64,2023
1501501,Benevides,PA,60.59,2023
1505031,Novo Progresso,PA,61.43,2023
1506500,Santa Isabel do Pará,PA,40.8,2023
1507102,São Caetano de Odivelas,PA,33.37,2023
1600535,Porto Grande,AP,63.76,2023
1700707,Alvorada,TO,47.86,2023
1702208,Araguatins,TO,35.15,2023
1703057,Bandeirantes do Tocantins,TO,35.63,2023
1703842,Campos Lindos,TO,16.16,2023
1707405,Esperantina,TO,40.82,2023
1711951,Lagoa do Tocantins,TO,20.75,2023
1720499,São Valério,TO,65.57,2023
2100154,Água Doce do Maranhão,MA,67.29,2023
2100873,Araguanã,MA,98.19,2023
2103604,Coroatá,MA,41.49,2023
2105476,Jenipapo dos Vieiras,MA,47.09,2023
2110609,São Bernardo,MA,74.43,2023
2110658,São Domingos do Azeitão,MA,22.32,2023
2111003,São João Batista,MA,29.54,2023
2200301,Alto Longá,PI,90.92,2023
2201929,Bonfim do Piauí,PI,50.63,2023
2202174,Campo Largo do Piauí,PI,17.66,2023
2204402,Gilbués,PI,31.29,2023
2204709,Inhuma,PI,55.39,2023
2205854,Madeiro,PI,62.05,2023
2206308,Miguel Leão,PI,47.32,2023
2207553,Paquetá,PI,100.0,2023
2207934,Pedro Laurentino,PI,37.77,2023
2208700,Redenção do Gurguéia,PI,99.0,2023
2300101,Abaiara,CE,88.3,2023
2300200,Acaraú,CE,95.81,2023
2305332,Ibicuitinga,CE,96.13,2023
2305704,Ipaumirim,CE,87.85,2023
2305803,Ipu,CE,94.21,2023
2307007,Jaguaruana,CE,84.18,2023
2308351,Milhã,CE,100.0,2023
2310001,Palhano,CE,70.54,2023
2310803,Pereiro,CE,95.85,2023
2314003,Várzea Alegre,CE,95.17,2023
2401602,Bento Fernandes,RN,14.89,2023
2401701,Bom Jesus,RN,36.61,2023
2404507,Guamaré,RN,52.35,2023
2408904,Parelhas,RN,76.33,2023
2409605,Pedra Preta,RN,42.11,2023
2411403,Santana do Matos,RN,21.7,2023
2411502,Santo Antônio,RN,66.5,2023
2414704,Várzea,RN,17.25,2023
2414803,Vera Cruz,RN,58.73,2023
2500775,Aparecida,PB,42.5,2023
2506251,Gado Bravo,PB,78.26,2023
2508604,Lucena,PB,47.19,2023
2510105,Nova Floresta,PB,10.0,2023
2510501,Olivedos,PB,54.26,2023
2511301,Piancó,PB,48.84,2023
2516102,Soledade,PB,33.51,2023
2516201,Sousa,PB,22.16,2023
2601300,Barra de Guabiraba,PE,80.78,2023
2605103,Custódia,PE,82.05,2023
2605301,Exu,PE,56.65,2023
2605707,Floresta,PE,33.42,2023
2607950,Jaqueira,PE,57.65,2023
2616407,Vitória de Santo Antão,PE,46.09,2023
2701803,Carneiros,AL,43.52,2023
2702504,Dois Riachos,AL,46.47,2023
2702553,Estrela de Alagoas,AL,34.55,2023
2707701,Rio Largo,AL,36.89,2023
2708600,São Miguel dos Campos,AL,50.08,2023
2709400,Viçosa,AL,40.03,2023
2803807,Malhada dos Bois,SE,40.0,2023
2804508,Nossa Senhora da Glória,SE,36.81,2023
2900900,Almadina,BA,31.19,2023
2905503,Caldeirão Grande,BA,21.3,2023
2906808,Cansanção,BA,29.69,2023
2906824,Canudos,BA,18.85,2023
2908408,Conceição do Coité,BA,28.58,2023
2910909,Firmino Alves,BA,36.52,2023
2911303,Gentio do Ouro,BA,45.07,2023
2916609,Itapitanga,BA,31.02,2023
2916807,Itarantim,BA,38.17,2023
2918803,Laje,BA,46.61,2023
2922003,Mucuri,BA,49.09,2023
2923308,Ouriçangas,BA,35.94,2023
2924900,Planaltino,BA,53.78,2023
2928109,Santa Maria da Vitória,BA,32.33,2023
3103306,Aracitaba,MG,80.0,2023
3104502,Arinos,MG,37.17,2023
3106309,Belo Oriente,MG,57.1,2023
3109105,Bueno Brandão,MG,63.01,2023
3113602,Careaçu,MG,97.42,2023
3114204,Carmo do Cajuru,MG,67.21,2023
3115805,Centralina,MG,100.0,2023
3117504,Conceição do Mato Dentro,MG,59.47,2023
3120201,Cristais,MG,67.27,2023
3122454,Divisópolis,MG,42.46,2023
3123809,Engenheiro Navarro,MG,44.66,2023
3126109,Formiga,MG,77.6,2023
3126752,Franciscópolis,MG,88.58,2023
3127339,Gameleiras,MG,41.67,2023
3127909,Grupiara,MG,66.67,2023
3128402,Guarani,MG,80.48,2023
3129707,Ibiraci,MG,76.18,2023
3130309,Iguatama,MG,98.44,2023
3130606,Inconfidentes,MG,81.42,2023
3132305,Itaipé,MG,72.28,2023
3135357,Japonvar,MG,63.69,2023
3135704,Jequitibá,MG,52.44,2023
3137106,Lagamar,MG,84.4,2023
3141009,Mato Verde,MG,80.6,2023
3142007,Mirabela,MG,86.67,2023
3143153,Monte Formoso,MG,49.86,2023
3147709,Passa Tempo,MG,80.61,2023
3151800,Poços de Caldas,MG,58.36,2023
3152105,Ponte Nova,MG,49.77,2023
3154507,Riacho dos Machados,MG,67.54,2023
3157302,Santa Bárbara do Tugúrio,MG,50.6,2023
3167202,Sete Lagoas,MG,53.59,2023
3171030,Verdelândia,MG,33.8,2023
3171600,Virgem da Lapa,MG,50.12,2023
3202900,Itarana,ES,81.5,2023
3203346,Marechal Floriano,ES,78.21,2023
3203908,Nova Venécia,ES,82.95,2023
3204955,São Roque do Canaã,ES,74.56,2023
3301108,Cantagalo,RJ,55.75,2023
3301504,Cordeiro,RJ,59.21,2023
3301702,Duque de Caxias,RJ,47.15,2023
3302056,Italva,RJ,54.49,2023
3505401,Barra do Turvo,SP,87.5,2023
3505807,Bastos,SP,51.88,2023
3510500,Caraguatatuba,SP,54.34,2023
3513504,Cubatão,SP,48.69,2023
3515186,Espírito Santo do Pinhal,SP,61.82,2023
3523404,Itatiba,SP,65.1,2023
3524501,Jaci,SP,55.84,2023
3526308,Lagoinha,SP,48.73,2023
3529302,Matão,SP,64.39,2023
3530508,Mococa,SP,46.41,2023
3536307,Patrocínio Paulista,SP,44.66,2023
3537602,Peruíbe,SP,39.63,2023
3540606,Porto Feliz,SP,73.63,2023
3541653,Quadra,SP,50.65,2023
4102109,Astorga,PR,79.57,2023
4103701,Cambé,PR,79.11,2023
4104600,Capitão Leônidas Marques,PR,72.97,2023
4104709,Carlópolis,PR,73.7,2023
4110078,Imbaú,PR,71.92,2023
4111001,Itambaracá,PR,79.12,2023
4111258,Itaperuçu,PR,56.44,2023
4113205,Lapa,PR,81.08,2023
4116901,Nova Esperança,PR,74.13,2023
4119202,Pinhalão,PR,73.96,2023
4120358,Pranchita,PR,84.27,2023
4124806,São João,PR,87.03,2023
4126207,Sapopema,PR,73.32,2023
4127007,Teixeira Soares,PR,77.31,2023
4128658,Virmond,PR,78.69,2023
4200556,Águas Frias,SC,42.78,2023
4202578,Bom Jesus do Oeste,SC,73.31,2023
4206108,Grão Pará,SC,64.0,2023
4207205,Imaruí,SC,63.66,2023
4208005,Itá,SC,30.0,2023
4208203,Itajaí,SC,49.79,2023
4209409,Laguna,SC,54.35,2023
4210506,Maravilha,SC,87.15,2023
4212304,Paulo Lopes,SC,63.06,2023
4213609,Porto União,SC,67.55,2023
4215208,Romelândia,SC,52.07,2023
4215703,Santo Amaro da Imperatriz,SC,66.53,2023
4216602,São José,SC,65.4,2023
4216701,São José do Cedro,SC,76.42,2023
4217709,Sombrio,SC,68.01,2023
4219150,Vargem,SC,88.99,2023
4219853,Zortéa,SC,65.06,2023
4300307,Alecrim,RS,70.71,2023
4300851,Arambaré,RS,57.54,2023
4301073,Arroio do Padre,RS,94.58,2023
4301552,Áurea,RS,84.62,2023
4304309,Cândido Godói,RS,78.96,2023
4308201,Flores da Cunha,RS,79.01,2023
4308458,Fortaleza dos Valos,RS,58.82,2023
4311205,Júlio de Castilhos,RS,59.63,2023
4312450,Morro Redondo,RS,72.96,2023
4314548,Pinto Bandeira,RS,77.5,2023
4315008,Porto Lucena,RS,72.73,2023
4316402,Rosário do Sul,RS,35.19,2023
4317756,Santo Antônio do Planalto,RS,77.14,2023
4318101,São Francisco de Assis,RS,83.95,2023
4322202,Tupanciretã,RS,62.08,2023
5002704,Campo Grande,MS,11.54,2023
5003801,Fátima do Sul,MS,60.8,2023
5006200,Nova Andradina,MS,58.38,2023
5103858,Gaúcha do Norte,MT,45.03,2023
5106307,Paranatinga,MT,33.33,2023
5107248,Santa Carmem,MT,71.5,2023
5107404,São Pedro da Cipa,MT,72.89,2023
5200555,Alto Horizonte,GO,66.64,2023
5208608,Goianésia,GO,79.79,2023
5213806,Morrinhos,GO,62.28,2023
5214507,Nerópolis,GO,68.08,2023
5217203,Piranhas,GO,78.1,2023
5219753,Santo Antônio do Descoberto,GO,42.71,2023
5221551,Turvelândia,GO,68.16,2023
1100106,Guajará-Mirim,RO,44.25,2023
1100148,Nova Brasilândia D'Oeste,RO,74.81,2023
1300102,Anori,AM,68.42,2023
1300102,Anori,AM,75.99,2023
1301100,Careiro,AM,20.71,2023
1303536,Presidente Figueiredo,AM,34.17,2023
1501253,Bannach,PA,61.11,2023
1502202,Capanema,PA,61.24,2023
1502202,Capanema,PA,62.0,2023
1505064,Novo Repartimento,PA,55.6,2023
1700301,Aguiarnópolis,TO,25.2,2023
1703701,Brejinho de Nazaré,TO,38.1,2023
1713809,Palmeiras do Tocantins,TO,18.11,2023
1715101,Novo Acordo,TO,39.24,2023
1715507,Oliveira de Fátima,TO,50.0,2023
1718303,Praia Norte,TO,18.07,2023
2100956,Arame,MA,76.25,2023
2101731,Belágua,MA,61.12,2023
2102150,Brejo de Areia,MA,33.25,2023
2102408,Cajapió,MA,66.03,2023
2104701,Graça Aranha,MA,72.78,2023
2105104,Icatu,MA,66.57,2023
2110500,São Bento,MA,93.75,2023
2200954,Aroeiras do Itaim,PI,53.33,2023
2202307,Canto do Buriti,PI,13.66,2023
2202653,Caxingó,PI,20.36,2023
2204105,Francisco Ayres,PI,47.28,2023
2209971,São João do Arraial,PI,33.59,2023
2210375,São Luis do Piauí,PI,58.51,2023
2210938,Sussuapara,PI,27.08,2023
2303659,Catunda,CE,100.0,2023
2304400,Fortaleza,CE,74.03,2023
2311009,Poranga,CE,65.02,2023
2311900,Saboeiro,CE,75.38,2023
2313203,Tamboril,CE,97.16,2023
2313252,Tarrafas,CE,95.11,2023
2400307,Afonso Bezerra,RN,37.26,2023
2401008,Apodi,RN,36.86,2023
2404606,Ielmo Marinho,RN,41.28,2023
2407203,Macau,RN,27.27,2023
2407203,Macau,RN,30.68,2023
2408102,Natal,RN,37.34,2023
2411007,Rodolfo Fernandes,RN,31.19,2023
2411429,Santana do Seridó,RN,52.34,2023
2412203,São José de Mipibu,RN,34.64,2023
2412302,São José do Campestre,RN,45.9,2023
2413003,São Vicente,RN,57.67,2023
2413904,Taipu,RN,35.35,2023
2415008,Vila Flor,RN,19.38,2023
2501807,Bayeux,PB,94.12,2023
2503704,Cajazeiras,PB,53.45,2023
2504702,Congo,PB,49.32,2023
2506707,Imaculada,PB,67.14,2023
2508802,Malta,PB,68.43,2023
2511202,Pedras de Fogo,PB,37.3,2023
2512002,Pocinhos,PB,42.15,2023
2513968,São Domingos,PB,83.33,2023
2517100,Várzea,PB,52.0,2023
2606507,Iati,PE,66.34,2023
2607406,Itacuruba,PE,64.79,2023
2608057,Jatobá,PE,76.14,2023
2608206,Joaquim Nabuco,PE,49.58,2023
2609303,Mirandiba,PE,35.45,2023
2610806,Pedra,PE,47.04,2023
2613909,Serra Talhada,PE,76.13,2023
2615003,Taquaritinga do Norte,PE,59.65,2023
2616100,Verdejante,PE,53.39,2023
2700706,Batalha,AL,33.15,2023
2707602,Quebrangulo,AL,57.48,2023
2905156,Caetanos,BA,24.86,2023
2905206,Caetité,BA,49.15,2023
2908705,Condeúba,BA,75.7,2023
2910057,Dias d'Ávila,BA,35.5,2023
2910305,Elísio Medrado,BA,29.96,2023
2910701,Euclides da Cunha,BA,33.34,2023
2912400,Ibipeba,BA,29.8,2023
2914604,Irecê,BA,42.02,2023
2915601,Itamaraju,BA,44.07,2023
2918753,Lagoa Real,BA,21.36,2023
2919009,Lajedinho,BA,50.0,2023
2920452,Mansidão,BA,30.7,2023
2932457,Umburanas,BA,21.31,2023
2932804,Utinga,BA,33.84,2023
3100807,Aguanil,MG,100.0,2023
3105509,Barão de Monte Alto,MG,63.54,2023
3106705,Betim,MG,54.39,2023
3109907,Caetanópolis,MG,55.11,2023
3110707,Cambuquira,MG,79.2,2023
3116902,Comendador Gomes,MG,35.71,2023
3118700,Coqueiral,MG,71.3,2023
3118809,Coração de Jesus,MG,78.19,2023
3119005,Cordislândia,MG,47.14,2023
3120409,Cristiano Otoni,MG,72.12,2023
3126109,Formiga,MG,66.93,2023
3128253,Guaraciama,MG,42.0,2023
3128501,Guarará,MG,88.16,2023
3128907,Guimarânia,MG,60.59,2023
3130051,Icaraí de Minas,MG,53.99,2023
3131109,Inimutaba,MG,40.65,2023
3135308,Japaraíba,MG,71.03,2023
3139201,Malacacheta,MG,77.21,2023
3139706,Maravilhas,MG,70.06,2023
3140902,Matipó,MG,85.52,2023
3142106,Miradouro,MG,47.26,2023
3142403,Moema,MG,81.44,2023
3144607,Nepomuceno,MG,53.67,2023
3151909,Pocrane,MG,90.55,2023
3154705,Ribeirão Vermelho,MG,42.82,2023
3154804,Rio Acima,MG,40.74,2023
3155207,Rio Espera,MG,82.0,2023
3156809,Sabinópolis,MG,40.58,2023
3166303,Sericita,MG,68.55,2023
3169307,Três Corações,MG,50.69,2023
3171204,Vespasiano,MG,54.07,2023
3171303,Viçosa,MG,62.67,2023
3172202,Wenceslau Braz,MG,48.66,2023
3201100,Bom Jesus do Norte,ES,67.14,2023
3201506,Colatina,ES,73.76,2023
3300407,Barra Mansa,RJ,59.19,2023
3301009,Campos dos Goytacazes,RJ,38.69,2023
3304805,São Fidélis,RJ,39.79,2023
3503307,Araras,SP,60.24,2023
3511904,Clementina,SP,51.06,2023
3515103,Embu-Guaçu,SP,46.49,2023
3515400,Fartura,SP,62.71,2023
3520806,Inúbia Paulista,SP,89.16,2023
3521705,Itaberá,SP,63.1,2023
3522109,Itanhaém,SP,54.33,2023
3524303,Jaboticabal,SP,53.01,2023
3526100,Juquiá,SP,54.87,2023
3527900,Lutécia,SP,71.6,2023
3528700,Marabá Paulista,SP,71.43,2023
3529500,Mendonça,SP,69.95,2023
3531308,Monte Alto,SP,67.07,2023
3541109,Presidente Alves,SP,68.97,2023
3545308,Salto de Pirapora,SP,51.22,2023
3549904,São José dos Campos,SP,57.69,2023
3550407,São Pedro,SP,51.93,2023
3552809,Taboão da Serra,SP,45.59,2023
3552809,Taboão da Serra,SP,45.35,2023
4101655,Arapuã,PR,54.39,2023
4103206,Bom Sucesso,PR,53.53,2023
4103453,Cafelândia,PR,87.02,2023
4108320,Francisco Alves,PR,68.71,2023
4108403,Francisco Beltrão,PR,79.67,2023
4109609,Guaratuba,PR,67.35,2023
4112801,Joaquim Távora,PR,85.53,2023
4117800,Palmital,PR,74.27,2023
4121109,Quinta do Sol,PR,76.75,2023
4121257,Ramilândia,PR,88.1,2023
4123824,Santa Lúcia,PR,79.5,2023
4125357,São Jorge do Patrocínio,PR,74.33,2023
4125902,São Pedro do Paraná,PR,71.94,2023
4201307,Araquari,SC,51.84,2023
4201604,Arroio Trinta,SC,92.0,2023
4202909,Brusque,SC,65.9,2023
4203006,Caçador,SC,66.21,2023
4203402,Campo Belo do Sul,SC,27.65,2023
4203709,Canelinha,SC,59.28,2023
4204251,Cocal do Sul,SC,66.78,2023
4204400,Coronel Freitas,SC,74.28,2023
4205407,Florianópolis,SC,50.63,2023
4211306,Navegantes,SC,54.22,2023
4211652,Novo Horizonte,SC,91.6,2023
4214508,Rio do Campo,SC,74.35,2023
4219507,Xanxerê,SC,70.13,2023
4219606,Xavantina,SC,71.58,2023
4300208,Ajuricaba,RS,57.14,2023
4302253,Boa Vista do Sul,RS,73.33,2023
4303673,Campestre da Serra,RS,90.0,2023
4305207,Cerro Largo,RS,75.07,2023
4306403,Dois Irmãos,RS,78.45,2023
4306908,Encruzilhada do Sul,RS,69.85,2023
4306973,Erebango,RS,73.33,2023
4307708,Esteio,RS,24.1,2023
4307807,Estrela,RS,67.6,2023
4309209,Gravataí,RS,63.64,2023
4310603,Itaqui,RS,63.77,2023
4311700,Machadinho,RS,87.5,2023
4311718,Maçambará,RS,66.97,2023
4312179,Mato Queimado,RS,88.24,2023
4313904,Panambi,RS,81.5,2023
4314407,Pelotas,RS,51.52,2023
4314902,Porto Alegre,RS,40.04,2023
4315453,Relvado,RS,86.67,2023
4315503,Restinga Seca,RS,60.96,2023
4315750,Riozinho,RS,76.01,2023
4315909,Rodeio Bonito,RS,90.81,2023
4316733,Santa Cecília do Sul,RS,75.0,2023
4317558,Santo Antônio do Palma,RS,72.22,2023
4321303,Taquari,RS,49.6,2023
4321402,Tenente Portela,RS,70.53,2023
4321832,Três Forquilhas,RS,60.87,2023
5004908,Jaraguari,MS,38.46,2023
5006259,Novo Horizonte do Sul,MS,47.37,2023
5100508,Alto Paraguai,MT,67.56,2023
5102686,Campos de Júlio,MT,48.17,2023
5107776,Santa Terezinha,MT,41.22,2023
5108303,União do Sul,MT,60.38,2023
5108808,Nova Guarita,MT,68.02,2023
5200134,Acreúna,GO,58.49,2023
5200258,Águas Lindas de Goiás,GO,48.9,2023
5201108,Anápolis,GO,72.21,2023
5201207,Anhanguera,GO,80.0,2023
5201306,Anicuns,GO,92.26,2023
5202502,Aruanã,GO,79.82,2023
5204805,Campo Alegre de Goiás,GO,79.9,2023
5205109,Catalão,GO,64.88,2023
5205497,Cidade Ocidental,GO,51.3,2023
5209903,Iaciara,GO,64.01,2023
5211008,Itapirapuã,GO,34.36,2023
5212006,Jaupaci,GO,97.43,2023
5213707,Montes Claros de Goiás,GO,66.57,2023
5215306,Orizona,GO,86.48,2023
5220058,São João da Paraúna,GO,87.5,2023
5220157,São Luíz do Norte,GO,75.36,2023
5221007,Taquaral de Goiás,GO,69.59,2023
5221080,Teresina de Goiás,GO,56.82,2023
1101708,Urupá,RO,70.92,2023
1501808,Breves,PA,44.0,2023
1503309,Igarapé-Miri,PA,36.72,2023
1505304,Oriximiná,PA,34.52,2023
1507953,Tailândia,PA,37.67,2023
1600154,Pedra Branca do Amapari,AP,66.25,2023
1600600,Santana,AP,43.45,2023
1703008,Babaçulândia,TO,20.49,2023
1703800,Buriti do Tocantins,TO,41.24,2023
1707108,Divinópolis do Tocantins,TO,39.09,2023
2101772,Bela Vista do Maranhão,MA,51.82,2023
2104081,Fernando Falcão,MA,29.89,2023
2105948,Lago dos Rodrigues,MA,88.14,2023
2106375,Maranhãozinho,MA,76.41,2023
2106672,Milagres do Maranhão,MA,100.0,2023
2108306,Penalva,MA,55.46,2023
2109007,Porto Franco,MA,58.08,2023
2109239,Presidente Médici,MA,75.46,2023
2111250,São José dos Basílios,MA,12.94,2023
2111953,Sucupira do Riachão,MA,75.39,2023
2112605,Urbano Santos,MA,76.76,2023
2201705,Bertolínia,PI,59.48,2023
2202059,Cabeceiras do Piauí,PI,19.85,2023
2205201,Jaicós,PI,78.99,2023
2205565,Lagoa do Barro do Piauí,PI,55.67,2023
2208908,Ribeiro Gonçalves,PI,88.78,2023
2209153,Santa Cruz dos Milagres,PI,52.44,2023
2211308,Valença do Piauí,PI,51.94,2023
2300507,Alcântaras,CE,97.81,2023
2304202,Crato,CE,93.55,2023
2402907,Coronel João Pessoa,RN,23.86,2023
2405603,Jardim de Piranhas,RN,33.33,2023
2406205,Lagoa d'Anta,RN,13.11,2023
2408201,Nísia Floresta,RN,32.03,2023
2410702,Riacho da Cruz,RN,25.0,2023
2411056,Tibau,RN,23.53,2023
2411056,Tibau,RN,40.65,2023
2414902,Viçosa,RN,58.93,2023
2500536,Alcantil,PB,42.62,2023
2502300,Bom Sucesso,PB,65.39,2023
2505105,Cuité,PB,50.66,2023
2506004,Esperança,PB,61.5,2023
2511509,Pilar,PB,69.0,2023
2514008,São João do Cariri,PB,29.59,2023
2515302,Sapé,PB,33.89,2023
2604908,Cumaru,PE,76.43,2023
2605152,Dormentes,PE,64.93,2023
2605202,Escada,PE,54.51,2023
2606606,Ibimirim,PE,68.0,2023
2700805,Belém,AL,55.08,2023
2700904,Belo Monte,AL,83.89,2023
2702801,Flexeiras,AL,34.71,2023
2707503,Porto Real do Colégio,AL,67.71,2023
2800670,Boquim,SE,26.09,2023
2803302,Japaratuba,SE,42.14,2023
2804409,Neópolis,SE,31.48,2023
2804805,Nossa Senhora do Socorro,SE,28.57,2023
2805505,Poço Verde,SE,30.77,2023
2806701,São Cristóvão,SE,55.87,2023
2902708,Barra,BA,26.84,2023
2904407,Brejolândia,BA,41.09,2023
2907806,Cícero Dantas,BA,30.93,2023
2911006,Floresta Azul,BA,15.12,2023
2914802,Itabuna,BA,31.6,2023
2917201,Ituaçu,BA,57.52,2023
2920908,Mascote,BA,22.32,2023
2922300,Muritiba,BA,23.34,2023
2924702,Piripá,BA,64.26,2023
2925402,Potiraguá,BA,27.88,2023
2926004,Remanso,BA,25.1,2023
2927200,Ruy Barbosa,BA,38.25,2023
2928307,Santanópolis,BA,26.96,2023
2929008,São Félix,BA,32.07,2023
2929107,São Felipe,BA,45.9,2023
2931806,Tremedal,BA,49.49,2023
3103504,Araguari,MG,51.84,2023
3105608,Barbacena,MG,64.56,2023
3111101,Campina Verde,MG,77.26,2023
3111903,Cana Verde,MG,50.78,2023
3115359,Catas Altas,MG,67.35,2023
3116407,Claraval,MG,74.97,2023
3117603,Conceição do Pará,MG,57.24,2023
3120151,Crisólita,MG,52.99,2023
3123700,Engenheiro Caldas,MG,58.22,2023
3125705,Felixlândia,MG,54.14,2023
3127388,Goianá,MG,75.0,2023
3128006,Guanhães,MG,57.63,2023
3130408,Ijaci,MG,72.8,2023
3132503,Itamarandiba,MG,67.93,2023
3133006,Itamonte,MG,57.59,2023
3133402,Itapagipe,MG,63.86,2023
3137403,Lagoa Dourada,MG,63.91,2023
3139607,Mantena,MG,49.94,2023
3140001,Mariana,MG,53.77,2023
3140555,Mata Verde,MG,62.81,2023
3142007,Mirabela,MG,58.98,2023
3142700,Montalvânia,MG,52.48,2023
3149705,Perdigão,MG,80.06,2023
3150505,Pimenta,MG,72.81,2023
3151305,Piraúba,MG,74.74,2023
3153103,Presidente Bernardes,MG,69.97,2023
3154309,Resplendor,MG,71.54,2023
3158508,Santana de Pirapama,MG,84.62,2023
3159209,Santa Rita de Caldas,MG,82.22,2023
3160009,Santo Antônio do Aventureiro,MG,80.0,2023
3161205,São Francisco de Paula,MG,78.67,2023
3161502,São Geraldo,MG,79.39,2023
3165560,Sem-Peixe,MG,76.47,2023
3165578,Senador Amaral,MG,50.9,2023
3167707,Sobrália,MG,66.54,2023
3169406,Três Pontas,MG,58.33,2023
3172103,Volta Grande,MG,50.77,2023
3201704,Conceição do Castelo,ES,77.46,2023
3203007,Iúna,ES,71.93,2023
3203056,Jaguaré,ES,72.19,2023
3205176,Vila Valério,ES,91.68,2023
3300803,Cachoeiras de Macacu,RJ,50.58,2023
3301405,Conceição de Macabu,RJ,49.73,2023
3304524,Rio das Ostras,RJ,65.82,2023
3500758,Alambari,SP,71.59,2023
3503208,Araraquara,SP,55.9,2023
3504107,Atibaia,SP,71.88,2023
3505351,Barra do Chapéu,SP,65.06,2023
3506300,Bernardino de Campos,SP,68.33,2023
3508504,Caçapava,SP,53.05,2023
3509502,Campinas,SP,58.44,2023
3510906,Cássia dos Coqueiros,SP,67.22,2023
3511607,Cesário Lange,SP,55.7,2023
3518909,Guzolândia,SP,88.59,2023
3523503,Itatinga,SP,61.7,2023
3533403,Nova Odessa,SP,54.93,2023
3539905,Poloni,SP,40.07,2023
3541000,Praia Grande,SP,50.73,2023
3544509,Rubinéia,SP,60.53,2023
3547650,Santa Salete,SP,88.89,2023
3547908,Santo Antônio da Alegria,SP,49.66,2023
3548906,São Carlos,SP,51.56,2023
3550902,São Simão,SP,62.84,2023
3552403,Sumaré,SP,52.91,2023
3553708,Taquaritinga,SP,62.12,2023
3554409,Terra Roxa,SP,67.21,2023
4100707,Alto Piquiri,PR,74.73,2023
4102505,Barbosa Ferraz,PR,91.0,2023
4103354,Braganey,PR,84.89,2023
4107124,Diamante do Sul,PR,69.4,2023
4108908,Guairaçá,PR,72.56,2023
4110953,Itaipulândia,PR,86.91,2023
4114906,Marilândia do Sul,PR,72.1,2023
4118402,Paranavaí,PR,80.45,2023
4120606,Prudentópolis,PR,82.7,2023
4121604,Renascença,PR,70.83,2023
4122602,Rondon,PR,68.42,2023
4126801,Tapejara,PR,69.39,2023
4201901,Aurora,SC,72.91,2023
4202057,Balneário Barra do Sul,SC,60.27,2023
4204905,Descanso,SC,80.41,2023
4205100,Dona Emma,SC,87.24,2023
4205506,Fraiburgo,SC,68.0,2023
4206207,Gravatal,SC,54.3,2023
4206504,Guaramirim,SC,70.78,2023
4207304,Imbituba,SC,54.52,2023
4207684,Ipuaçu,SC,59.49,2023
4207759,Iraceminha,SC,100.0,2023
4208609,Jaborá,SC,73.88,2023
4211058,Monte Carlo,SC,63.76,2023
4211108,Monte Castelo,SC,66.56,2023
4211256,Morro Grande,SC,71.43,2023
4212056,Palmeira,SC,67.15,2023
4213401,Ponte Serrada,SC,66.34,2023
4213609,Porto União,SC,65.33,2023
4215406,Salto Veloso,SC,85.44,2023
4215752,São Bernardino,SC,83.02,2023
4216404,São João do Sul,SC,77.85,2023
4216800,São José do Cerrito,SC,66.81,2023
4217758,Sul Brasil,SC,76.19,2023
4218608,Trombudo Central,SC,68.13,2023
4219309,Videira,SC,71.92,2023
4302238,Boa Vista do Incra,RS,71.3,2023
4304002,Campo Novo,RS,72.22,2023
4304630,Capão da Canoa,RS,46.77,2023
4305116,Centenário,RS,91.67,2023
4305447,Chuvisca,RS,71.05,2023
4306957,Entre Rios do Sul,RS,86.67,2023
4307708,Esteio,RS,61.82,2023
4309407,Guaporé,RS,79.76,2023
4309555,Harmonia,RS,87.2,2023
4311759,Manoel Viana,RS,74.7,2023
4312476,Morro Reuter,RS,51.54,2023
4312708,Nonoai,RS,42.12,2023
4313086,Nova Pádua,RS,84.62,2023
4314407,Pelotas,RS,53.69,2023
4314498,Pinheirinho do Vale,RS,85.11,2023
4316808,Santa Cruz do Sul,RS,64.84,2023
4320230,Sede Nova,RS,85.29,2023
4320404,Serafina Corrêa,RS,91.51,2023
4322400,Uruguaiana,RS,61.3,2023
4323507,Vista Alegre,RS,86.8,2023
5007307,Rio Negro,MS,53.09,2023
5100300,Alto Araguaia,MT,73.84,2023
5100508,Alto Paraguai,MT,100.0,2023
5107354,São José do Xingu,MT,51.3,2023
5107909,Sinop,MT,43.12,2023
5108600,Vila Rica,MT,47.89,2023
5200506,Aloândia,GO,94.15,2023
5201405,Aparecida de Goiânia,GO,60.67,2023
5209150,Gouvelândia,GO,39.78,2023
5209291,Guaraíta,GO,72.59,2023
5213400,Moiporá,GO,68.61,2023
5219803,São Domingos,GO,45.68,2023
1100254,Presidente Médici,RO,59.4,2023
1100940,Cujubim,RO,77.47,2023
1300300,Autazes,AM,44.6,2023
1304302,Urucará,AM,93.55,2023
1500503,Almeirim,PA,30.68,2023
1507409,São Francisco do Pará,PA,37.02,2023
1712801,Maurilândia do Tocantins,TO,19.32,2023
1716653,Pequizeiro,TO,35.23,2023
2101103,Axixá,MA,81.88,2023
2104099,Formosa da Serra Negra,MA,85.6,2023
2105500,João Lisboa,MA,35.04,2023
2105989,Lajeado Novo,MA,60.63,2023
2109403,Primeira Cruz,MA,75.54,2023
2200806,Antônio Almeida,PI,95.63,2023
2200905,Aroazes,PI,57.69,2023
2201002,Arraial,PI,83.8,2023
2202901,Corrente,PI,47.76,2023
2206050,Massapê do Piauí,PI,45.94,2023
2207108,Olho D'Água do Piauí,PI,62.5,2023
2210383,São Miguel da Baixa Grande,PI,24.14,2023
2211209,Uruçuí,PI,27.78,2023
2305605,Independência,CE,98.8,2023
2306603,Itatira,CE,99.62,2023
2308807,Moraújo,CE,98.91,2023
2400307,Afonso Bezerra,RN,30.43,2023
2407302,Marcelino Vieira,RN,25.17,2023
2408508,Ouro Branco,RN,40.66,2023
2409407,Pau dos Ferros,RN,40.41,2023
2414407,Touros,RN,27.01,2023
2500106,Água Branca,PB,47.63,2023
2500502,Alagoinha,PB,57.29,2023
2503209,Cabedelo,PB,50.0,2023
2504108,Carrapateira,PB,68.95,2023
2505204,Cuitegi,PB,29.25,2023
2506301,Guarabira,PB,36.12,2023
2509404,Mogeiro,PB,73.21,2023
2510006,Nazarezinho,PB,36.48,2023
2513000,Salgadinho,PB,72.73,2023
2513356,Santa Inês,PB,52.66,2023
2515500,Serra Branca,PB,57.57,2023
2600708,Aliança,PE,55.15,2023
2605608,Flores,PE,74.26,2023
2610905,Pesqueira,PE,59.65,2023
2614709,Tacaimbó,PE,45.92,2023
2615300,Timbaúba,PE,74.11,2023
2706448,Paripueira,AL,53.42,2023
2707909,Santa Luzia do Norte,AL,31.87,2023
2804201,Monte Alegre de Sergipe,SE,39.62,2023
2804300,Muribeca,SE,10.0,2023
2901106,Amélia Rodrigues,BA,37.49,2023
2901353,Andorinha,BA,32.96,2023
2904852,Cabaceiras do Paraguaçu,BA,28.03,2023
2905701,Camaçari,BA,33.55,2023
2906857,Capela do Alto Alegre,BA,35.87,2023
2907004,Cardeal da Silva,BA,26.67,2023
2913200,Ibotirama,BA,42.38,2023
2916005,Itanhém,BA,57.15,2023
2918357,João Dourado,BA,34.64,2023
2919405,Licínio de Almeida,BA,75.0,2023
2922052,Mulungu do Morro,BA,22.47,2023
2922201,Muniz Ferreira,BA,45.91,2023
2926103,Retirolândia,BA,18.48,2023
2926509,Ribeira do Amparo,BA,28.72,2023
2926657,Ribeirão do Largo,BA,47.25,2023
2929404,São Miguel das Matas,BA,28.76,2023
2929503,São Sebastião do Passé,BA,49.95,2023
2929909,Seabra,BA,48.67,2023
2930709,Simões Filho,BA,42.62,2023
2931053,Tanque Novo,BA,63.45,2023
2933208,Vera Cruz,BA,39.14,2023
3104700,Ataléia,MG,55.89,2023
3107109,Boa Esperança,MG,67.06,2023
3107703,Bom Jesus do Amparo,MG,46.67,2023
3108255,Bonito de Minas,MG,79.05,2023
3114006,Carmo da Mata,MG,79.05,2023
3115508,Caxambu,MG,75.23,2023
3116001,Chalé,MG,72.97,2023
3116506,Claro dos Poções,MG,70.05,2023
3118106,Congonhas do Norte,MG,91.99,2023
3118304,Conselheiro Lafaiete,MG,64.98,2023
3120607,Crucilândia,MG,81.48,2023
3123601,Elói Mendes,MG,57.91,2023
3127800,Grão Mogol,MG,71.57,2023
3128600,Guarda-Mor,MG,79.05,2023
3128808,Guidoval,MG,61.83,2023
3129707,Ibiraci,MG,32.8,2023
3131802,Itabirinha,MG,100.0,2023
3133303,Itaobim,MG,49.69,2023
3138674,Luisburgo,MG,81.62,2023
3139102,Madre de Deus de Minas,MG,69.45,2023
3141900,Minduri,MG,51.89,2023
3142809,Monte Alegre de Minas,MG,74.78,2023
3144904,Nova Módica,MG,83.33,2023
3146552,Pai Pedro,MG,62.52,2023
3149408,Pedro Teixeira,MG,80.0,2023
3149507,Pequeri,MG,32.02,2023
3149606,Pequi,MG,64.18,2023
3150109,Piau,MG,29.63,2023
3152808,Prata,MG,55.38,2023
3156007,Rio Vermelho,MG,54.91,2023
3157401,Santa Cruz do Escalvado,MG,46.18,2023
3160603,Santo Hipólito,MG,58.82,2023
3162203,São João Batista do Glória,MG,82.43,2023
3163003,São José da Safira,MG,72.52,2023
3163508,São José do Jacuri,MG,55.27,2023
3165206,São Thomé das Letras,MG,94.15,2023
3166709,Serra dos Aimorés,MG,51.8,2023
3167202,Sete Lagoas,MG,57.58,2023
3168606,Teófilo Otoni,MG,54.27,2023
3170438,União de Minas,MG,72.25,2023
3170503,Urucânia,MG,47.49,2023
3203353,Marilândia,ES,78.51,2023
3203502,Montanha,ES,63.05,2023
3205176,Vila Valério,ES,83.46,2023
3300605,Bom Jesus do Itabapoana,RJ,57.91,2023
3302502,Magé,RJ,46.26,2023
3304706,Santo Antônio de Pádua,RJ,66.37,2023
3305208,São Pedro da Aldeia,RJ,56.22,2023
3305307,São Sebastião do Alto,RJ,63.7,2023
3305802,Teresópolis,RJ,59.73,2023
3306008,Três Rios,RJ,53.49,2023
3501509,Alvinlândia,SP,74.3,2023
3501905,Amparo,SP,57.7,2023
3503000,Aramina,SP,43.28,2023
3503208,Araraquara,SP,59.65,2023
3503307,Araras,SP,58.1,2023
3510302,Capela do Alto,SP,47.52,2023
3512902,Cosmorama,SP,94.57,2023
3513801,Diadema,SP,50.92,2023
3515103,Embu-Guaçu,SP,64.08,2023
3517109,Glicério,SP,70.64,2023
3519303,Ibaté,SP,52.81,2023
3529401,Mauá,SP,63.79,2023
3530201,Mirante do Paranapanema,SP,87.77,2023
3532843,Nova Canaã Paulista,SP,78.95,2023
3533700,Ocauçu,SP,83.74,2023
3540903,Pradópolis,SP,74.24,2023
3544202,Riolândia,SP,85.73,2023
3546603,Santa Fé do Sul,SP,59.21,2023
3550902,São Simão,SP,63.04,2023
3557006,Votorantim,SP,48.87,2023
4103040,Boa Ventura de São Roque,PR,74.78,2023
4103057,Boa Vista da Aparecida,PR,72.39,2023
4103404,Cafeara,PR,80.11,2023
4103479,Cafezal do Sul,PR,55.7,2023
4107751,Figueira,PR,82.1,2023
4113700,Londrina,PR,73.98,2023
4116703,Nova Aurora,PR,82.25,2023
4118451,Pato Bragado,PR,90.47,2023
4120408,Presidente Castelo Branco,PR,76.24,2023
4123006,Salto do Lontra,PR,85.46,2023
4124509,Santo Inácio,PR,91.05,2023
4124905,São João do Caiuá,PR,93.33,2023
4128104,Umuarama,PR,64.14,2023
4128534,Ventania,PR,74.1,2023
4200507,Águas de Chapecó,SC,66.08,2023
4202404,Blumenau,SC,60.09,2023
4202602,Bom Retiro,SC,32.45,2023
4203956,Capivari de Baixo,SC,65.79,2023
4204004,Catanduvas,SC,68.3,2023
4204194,Chapadão do Lageado,SC,52.44,2023
4206108,Grão Pará,SC,64.41,2023
4209706,Lebon Régis,SC,63.16,2023
4211207,Morro da Fumaça,SC,68.02,2023
4211405,Nova Erechim,SC,69.15,2023
4211900,Palhoça,SC,52.74,2023
4212502,Penha,SC,54.31,2023
4213005,Pinheiro Preto,SC,59.28,2023
4213104,Piratuba,SC,81.43,2023
4213807,Praia Grande,SC,67.81,2023
4215679,Santa Terezinha,SC,76.25,2023
4215679,Santa Terezinha,SC,80.9,2023
4219358,Vitor Meireles,SC,44.55,2023
4300604,Alvorada,RS,50.64,2023
4301859,Barra do Guarita,RS,47.37,2023
4301875,Barra do Quaraí,RS,35.0,2023
4302451,Boqueirão do Leão,RS,61.14,2023
4302709,Butiá,RS,51.25,2023
4304507,Canguçu,RS,83.04,2023
4304606,Canoas,RS,53.16,2023
4305173,Cerro Grande do Sul,RS,58.43,2023
4305207,Cerro Largo,RS,80.95,2023
4305504,Ciríaco,RS,86.67,2023
4305850,Coqueiros do Sul,RS,86.57,2023
4308409,Formigueiro,RS,72.91,2023
4309704,Humaitá,RS,90.66,2023
4310702,Itatiba do Sul,RS,86.76,2023
4311122,Jaquirana,RS,68.5,2023
4312401,Montenegro,RS,64.42,2023
4312476,Morro Reuter,RS,75.0,2023
4314027,Paraíso do Sul,RS,84.77,2023
4314076,Passo do Sobrado,RS,89.44,2023
4316402,Rosário do Sul,RS,53.58,2023
4316477,Salvador das Missões,RS,94.12,2023
4318606,São José do Ouro,RS,75.0,2023
4322152,Tunas,RS,68.21,2023
4322376,Unistalda,RS,69.42,2023
4322400,Uruguaiana,RS,60.54,2023
4322558,Vanini,RS,83.67,2023
5001904,Bataguassu,MS,37.66,2023
5005004,Jardim,MS,35.28,2023
5005707,Naviraí,MS,60.27,2023
5102850,Castanheira,MT,63.1,2023
5103908,General Carneiro,MT,33.09,2023
5104559,Itaúba,MT,57.99,2023
5105200,Juscimeira,MT,50.74,2023
5105903,Nobres,MT,85.45,2023
5106174,Nova Nazaré,MT,45.8,2023
5106299,Paranaíta,MT,60.69,2023
5106828,Porto Esperidião,MT,43.95,2023
5107909,Sinop,MT,57.03,2023
5201454,Aparecida do Rio Doce,GO,59.59,2023
5210109,Ipameri,GO,64.1,2023
5215801,Palmelo,GO,28.57,2023
5220405,São Simão,GO,72.78,2023
5222203,Vila Boa,GO,83.76,2023
1500800,Ananindeua,PA,55.62,2023
1502301,Capitão Poço,PA,50.98,2023
1503903,Juruti,PA,48.21,2023
1504802,Monte Alegre,PA,53.95,2023
1505403,Ourém,PA,48.52,2023
1505403,Ourém,PA,43.48,2023
1507003,Santo Antônio do Tauá,PA,25.72,2023
1507607,São Miguel do Guamá,PA,38.69,2023
1508050,Trairão,PA,70.84,2023
1700251,Abreulândia,TO,62.07,2023
1705607,Conceição do Tocantins,TO,27.6,2023
1707009,Dianópolis,TO,51.81,2023
1707702,Filadélfia,TO,11.95,2023
1715150,Novo Alegre,TO,71.67,2023
1717800,Ponte Alta do Bom Jesus,TO,9.52,2023
1718840,Sandolândia,TO,45.7,2023
2100832,Apicum-Açu,MA,31.51,2023
2105708,Lago da Pedra,MA,92.18,2023
2108454,Peritoró,MA,57.3,2023
2110005,Santa Luzia,MA,54.43,2023
2110807,São Félix de Balsas,MA,43.78,2023
2112209,Timon,MA,67.8,2023
2112456,Turilândia,MA,56.43,2023
2203602,Eliseu Martins,PI,82.88,2023
2203859,Floresta do Piauí,PI,100.0,2023
2204006,Francinópolis,PI,77.97,2023
2302107,Baturité,CE,77.86,2023
2307403,Jucás,CE,86.69,2023
2309904,Pacujá,CE,97.88,2023
2312304,São Benedito,CE,84.21,2023
2403301,Encanto,RN,47.53,2023
2404903,Itaú,RN,52.94,2023
2405603,Jardim de Piranhas,RN,30.88,2023
2405900,João Dias,RN,46.15,2023
2406304,Lagoa de Pedras,RN,47.72,2023
2406601,Lagoa Salgada,RN,25.0,2023
2408409,Olho-d'Água do Borges,RN,24.17,2023
2409332,Santa Maria,RN,47.93,2023
2409902,Pendências,RN,40.87,2023
2412807,São Rafael,RN,19.8,2023
2413557,Serrinha dos Pintos,RN,57.44,2023
2507002,Itaporanga,PB,17.96,2023
2509909,Natuba,PB,58.78,2023
2510907,Paulista,PB,61.87,2023
2604403,Chã de Alegria,PE,62.99,2023
2610202,Panelas,PE,76.82,2023
2610400,Parnamirim,PE,48.66,2023
2612307,Saloá,PE,58.09,2023
2700102,Água Branca,AL,47.14,2023
2700201,Anadia,AL,53.44,2023
2702603,Feira Grande,AL,35.2,2023
2705705,Olho d'Água das Flores,AL,40.12,2023
2706422,Pariconha,AL,41.46,2023
2709103,Taquarana,AL,44.02,2023
2801009,Campo do Brito,SE,39.18,2023
2801108,Canhoba,SE,45.45,2023
2807204,Siriri,SE,47.06,2023
2903235,Barro Alto,BA,24.29,2023
2903953,Bom Jesus da Serra,BA,41.85,2023
2905305,Cafarnaum,BA,21.63,2023
2906600,Candiba,BA,46.72,2023
2907103,Carinhanha,BA,28.55,2023
2907301,Castro Alves,BA,44.01,2023
2916302,Itapebi,BA,14.97,2023
2918308,Jitaúna,BA,24.15,2023
2918506,Jussara,BA,23.19,2023
2918704,Lafaiete Coutinho,BA,67.65,2023
2923407,Palmas de Monte Alto,BA,45.51,2023
2923902,Pau Brasil,BA,9.26,2023
2930774,Sobradinho,BA,26.44,2023
2932309,Ubatã,BA,31.43,2023
2932507,Una,BA,37.89,2023
2932606,Urandi,BA,59.24,2023
2933307,Vitória da Conquista,BA,47.86,2023
3105707,Barra Longa,MG,79.77,2023
3106200,Belo Horizonte,MG,60.07,2023
3110202,Cajuri,MG,64.21,2023
3115904,Chácara,MG,28.81,2023
3118304,Conselheiro Lafaiete,MG,68.74,2023
3119203,Coroaci,MG,56.22,2023
3122009,Divino,MG,54.38,2023
3123908,Entre Rios de Minas,MG,83.15,2023
3124500,Estiva,MG,57.64,2023
3125200,Fama,MG,71.98,2023
3127503,Gonzaga,MG,66.42,2023
3131505,Ipuiúna,MG,52.86,2023
3131802,Itabirinha,MG,64.78,2023
3133105,Itanhandu,MG,73.87,2023
3135357,Japonvar,MG,74.95,2023
3139805,Mar de Espanha,MG,48.92,2023
3143450,Montezuma,MG,54.21,2023
3144102,Muzambinho,MG,43.36,2023
3144201,Nacip Raydan,MG,58.67,2023
3144375,Natalândia,MG,49.23,2023
3145877,Orizânia,MG,62.75,2023
3146107,Ouro Preto,MG,79.19,2023
3146503,Pains,MG,67.53,2023
3147956,Patis,MG,93.33,2023
3151008,Piranguinho,MG,69.35,2023
3152006,Pompéu,MG,69.14,2023
3152402,Poté,MG,42.92,2023
3152501,Pouso Alegre,MG,58.91,2023
3153806,Queluzito,MG,61.54,2023
3155702,Rio Piracicaba,MG,79.25,2023
3156700,Sabará,MG,57.15,2023
3158607,Santana do Deserto,MG,58.32,2023
3158706,Santana do Garambéu,MG,47.32,2023
3160702,Santos Dumont,MG,56.94,2023
3163607,São José do Mantimento,MG,47.74,2023
3165909,Senador Modestino Gonçalves,MG,75.41,2023
3167103,Serro,MG,81.82,2023
3168101,Tapira,MG,56.1,2023
3168408,Tarumirim,MG,50.45,2023
3169505,Tumiritinga,MG,45.36,2023
3201803,Divino de São Lourenço,ES,46.09,2023
3202108,Ecoporanga,ES,69.21,2023
3203106,Jerônimo Monteiro,ES,70.14,2023
3204609,Santa Teresa,ES,85.59,2023
3300225,Areal,RJ,62.45,2023
3300506,Bom Jardim,RJ,50.43,2023
3305109,São João de Meriti,RJ,37.6,2023
3504305,Avaí,SP,55.32,2023
3509403,Cajuru,SP,71.78,2023
3510005,Cândido Mota,SP,39.0,2023
3512308,Conchas,SP,47.34,2023
3512407,Cordeirópolis,SP,74.43,2023
3513801,Diadema,SP,40.88,2023
3519501,Ibirarema,SP,89.02,2023
3525904,Jundiaí,SP,69.22,2023
3533007,Nova Granada,SP,61.21,2023
3536570,Paulistânia,SP,38.25,2023
3538204,Pinhalzinho,SP,78.11,2023
3540101,Pongaí,SP,87.14,2023
3545001,Salesópolis,SP,64.64,2023
3549300,São João do Pau d'Alho,SP,81.03,2023
3549904,São José dos Campos,SP,58.78,2023
3552601,Tabapuã,SP,90.29,2023
4100202,Adrianópolis,PR,60.08,2023
4102752,Bela Vista da Caroba,PR,76.84,2023
4106100,Conselheiro Mairinck,PR,51.52,2023
4106308,Corbélia,PR,74.62,2023
4108007,Florestópolis,PR,64.38,2023
4109302,Guaraniaçu,PR,80.03,2023
4109906,Icaraíma,PR,73.26,2023
4113452,Lindoeste,PR,86.49,2023
4115309,Mariópolis,PR,76.4,2023
4125308,São Jorge do Ivaí,PR,82.98,2023
4125506,São José dos Pinhais,PR,67.19,2023
4201802,Atalanta,SC,71.12,2023
4204202,Chapecó,SC,56.01,2023
4204301,Concórdia,SC,53.66,2023
4206405,Guaraciaba,SC,83.28,2023
4209177,Jupiá,SC,95.87,2023
4209300,Lages,SC,47.69,2023
4212270,Passos Maia,SC,76.0,2023
4212700,Petrolândia,SC,62.16,2023
4216107,São Domingos,SC,78.45,2023
4216602,São José,SC,62.59,2023
4216800,São José do Cerrito,SC,76.47,2023
4218400,Treze de Maio,SC,71.87,2023
4300455,Alegria,RS,100.0,2023
4301503,Augusto Pestana,RS,95.83,2023
4305157,Cerro Grande,RS,50.0,2023
4305405,Chiapetta,RS,78.57,2023
4306809,Encantado,RS,80.77,2023
4307401,Esmeralda,RS,84.43,2023
4308250,Floriano Peixoto,RS,85.71,2023
4308904,Getúlio Vargas,RS,86.08,2023
4309159,Gramado Xavier,RS,71.43,2023
4309803,Ibiaçá,RS,88.89,2023
4311775,Maquiné,RS,62.5,2023
4312104,Mata,RS,79.16,2023
4316451,Salto do Jacuí,RS,81.46,2023
4316972,Santa Margarida do Sul,RS,42.41,2023
4318051,São Domingos do Sul,RS,79.02,2023
4318424,São João da Urtiga,RS,76.53,2023
4318606,São José do Ouro,RS,62.54,2023
4320677,Sinimbu,RS,69.64,2023
4321634,Três Arroios,RS,100.0,2023
4321808,Três de Maio,RS,79.03,2023
4322525,Vale Verde,RS,85.54,2023
4323002,Viamão,RS,58.86,2023
4323309,Vila Flores,RS,90.54,2023
5000906,Antônio João,MS,54.07,2023
5001003,Aparecida do Taboado,MS,51.45,2023
5002407,Caarapó,MS,53.56,2023
5006002,Nova Alvorada do Sul,MS,37.23,2023
5006358,Paranhos,MS,44.89,2023
5007950,Tacuru,MS,51.61,2023
5102678,Campo Verde,MT,31.84,2023
5103205,Colíder,MT,49.25,2023
5103254,Colniza,MT,41.71,2023
5105150,Juína,MT,45.51,2023
5105259,Lucas do Rio Verde,MT,63.96,2023
5106778,Porto Alegre do Norte,MT,31.09,2023
5107602,Rondonópolis,MT,52.75,2023
5107941,Tabaporã,MT,51.43,2023
5203203,Barro Alto,GO,80.55,2023
5205521,Colinas do Sul,GO,62.72,2023
5207907,Flores de Goiás,GO,66.75,2023
5210208,Iporá,GO,78.36,2023
5214705,Nova América,GO,89.9,2023
5215231,Novo Gama,GO,52.29,2023
5215603,Padre Bernardo,GO,58.23,2023
5217401,Pires do Rio,GO,67.36,2023
5221601,Uruaçu,GO,79.49,2023
1100122,Ji-Paraná,RO,81.83,2023
1100403,Alto Paraíso,RO,61.53,2023
1100452,Buritis,RO,49.82,2023
1101484,São Felipe D'Oeste,RO,53.34,2023
1303403,Parintins,AM,61.37,2023
1502772,Curionópolis,PA,50.76,2023
1503507,Irituia,PA,45.28,2023
1505437,Ourilândia do Norte,PA,48.68,2023
1711506,Jaú do Tocantins,TO,61.09,2023
1717503,Pium,TO,21.88,2023
2100477,Alto Alegre do Pindaré,MA,36.04,2023
2101400,Balsas,MA,39.83,2023
2102002,Bom Jardim,MA,93.9,2023
2103901,Duque Bacelar,MA,69.39,2023
2105153,Igarapé do Meio,MA,58.92,2023
2107100,Morros,MA,94.83,2023
2107308,Nova Iorque,MA,77.43,2023
2109908,Santa Inês,MA,47.14,2023
2111201,São José de Ribamar,MA,62.27,2023
2112100,Timbiras,MA,41.93,2023
2112407,Turiaçu,MA,40.48,2023
2202075,Cajazeiras do Piauí,PI,100.0,2023
2202251,Canavieira,PI,50.7,2023
2204659,Ilha Grande,PI,39.89,2023
2205003,Itainópolis,PI,74.15,2023
2205300,Jerumenha,PI,26.32,2023
2205458,Joca Marques,PI,38.3,2023
2210391,São Miguel do Fidalgo,PI,55.79,2023
2300606,Altaneira,CE,100.0,2023
2301851,Banabuiú,CE,80.28,2023
2303808,Cedro,CE,96.63,2023
2304400,Fortaleza,CE,91.28,2023
2305233,Horizonte,CE,93.36,2023
2306504,Itapiúna,CE,96.14,2023
2308500,Mombaça,CE,93.52,2023
2311108,Porteiras,CE,93.46,2023
2311231,Potiretama,CE,100.0,2023
2311264,Quiterianópolis,CE,75.0,2023
2313906,Uruoca,CE,95.51,2023
2406700,Lajes,RN,29.12,2023
2407302,Marcelino Vieira,RN,26.9,2023
2407401,Martins,RN,40.0,2023
2408706,Paraú,RN,13.33,2023
2409209,Passagem,RN,47.42,2023
2410207,Portalegre,RN,50.87,2023
2412005,São Gonçalo do Amarante,RN,52.34,2023
2502201,Bom Jesus,PB,25.56,2023
2503506,Cacimba de Dentro,PB,79.49,2023
2508901,Mamanguape,PB,46.17,2023
2509057,Marcação,PB,68.93,2023
2512036,Poço Dantas,PB,23.24,2023
2600104,Afogados da Ingazeira,PE,66.59,2023
2604205,Catende,PE,44.6,2023
2607109,Ingazeira,PE,78.57,2023
2607604,Ilha de Itamaracá,PE,53.17,2023
2612604,Santa Maria da Boa Vista,PE,45.6,2023
2614501,Surubim,PE,55.41,2023
2705606,Novo Lino,AL,27.37,2023
2706703,Penedo,AL,35.71,2023
2707800,Roteiro,AL,64.36,2023
2803609,Laranjeiras,SE,21.67,2023
2804458,Nossa Senhora Aparecida,SE,38.1,2023
2805109,Pedrinhas,SE,14.81,2023
2806305,Santa Luzia do Itanhy,SE,25.9,2023
2807303,Telha,SE,17.39,2023
2908101,Cocos,BA,48.62,2023
2909406,Cotegipe,BA,40.77,2023
2909505,Cravolândia,BA,57.33,2023
2918100,Jeremoabo,BA,27.04,2023
2919058,Lajedo do Tabocal,BA,55.06,2023
2919959,Maetinga,BA,60.98,2023
2920601,Maragogipe,BA,47.43,2023
2921906,Mucugê,BA,41.65,2023
2924009,Paulo Afonso,BA,24.79,2023
2927002,Rio Real,BA,40.97,2023
2927408,Salvador,BA,39.36,2023
3102506,Amparo do Serra,MG,66.97,2023
3103702,Araponga,MG,73.3,2023
3105301,Bandeira do Sul,MG,73.41,2023
3105608,Barbacena,MG,59.28,2023
3110608,Cambuí,MG,65.17,2023
3112703,Capitão Enéas,MG,61.87,2023
3116803,Coluna,MG,64.06,2023
3119302,Coromandel,MG,41.88,2023
3120870,Curral de Dentro,MG,79.25,2023
3120904,Curvelo,MG,65.98,2023
3121605,Diamantina,MG,59.54,2023
3127701,Governador Valadares,MG,66.78,2023
3129301,Iapu,MG,37.09,2023
3129806,Ibirité,MG,52.62,2023
3132701,Itambacuri,MG,51.6,2023
3134103,Itueta,MG,69.92,2023
3135100,Janaúba,MG,49.64,2023
3136579,Josenópolis,MG,90.34,2023
3137106,Lagamar,MG,60.0,2023
3138609,Lima Duarte,MG,46.49,2023
3139409,Manhuaçu,MG,66.96,2023
3140407,Marmelópolis,MG,76.82,2023
3140605,Materlândia,MG,37.11,2023
3140852,Matias Cardoso,MG,37.68,2023
3143005,Monte Belo,MG,50.21,2023
3145109,Nova Resende,MG,69.3,2023
3145455,Olhos-d'Água,MG,68.23,2023
3149309,Pedro Leopoldo,MG,59.02,2023
3151107,Pirapetinga,MG,62.67,2023
3153608,Prudente de Morais,MG,52.93,2023
3153707,Quartel Geral,MG,42.5,2023
3156007,Rio Vermelho,MG,75.86,2023
3159100,Santana dos Montes,MG,61.36,2023
3161650,São Geraldo do Baixio,MG,71.16,2023
3162005,São Gonçalo do Sapucaí,MG,72.22,2023
3167608,Simonésia,MG,90.33,2023
3201159,Brejetuba,ES,67.35,2023
3304508,Rio das Flores,RJ,59.69,2023
3305703,Sumidouro,RJ,61.17,2023
3501608,Americana,SP,58.55,2023
3502804,Araçatuba,SP,65.78,2023
3503356,Arco-Íris,SP,28.57,2023
3507902,Brotas,SP,61.91,2023
3509452,Campina do Monte Alegre,SP,45.77,2023
3514809,Eldorado,SP,62.33,2023
3515905,Floreal,SP,100.0,2023
3516002,Flórida Paulista,SP,82.92,2023
3516309,Francisco Morato,SP,51.74,2023
3516853,Gavião Peixoto,SP,66.86,2023
3518800,Guarulhos,SP,60.45,2023
3521408,Iracemápolis,SP,59.58,2023
3522505,Itapevi,SP,50.26,2023
3524709,Jaguariúna,SP,62.82,2023
3541604,Promissão,SP,64.05,2023
3545605,Santa Adélia,SP,60.7,2023
3548609,São Bento do Sapucaí,SP,61.94,2023
3550605,São Roque,SP,52.32,2023
3556107,Valentim Gentil,SP,67.1,2023
4103008,Boa Esperança,PR,93.75,2023
4106704,Cruzeiro do Sul,PR,71.43,2023
4107652,Fazenda Rio Grande,PR,68.86,2023
4107850,Flor da Serra do Sul,PR,85.72,2023
4111803,Jacarezinho,PR,55.12,2023
4115705,Matinhos,PR,70.38,2023
4116406,Nossa Senhora das Graças,PR,79.15,2023
4118006,Paraíso do Norte,PR,74.89,2023
4120002,Porecatu,PR,74.34,2023
4127882,Tunas do Paraná,PR,63.46,2023
4202305,Biguaçu,SC,38.76,2023
4202701,Botuverá,SC,75.54,2023
4202909,Brusque,SC,61.74,2023
4205175,Entre Rios,SC,69.89,2023
4206009,Governador Celso Ramos,SC,55.24,2023
4208708,Jacinto Machado,SC,55.07,2023
4209102,Joinville,SC,65.49,2023
4210605,Massaranduba,SC,72.49,2023
4214102,Presidente Nereu,SC,51.67,2023
4215604,Santa Rosa de Lima,SC,92.81,2023
4217253,São Pedro de Alcântara,SC,73.98,2023
4300877,Araricá,RS,75.69,2023
4301107,Arroio dos Ratos,RS,32.24,2023
4302006,Barros Cassal,RS,51.05,2023
4303202,Cacique Doble,RS,88.64,2023
4304671,Capivari do Sul,RS,41.25,2023
4304804,Carlos Barbosa,RS,70.25,2023
4305454,Cidreira,RS,42.82,2023
4309506,Guarani das Missões,RS,85.71,2023
4310603,Itaqui,RS,67.03,2023
4311809,Marau,RS,67.83,2023
4312302,Miraguaí,RS,79.36,2023
4313201,Nova Petrópolis,RS,91.67,2023
4313706,Palmeira das Missões,RS,56.84,2023
4314548,Pinto Bandeira,RS,62.5,2023
4314704,Planalto,RS,73.32,2023
4314753,Poço das Antas,RS,85.45,2023
4315206,Putinga,RS,87.73,2023
4316808,Santa Cruz do Sul,RS,69.79,2023
4317103,Sant'Ana do Livramento,RS,49.75,2023
4318309,São Gabriel,RS,66.37,2023
4318440,São Jorge,RS,76.67,2023
4318705,São Leopoldo,RS,54.11,2023
4320321,Senador Salgado Filho,RS,83.97,2023
4321493,Toropi,RS,100.0,2023
4322103,Tucunduva,RS,78.08,2023
4323101,Vicente Dutra,RS,72.28,2023
5002159,Bodoquena,MS,44.62,2023
5100250,Alta Floresta,MT,52.38,2023
5101308,Arenápolis,MT,58.5,2023
5102694,Canabrava do Norte,MT,34.68,2023
5106224,Nova Mutum,MT,64.2,2023
5106273,Novo Horizonte do Norte,MT,62.97,2023
5108352,Vale de São Domingos,MT,48.81,2023
5200175,Água Fria de Goiás,GO,55.81,2023
5200209,Água Limpa,GO,69.57,2023
5204409,Caiapônia,GO,76.59,2023
5207105,Diorama,GO,100.0,2023
5207402,Edéia,GO,82.36,2023
5208301,Divinópolis de Goiás,GO,79.91,2023
5210406,Itaberaí,GO,78.96,2023
5217708,Pontalina,GO,73.38,2023
5221197,Terezópolis de Goiás,GO,57.84,2023
1100106,Guajará-Mirim,RO,57.5,2023
1101757,Vale do Anari,RO,36.95,2023
1300060,Amaturá,AM,62.67,2023
1300904,Canutama,AM,56.29,2023
1301605,Fonte Boa,AM,26.88,2023
1301704,Humaitá,AM,57.53,2023
1302306,Jutaí,AM,39.32,2023
1303106,Nova Olinda do Norte,AM,51.78,2023
1304062,Tabatinga,AM,43.9,2023
1304104,Tapauá,AM,49.77,2023
1304401,Urucurituba,AM,47.75,2023
1501006,Aveiro,PA,57.23,2023
1504976,Nova Ipixuna,PA,44.35,2023
1507961,Terra Alta,PA,41.96,2023
1702109,Araguaína,TO,35.44,2023
1702703,Aurora do Tocantins,TO,52.92,2023
1709005,Goiatins,TO,12.54,2023
1712157,Lavandeira,TO,69.23,2023
1718865,Santa Fé do Araguaia,TO,16.67,2023
1719004,Santa Tereza do Tocantins,TO,48.09,2023
2100204,Alcântara,MA,73.46,2023
2106359,Marajá do Sena,MA,83.33,2023
2107209,Nina Rodrigues,MA,53.08,2023
2108603,Pinheiro,MA,53.04,2023
2200251,Alagoinha do Piauí,PI,44.44,2023
2202729,Cocal dos Alves,PI,80.26,2023
2207603,Parnaguá,PI,67.67,2023
2207959,Nova Santa Rita,PI,48.03,2023
2209609,São Félix do Piauí,PI,35.56,2023
2209807,São Gonçalo do Piauí,PI,94.18,2023
2301950,Barreira,CE,88.76,2023
2302008,Barro,CE,67.84,2023
2304277,Ererê,CE,98.58,2023
2304400,Fortaleza,CE,74.16,2023
2305001,Guaraciaba do Norte,CE,98.55,2023
2305209,Hidrolândia,CE,99.02,2023
2305308,Ibiapina,CE,94.97,2023
2307650,Maracanaú,CE,100.0,2023
2307700,Maranguape,CE,79.76,2023
2308401,Missão Velha,CE,74.75,2023
2310209,Paracuru,CE,94.86,2023
2310951,Pires Ferreira,CE,99.14,2023
2313757,Umirim,CE,67.93,2023
2405702,Jardim do Seridó,RN,33.88,2023
2405801,João Câmara,RN,22.55,2023
2407708,Montanhas,RN,58.69,2023
2410405,Pureza,RN,35.91,2023
2412906,São Tomé,RN,20.09,2023
2413904,Taipu,RN,36.54,2023
2500908,Arara,PB,35.35,2023
2507606,Juarez Távora,PB,28.86,2023
2513109,Salgado de São Félix,PB,87.4,2023
2514503,São José de Piranhas,PB,34.1,2023
2516409,Tacima,PB,55.93,2023
2603454,Camaragibe,PE,58.66,2023
2604106,Caruaru,PE,54.95,2023
2607208,Ipojuca,PE,68.37,2023
2609204,Maraial,PE,69.2,2023
2609808,Orocó,PE,45.91,2023
2610608,Paudalho,PE,62.99,2023
2611200,Poção,PE,62.55,2023
2615102,Terezinha,PE,68.26,2023
2615607,Trindade,PE,59.68,2023
2702207,Coqueiro Seco,AL,34.53,2023
2705200,Messias,AL,30.81,2023
2708006,Santana do Ipanema,AL,34.79,2023
2804508,Nossa Senhora da Glória,SE,29.55,2023
2804607,Nossa Senhora das Dores,SE,34.31,2023
2807006,São Miguel do Aleixo,SE,38.64,2023
2903805,Boa Vista do Tupim,BA,33.4,2023
2905008,Caculé,BA,51.82,2023
2907400,Catolândia,BA,10.48,2023
2909109,Coribe,BA,47.33,2023
2910750,Fátima,BA,42.51,2023
2914901,Itacaré,BA,32.32,2023
2915502,Itajuípe,BA,34.37,2023
2916856,Itatim,BA,51.6,2023
2917706,Jaguarari,BA,30.56,2023
2919157,Lapão,BA,25.08,2023
2919553,Luís Eduardo Magalhães,BA,29.41,2023
2919801,Macaúbas,BA,43.5,2023
2921302,Milagres,BA,33.87,2023
2923209,Oliveira dos Brejinhos,BA,38.11,2023
2926707,Rio de Contas,BA,50.44,2023
2929057,São Félix do Coribe,BA,54.89,2023
2929370,São José do Jacuípe,BA,23.18,2023
2930808,Souto Soares,BA,25.49,2023
3100302,Abre Campo,MG,75.68,2023
3102803,Andrelândia,MG,63.11,2023
3107901,Bom Repouso,MG,56.55,2023
3113206,Carandaí,MG,71.8,2023
3115508,Caxambu,MG,68.97,2023
3120805,Cruzília,MG,89.61,2023
3122470,Dom Bosco,MG,50.0,2023
3123403,Doresópolis,MG,38.46,2023
3127107,Frutal,MG,53.92,2023
3128204,Guaraciaba,MG,63.47,2023
3128709,Guaxupé,MG,53.45,2023
3130051,Icaraí de Minas,MG,53.01,2023
3132503,Itamarandiba,MG,59.11,2023
3132701,Itambacuri,MG,55.48,2023
3132909,Itamogi,MG,61.13,2023
3140506,Martinho Campos,MG,56.02,2023
3141603,Mercês,MG,98.41,2023
3145604,Oliveira,MG,49.74,2023
3146107,Ouro Preto,MG,55.48,2023
3151404,Pitangui,MG,74.72,2023
3151602,Planura,MG,45.91,2023
3152105,Ponte Nova,MG,41.42,2023
3160108,Santo Antônio do Grama,MG,82.71,2023
3162302,São João da Mata,MG,78.13,2023
3162906,São João Nepomuceno,MG,68.55,2023
3163706,São Lourenço,MG,64.13,2023
3165206,São Thomé das Letras,MG,87.42,2023
3168606,Teófilo Otoni,MG,50.75,2023
3169000,Tocantins,MG,58.37,2023
3169059,Tocos do Moji,MG,78.4,2023
3169356,Três Marias,MG,100.0,2023
3170479,Uruana de Minas,MG,54.25,2023
3202207,Fundão,ES,61.33,2023
3204252,Ponto Belo,ES,81.8,2023
3204351,Rio Bananal,ES,74.62,2023
3301157,Cardoso Moreira,RJ,31.94,2023
3301850,Guapimirim,RJ,50.19,2023
3303856,Paty do Alferes,RJ,66.48,2023
3304557,Rio de Janeiro,RJ,56.19,2023
3305901,Trajano de Moraes,RJ,77.24,2023
3501905,Amparo,SP,71.18,2023
3506359,Bertioga,SP,54.67,2023
3507407,Borborema,SP,76.15,2023
3508702,Caconde,SP,70.23,2023
3509502,Campinas,SP,41.69,2023
3510609,Carapicuíba,SP,49.86,2023
3513009,Cotia,SP,50.67,2023
3514924,Elisiário,SP,72.37,2023
3526209,Juquitiba,SP,60.14,2023
3532405,Nazaré Paulista,SP,61.39,2023
3532405,Nazaré Paulista,SP,50.95,2023
3534708,Ourinhos,SP,50.8,2023
3536505,Paulínia,SP,48.49,2023
3537008,Pedregulho,SP,60.85,2023
3544251,Rosana,SP,70.24,2023
3553203,Taiúva,SP,68.12,2023
3555802,Urânia,SP,63.34,2023
4104402,Cândido de Abreu,PR,83.34,2023
4107157,Diamante D'Oeste,PR,67.21,2023
4109005,Guapirama,PR,87.9,2023
4110904,Itaguajé,PR,59.34,2023
4114807,Marialva,PR,73.24,2023
4115200,Maringá,PR,80.49,2023
4116109,Moreira Sales,PR,79.33,2023
4119806,Planalto,PR,87.64,2023
4120309,Porto Vitória,PR,84.62,2023
4122156,Rio Bonito do Iguaçu,PR,74.02,2023
4122503,Roncador,PR,83.73,2023
4123402,Santa Fé,PR,58.68,2023
4126900,Tapira,PR,90.52,2023
4127965,Turvo,PR,82.63,2023
4128203,União da Vitória,PR,74.94,2023
4200606,Águas Mornas,SC,81.28,2023
4202156,Belmonte,SC,72.9,2023
4203154,Calmon,SC,62.96,2023
4204905,Descanso,SC,82.46,2023
4205506,Fraiburgo,SC,66.55,2023
4205506,Fraiburgo,SC,66.63,2023
4205555,Frei Rogério,SC,65.71,2023
4214805,Rio do Sul,SC,60.38,2023
4215455,Sangão,SC,56.06,2023
4219507,Xanxerê,SC,66.62,2023
4300570,Alto Feliz,RS,72.7,2023
4301008,Arroio do Meio,RS,82.6,2023
4301651,Barão,RS,86.39,2023
4302220,Boa Vista do Cadeado,RS,71.42,2023
4302501,Bossoroca,RS,50.0,2023
4304663,Capão do Leão,RS,48.68,2023
4306056,Cristal,RS,55.98,2023
4306130,Cruzaltense,RS,77.78,2023
4306379,Dilermando de Aguiar,RS,67.29,2023
4306924,Engenho Velho,RS,76.92,2023
4306957,Entre Rios do Sul,RS,82.47,2023
4309100,Gramado,RS,77.39,2023
4309951,Ibirapuitã,RS,49.55,2023
4310405,Independência,RS,66.59,2023
4310413,Inhacorá,RS,62.65,2023
4310801,Ivoti,RS,77.4,2023
4312443,Morrinhos do Sul,RS,76.92,2023
4314159,Paverama,RS,88.24,2023
4315107,Porto Xavier,RS,71.76,2023
4315503,Restinga Seca,RS,45.49,2023
4316006,Rolante,RS,90.22,2023
4318481,São José do Hortêncio,RS,78.76,2023
4318507,São José do Norte,RS,53.9,2023
4323002,Viamão,RS,58.18,2023
5000856,Angélica,MS,92.96,2023
5003108,Corguinho,MS,45.65,2023
5003454,Deodápolis,MS,95.9,2023
5003751,Eldorado,MS,70.59,2023
5006275,Paraíso das Águas,MS,76.38,2023
5007554,Santa Rita do Pardo,MS,48.28,2023
5008008,Terenos,MS,36.59,2023
5008008,Terenos,MS,60.42,2023
5102793,Carlinda,MT,63.64,2023
5107578,Rondolândia,MT,29.04,2023
5208509,Goiandira,GO,44.66,2023
5214408,Nazário,GO,79.0,2023
5214804,Nova Aurora,GO,14.29,2023
5214838,Nova Crixás,GO,64.36,2023
5220603,Silvânia,GO,86.01,2023
5221700,Uruana,GO,75.58,2023
1100080,Costa Marques,RO,80.68,2023
1100254,Presidente Médici,RO,53.2,2023
1300508,Barreirinha,AM,29.7,2023
1300607,Benjamin Constant,AM,69.55,2023
1301100,Careiro,AM,61.03,2023
1302504,Manacapuru,AM,48.61,2023
1501451,Belterra,PA,60.62,2023
1503101,Gurupá,PA,25.73,2023
1503200,Igarapé-Açu,PA,32.77,2023
1503754,Jacareacanga,PA,36.03,2023
1505486,Pacajá,PA,37.32,2023
1508407,Xinguara,PA,49.86,2023
1703107,Barrolândia,TO,59.45,2023
1705508,Colinas do Tocantins,TO,51.01,2023
1718550,Riachinho,TO,21.31,2023
1720259,São Salvador do Tocantins,TO,47.62,2023
2102309,Buriti Bravo,MA,31.4,2023
2102374,Cachoeira Grande,MA,41.14,2023
2104073,Feira Nova do Maranhão,MA,84.89,2023
2105401,Itapecuru Mirim,MA,53.35,2023
2105807,Lago do Junco,MA,100.0,2023
2111102,São João dos Patos,MA,53.56,2023
2111300,São Luís,MA,77.15,2023
2201051,Assunção do Piauí,PI,84.48,2023
2201804,Bocaina,PI,90.77,2023
2202554,Caridade do Piauí,PI,61.42,2023
2205250,Jardim do Mulato,PI,58.33,2023
2205524,Júlio Borges,PI,43.29,2023
2206951,Novo Santo Antônio,PI,48.49,2023
2208809,Regeneração,PI,40.89,2023
2300408,Aiuaba,CE,75.14,2023
2301109,Aracati,CE,89.12,2023
2401404,Baía Formosa,RN,26.01,2023
2406205,Lagoa d'Anta,RN,24.79,2023
2406700,Lajes,RN,7.14,2023
2407252,Major Sales,RN,31.42,2023
2408003,Mossoró,RN,36.31,2023
2409308,Patu,RN,25.77,2023
2409803,Pedro Velho,RN,22.71,2023
2410900,Riachuelo,RN,41.27,2023
2413102,Senador Elói de Souza,RN,59.85,2023
2414407,Touros,RN,24.69,2023
2505402,Desterro,PB,50.13,2023
2600500,Águas Belas,PE,57.56,2023
2601102,Araripina,PE,56.89,2023
2601201,Arcoverde,PE,59.53,2023
2602902,Cabo de Santo Agostinho,PE,55.12,2023
2610301,Paranatama,PE,74.14,2023
2700607,Barra de São Miguel,AL,31.79,2023
2701506,Campo Grande,AL,51.51,2023
2702306,Coruripe,AL,94.13,2023
2705101,Matriz de Camaragibe,AL,35.25,2023
2800605,Barra dos Coqueiros,SE,24.92,2023
2806602,Santo Amaro das Brotas,SE,33.33,2023
2901601,Antas,BA,44.12,2023
2903409,Belmonte,BA,35.8,2023
2904902,Cachoeira,BA,24.85,2023
2906105,Canápolis,BA,37.3,2023
2907202,Casa Nova,BA,13.13,2023
2910107,Dom Basílio,BA,48.34,2023
2913903,Ipiaú,BA,33.64,2023
2919603,Macajuba,BA,18.56,2023
2921054,Matina,BA,41.7,2023
2923357,Ourolândia,BA,22.65,2023
2929305,São Gonçalo dos Campos,BA,36.4,2023
2933000,Valente,BA,32.24,2023
2933455,Wanderley,BA,54.03,2023
3102407,Alvorada de Minas,MG,41.82,2023
3103751,Araporã,MG,62.72,2023
3106655,Berizal,MG,68.3,2023
3108404,Botelhos,MG,76.89,2023
3109204,Buenópolis,MG,82.01,2023
3109808,Cachoeira Dourada,MG,80.57,2023
3115458,Catuji,MG,35.9,2023
3118403,Conselheiro Pena,MG,79.28,2023
3119708,Coronel Xavier Chaves,MG,72.49,2023
3120300,Cristália,MG,26.36,2023
3120904,Curvelo,MG,91.67,2023
3123528,Durandé,MG,62.74,2023
3124906,Eugenópolis,MG,56.5,2023
3130804,Ingaí,MG,52.26,2023
3131000,Inhaúma,MG,46.98,2023
3133303,Itaobim,MG,74.07,2023
3133808,Itaúna,MG,69.31,2023
3134004,Itinga,MG,52.26,2023
3140308,Marliéria,MG,61.76,2023
3144672,Nova Belém,MG,50.0,2023
3145901,Ouro Branco,MG,65.37,2023
3146750,Palmópolis,MG,81.25,2023
3148608,Peçanha,MG,80.49,2023
3153905,Raposos,MG,48.4,2023
3157005,Salinas,MG,60.0,2023
3158508,Santana de Pirapama,MG,44.58,2023
3160207,Santo Antônio do Itambé,MG,46.96,2023
3161304,São Francisco de Sales,MG,76.55,2023
3163706,São Lourenço,MG,66.45,2023
3165800,Senador José Bento,MG,35.71,2023
3166204,Senhora dos Remédios,MG,97.12,2023
3168705,Timóteo,MG,68.55,2023
3170529,Urucuia,MG,56.93,2023
3171303,Viçosa,MG,60.43,2023
3201001,Boa Esperança,ES,76.69,2023
3202900,Itarana,ES,90.32,2023
3204658,São Domingos do Norte,ES,88.07,2023
3301603,Duas Barras,RJ,57.85,2023
3301876,Iguaba Grande,RJ,62.45,2023
3502200,Angatuba,SP,48.25,2023
3503307,Araras,SP,65.63,2023
3508702,Caconde,SP,69.23,2023
3509007,Caieiras,SP,43.89,2023
3522208,Itapecerica da Serra,SP,53.35,2023
3524204,Jaborandi,SP,82.62,2023
3525706,José Bonifácio,SP,63.46,2023
3525805,Júlio Mesquita,SP,66.76,2023
3527504,Lucianópolis,SP,74.86,2023
3535804,Paranapanema,SP,49.33,2023
3536109,Pardinho,SP,57.74,2023
3540507,Porangaba,SP,69.9,2023
3541604,Promissão,SP,56.31,2023
3547809,Santo André,SP,52.84,2023
3549706,São José do Rio Pardo,SP,64.4,2023
3552106,Socorro,SP,54.87,2023
4105003,Catanduvas,PR,66.05,2023
4112207,Janiópolis,PR,82.58,2023
4112702,Jataizinho,PR,62.4,2023
4112751,Jesuítas,PR,85.83,2023
4113429,Lidianópolis,PR,92.58,2023
4113601,Lobato,PR,61.87,2023
4115754,Mauá da Serra,PR,81.13,2023
4119251,Pinhal de São Bento,PR,91.12,2023
4119509,Piraquara,PR,58.33,2023
4120200,Porto Rico,PR,60.4,2023
4120705,Quatiguá,PR,91.58,2023
4125605,São Mateus do Sul,PR,83.07,2023
4126256,Sarandi,PR,57.98,2023
4201000,Anita Garibaldi,SC,36.36,2023
4205209,Erval Velho,SC,56.49,2023
4209003,Joaçaba,SC,59.16,2023
4209458,Lajeado Grande,SC,78.57,2023
4212270,Passos Maia,SC,49.26,2023
4215109,Rodeio,SC,57.06,2023
4215687,Santa Terezinha do Progresso,SC,54.12,2023
4217808,Taió,SC,78.61,2023
4218806,Turvo,SC,65.19,2023
4300802,Antônio Prado,RS,77.23,2023
4301206,Arroio do Tigre,RS,88.89,2023
4302402,Bom Retiro do Sul,RS,93.75,2023
4304903,Casca,RS,77.86,2023
4307906,Farroupilha,RS,83.04,2023
4308656,Garruchos,RS,66.67,2023
4312104,Mata,RS,65.56,2023
4312153,Mato Leitão,RS,88.99,2023
4313102,Nova Palma,RS,84.14,2023
4313656,Palmares do Sul,RS,57.27,2023
4314050,Parobé,RS,67.92,2023
4315602,Rio Grande,RS,54.09,2023
4317301,Santa Vitória do Palmar,RS,48.97,2023
4317905,Santo Cristo,RS,76.67,2023
4318804,São Lourenço do Sul,RS,61.81,2023
4321352,Tavares,RS,65.7,2023
4321469,Tio Hugo,RS,87.5,2023
4321808,Três de Maio,RS,74.21,2023
4322152,Tunas,RS,79.92,2023
4322327,Turuçu,RS,82.83,2023
4323507,Vista Alegre,RS,83.33,2023
5002704,Campo Grande,MS,41.36,2023
5006200,Nova Andradina,MS,56.76,2023
5006408,Pedro Gomes,MS,33.66,2023
5007505,Rochedo,MS,38.71,2023
5100201,Água Boa,MT,59.1,2023
5101258,Araputanga,MT,48.48,2023
5103437,Curvelândia,MT,33.24,2023
5103957,Glória D'Oeste,MT,90.57,2023
5106000,Nortelândia,MT,47.48,2023
5107206,Rio Branco,MT,48.15,2023
5107958,Tangará da Serra,MT,48.7,2023
5108402,Várzea Grande,MT,35.58,2023
5200803,Alvorada do Norte,GO,64.57,2023
5200852,Americano do Brasil,GO,74.3,2023
5201504,Aporé,GO,61.96,2023
5204656,Campinaçu,GO,70.45,2023
5207600,Fazenda Nova,GO,96.67,2023
5208004,Formosa,GO,63.28,2023
5209606,Heitoraí,GO,53.58,2023
5211602,Ivolândia,GO,80.84,2023
5211701,Jandaia,GO,77.19,2023
5213103,Mineiros,GO,80.26,2023
5220207,São Miguel do Araguaia,GO,86.66,2023
1100254,Presidente Médici,RO,62.41,2023
1100908,Castanheiras,RO,70.14,2023
1100924,Chupinguaia,RO,80.72,2023
1101468,Pimenteiras do Oeste,RO,54.77,2023
1300144,Apuí,AM,56.79,2023
1303106,Nova Olinda do Norte,AM,52.88,2023
1500131,Abel Figueiredo,PA,59.81,2023
1500305,Afuá,PA,30.81,2023
1500800,Ananindeua,PA,59.04,2023
1504059,Mãe do Rio,PA,45.48,2023
1507466,São João da Ponta,PA,36.81,2023
1600402,Mazagão,AP,29.38,2023
1702000,Araguaçu,TO,44.49,2023
1704105,Centenário,TO,23.33,2023
1706100,Cristalândia,TO,46.85,2023
1707652,Figueirópolis,TO,62.36,2023
1715002,Nova Rosalândia,TO,32.17,2023
1715705,Palmeirante,TO,9.01,2023
2100709,Anajatuba,MA,72.8,2023
2101707,Barreirinhas,MA,50.35,2023
2101905,Bequimão,MA,33.01,2023
2102036,Bom Jesus das Selvas,MA,63.61,2023
2102606,Cândido Mendes,MA,61.61,2023
2107803,Parnarama,MA,90.73,2023
2108504,Pindaré-Mirim,MA,40.94,2023
2204808,Ipiranga do Piauí,PI,85.43,2023
2206100,Matias Olímpio,PI,24.43,2023
2302206,Beberibe,CE,78.11,2023
2304285,Eusébio,CE,92.64,2023
2304806,Granjeiro,CE,94.87,2023
2305100,Guaramiranga,CE,91.67,2023
2309409,Novo Oriente,CE,98.75,2023
2309805,Pacoti,CE,88.89,2023
2404705,Ipanguaçu,RN,18.04,2023
2405108,Jandaíra,RN,30.43,2023
2407104,Macaíba,RN,19.7,2023
2408607,Paraná,RN,48.35,2023
2409100,Passa e Fica,RN,24.57,2023
2412559,São Miguel do Gostoso,RN,33.46,2023
2413805,Taboleiro Grande,RN,45.45,2023
2500304,Alagoa Grande,PB,31.28,2023
2501807,Bayeux,PB,33.89,2023
2505238,Cuité de Mamanguape,PB,10.33,2023
2507101,Itapororoca,PB,71.75,2023
2507705,Juazeirinho,PB,50.95,2023
2512309,Princesa Isabel,PB,92.83,2023
2512408,Puxinanã,PB,75.57,2023
2512507,Queimadas,PB,85.04,2023
2514107,São João do Tigre,PB,36.73,2023
2600302,Agrestina,PE,71.71,2023
2608008,Jataúba,PE,51.9,2023
2610707,Paulista,PE,71.43,2023
2700300,Arapiraca,AL,39.44,2023
2701308,Cajueiro,AL,26.75,2023
2701704,Capela,AL,41.23,2023
2702355,Craíbas,AL,45.7,2023
2703007,Ibateguara,AL,93.46,2023
2704708,Marechal Deodoro,AL,40.6,2023
2707206,Poço das Trincheiras,AL,33.38,2023
2708808,São Sebastião,AL,36.66,2023
2800605,Barra dos Coqueiros,SE,22.14,2023
2806800,São Domingos,SE,29.59,2023
2807105,Simão Dias,SE,35.18,2023
2902609,Baixa Grande,BA,36.29,2023
2910404,Encruzilhada,BA,41.87,2023
2912103,Ibicaraí,BA,34.21,2023
2914406,Iraquara,BA,38.87,2023
2919900,Macururé,BA,4.65,2023
2920106,Mairi,BA,40.81,2023
2921609,Morpará,BA,31.78,2023
2922755,Nova Ibiá,BA,50.34,2023
2922904,Nova Soure,BA,22.14,2023
2928208,Santana,BA,29.91,2023
2930907,Tabocas do Brejo Velho,BA,35.84,2023
2933158,Várzea Nova,BA,32.8,2023
3100203,Abaeté,MG,55.44,2023
3101409,Albertina,MG,69.57,2023
3102308,Alvinópolis,MG,48.49,2023
3103504,Araguari,MG,49.17,2023
3108800,Braúnas,MG,72.23,2023
3113305,Carangola,MG,45.27,2023
3118601,Contagem,MG,61.95,2023
3120706,Cruzeiro da Fortaleza,MG,62.42,2023
3127008,Fronteira,MG,52.87,2023
3127305,Galiléia,MG,47.26,2023
3130705,Indianópolis,MG,43.12,2023
3131307,Ipatinga,MG,66.94,2023
3135803,Jequitinhonha,MG,54.11,2023
3137007,Ladainha,MG,23.8,2023
3137809,Lambari,MG,65.73,2023
3138401,Leopoldina,MG,58.67,2023
3141306,Medeiros,MG,82.24,2023
3142700,Montalvânia,MG,56.33,2023
3142908,Monte Azul,MG,85.89,2023
3143104,Monte Carmelo,MG,70.23,2023
3147907,Passos,MG,63.73,2023
3147956,Patis,MG,76.92,2023
3148756,Pedra Bonita,MG,45.25,2023
3149309,Pedro Leopoldo,MG,58.7,2023
3150703,Pirajuba,MG,63.4,2023
3154200,Resende Costa,MG,57.85,2023
3155702,Rio Piracicaba,MG,87.64,2023
3157401,Santa Cruz do Escalvado,MG,54.55,2023
3161908,São Gonçalo do Rio Abaixo,MG,80.53,2023
3164472,São Sebastião do Anta,MG,58.19,2023
3165008,São Tiago,MG,90.52,2023
3165701,Senador Firmino,MG,66.34,2023
3168200,Tapiraí,MG,76.47,2023
3169208,Tombos,MG,56.82,2023
3170602,Vargem Bonita,MG,58.82,2023
3170701,Varginha,MG,50.68,2023
3202256,Governador Lindenberg,ES,66.81,2023
3202504,Ibiraçu,ES,67.71,2023
3202702,Itaguaçu,ES,81.82,2023
3203403,Mimoso do Sul,ES,68.04,2023
3204955,São Roque do Canaã,ES,76.86,2023
3205309,Vitória,ES,65.88,2023
3302700,Maricá,RJ,56.64,2023
3303005,Miracema,RJ,67.56,2023
3500303,Aguaí,SP,47.35,2023
3508405,Cabreúva,SP,49.11,2023
3514205,Dolcinópolis,SP,76.62,2023
3514957,Embaúba,SP,88.89,2023
3515657,Fernão,SP,92.86,2023
3520301,Iguape,SP,58.77,2023
3529005,Marília,SP,58.79,2023
3536703,Pederneiras,SP,36.42,2023
3537404,Pereira Barreto,SP,66.13,2023
3538105,Pindorama,SP,46.53,2023
3543238,Ribeirão dos Índios,SP,70.59,2023
3544806,Sales,SP,67.97,2023
3545308,Salto de Pirapora,SP,44.13,2023
3549805,São José do Rio Preto,SP,52.06,2023
3550308,São Paulo,SP,44.96,2023
3552551,Suzanápolis,SP,97.05,2023
3553401,Tanabi,SP,65.17,2023
3557154,Zacarias,SP,38.33,2023
4100459,Altamira do Paraná,PR,79.08,2023
4101705,Araruna,PR,76.05,2023
4102208,Atalaia,PR,91.91,2023
4104501,Capanema,PR,78.46,2023
4106605,Cruzeiro do Oeste,PR,74.06,2023
4109658,Honório Serpa,PR,55.98,2023
4113700,Londrina,PR,73.87,2023
4117404,Ourizona,PR,88.82,2023
4120333,Prado Ferreira,PR,76.64,2023
4121208,Quitandinha,PR,71.76,2023
4123204,Santa Cecília do Pavão,PR,87.42,2023
4126603,Siqueira Campos,PR,85.7,2023
4127502,Tibagi,PR,77.76,2023
4200804,Anchieta,SC,77.78,2023
4202800,Braço do Norte,SC,56.97,2023
4203253,Capão Alto,SC,83.55,2023
4204350,Cordilheira Alta,SC,54.76,2023
4204459,Coronel Martins,SC,73.68,2023
4207403,Imbuia,SC,64.78,2023
4208104,Itaiópolis,SC,65.52,2023
4210050,Macieira,SC,80.0,2023
4211454,Nova Itaberaba,SC,67.4,2023
4215356,Saltinho,SC,95.13,2023
4216305,São João Batista,SC,63.29,2023
4217204,São Miguel do Oeste,SC,41.39,2023
4217808,Taió,SC,88.35,2023
4217907,Tangará,SC,80.35,2023
4300208,Ajuricaba,RS,80.14,2023
4300406,Alegrete,RS,71.46,2023
4300604,Alvorada,RS,46.56,2023
4303400,Caiçara,RS,78.02,2023
4303558,Camargo,RS,80.0,2023
4305454,Cidreira,RS,47.53,2023
4306007,Crissiumal,RS,73.17,2023
4308003,Faxinal do Soturno,RS,79.13,2023
4308854,Gentil,RS,94.44,2023
4310702,Itatiba do Sul,RS,88.89,2023
4310850,Jaboticaba,RS,100.0,2023
4313003,Nova Bréscia,RS,77.31,2023
4313300,Nova Prata,RS,78.88,2023
4317707,Santo Antônio das Missões,RS,73.47,2023
4318499,São José do Inhacorá,RS,82.48,2023
4320354,Sentinela do Sul,RS,73.81,2023
4321402,Tenente Portela,RS,78.71,2023
4322806,Veranópolis,RS,77.14,2023
5000708,Anastácio,MS,95.83,2023
5005202,Ladário,MS,25.17,2023
5006903,Porto Murtinho,MS,30.48,2023
5102504,Cáceres,MT,47.53,2023
5106257,Nova Xavantina,MT,71.61,2023
5107040,Primavera do Leste,MT,30.88,2023
5107859,São Félix do Araguaia,MT,34.84,2023
5200605,Alto Paraíso de Goiás,GO,82.88,2023
5204250,Cachoeira Dourada,GO,72.51,2023
5209937,Inaciolândia,GO,76.2,2023
5213509,Monte Alegre de Goiás,GO,73.88,2023
5213905,Mossâmedes,GO,85.24,2023
5214879,Nova Iguaçu de Goiás,GO,92.68,2023
5216809,Petrolina de Goiás,GO,59.28,2023
5218789,Rio Quente,GO,79.26,2023
1100064,Colorado do Oeste,RO,62.85,2023
1100130,Machadinho D'Oeste,RO,51.4,2023
1100700,Campo Novo de Rondônia,RO,59.32,2023
1101450,Parecis,RO,61.04,2023
1300144,Apuí,AM,62.57,2023
1303403,Parintins,AM,77.24,2023
1304203,Tefé,AM,41.26,2023
1501501,Benevides,PA,61.08,2023
1501782,Breu Branco,PA,31.24,2023
1504307,Maracanã,PA,68.07,2023
1505536,Parauapebas,PA,54.32,2023
1704600,Chapada de Areia,TO,50.0,2023
1705102,Chapada da Natividade,TO,49.01,2023
1706258,Crixás do Tocantins,TO,29.03,2023
1718881,Santa Maria do Tocantins,TO,24.56,2023
1720655,Silvanópolis,TO,34.74,2023
2100436,Alto Alegre do Maranhão,MA,70.23,2023
2101251,Bacabeira,MA,51.49,2023
2102002,Bom Jardim,MA,94.62,2023
2102077,Bom Lugar,MA,100.0,2023
2107902,Passagem Franca,MA,76.76,2023
2200400,Altos,PI,61.91,2023
2202851,Coronel José Dias,PI,61.14,2023
2205359,João Costa,PI,51.05,2023
2205508,José de Freitas,PI,49.82,2023
2206605,Monte Alegre do Piauí,PI,67.16,2023
2207801,Paulistana,PI,45.07,2023
2208205,Pio IX,PI,35.27,2023
2209708,São Francisco do Piauí,PI,58.13,2023
2301604,Assaré,CE,90.73,2023
2302800,Canindé,CE,96.87,2023
2303204,Caririaçu,CE,90.05,2023
2304459,Fortim,CE,97.52,2023
2309201,Nova Olinda,CE,100.0,2023
2313609,Ubajara,CE,96.98,2023
2400604,Almino Afonso,RN,40.0,2023
2403806,Florânia,RN,33.89,2023
2408003,Mossoró,RN,38.06,2023
2411007,Rodolfo Fernandes,RN,10.53,2023
2413607,Severiano Melo,RN,71.63,2023
2414209,Tibau do Sul,RN,17.6,2023
2414605,Upanema,RN,24.81,2023
2501401,Baía da Traição,PB,21.73,2023
2503407,Cacimba de Areia,PB,63.89,2023
2512747,Riachão,PB,52.41,2023
2514305,São José de Caiana,PB,48.19,2023
2605004,Cupira,PE,77.97,2023
2612109,Salgadinho,PE,93.42,2023
2613107,São Caitano,PE,45.1,2023
2614006,Serrita,PE,53.72,2023
2614402,Solidão,PE,74.63,2023
2701407,Campo Alegre,AL,65.49,2023
2705408,Monteirópolis,AL,35.28,2023
2707107,Piranhas,AL,24.74,2023
2709152,Teotônio Vilela,AL,52.48,2023
2709202,Traipu,AL,31.62,2023
2801009,Campo do Brito,SE,37.93,2023
2801504,Carmópolis,SE,24.85,2023
2802809,Indiaroba,SE,38.33,2023
2804706,Nossa Senhora de Lourdes,SE,19.15,2023
2804805,Nossa Senhora do Socorro,SE,21.3,2023
2805307,Pirambu,SE,25.81,2023
2807105,Simão Dias,SE,38.52,2023
2902658,Banzaê,BA,40.8,2023
2904605,Brumado,BA,53.28,2023
2905107,Caém,BA,35.37,2023
2906402,Candeal,BA,30.92,2023
2916401,Itapetinga,BA,39.63,2023
2919504,Livramento de Nossa Senhora,BA,38.43,2023
2923506,Palmeiras,BA,43.73,2023
2932200,Ubaitaba,BA,29.79,2023
2933505,Wenceslau Guimarães,BA,38.38,2023
3106606,Bertópolis,MG,59.47,2023
3108404,Botelhos,MG,71.52,2023
3109303,Buritis,MG,37.5,2023
3112307,Capelinha,MG,79.78,2023
3118809,Coração de Jesus,MG,76.22,2023
3120508,Cristina,MG,55.83,2023
3122355,Divisa Alegre,MG,50.93,2023
3123304,Dores do Turvo,MG,76.7,2023
3129657,Ibiracatu,MG,74.14,2023
3129905,Ibitiúra de Minas,MG,38.1,2023
3130507,Ilicínea,MG,45.97,2023
3137700,Lajinha,MG,72.03,2023
3138807,Luz,MG,71.99,2023
3139508,Manhumirim,MG,68.6,2023
3141108,Matozinhos,MG,47.48,2023
3146701,Palma,MG,26.99,2023
3147907,Passos,MG,59.53,2023
3149200,Pedrinópolis,MG,59.7,2023
3152501,Pouso Alegre,MG,46.87,2023
3154101,Recreio,MG,72.18,2023
3157807,Santa Luzia,MG,53.75,2023
3157906,Santa Margarida,MG,71.98,2023
3158904,Santana do Manhuaçu,MG,90.59,2023
3162252,São João da Lagoa,MG,49.97,2023
3163102,São José da Varginha,MG,55.14,2023
3163805,São Miguel do Anta,MG,74.87,2023
3165552,Setubinha,MG,42.9,2023
3168408,Tarumirim,MG,70.0,2023
3170909,Varzelândia,MG,52.13,2023
3200300,Alfredo Chaves,ES,74.51,2023
3202553,Ibitirama,ES,73.51,2023
3205069,Venda Nova do Imigrante,ES,83.02,2023
3300233,Armação dos Búzios,RJ,67.2,2023
3306305,Volta Redonda,RJ,60.12,2023
3502101,Andradina,SP,56.97,2023
3502309,Anhembi,SP,38.57,2023
3509007,Caieiras,SP,44.74,2023
3515194,Espírito Santo do Turvo,SP,58.56,2023
3523107,Itaquaquecetuba,SP,42.63,2023
3524006,Itupeva,SP,44.88,2023
3525409,Jeriquara,SP,45.2,2023
3526605,Lavrinhas,SP,52.66,2023
3527108,Lins,SP,61.5,2023
3528403,Mairinque,SP,56.21,2023
3528809,Maracaí,SP,84.81,2023
3530607,Mogi das Cruzes,SP,46.57,2023
3534005,Onda Verde,SP,47.09,2023
3540853,Pracinha,SP,94.44,2023
3549201,São João das Duas Pontes,SP,86.43,2023
3550803,São Sebastião da Grama,SP,64.77,2023
3552502,Suzano,SP,50.64,2023
3552700,Tabatinga,SP,72.73,2023
3552809,Taboão da Serra,SP,31.49,2023
3555000,Tupã,SP,50.23,2023
4103222,Bom Sucesso do Sul,PR,82.0,2023
4108205,Formosa do Oeste,PR,88.15,2023
4108809,Guaíra,PR,63.23,2023
4108957,Guamiranga,PR,79.53,2023
4111704,Jaboti,PR,82.7,2023
4115200,Maringá,PR,80.65,2023
4117222,Nova Santa Rosa,PR,77.8,2023
4117701,Palmeira,PR,71.64,2023
4120101,Porto Amazonas,PR,69.78,2023
4121703,Reserva,PR,72.87,2023
4125803,São Pedro do Ivaí,PR,83.61,2023
4126355,Serranópolis do Iguaçu,PR,100.0,2023
4201208,Antônio Carlos,SC,67.62,2023
4202537,Bom Jesus,SC,64.67,2023
4204509,Corupá,SC,61.16,2023
4204707,Cunha Porã,SC,64.14,2023
4207650,Iporã do Oeste,SC,86.65,2023
4208203,Itajaí,SC,56.61,2023
4209102,Joinville,SC,62.15,2023
4211702,Orleans,SC,72.36,2023
4212809,Balneário Piçarras,SC,61.5,2023
4215653,Santa Rosa do Sul,SC,57.51,2023
4217600,Siderópolis,SC,61.68,2023
4220000,Balneário Rincão,SC,50.34,2023
4300554,Alto Alegre,RS,61.54,2023
4300901,Aratiba,RS,85.04,2023
4301701,Barão de Cotegipe,RS,77.27,2023
4301701,Barão de Cotegipe,RS,87.96,2023
4302907,Cacequi,RS,65.08,2023
4306429,Dois Irmãos das Missões,RS,78.57,2023
4306908,Encruzilhada do Sul,RS,63.87,2023
4306932,Entre-Ijuís,RS,42.96,2023
4307500,Espumoso,RS,69.18,2023
4307807,Estrela,RS,65.36,2023
4309126,Gramado dos Loureiros,RS,87.5,2023
4310652,Itati,RS,49.89,2023
4311106,Jaguari,RS,75.76,2023
4311502,Lavras do Sul,RS,57.89,2023
4312757,Nova Alvorada,RS,90.0,2023
4314407,Pelotas,RS,50.42,2023
4314506,Pinheiro Machado,RS,63.16,2023
4315008,Porto Lucena,RS,74.94,2023
4315354,Quinze de Novembro,RS,85.71,2023
4315800,Roca Sales,RS,75.61,2023
4316907,Santa Maria,RS,63.9,2023
4317400,Santiago,RS,62.44,2023
4319406,São Pedro do Sul,RS,80.9,2023
4320602,Severiano de Almeida,RS,73.33,2023
4321303,Taquari,RS,70.16,2023
4321402,Tenente Portela,RS,67.61,2023
4322608,Venâncio Aires,RS,74.06,2023
5101902,Brasnorte,MT,51.92,2023
5103007,Chapada dos Guimarães,MT,47.7,2023
5105606,Matupá,MT,65.6,2023
5106208,Nova Brasilândia,MT,55.65,2023
5108204,Torixoréu,MT,95.14,2023
5200159,Adelândia,GO,80.95,2023
5205208,Caturaí,GO,68.4,2023
5210562,Itaguari,GO,85.79,2023
5220702,Sítio d'Abadia,GO,57.64,2023
1100049,Cacoal,RO,62.51,2023
1100155,Ouro Preto do Oeste,RO,72.39,2023
1101401,Monte Negro,RO,72.19,2023
1302553,Manaquiri,AM,47.0,2023
1303007,Nhamundá,AM,68.0,2023
1304203,Tefé,AM,48.45,2023
1502806,Curralinho,PA,25.06,2023
1503093,Goianésia do Pará,PA,46.05,2023
1504604,Mocajuba,PA,31.97,2023
1505494,Palestina do Pará,PA,33.8,2023
1716208,Paranã,TO,42.28,2023
1718204,Porto Nacional,TO,56.8,2023
1720150,São Félix do Tocantins,TO,83.33,2023
2102200,Buriti,MA,44.96,2023
2103406,Coelho Neto,MA,60.53,2023
2105427,Itinga do Maranhão,MA,79.92,2023
2108108,Paulo Ramos,MA,76.26,2023
2111300,São Luís,MA,47.83,2023
2201309,Barreiras do Piauí,PI,38.39,2023
2203750,Fartura do Piauí,PI,36.65,2023
2209450,Santo Antônio dos Milagres,PI,96.15,2023
2210508,São Pedro do Piauí,PI,49.25,2023
2211357,Várzea Branca,PI,25.97,2023
2301208,Aracoiaba,CE,87.25,2023
2301406,Aratuba,CE,86.27,2023
2302503,Brejo Santo,CE,93.05,2023
2304103,Crateús,CE,95.78,2023
2311405,Quixeramobim,CE,98.53,2023
2311959,Salitre,CE,96.62,2023
2312809,Senador Sá,CE,99.07,2023
2400604,Almino Afonso,RN,11.11,2023
2403608,Extremoz,RN,49.69,2023
2409308,Patu,RN,30.47,2023
2414456,Triunfo Potiguar,RN,47.37,2023
2502904,Brejo dos Santos,PB,45.49,2023
2505501,Vista Serrana,PB,44.1,2023
2506905,Itabaiana,PB,67.61,2023
2511004,Pedra Branca,PB,95.61,2023
2511103,Pedra Lavrada,PB,75.61,2023
2512077,Poço de José de Moura,PB,87.93,2023
2603405,Calumbi,PE,74.41,2023
2704005,Junqueiro,AL,53.3,2023
2706802,Piaçabuçu,AL,31.74,2023
2800407,Arauá,SE,31.03,2023
2801306,Capela,SE,33.52,2023
2802106,Estância,SE,33.96,2023
2805604,Porto da Folha,SE,23.53,2023
2807402,Tobias Barreto,SE,42.39,2023
2903300,Barro Preto,BA,39.29,2023
2906006,Campo Formoso,BA,36.78,2023
2908804,Contendas do Sincorá,BA,24.0,2023
2909208,Coronel João Sá,BA,28.7,2023
2911659,Guajeru,BA,29.2,2023
2912301,Ibicuí,BA,58.94,2023
2915007,Itaeté,BA,41.31,2023
2918209,Jiquiriçá,BA,42.04,2023
2920007,Maiquinique,BA,29.83,2023
2921500,Monte Santo,BA,30.9,2023
2925253,Ponto Novo,BA,23.17,2023
2929750,Saubara,BA,43.18,2023
2931509,Teofilândia,BA,28.06,2023
3100500,Açucena,MG,47.95,2023
3104452,Aricanduva,MG,52.49,2023
3106002,Bela Vista de Minas,MG,40.0,2023
3108602,Brasília de Minas,MG,75.06,2023
3108602,Brasília de Minas,MG,74.31,2023
3109600,Cachoeira da Prata,MG,52.4,2023
3110905,Campanha,MG,41.96,2023
3112109,Caparaó,MG,60.15,2023
3112604,Capinópolis,MG,51.19,2023
3115805,Centralina,MG,82.74,2023
3116209,Chiador,MG,77.53,2023
3118601,Contagem,MG,54.99,2023
3121605,Diamantina,MG,59.06,2023
3122900,Dona Eusébia,MG,47.11,2023
3127370,Goiabeira,MG,67.76,2023
3133709,Itatiaiuçu,MG,72.09,2023
3135456,Jenipapo de Minas,MG,63.69,2023
3136108,Joanésia,MG,95.06,2023
3140555,Mata Verde,MG,54.87,2023
3148707,Pedra Azul,MG,57.01,2023
3149804,Perdizes,MG,67.9,2023
3149952,Periquito,MG,45.31,2023
3150158,Piedade de Caratinga,MG,52.84,2023
3150208,Piedade de Ponte Nova,MG,35.21,2023
3150802,Piranga,MG,60.14,2023
3154606,Ribeirão das Neves,MG,53.3,2023
3158201,Santa Maria do Suaçuí,MG,74.18,2023
3162658,São João do Pacuí,MG,74.18,2023
3164431,São Sebastião da Vargem Alegre,MG,53.38,2023
3168507,Teixeiras,MG,22.22,2023
3201902,Domingos Martins,ES,82.47,2023
3204104,Pinheiros,ES,77.29,2023
3204203,Piúma,ES,62.47,2023
3205069,Venda Nova do Imigrante,ES,83.84,2023
3303104,Natividade,RJ,60.3,2023
3303708,Paraíba do Sul,RJ,49.95,2023
3502002,Analândia,SP,44.62,2023
3510203,Capão Bonito,SP,62.4,2023
3510609,Carapicuíba,SP,51.24,2023
3517604,Guapiara,SP,66.94,2023
3527207,Lorena,SP,42.48,2023
3527256,Lourdes,SP,74.02,2023
3531209,Monte Alegre do Sul,SP,55.12,2023
3541307,Presidente Epitácio,SP,75.38,2023
3544103,Rio Grande da Serra,SP,31.67,2023
3545209,Salto,SP,57.56,2023
3545209,Salto,SP,59.64,2023
3555703,União Paulista,SP,81.25,2023
4102604,Barracão,PR,72.57,2023
4104451,Cantagalo,PR,65.68,2023
4106001,Congonhinhas,PR,68.8,2023
4106456,Coronel Domingos Soares,PR,78.28,2023
4110003,Iguaraçu,PR,50.91,2023
4110508,Ipiranga,PR,88.2,2023
4112900,Jundiaí do Sul,PR,56.84,2023
4117453,Ouro Verde do Oeste,PR,86.73,2023
4120804,Quatro Barras,PR,66.78,2023
4123709,Santa Isabel do Ivaí,PR,84.22,2023
4201950,Balneário Arroio do Silva,SC,43.72,2023
4202438,Bocaina do Sul,SC,39.12,2023
4205100,Dona Emma,SC,81.82,2023
4205159,Doutor Pedrinho,SC,52.09,2023
4206504,Guaramirim,SC,77.18,2023
4206702,Herval d'Oeste,SC,53.21,2023
4207858,Irati,SC,92.86,2023
4210001,Luiz Alves,SC,55.22,2023
4212254,Passo de Torres,SC,56.11,2023
4213153,Planalto Alegre,SC,79.57,2023
4214003,Presidente Getúlio,SC,57.35,2023
4215901,São Bonifácio,SC,85.0,2023
4216255,São João do Oeste,SC,96.02,2023
4302352,Bom Princípio,RS,73.71,2023
4306601,Dom Pedrito,RS,71.51,2023
4306700,Dona Francisca,RS,73.46,2023
4307708,Esteio,RS,63.38,2023
4309209,Gravataí,RS,62.99,2023
4309571,Herveiras,RS,65.44,2023
4310439,Ipê,RS,82.22,2023
4311270,Lagoa dos Três Cantos,RS,61.9,2023
4311700,Machadinho,RS,67.76,2023
4312500,Mostardas,RS,49.68,2023
4312708,Nonoai,RS,65.58,2023
4313953,Pantano Grande,RS,75.3,2023
4314704,Planalto,RS,72.47,2023
4314803,Portão,RS,56.04,2023
4315354,Quinze de Novembro,RS,68.89,2023
4316501,Salvador do Sul,RS,88.12,2023
4317301,Santa Vitória do Palmar,RS,53.75,2023
4317954,Santo Expedito do Sul,RS,100.0,2023
4318051,São Domingos do Sul,RS,75.0,2023
4318424,São João da Urtiga,RS,90.91,2023
4318903,São Luiz Gonzaga,RS,80.28,2023
4319125,São Martinho da Serra,RS,66.45,2023
4320800,Soledade,RS,66.25,2023
4321006,Tapera,RS,75.82,2023
4321857,Três Palmeiras,RS,76.92,2023
5102637,Campo Novo do Parecis,MT,62.23,2023
5103379,Cotriguaçu,MT,58.35,2023
5103403,Cuiabá,MT,63.19,2023
5103908,General Carneiro,MT,89.12,2023
5105150,Juína,MT,44.98,2023
5106109,Nossa Senhora do Livramento,MT,68.54,2023
5106281,Novo São Joaquim,MT,58.82,2023
5203500,Bom Jesus de Goiás,GO,75.75,2023
5203559,Bonfinópolis,GO,58.03,2023
5210000,Inhumas,GO,81.28,2023
5212055,Jesúpolis,GO,100.0,2023
5215009,Nova Veneza,GO,86.43,2023
5219506,Santa Rosa de Goiás,GO,80.22,2023
5221858,Valparaíso de Goiás,GO,56.69,2023
1100601,Cacaulândia,RO,54.63,2023
1300631,Beruri,AM,90.96,2023
1303569,Rio Preto da Eva,AM,35.31,2023
1303601,Santa Isabel do Rio Negro,AM,30.62,2023
1303700,Santo Antônio do Içá,AM,62.8,2023
1303957,São Sebastião do Uatumã,AM,50.81,2023
1501204,Baião,PA,27.52,2023
1501600,Bonito,PA,37.01,2023
1502905,Curuçá,PA,30.81,2023
1504950,Nova Esperança do Piriá,PA,35.64,2023
1703826,Cachoeirinha,TO,27.54,2023
1712504,Marianópolis do Tocantins,TO,24.15,2023
1720978,Talismã,TO,43.88,2023
2101806,Benedito Leite,MA,56.0,2023
2103554,Conceição do Lago-Açu,MA,43.89,2023
2105302,Imperatriz,MA,45.19,2023
2109551,Ribamar Fiquene,MA,54.24,2023
2111573,São Pedro dos Crentes,MA,40.27,2023
2200103,Agricolândia,PI,32.61,2023
2201101,Avelino Lopes,PI,40.98,2023
2202133,Campo Grande do Piauí,PI,85.6,2023
2202208,Campo Maior,PI,52.24,2023
2202539,Caraúbas do Piauí,PI,38.51,2023
2203255,Curralinhos,PI,32.63,2023
2204352,Geminiano,PI,19.5,2023
2208403,Piripiri,PI,33.16,2023
2209377,Santa Rosa do Piauí,PI,61.02,2023
2209559,São Braz do Piauí,PI,87.8,2023
2304004,Coreaú,CE,100.0,2023
2304608,General Sampaio,CE,94.2,2023
2305357,Icapuí,CE,82.16,2023
2305506,Iguatu,CE,56.55,2023
2307106,Jardim,CE,77.88,2023
2307635,Madalena,CE,97.67,2023
2313955,Varjota,CE,99.57,2023
2400208,Açu,RN,41.81,2023
2402303,Caraúbas,RN,26.21,2023
2402501,Carnaubais,RN,27.39,2023
2402709,Cerro Corá,RN,60.42,2023
2404705,Ipanguaçu,RN,42.86,2023
2405405,Japi,RN,15.32,2023
2406106,Jucurutu,RN,28.69,2023
2411809,São Fernando,RN,47.14,2023
2412302,São José do Campestre,RN,29.87,2023
2502102,Boa Ventura,PB,28.58,2023
2505352,Damião,PB,37.73,2023
2513927,São Bentinho,PB,65.98,2023
2513943,São Domingos do Cariri,PB,95.45,2023
2600609,Alagoinha,PE,42.86,2023
2607653,Itambé,PE,48.56,2023
2802304,Frei Paulo,SE,36.17,2023
2901809,Antônio Gonçalves,BA,32.58,2023
2904100,Boquira,BA,39.47,2023
2910008,Dário Meira,BA,37.81,2023
2910701,Euclides da Cunha,BA,33.07,2023
2910800,Feira de Santana,BA,31.96,2023
2911808,Guaratinga,BA,22.69,2023
2924504,Pindaí,BA,71.04,2023
2925501,Prado,BA,36.16,2023
2933059,Várzea da Roça,BA,32.58,2023
3101102,Aimorés,MG,67.1,2023
3102852,Angelândia,MG,59.72,2023
3109501,Cabo Verde,MG,71.99,2023
3113701,Carlos Chagas,MG,56.45,2023
3114303,Carmo do Paranaíba,MG,70.42,2023
3116159,Chapada Gaúcha,MG,49.17,2023
3125309,Faria Lemos,MG,14.74,2023
3127602,Gouveia,MG,74.24,2023
3129509,Ibiá,MG,52.52,2023
3129806,Ibirité,MG,56.43,2023
3138807,Luz,MG,54.44,2023
3141702,Mesquita,MG,53.17,2023
3142007,Mirabela,MG,63.94,2023
3142254,Miravânia,MG,40.71,2023
3142254,Miravânia,MG,44.91,2023
3143708,Morro do Pilar,MG,69.29,2023
3146008,Ouro Fino,MG,63.84,2023
3146255,Padre Carvalho,MG,47.09,2023
3148509,Pavão,MG,85.08,2023
3149002,Pedra Dourada,MG,53.74,2023
3153202,Presidente Juscelino,MG,80.9,2023
3155405,Rio Novo,MG,39.03,2023
3159902,Santo Antônio do Amparo,MG,83.75,2023
3161601,São Geraldo da Piedade,MG,69.23,2023
3164209,São Romão,MG,50.94,2023
3165503,Sardoá,MG,45.8,2023
3166006,Senhora de Oliveira,MG,79.29,2023
3169109,Toledo,MG,63.11,2023
3201159,Brejetuba,ES,83.37,2023
3202256,Governador Lindenberg,ES,64.12,2023
3205002,Serra,ES,59.07,2023
3205101,Viana,ES,70.14,2023
3300902,Cambuci,RJ,69.0,2023
3303609,Paracambi,RJ,64.31,2023
3305752,Tanguá,RJ,55.41,2023
3306206,Vassouras,RJ,65.42,2023
3500303,Aguaí,SP,49.18,2023
3503208,Araraquara,SP,63.22,2023
3505302,Barra Bonita,SP,57.61,2023
3518701,Guarujá,SP,48.23,2023
3520426,Ilha Comprida,SP,52.02,2023
3529401,Mauá,SP,64.23,2023
3532108,Murutinga do Sul,SP,57.61,2023
3534609,Osvaldo Cruz,SP,58.32,2023
3535309,Palmital,SP,46.45,2023
3543303,Ribeirão Pires,SP,59.39,2023
3544905,Sales Oliveira,SP,58.46,2023
3552106,Socorro,SP,50.82,2023
3552700,Tabatinga,SP,62.43,2023
3554102,Taubaté,SP,44.37,2023
3556453,Vargem Grande Paulista,SP,56.05,2023
3556800,Viradouro,SP,63.55,2023
4101002,Ampére,PR,65.51,2023
4102802,Bela Vista do Paraíso,PR,61.05,2023
4104105,Campo do Tenente,PR,80.36,2023
4114351,Manfrinópolis,PR,91.01,2023
4123857,Santa Maria do Oeste,PR,76.25,2023
4124608,São Carlos do Ivaí,PR,78.29,2023
4126702,Tamboara,PR,47.6,2023
4200507,Águas de Chapecó,SC,62.77,2023
4202503,Bom Jardim da Serra,SC,30.19,2023
4205100,Dona Emma,SC,86.17,2023
4205357,Flor do Sertão,SC,81.41,2023
4206207,Gravatal,SC,54.05,2023
4207304,Imbituba,SC,57.62,2023
4211306,Navegantes,SC,25.0,2023
4211751,Otacílio Costa,SC,48.79,2023
4211751,Otacílio Costa,SC,53.18,2023
4215455,Sangão,SC,52.11,2023
4215554,Santa Helena,SC,78.34,2023
4217105,São Martinho,SC,68.21,2023
4218251,Timbó Grande,SC,57.76,2023
4301602,Bagé,RS,62.01,2023
4303608,Cambará do Sul,RS,60.0,2023
4304853,Carlos Gomes,RS,54.55,2023
4305009,Catuípe,RS,83.62,2023
4305934,Coronel Pilar,RS,100.0,2023
4309654,Hulha Negra,RS,88.89,2023
4310876,Jacuizinho,RS,51.39,2023
4311155,Jóia,RS,60.87,2023
4311627,Lindolfo Collor,RS,76.92,2023
4313706,Palmeira das Missões,RS,60.88,2023
4315909,Rodeio Bonito,RS,92.82,2023
4319158,São Miguel das Missões,RS,76.47,2023
4319372,São Pedro do Butiá,RS,82.14,2023
4319505,São Sebastião do Caí,RS,57.7,2023
4320701,Sobradinho,RS,79.55,2023
4321857,Três Palmeiras,RS,79.88,2023
4322251,Tupandi,RS,81.98,2023
5003504,Douradina,MS,28.79,2023
5007208,Rio Brilhante,MS,40.18,2023
5100607,Alto Taquari,MT,72.32,2023
5105150,Juína,MT,29.41,2023
5105234,Lambari D'Oeste,MT,2.12,2023
5106455,Planalto da Serra,MT,58.62,2023
5106703,Ponte Branca,MT,76.77,2023
5108857,Nova Marilândia,MT,44.14,2023
5202155,Araguapaz,GO,43.29,2023
5204201,Cachoeira de Goiás,GO,65.0,2023
5204904,Campos Belos,GO,65.21,2023
5205059,Castelândia,GO,80.99,2023
5207535,Faina,GO,73.62,2023
5208806,Goianira,GO,69.12,2023
5212907,Marzagão,GO,92.15,2023
5213509,Monte Alegre de Goiás,GO,90.0,2023
5218052,Porteirão,GO,83.88,2023
5219001,Sanclerlândia,GO,78.09,2023
5219258,Santa Fé de Goiás,GO,76.89,2023
1101104,Itapuã do Oeste,RO,98.79,2023
1300706,Boca do Acre,AM,49.62,2023
1301803,Ipixuna,AM,40.83,2023
1302009,Itapiranga,AM,26.96,2023
1303601,Santa Isabel do Rio Negro,AM,26.71,2023
1500859,Anapu,PA,48.76,2023
1502509,Chaves,PA,44.8,2023
1506351,Santa Bárbara do Pará,PA,37.63,2023
1721257,Tupirama,TO,36.36,2023
2104305,Godofredo Viana,MA,82.97,2023
2105906,Lago Verde,MA,62.12,2023
2110104,Santa Quitéria do Maranhão,MA,89.14,2023
2202083,Cajueiro da Praia,PI,47.44,2023
2202505,Caracol,PI,60.97,2023
2202711,Cocal de Telha,PI,67.54,2023
2202778,Colônia do Piauí,PI,59.89,2023
2204303,Fronteiras,PI,98.26,2023
2206704,Nazaré do Piauí,PI,46.93,2023
2207009,Oeiras,PI,65.92,2023
2207207,Padre Marcos,PI,86.44,2023
2211704,Wall Ferraz,PI,37.6,2023
2300150,Acarape,CE,78.14,2023
2304509,Frecheirinha,CE,99.67,2023
2304707,Granja,CE,93.26,2023
2306801,Jaguaribara,CE,89.41,2023
2307650,Maracanaú,CE,82.5,2023
2307809,Marco,CE,94.18,2023
2308609,Monsenhor Tabosa,CE,96.7,2023
2310902,Piquet Carneiro,CE,100.0,2023
2312007,Santana do Acaraú,CE,99.18,2023
2313302,Tauá,CE,87.18,2023
2314102,Viçosa do Ceará,CE,88.59,2023
2405009,Jaçanã,RN,48.62,2023
2406007,José da Penha,RN,28.68,2023
2407203,Macau,RN,40.52,2023
2407609,Messias Targino,RN,17.11,2023
2411205,Santa Cruz,RN,20.83,2023
2411601,São Bento do Norte,RN,57.76,2023
2412104,São João do Sabugi,RN,49.46,2023
2413557,Serrinha dos Pintos,RN,53.33,2023
2506707,Imaculada,PB,63.13,2023
2507309,Jacaraú,PB,34.78,2023
2507507,João Pessoa,PB,48.38,2023
2512903,Rio Tinto,PB,72.16,2023
2513653,Joca Claudino,PB,39.7,2023
2601607,Belém do São Francisco,PE,51.55,2023
2601904,Bezerros,PE,51.47,2023
2607000,Inajá,PE,54.35,2023
2607901,Jaboatão dos Guararapes,PE,57.25,2023
2611533,Quixaba,PE,80.26,2023
2612802,Santa Terezinha,PE,68.31,2023
2613503,São José do Belmonte,PE,46.7,2023
2701902,Chã Preta,AL,43.85,2023
2706307,Palmeira dos Índios,AL,31.61,2023
2706604,Paulo Jacinto,AL,37.1,2023
2708402,São José da Tapera,AL,49.03,2023
2708907,Satuba,AL,42.93,2023
2709004,Tanque d'Arca,AL,42.05,2023
2801009,Campo do Brito,SE,38.89,2023
2803104,Itabi,SE,19.35,2023
2807600,Umbaúba,SE,25.4,2023
2900801,Alcobaça,BA,45.33,2023
2902203,Aramari,BA,21.73,2023
2902658,Banzaê,BA,3.41,2023
2911907,Iaçu,BA,22.93,2023
2915304,Itagimirim,BA,32.81,2023
2917508,Jacobina,BA,30.73,2023
2917805,Jaguaripe,BA,25.85,2023
2921708,Morro do Chapéu,BA,36.21,2023
2924678,Piraí do Norte,BA,47.67,2023
2925808,Queimadas,BA,27.35,2023
2930303,Serra Dourada,BA,28.99,2023
2930402,Serra Preta,BA,31.84,2023
2931103,Tanquinho,BA,18.93,2023
2931707,Terra Nova,BA,23.25,2023
2932903,Valença,BA,31.04,2023
3105202,Bandeira,MG,62.73,2023
3106408,Belo Vale,MG,93.05,2023
3108305,Borda da Mata,MG,69.5,2023
3114105,Carmo de Minas,MG,81.48,2023
3114709,Carvalhópolis,MG,76.96,2023
3119401,Coronel Fabriciano,MG,47.39,2023
3125804,Fernandes Tourinho,MG,63.45,2023
3125903,Ferros,MG,86.46,2023
3126000,Florestal,MG,57.15,2023
3132305,Itaipé,MG,63.67,2023
3133758,Itaú de Minas,MG,74.33,2023
3135076,Jampruca,MG,51.85,2023
3135209,Januária,MG,45.97,2023
3135605,Jequitaí,MG,39.93,2023
3136306,João Pinheiro,MG,66.98,2023
3137809,Lambari,MG,68.51,2023
3138401,Leopoldina,MG,57.05,2023
3138807,Luz,MG,61.76,2023
3152131,Ponto Chique,MG,61.32,2023
3155306,Rio Manso,MG,71.24,2023
3162500,São João del Rei,MG,60.89,2023
3162922,São Joaquim de Bicas,MG,48.19,2023
3167202,Sete Lagoas,MG,61.56,2023
3167608,Simonésia,MG,74.09,2023
3167905,Tabuleiro,MG,80.53,2023
3168705,Timóteo,MG,55.91,2023
3170206,Uberlândia,MG,50.92,2023
3170578,Vargem Alegre,MG,82.74,2023
3200508,Apiacá,ES,58.4,2023
3201308,Cariacica,ES,57.19,2023
3203163,Laranja da Terra,ES,87.53,2023
3203205,Linhares,ES,63.76,2023
3203700,Muniz Freire,ES,78.29,2023
3300100,Angra dos Reis,RJ,57.0,2023
3300456,Belford Roxo,RJ,34.73,2023
3500907,Altair,SP,55.84,2023
3501202,Álvares Florence,SP,78.62,2023
3502705,Apiaí,SP,61.39,2023
3515004,Embu das Artes,SP,38.07,2023
3515202,Estrela d'Oeste,SP,53.96,2023
3517802,Guaraçaí,SP,54.35,2023
3519204,Iacri,SP,68.39,2023
3520004,Igaraçu do Tietê,SP,68.56,2023
3522653,Itapirapuã Paulista,SP,45.73,2023
3522802,Itaporanga,SP,36.36,2023
3525706,José Bonifácio,SP,69.34,2023
3526506,Lavínia,SP,62.02,2023
3530706,Mogi Guaçu,SP,51.4,2023
3532603,Nhandeara,SP,100.0,2023
3548203,Santo Antônio do Pinhal,SP,42.87,2023
3548708,São Bernardo do Campo,SP,55.57,2023
3551009,São Vicente,SP,27.96,2023
3552403,Sumaré,SP,56.87,2023
3553005,Taguaí,SP,58.59,2023
3553500,Tapiraí,SP,53.69,2023
3553955,Tarumã,SP,83.12,2023
3557303,Estiva Gerbi,SP,45.14,2023
4101051,Anahy,PR,62.4,2023
4103024,Boa Esperança do Iguaçu,PR,75.0,2023
4115101,Mariluz,PR,62.44,2023
4115358,Maripá,PR,80.97,2023
4117602,Palmas,PR,55.66,2023
4118204,Paranaguá,PR,61.91,2023
4119103,Piên,PR,85.9,2023
4127908,Tuneiras do Oeste,PR,71.46,2023
4200101,Abelardo Luz,SC,37.73,2023
4202008,Balneário Camboriú,SC,60.6,2023
4206108,Grão Pará,SC,65.15,2023
4208906,Jaraguá do Sul,SC,72.79,2023
4211751,Otacílio Costa,SC,55.06,2023
4212205,Papanduva,SC,57.05,2023
4216057,São Cristovão do Sul,SC,57.13,2023
4301404,Arvorezinha,RS,78.93,2023
4302907,Cacequi,RS,50.76,2023
4303400,Caiçara,RS,78.22,2023
4304101,Campos Borges,RS,45.66,2023
4304408,Canela,RS,72.11,2023
4306502,Dom Feliciano,RS,63.58,2023
4307559,Estação,RS,73.44,2023
4308300,Fontoura Xavier,RS,63.06,2023
4309209,Gravataí,RS,58.58,2023
4309571,Herveiras,RS,71.43,2023
4309951,Ibirapuitã,RS,62.74,2023
4310207,Ijuí,RS,65.88,2023
4310363,Imigrante,RS,78.24,2023
4310603,Itaqui,RS,61.18,2023
4311130,Jari,RS,61.2,2023
4311734,Mampituba,RS,66.23,2023
4312005,Mariano Moro,RS,94.12,2023
4312153,Mato Leitão,RS,86.51,2023
4312906,Nova Bassano,RS,77.91,2023
4313466,Novo Xingu,RS,95.45,2023
4313953,Pantano Grande,RS,90.0,2023
4319364,São Pedro das Missões,RS,90.0,2023
4321006,Tapera,RS,90.58,2023
4321808,Três de Maio,RS,60.51,2023
4322533,Vale do Sol,RS,74.36,2023
5002605,Camapuã,MS,25.0,2023
5003207,Corumbá,MS,41.52,2023
5003751,Eldorado,MS,10.0,2023
5004106,Guia Lopes da Laguna,MS,46.91,2023
5102637,Campo Novo do Parecis,MT,60.75,2023
5104526,Ipiranga do Norte,MT,61.83,2023
5106216,Nova Canaã do Norte,MT,60.5,2023
5107800,Santo Antônio do Leverger,MT,53.76,2023
5203906,Buriti Alegre,GO,69.02,2023
5204003,Cabeceiras,GO,69.66,2023
5211503,Itumbiara,GO,69.78,2023
5212956,Matrinchã,GO,59.71,2023
5216908,Pilar de Goiás,GO,96.02,2023
1100338,Nova Mamoré,RO,63.02,2023
1302207,Juruá,AM,40.6,2023
1302900,Maués,AM,68.75,2023
1303205,Novo Airão,AM,75.88,2023
1303601,Santa Isabel do Rio Negro,AM,33.66,2023
1303700,Santo Antônio do Içá,AM,91.4,2023
1303957,São Sebastião do Uatumã,AM,51.77,2023
1505635,Piçarra,PA,58.29,2023
1600212,Cutias,AP,47.0,2023
1717008,Pindorama do Tocantins,TO,47.41,2023
2105005,Humberto de Campos,MA,61.59,2023
2106706,Mirador,MA,35.01,2023
2110278,Santo Amaro do Maranhão,MA,33.31,2023
2111508,São Mateus do Maranhão,MA,64.56,2023
2203404,Dom Expedito Lopes,PI,77.13,2023
2204204,Francisco Santos,PI,43.94,2023
2208858,Riacho Frio,PI,98.41,2023
2209104,Santa Cruz do Piauí,PI,95.61,2023
2210102,São José do Peixe,PI,76.0,2023
2210706,Simões,PI,68.51,2023
2211001,Teresina,PI,48.21,2023
2211506,Vera Mendes,PI,94.44,2023
2300804,Antonina do Norte,CE,97.31,2023
2304103,Crateús,CE,97.08,2023
2306702,Jaguaretama,CE,94.68,2023
2307304,Juazeiro do Norte,CE,60.56,2023
2404002,Frutuoso Gomes,RN,85.71,2023
2407807,Monte Alegre,RN,59.18,2023
2411007,Rodolfo Fernandes,RN,25.25,2023
2411502,Santo Antônio,RN,67.11,2023
2412401,São José do Seridó,RN,36.3,2023
2413508,Serrinha,RN,56.19,2023
2500304,Alagoa Grande,PB,28.57,2023
2501203,Areial,PB,92.86,2023
2504504,Condado,PB,56.24,2023
2509305,Mataraca,PB,85.94,2023
2510808,Patos,PB,43.61,2023
2512705,Remígio,PB,58.76,2023
2514206,São José da Lagoa Tapada,PB,85.74,2023
2515005,São Miguel de Taipu,PB,10.07,2023
2601409,Barreiros,PE,61.78,2023
2603009,Cabrobó,PE,68.25,2023
2609402,Moreno,PE,53.38,2023
2613305,São Joaquim do Monte,PE,68.5,2023
2615805,Tupanatinga,PE,68.57,2023
2701001,Boca da Mata,AL,73.6,2023
2704302,Maceió,AL,39.23,2023
2704302,Maceió,AL,40.66,2023
2802601,Gracho Cardoso,SE,20.0,2023
2804508,Nossa Senhora da Glória,SE,31.86,2023
2805802,Riachão do Dantas,SE,44.44,2023
2901007,Amargosa,BA,51.07,2023
2904506,Brotas de Macaúbas,BA,43.67,2023
2911204,Gandu,BA,33.26,2023
2913101,Ibititá,BA,26.1,2023
2914000,Ipirá,BA,29.98,2023
2916708,Itaquara,BA,34.36,2023
2917409,Jacaraci,BA,63.77,2023
2919306,Lençóis,BA,36.17,2023
2924058,Pé de Serra,BA,37.89,2023
2924108,Pedrão,BA,20.72,2023
2924603,Pindobaçu,BA,34.17,2023
2927606,Santa Brígida,BA,25.65,2023
2929701,Sátiro Dias,BA,15.36,2023
2931608,Teolândia,BA,47.32,2023
3101508,Além Paraíba,MG,68.94,2023
3102100,Alto Rio Doce,MG,78.1,2023
3102100,Alto Rio Doce,MG,83.05,2023
3103603,Arantina,MG,75.0,2023
3105103,Bambuí,MG,65.95,2023
3108602,Brasília de Minas,MG,74.46,2023
3109303,Buritis,MG,51.37,2023
3114550,Carneirinho,MG,52.21,2023
3115201,Conceição da Barra de Minas,MG,68.75,2023
3116308,Cipotânea,MG,77.76,2023
3116308,Cipotânea,MG,73.1,2023
3116605,Cláudio,MG,61.05,2023
3117108,Conceição da Aparecida,MG,70.87,2023
3117876,Confins,MG,52.52,2023
3118205,Conquista,MG,68.73,2023
3121704,Diogo de Vasconcelos,MG,78.42,2023
3125002,Ewbank da Câmara,MG,35.65,2023
3131901,Itabirito,MG,28.24,2023
3137205,Lagoa da Prata,MG,59.32,2023
3138682,Luislândia,MG,50.0,2023
3140704,Mateus Leme,MG,56.77,2023
3142254,Miravânia,MG,50.0,2023
3145356,Novo Oriente de Minas,MG,81.07,2023
3145802,Onça de Pitangui,MG,42.86,2023
3145851,Oratórios,MG,73.86,2023
3146255,Padre Carvalho,MG,56.89,2023
3146909,Papagaios,MG,47.1,2023
3147907,Passos,MG,65.45,2023
3156452,Rosário da Limeira,MG,55.93,2023
3159407,Santa Rita de Ibitipoca,MG,65.38,2023
3162500,São João del Rei,MG,55.63,2023
3168606,Teófilo Otoni,MG,52.62,2023
3170008,Ubaí,MG,61.11,2023
3171808,Virginópolis,MG,44.13,2023
3201209,Cachoeiro de Itapemirim,ES,65.3,2023
3201506,Colatina,ES,74.65,2023
3202405,Guarapari,ES,71.81,2023
3203304,Mantenópolis,ES,91.73,2023
3304300,Rio Bonito,RJ,55.86,2023
3305000,São João da Barra,RJ,52.12,2023
3500303,Aguaí,SP,47.01,2023
3502408,Anhumas,SP,66.98,2023
3508108,Buritama,SP,64.02,2023
3515152,Engenheiro Coelho,SP,53.33,2023
3518701,Guarujá,SP,45.93,2023
3518859,Guatapará,SP,64.55,2023
3530300,Mirassol,SP,67.6,2023
3531407,Monte Aprazível,SP,73.54,2023
3531506,Monte Azul Paulista,SP,72.91,2023
3537305,Penápolis,SP,60.58,2023
3540002,Pompéia,SP,62.09,2023
3542404,Regente Feijó,SP,77.73,2023
3544301,Roseira,SP,63.56,2023
3548906,São Carlos,SP,56.52,2023
3553807,Taquarituba,SP,52.53,2023
3555307,Turmalina,SP,45.45,2023
3556206,Valinhos,SP,50.73,2023
4100509,Altônia,PR,70.4,2023
4103909,Campina da Lagoa,PR,80.15,2023
4106407,Cornélio Procópio,PR,76.78,2023
4108452,Foz do Jordão,PR,83.19,2023
4110706,Irati,PR,82.74,2023
4113106,Kaloré,PR,83.41,2023
4113304,Laranjeiras do Sul,PR,72.14,2023
4114401,Mangueirinha,PR,72.22,2023
4117008,Nova Fátima,PR,81.68,2023
4118501,Pato Branco,PR,78.22,2023
4124301,Santo Antônio do Paraíso,PR,82.31,2023
4124400,Santo Antônio do Sudoeste,PR,79.51,2023
4124707,São Jerônimo da Serra,PR,81.2,2023
4125456,São José das Palmeiras,PR,83.2,2023
4127700,Toledo,PR,79.58,2023
4200705,Alfredo Wagner,SC,53.35,2023
4202404,Blumenau,SC,62.61,2023
4204103,Caxambu do Sul,SC,69.54,2023
4207759,Iraceminha,SC,60.52,2023
4210100,Mafra,SC,66.69,2023
4210407,Maracajá,SC,75.0,2023
4210704,Matos Costa,SC,70.5,2023
4211603,Nova Veneza,SC,50.73,2023
4212007,Palma Sola,SC,80.08,2023
4212205,Papanduva,SC,67.68,2023
4213302,Ponte Alta,SC,40.98,2023
4213807,Praia Grande,SC,65.61,2023
4214300,Rancho Queimado,SC,74.5,2023
4216800,São José do Cerrito,SC,62.31,2023
4217907,Tangará,SC,66.67,2023
4304630,Capão da Canoa,RS,46.84,2023
4304689,Capela de Santana,RS,61.54,2023
4304697,Capitão,RS,87.05,2023
4305355,Charqueadas,RS,63.76,2023
4306973,Erebango,RS,70.59,2023
4308607,Garibaldi,RS,97.77,2023
4310504,Iraí,RS,76.37,2023
4313102,Nova Palma,RS,87.5,2023
4313102,Nova Palma,RS,81.13,2023
4314456,Pinhal,RS,56.45,2023
4314472,Pinhal Grande,RS,63.64,2023
4315404,Redentora,RS,79.65,2023
4315503,Restinga Seca,RS,80.74,2023
4315750,Riozinho,RS,79.18,2023
4318101,São Francisco de Assis,RS,65.56,2023
4318705,São Leopoldo,RS,56.43,2023
4321667,Três Cachoeiras,RS,86.1,2023
5005251,Laguna Carapã,MS,83.01,2023
5006606,Ponta Porã,MS,30.18,2023
5101407,Aripuanã,MT,60.16,2023
5101704,Barra do Bugres,MT,50.91,2023
5101852,Bom Jesus do Araguaia,MT,31.32,2023
5107909,Sinop,MT,55.53,2023
5108055,Terra Nova do Norte,MT,58.72,2023
5108956,Nova Monte Verde,MT,77.16,2023
5203104,Baliza,GO,64.29,2023
5204607,Campestre de Goiás,GO,79.35,2023
5204953,Campos Verdes,GO,63.71,2023
5205802,Corumbá de Goiás,GO,72.1,2023
5205901,Corumbaíba,GO,71.44,2023
5209408,Guarani de Goiás,GO,32.11,2023
5211909,Jataí,GO,64.01,2023
5215504,Ouvidor,GO,65.43,2023
5219712,Santo Antônio da Barra,GO,82.48,2023
1100288,Rolim de Moura,RO,68.81,2023
1100346,Alvorada D'Oeste,RO,29.2,2023
1300839,Caapiranga,AM,34.37,2023
1301001,Carauari,AM,47.38,2023
1301704,Humaitá,AM,50.25,2023
1302306,Jutaí,AM,57.14,2023
1302405,Lábrea,AM,66.84,2023
1302702,Manicoré,AM,55.74,2023
1302801,Maraã,AM,21.02,2023
1303809,São Gabriel da Cachoeira,AM,36.49,2023
1304104,Tapauá,AM,50.82,2023
1503457,Ipixuna do Pará,PA,39.7,2023
1505650,Placas,PA,42.57,2023
1507706,São Sebastião da Boa Vista,PA,48.08,2023
1600550,Pracuúba,AP,36.41,2023
1703909,Caseara,TO,17.04,2023
1706506,Darcinópolis,TO,31.21,2023
1711100,Itaporã do Tocantins,TO,64.16,2023
1712702,Mateiros,TO,27.59,2023
1716703,Colméia,TO,48.45,2023
2102325,Buriticupu,MA,39.23,2023
2104057,Estreito,MA,54.89,2023
2104602,Governador Eugênio Barros,MA,52.89,2023
2109304,Presidente Vargas,MA,44.27,2023
2200459,Alvorada do Gurguéia,PI,68.36,2023
2201200,Barras,PI,55.68,2023
2301257,Ararendá,CE,98.92,2023
2301703,Aurora,CE,72.85,2023
2303303,Cariús,CE,97.11,2023
2304269,Deputado Irapuan Pinheiro,CE,98.65,2023
2307205,Jati,CE,74.37,2023
2308005,Massapê,CE,99.41,2023
2308203,Meruoca,CE,98.47,2023
2309458,Ocara,CE,89.45,2023
2309706,Pacatuba,CE,56.25,2023
2401206,Arês,RN,24.75,2023
2405306,Boa Saúde,RN,45.53,2023
2405702,Jardim do Seridó,RN,26.75,2023
2406601,Lagoa Salgada,RN,22.82,2023
2406908,Lucrécia,RN,4.35,2023
2410504,Rafael Fernandes,RN,55.6,2023
2410504,Rafael Fernandes,RN,36.8,2023
2411056,Tibau,RN,59.09,2023
2504033,Capim,PB,56.03,2023
2509370,Mato Grosso,PB,40.0,2023
2509701,Monteiro,PB,55.03,2023
2515104,São Sebastião de Lagoa de Roça,PB,64.39,2023
2603108,Cachoeirinha,PE,56.69,2023
2603504,Camocim de São Félix,PE,55.71,2023
2611705,Riacho das Almas,PE,63.97,2023
2616209,Vertentes,PE,55.05,2023
2704609,Maravilha,AL,68.8,2023
2707503,Porto Real do Colégio,AL,62.34,2023
2708956,Senador Rui Palmeira,AL,51.9,2023
2800209,Aquidabã,SE,21.36,2023
2803203,Itaporanga d'Ajuda,SE,24.31,2023
2901908,Aporá,BA,17.78,2023
2902054,Araças,BA,36.67,2023
2903508,Belo Campo,BA,47.6,2023
2913408,Igaporã,BA,57.17,2023
2914703,Itaberaba,BA,42.22,2023
2916104,Itaparica,BA,38.25,2023
2916500,Itapicuru,BA,28.08,2023
2916906,Itiruçu,BA,32.86,2023
2921450,Mirante,BA,52.17,2023
2928000,Santaluz,BA,25.08,2023
3100302,Abre Campo,MG,74.14,2023
3100401,Acaiaca,MG,87.39,2023
3102704,Cachoeira de Pajeú,MG,60.31,2023
3103801,Arapuá,MG,84.21,2023
3110806,Campanário,MG,61.46,2023
3111507,Campos Altos,MG,58.27,2023
3113008,Caraí,MG,52.38,2023
3113206,Carandaí,MG,74.88,2023
3114402,Carmo do Rio Claro,MG,63.2,2023
3118601,Contagem,MG,53.73,2023
3118908,Cordisburgo,MG,69.28,2023
3121803,Dionísio,MG,82.4,2023
3122603,Dom Joaquim,MG,73.54,2023
3131158,Ipaba,MG,62.96,2023
3131703,Itabira,MG,57.17,2023
3132008,Itacambira,MG,78.57,2023
3133600,Itapeva,MG,52.0,2023
3134301,Itumirim,MG,61.21,2023
3135001,Jaguaraçu,MG,62.35,2023
3136009,Joaíma,MG,48.77,2023
3136207,João Monlevade,MG,67.06,2023
3136207,João Monlevade,MG,60.91,2023
3136504,Jordânia,MG,63.49,2023
3138625,Limeira do Oeste,MG,65.19,2023
3138658,Lontra,MG,64.02,2023
3139706,Maravilhas,MG,69.85,2023
3139805,Mar de Espanha,MG,50.15,2023
3143609,Morro da Garça,MG,96.43,2023
3157104,Salto da Divisa,MG,43.75,2023
3157336,Santa Cruz de Minas,MG,63.86,2023
3160306,Santo Antônio do Jacinto,MG,62.95,2023
3161700,São Gonçalo do Abaeté,MG,86.36,2023
3162559,São João do Manhuaçu,MG,76.73,2023
3165305,São Vicente de Minas,MG,60.1,2023
3166808,Serra do Salitre,MG,59.88,2023
3205200,Vila Velha,ES,68.08,2023
3305406,Sapucaia,RJ,65.59,2023
3506003,Bauru,SP,43.75,2023
3506102,Bebedouro,SP,48.69,2023
3511508,Cerquilho,SP,60.93,2023
3518404,Guaratinguetá,SP,56.82,2023
3521002,Iperó,SP,40.9,2023
3521101,Ipeúna,SP,44.03,2023
3523602,Itirapina,SP,59.11,2023
3526407,Laranjal Paulista,SP,54.22,2023
3530409,Mirassolândia,SP,59.21,2023
3545704,Santa Albertina,SP,65.6,2023
3545803,Santa Bárbara d'Oeste,SP,61.01,2023
3553609,Tapiratiba,SP,53.51,2023
3554201,Tejupá,SP,73.38,2023
3554300,Teodoro Sampaio,SP,93.19,2023
3556008,Urupês,SP,80.62,2023
4101150,Ângulo,PR,90.09,2023
4103370,Brasilândia do Sul,PR,74.32,2023
4105300,Céu Azul,PR,81.6,2023
4105706,Clevelândia,PR,73.11,2023
4107801,Floraí,PR,77.34,2023
4107900,Floresta,PR,76.39,2023
4117057,Nova Laranjeiras,PR,77.48,2023
4119152,Pinhais,PR,62.74,2023
4121752,Reserva do Iguaçu,PR,77.91,2023
4121901,Ribeirão do Pinhal,PR,86.67,2023
4122909,Salto do Itararé,PR,64.52,2023
4123907,Santa Mariana,PR,73.65,2023
4124202,Santo Antônio do Caiuá,PR,82.83,2023
4125704,São Miguel do Iguaçu,PR,73.58,2023
4201505,Armazém,SC,76.92,2023
4210308,Major Vieira,SC,69.07,2023
4212106,Palmitos,SC,63.81,2023
4214607,Rio do Oeste,SC,75.0,2023
4215000,Rio Negrinho,SC,60.13,2023
4216602,São José,SC,57.7,2023
4218004,Tijucas,SC,49.79,2023
4218855,União do Oeste,SC,67.41,2023
4220000,Balneário Rincão,SC,58.09,2023
4302055,Benjamin Constant do Sul,RS,92.86,2023
4302808,Caçapava do Sul,RS,60.31,2023
4302808,Caçapava do Sul,RS,73.93,2023
4303509,Camaquã,RS,58.61,2023
4304408,Canela,RS,76.13,2023
4304614,Canudos do Vale,RS,93.33,2023
4304630,Capão da Canoa,RS,46.75,2023
4304655,Capão do Cipó,RS,88.68,2023
4305009,Catuípe,RS,78.7,2023
4308102,Feliz,RS,72.83,2023
4308300,Fontoura Xavier,RS,64.29,2023
4309605,Horizontina,RS,71.23,2023
4310108,Igrejinha,RS,62.15,2023
4310108,Igrejinha,RS,77.71,2023
4311239,Lagoa Bonita do Sul,RS,70.83,2023
4311718,Maçambará,RS,68.53,2023
4312625,Muliterno,RS,80.0,2023
4312955,Nova Boa Vista,RS,100.0,2023
4313334,Nova Ramada,RS,86.97,2023
4314068,Passa Sete,RS,85.26,2023
4316709,Santa Bárbara do Sul,RS,73.73,2023
4317509,Santo Ângelo,RS,62.49,2023
4318507,São José do Norte,RS,57.28,2023
4319158,São Miguel das Missões,RS,76.3,2023
4319604,São Sepé,RS,76.88,2023
4319901,Sapiranga,RS,56.15,2023
4320800,Soledade,RS,58.93,2023
4323457,Vila Nova do Sul,RS,69.23,2023
5003256,Costa Rica,MS,38.85,2023
5005681,Mundo Novo,MS,82.5,2023
5005806,Nioaque,MS,53.94,2023
5006200,Nova Andradina,MS,8.7,2023
5007901,Sidrolândia,MS,36.19,2023
5008305,Três Lagoas,MS,57.14,2023
5100250,Alta Floresta,MT,53.52,2023
5105234,Lambari D'Oeste,MT,87.13,2023
5106109,Nossa Senhora do Livramento,MT,67.41,2023
5106216,Nova Canaã do Norte,MT,56.56,2023
5106653,Pontal do Araguaia,MT,69.67,2023
5107883,Serra Nova Dourada,MT,65.34,2023
5205703,Córrego do Ouro,GO,77.4,2023
5206404,Crixás,GO,66.73,2023
5208152,Gameleira de Goiás,GO,98.15,2023
5213087,Minaçu,GO,75.66,2023
1300805,Borba,AM,28.35,2023
1301209,Coari,AM,38.77,2023
1301506,Envira,AM,90.51,2023
1302108,Japurá,AM,77.63,2023
1500701,Anajás,PA,26.81,2023
1502400,Castanhal,PA,38.09,2023
1502707,Conceição do Araguaia,PA,38.75,2023
1504000,Limoeiro do Ajuru,PA,47.64,2023
1504109,Magalhães Barata,PA,54.01,2023
1504208,Marabá,PA,51.46,2023
1505809,Portel,PA,43.69,2023
1600709,Tartarugalzinho,AP,29.97,2023
1715259,Novo Jardim,TO,22.32,2023
2101939,Bernardo do Mearim,MA,12.84,2023
2102754,Capinzal do Norte,MA,35.67,2023
2104107,Fortaleza dos Nogueiras,MA,45.09,2023
2105203,Igarapé Grande,MA,97.77,2023
2108009,Pastos Bons,MA,74.16,2023
2110039,Santa Luzia do Paruá,MA,93.66,2023
2111409,São Luís Gonzaga do Maranhão,MA,74.81,2023
2114007,Zé Doca,MA,81.54,2023
2202406,Capitão de Campos,PI,53.68,2023
2203503,Elesbão Veloso,PI,50.09,2023
2206357,Milton Brandão,PI,37.5,2023
2207850,Pavussu,PI,66.32,2023
2210052,São José do Divino,PI,100.0,2023
2302057,Barroquinha,CE,96.36,2023
2311306,Quixadá,CE,88.36,2023
2313807,Uruburetama,CE,81.36,2023
2400307,Afonso Bezerra,RN,39.47,2023
2401651,Bodó,RN,65.0,2023
2402105,Campo Redondo,RN,24.04,2023
2402303,Caraúbas,RN,25.23,2023
2403202,Doutor Severiano,RN,53.88,2023
2404200,Goianinha,RN,22.54,2023
2406106,Jucurutu,RN,27.56,2023
2410900,Riachuelo,RN,41.67,2023
2413201,Senador Georgino Avelino,RN,23.89,2023
2501005,Araruna,PB,35.18,2023
2504355,Caturité,PB,53.0,2023
2505600,Diamante,PB,25.0,2023
2506905,Itabaiana,PB,25.33,2023
2508208,Lagoa de Dentro,PB,67.61,2023
2508307,Lagoa Seca,PB,66.54,2023
2512804,Riacho dos Cavalos,PB,69.19,2023
2513406,Santa Luzia,PB,73.29,2023
2513984,São Francisco,PB,56.59,2023
2514404,São José de Espinharas,PB,56.3,2023
2516201,Sousa,PB,42.43,2023
2614303,Moreilândia,PE,44.18,2023
2615409,Toritama,PE,50.21,2023
2701357,Campestre,AL,41.23,2023
2704500,Maragogi,AL,32.4,2023
2706109,Ouro Branco,AL,20.41,2023
2707503,Porto Real do Colégio,AL,46.86,2023
2800506,Areia Branca,SE,27.09,2023
2802007,Divina Pastora,SE,39.34,2023
2803906,Malhador,SE,31.75,2023
2804904,Pacatuba,SE,16.9,2023
2806701,São Cristóvão,SE,53.75,2023
2807501,Tomar do Geru,SE,42.86,2023
2901205,Anagé,BA,36.54,2023
2907707,Chorrochó,BA,34.56,2023
2913606,Ilhéus,BA,32.25,2023
2915353,Itaguaçu da Bahia,BA,20.89,2023
2925758,Presidente Tancredo Neves,BA,21.87,2023
2929602,Sapeaçu,BA,56.84,2023
2933174,Varzedo,BA,44.14,2023
3101201,Aiuruoca,MG,55.3,2023
3105608,Barbacena,MG,72.56,2023
3107802,Bom Jesus do Galho,MG,74.34,2023
3115102,Cássia,MG,70.66,2023
3118809,Coração de Jesus,MG,65.6,2023
3121902,Divinésia,MG,43.0,2023
3123007,Dores de Campos,MG,54.67,2023
3124708,Estrela do Indaiá,MG,100.0,2023
3126406,Fortuna de Minas,MG,59.25,2023
3127339,Gameleiras,MG,62.54,2023
3128006,Guanhães,MG,62.4,2023
3128303,Guaranésia,MG,67.19,2023
3131208,Ipanema,MG,78.85,2023
3131901,Itabirito,MG,55.59,2023
3137106,Lagamar,MG,91.73,2023
3137908,Lamim,MG,100.0,2023
3140159,Mário Campos,MG,70.35,2023
3142205,Miraí,MG,84.62,2023
3145604,Oliveira,MG,98.44,2023
3146602,Paiva,MG,80.0,2023
3147105,Pará de Minas,MG,53.51,2023
3150307,Piedade do Rio Grande,MG,29.38,2023
3151206,Pirapora,MG,63.97,2023
3155108,Rio do Prado,MG,51.29,2023
3155603,Rio Pardo de Minas,MG,77.33,2023
3157500,Santa Efigênia de Minas,MG,43.34,2023
3161106,São Francisco,MG,46.23,2023
3162948,São José da Barra,MG,85.61,2023
3165552,Setubinha,MG,41.49,2023
3168002,Taiobeiras,MG,66.19,2023
3170404,Unaí,MG,55.53,2023
3171501,Mathias Lobato,MG,51.56,2023
3171709,Virgínia,MG,57.94,2023
3200136,Águia Branca,ES,92.32,2023
3200201,Alegre,ES,66.87,2023
3500402,Águas da Prata,SP,64.77,2023
3500808,Alfredo Marcondes,SP,47.95,2023
3503703,Ariranha,SP,63.77,2023
3506201,Bento de Abreu,SP,100.0,2023
3510153,Canitar,SP,81.73,2023
3515350,Euclides da Cunha Paulista,SP,75.97,2023
3520905,Ipaussu,SP,55.77,2023
3531100,Mongaguá,SP,48.6,2023
3532801,Nova Aliança,SP,57.65,2023
3540309,Pontes Gestal,SP,71.43,2023
3541208,Presidente Bernardes,SP,64.23,2023
3541802,Queiroz,SP,94.24,2023
3543907,Rio Claro,SP,50.51,2023
3548104,Santo Antônio do Jardim,SP,71.46,2023
3552403,Sumaré,SP,54.16,2023
3554706,Torrinha,SP,49.85,2023
3557204,Chavantes,SP,38.04,2023
4103800,Cambira,PR,86.17,2023
4104303,Campo Mourão,PR,77.59,2023
4110300,Inajá,PR,73.73,2023
4111555,Ivaté,PR,84.34,2023
4116950,Nova Esperança do Sudoeste,PR,97.38,2023
4118600,Paula Freitas,PR,77.55,2023
4123600,Santa Inês,PR,96.75,2023
4125407,São José da Boa Vista,PR,80.7,2023
4205456,Forquilhinha,SC,58.33,2023
4206306,Guabiruba,SC,70.17,2023
4207007,Içara,SC,58.56,2023
4207908,Irineópolis,SC,71.82,2023
4209201,Lacerdópolis,SC,70.0,2023
4209706,Lebon Régis,SC,40.87,2023
4210803,Meleiro,SC,54.81,2023
4212270,Passos Maia,SC,64.91,2023
4217204,São Miguel do Oeste,SC,68.64,2023
4219309,Videira,SC,62.1,2023
4301701,Barão de Cotegipe,RS,92.23,2023
4304408,Canela,RS,78.68,2023
4304713,Caraá,RS,90.82,2023
4305108,Caxias do Sul,RS,69.15,2023
4305306,Chapada,RS,75.31,2023
4305603,Colorado,RS,63.64,2023
4308102,Feliz,RS,72.95,2023
4308433,Forquetinha,RS,60.8,2023
4308458,Fortaleza dos Valos,RS,100.0,2023
4310207,Ijuí,RS,76.47,2023
4310538,Itaara,RS,58.94,2023
4310652,Itati,RS,47.37,2023
4311106,Jaguari,RS,68.38,2023
4311403,Lajeado,RS,63.66,2023
4312203,Maximiliano de Almeida,RS,93.75,2023
4312302,Miraguaí,RS,80.0,2023
4312385,Monte Belo do Sul,RS,80.97,2023
4312443,Morrinhos do Sul,RS,78.98,2023
4312617,Muitos Capões,RS,71.11,2023
4312708,Nonoai,RS,54.7,2023
4313490,Novo Barreiro,RS,62.22,2023
4315156,Progresso,RS,80.0,2023
4315305,Quaraí,RS,70.73,2023
4318705,São Leopoldo,RS,57.01,2023
4319307,São Paulo das Missões,RS,77.73,2023
4319711,São Valentim do Sul,RS,94.12,2023
4321501,Torres,RS,67.56,2023
4322103,Tucunduva,RS,64.29,2023
4322186,Tupanci do Sul,RS,81.82,2023
4322509,Vacaria,RS,70.77,2023
4322533,Vale do Sol,RS,68.84,2023
4323457,Vila Nova do Sul,RS,49.03,2023
4323705,Vista Gaúcha,RS,74.26,2023
4323770,Westfalia,RS,82.91,2023
5003702,Dourados,MS,40.43,2023
5005681,Mundo Novo,MS,83.81,2023
5105580,Marcelândia,MT,62.31,2023
5107701,Rosário Oeste,MT,53.65,2023
5200308,Alexânia,GO,76.28,2023
5206305,Cristianópolis,GO,88.62,2023
5206602,Cumari,GO,76.19,2023
5220108,São Luís de Montes Belos,GO,66.51,2023
1300508,Barreirinha,AM,34.08,2023
1300607,Benjamin Constant,AM,38.02,2023
1301001,Carauari,AM,56.88,2023
1301407,Eirunepé,AM,19.19,2023
1301852,Iranduba,AM,50.49,2023
1301852,Iranduba,AM,45.76,2023
1301951,Itamarati,AM,70.62,2023
1303502,Pauini,AM,38.95,2023
1303957,São Sebastião do Uatumã,AM,51.53,2023
1304260,Uarini,AM,37.47,2023
1501907,Bujaru,PA,51.4,2023
1507508,São João do Araguaia,PA,33.62,2023
1600055,Serra do Navio,AP,32.92,2023
1701002,Ananás,TO,39.94,2023
1702406,Arraias,TO,34.29,2023
1708205,Formoso do Araguaia,TO,63.68,2023
1718907,Santa Rosa do Tocantins,TO,20.86,2023
1721109,Tocantínia,TO,42.96,2023
1721208,Tocantinópolis,TO,34.41,2023
2106326,Maracaçumé,MA,57.95,2023
2200053,Acauã,PI,81.71,2023
2202091,Caldeirão Grande do Piauí,PI,100.0,2023
2203909,Floriano,PI,49.16,2023
2205573,Lagoa de São Francisco,PI,41.38,2023
2208304,Piracuruca,PI,75.64,2023
2209302,Santa Luz,PI,100.0,2023
2209401,Santo Antônio de Lisboa,PI,61.21,2023
2209856,São João da Canabrava,PI,82.0,2023
2210607,São Raimundo Nonato,PI,68.18,2023
2309102,Mulungu,CE,85.81,2023
2310852,Pindoretama,CE,90.29,2023
2313500,Trairi,CE,89.87,2023
2400109,Acari,RN,44.07,2023
2402600,Ceará-Mirim,RN,22.16,2023
2404002,Frutuoso Gomes,RN,39.91,2023
2405405,Japi,RN,16.49,2023
2408805,Parazinho,RN,47.0,2023
2409704,Pedro Avelino,RN,30.0,2023
2412104,São João do Sabugi,RN,50.0,2023
2501708,Barra de São Miguel,PB,60.51,2023
2506707,Imaculada,PB,50.0,2023
2507200,Itatuba,PB,23.32,2023
2508554,Logradouro,PB,80.75,2023
2509057,Marcação,PB,60.07,2023
2509339,Matinhas,PB,79.28,2023
2512606,Quixabá,PB,69.23,2023
2515807,Serra Redonda,PB,14.55,2023
2516151,Sossêgo,PB,18.45,2023
2516300,Sumé,PB,33.2,2023
2516755,Tenório,PB,62.16,2023
2601508,Belém de Maria,PE,71.24,2023
2601805,Betânia,PE,70.45,2023
2606606,Ibimirim,PE,52.35,2023
2608602,Lagoa do Ouro,PE,72.63,2023
2611309,Pombos,PE,46.95,2023
2703809,Joaquim Gomes,AL,13.27,2023
2704906,Mar Vermelho,AL,58.97,2023
2802106,Estância,SE,33.93,2023
2804607,Nossa Senhora das Dores,SE,32.7,2023
2805208,Pinhão,SE,16.22,2023
2806107,Rosário do Catete,SE,39.18,2023
2806909,São Francisco,SE,34.78,2023
2902401,Aurelino Leal,BA,42.65,2023
2904001,Boninal,BA,45.05,2023
2906501,Candeias,BA,32.66,2023
2906907,Caravelas,BA,40.91,2023
2908903,Coração de Maria,BA,30.95,2023
2909000,Cordeiros,BA,69.32,2023
2909307,Correntina,BA,36.71,2023
2909901,Curaçá,BA,29.66,2023
2912806,Ibirapuã,BA,60.48,2023
2914208,Irajuba,BA,40.34,2023
2915205,Itagibá,BA,36.92,2023
2920304,Malhada de Pedras,BA,70.36,2023
2922102,Mundo Novo,BA,26.61,2023
3100906,Águas Formosas,MG,77.78,2023
3102050,Alto Caparaó,MG,93.75,2023
3107802,Bom Jesus do Galho,MG,93.18,2023
3108008,Bom Sucesso,MG,67.28,2023
3108107,Bonfim,MG,69.27,2023
3109006,Brumadinho,MG,70.28,2023
3113008,Caraí,MG,42.04,2023
3113305,Carangola,MG,50.83,2023
3115102,Cássia,MG,71.94,2023
3119104,Corinto,MG,40.03,2023
3119302,Coromandel,MG,73.05,2023
3120003,Córrego Novo,MG,46.69,2023
3120805,Cruzília,MG,73.87,2023
3121803,Dionísio,MG,85.38,2023
3122306,Divinópolis,MG,64.73,2023
3125903,Ferros,MG,95.71,2023
3131307,Ipatinga,MG,64.66,2023
3133105,Itanhandu,MG,89.82,2023
3136009,Joaíma,MG,43.01,2023
3136207,João Monlevade,MG,76.62,2023
3137502,Lagoa Formosa,MG,60.53,2023
3138104,Lassance,MG,80.16,2023
3139300,Manga,MG,24.02,2023
3141801,Minas Novas,MG,70.15,2023
3143302,Montes Claros,MG,64.69,2023
3144656,Ninheira,MG,49.26,2023
3145000,Nova Ponte,MG,72.34,2023
3147501,Passabém,MG,35.29,2023
3148400,Paulistas,MG,70.37,2023
3151404,Pitangui,MG,92.14,2023
3152907,Pratápolis,MG,62.59,2023
3154002,Raul Soares,MG,67.06,2023
3157005,Salinas,MG,71.98,2023
3162807,São João Evangelista,MG,92.58,2023
3163300,São José do Divino,MG,45.36,2023
3165404,Sapucaí-Mirim,MG,52.93,2023
3169901,Ubá,MG,65.24,2023
3170107,Uberaba,MG,49.76,2023
3203163,Laranja da Terra,ES,85.84,2023
3304409,Rio Claro,RJ,65.58,2023
3304904,São Gonçalo,RJ,45.67,2023
3500204,Adolfo,SP,63.55,2023
3507704,Braúna,SP,93.87,2023
3509254,Cajati,SP,58.94,2023
3514106,Dois Córregos,SP,61.44,2023
3514304,Dourado,SP,71.5,2023
3514908,Elias Fausto,SP,55.13,2023
3515509,Fernandópolis,SP,57.61,2023
3523008,Itapura,SP,49.6,2023
3526902,Limeira,SP,62.38,2023
3531902,Morro Agudo,SP,55.19,2023
3537156,Pedrinhas Paulista,SP,69.7,2023
3538303,Piquerobi,SP,56.25,2023
3546108,Santa Clara d'Oeste,SP,89.96,2023
3548500,Santos,SP,55.93,2023
3549904,São José dos Campos,SP,57.44,2023
3550100,São Manuel,SP,59.7,2023
3550308,São Paulo,SP,50.16,2023
3555109,Tupi Paulista,SP,93.45,2023
4101606,Arapoti,PR,75.42,2023
4115457,Marquinho,PR,73.99,2023
4116059,Missal,PR,88.67,2023
4124053,Santa Terezinha de Itaipu,PR,81.3,2023
4128302,Uniflor,PR,60.23,2023
4201406,Araranguá,SC,55.57,2023
4201703,Ascurra,SC,81.99,2023
4202859,Braço do Trombudo,SC,62.17,2023
4205902,Gaspar,SC,68.23,2023
4208500,Ituporanga,SC,69.95,2023
4210001,Luiz Alves,SC,70.7,2023
4210100,Mafra,SC,70.45,2023
4210209,Major Gercino,SC,51.4,2023
4210605,Massaranduba,SC,70.98,2023
4211900,Palhoça,SC,49.84,2023
4212205,Papanduva,SC,70.53,2023
4214201,Quilombo,SC,67.13,2023
4214300,Rancho Queimado,SC,77.78,2023
4216305,São João Batista,SC,73.31,2023
4216909,São Lourenço do Oeste,SC,71.41,2023
4217907,Tangará,SC,76.99,2023
4218202,Timbó,SC,64.84,2023
4300638,Amaral Ferrador,RS,44.44,2023
4300901,Aratiba,RS,75.0,2023
4303400,Caiçara,RS,78.57,2023
4303905,Campo Bom,RS,77.34,2023
4304606,Canoas,RS,59.54,2023
4304606,Canoas,RS,54.62,2023
4305702,Condor,RS,100.0,2023
4306353,Dezesseis de Novembro,RS,58.33,2023
4306452,Dois Lajeados,RS,91.2,2023
4306601,Dom Pedrito,RS,57.45,2023
4307203,Erval Grande,RS,84.57,2023
4311007,Jaguarão,RS,63.56,2023
4311155,Jóia,RS,60.0,2023
4311718,Maçambará,RS,75.0,2023
4312203,Maximiliano de Almeida,RS,83.33,2023
4312427,Mormaço,RS,71.43,2023
4313805,Palmitinho,RS,61.52,2023
4313904,Panambi,RS,75.28,2023
4316808,Santa Cruz do Sul,RS,76.51,2023
4319752,São Vendelino,RS,100.0,2023
4320602,Severiano de Almeida,RS,66.67,2023
4321352,Tavares,RS,58.58,2023
4322707,Vera Cruz,RS,66.46,2023
5002308,Brasilândia,MS,51.72,2023
5002951,Chapadão do Sul,MS,43.31,2023
5103908,General Carneiro,MT,56.84,2023
5105622,Mirassol d'Oeste,MT,51.68,2023
5107065,Querência,MT,57.84,2023
5107263,Santo Afonso,MT,47.62,2023
5201108,Anápolis,GO,47.37,2023
5203962,Buritinópolis,GO,49.29,2023
5212204,Jussara,GO,58.98,2023
5212303,Leopoldo de Bulhões,GO,77.67,2023
5214101,Mutunópolis,GO,92.95,2023
5221809,Urutaí,GO,78.1,2023
5221908,Varjão,GO,97.74,2023
1101559,Teixeirópolis,RO,71.95,2023
1301605,Fonte Boa,AM,72.9,2023
1302603,Manaus,AM,62.98,2023
1303106,Nova Olinda do Norte,AM,51.39,2023
1304005,Silves,AM,35.75,2023
1501956,Cachoeira do Piriá,PA,47.73,2023
1505700,Ponta de Pedras,PA,39.5,2023
1506138,Redenção,PA,55.06,2023
1508357,Vitória do Xingu,PA,60.62,2023
2100808,Anapurus,MA,91.05,2023
2103174,Centro Novo do Maranhão,MA,40.03,2023
2103505,Colinas,MA,59.5,2023
2104404,Gonçalves Dias,MA,45.23,2023
2104909,Guimarães,MA,89.07,2023
2106409,Mata Roma,MA,69.68,2023
2109106,Presidente Dutra,MA,54.77,2023
2109809,Santa Helena,MA,57.13,2023
2110203,Santa Rita,MA,59.53,2023
2111789,Serrano do Maranhão,MA,67.99,2023
2201507,Batalha,PI,43.66,2023
2201960,Brasileira,PI,33.17,2023
2202026,Buriti dos Montes,PI,84.87,2023
2205557,Lagoa Alegre,PI,21.65,2023
2206753,Nossa Senhora de Nazaré,PI,21.74,2023
2301802,Baixio,CE,97.63,2023
2305902,Ipueiras,CE,97.9,2023
2309706,Pacatuba,CE,75.66,2023
2311009,Poranga,CE,91.88,2023
2408300,Nova Cruz,RN,70.08,2023
2410108,Poço Branco,RN,10.4,2023
2410405,Pureza,RN,36.66,2023
2412906,São Tomé,RN,29.41,2023
2413557,Serrinha dos Pintos,RN,56.07,2023
2504603,Conde,PB,62.38,2023
2510402,Olho d'Água,PB,100.0,2023
2512754,Riachão do Bacamarte,PB,44.56,2023
2513604,Santana dos Garrotes,PB,32.69,2023
2515708,Serra Grande,PB,40.0,2023
2604304,Cedro,PE,46.94,2023
2605509,Ferreiros,PE,58.16,2023
2611804,Ribeirão,PE,61.57,2023
2702702,Feliz Deserto,AL,37.55,2023
2704302,Maceió,AL,39.48,2023
2800209,Aquidabã,SE,21.43,2023
2801603,Cedro de São João,SE,22.22,2023
2805802,Riachão do Dantas,SE,37.96,2023
2806206,Salgado,SE,33.77,2023
2806701,São Cristóvão,SE,6.06,2023
2901957,Apuarema,BA,37.0,2023
2903607,Biritinga,BA,22.22,2023
2905602,Camacan,BA,34.0,2023
2912509,Ibipitanga,BA,44.17,2023
2920205,Malhada,BA,25.23,2023
2921807,Mortugaba,BA,68.97,2023
2922656,Nordestina,BA,31.25,2023
2925931,Quixabeira,BA,38.72,2023
2926301,Riachão do Jacuípe,BA,38.41,2023
2928505,Santa Teresinha,BA,26.63,2023
2928604,Santo Amaro,BA,43.81,2023
3100104,Abadia dos Dourados,MG,61.41,2023
3103405,Araçuaí,MG,68.03,2023
3106804,Bias Fortes,MG,68.75,2023
3111150,Campo Azul,MG,84.73,2023
3115474,Catuti,MG,61.25,2023
3116704,Coimbra,MG,76.92,2023
3118403,Conselheiro Pena,MG,69.86,2023
3123528,Durandé,MG,78.2,2023
3124500,Estiva,MG,63.11,2023
3125101,Extrema,MG,57.68,2023
3125705,Felixlândia,MG,77.78,2023
3126208,Formoso,MG,61.08,2023
3132206,Itaguara,MG,56.99,2023
3144300,Nanuque,MG,60.97,2023
3144359,Naque,MG,79.54,2023
3148103,Patrocínio,MG,61.83,2023
3148301,Paula Cândido,MG,53.79,2023
3156908,Sacramento,MG,64.01,2023
3157278,Santa Bárbara do Monte Verde,MG,51.99,2023
3203007,Iúna,ES,71.91,2023
3204104,Pinheiros,ES,82.33,2023
3501004,Altinópolis,SP,68.51,2023
3505104,Barbosa,SP,64.82,2023
3506003,Bauru,SP,53.5,2023
3512100,Colômbia,SP,90.59,2023
3518800,Guarulhos,SP,44.51,2023
3523107,Itaquaquecetuba,SP,42.98,2023
3523305,Itariri,SP,61.61,2023
3529005,Marília,SP,59.16,2023
3530003,Mira Estrela,SP,60.87,2023
3534708,Ourinhos,SP,55.69,2023
3536406,Paulicéia,SP,67.24,2023
3541703,Quatá,SP,66.25,2023
3542206,Rancharia,SP,60.04,2023
3548500,Santos,SP,56.01,2023
3551009,São Vicente,SP,43.11,2023
3552007,Silveiras,SP,45.87,2023
4103107,Bocaiúva do Sul,PR,49.13,2023
4107009,Curiúva,PR,80.2,2023
4107538,Entre Rios do Oeste,PR,88.83,2023
4110607,Iporã,PR,64.15,2023
4112603,Jardim Olinda,PR,50.0,2023
4112959,Juranda,PR,59.77,2023
4113007,Jussara,PR,72.27,2023
4115200,Maringá,PR,94.79,2023
4121505,Rebouças,PR,86.33,2023
4124004,Santana do Itararé,PR,78.27,2023
4200200,Agrolândia,SC,81.23,2023
4201208,Antônio Carlos,SC,74.47,2023
4201505,Armazém,SC,91.0,2023
4204202,Chapecó,SC,55.6,2023
4205001,Dionísio Cerqueira,SC,59.65,2023
4208500,Ituporanga,SC,72.61,2023
4210407,Maracajá,SC,60.85,2023
4215307,Salete,SC,76.61,2023
4215802,São Bento do Sul,SC,72.63,2023
4217253,São Pedro de Alcântara,SC,75.0,2023
4217303,Saudades,SC,75.0,2023
4217303,Saudades,SC,81.03,2023
4219002,Urussanga,SC,67.36,2023
4302451,Boqueirão do Leão,RS,66.67,2023
4302659,Brochier,RS,53.85,2023
4304358,Candiota,RS,57.08,2023
4306601,Dom Pedrito,RS,62.23,2023
4306767,Eldorado do Sul,RS,49.36,2023
4307054,Ernestina,RS,61.92,2023
4307815,Estrela Velha,RS,96.83,2023
4310504,Iraí,RS,92.86,2023
4310900,Jacutinga,RS,84.62,2023
4311627,Lindolfo Collor,RS,67.55,2023
4314308,Pejuçara,RS,100.0,2023
4315602,Rio Grande,RS,54.17,2023
4317608,Santo Antônio da Patrulha,RS,74.3,2023
4318903,São Luiz Gonzaga,RS,78.2,2023
4319000,São Marcos,RS,81.28,2023
4319802,São Vicente do Sul,RS,66.67,2023
4320552,Sertão Santana,RS,74.77,2023
4321204,Taquara,RS,52.99,2023
4321600,Tramandaí,RS,54.39,2023
4321667,Três Cachoeiras,RS,87.85,2023
5000807,Anaurilândia,MS,65.19,2023
5003306,Coxim,MS,39.69,2023
5101209,Araguainha,MT,22.22,2023
5105002,Jauru,MT,46.7,2023
5105200,Juscimeira,MT,48.65,2023
5106216,Nova Canaã do Norte,MT,57.37,2023
5106232,Nova Olímpia,MT,50.74,2023
5106281,Novo São Joaquim,MT,76.47,2023
5107008,Poxoréo,MT,45.19,2023
5107875,Sapezal,MT,69.76,2023
5202809,Avelinópolis,GO,71.44,2023
5203807,Britânia,GO,82.04,2023
5214606,Niquelândia,GO,72.84,2023
5215207,Novo Brasil,GO,84.09,2023
1300508,Barreirinha,AM,30.89,2023
1300680,Boa Vista do Ramos,AM,66.35,2023
1301159,Careiro da Várzea,AM,36.67,2023
1301951,Itamarati,AM,74.47,2023
1302801,Maraã,AM,20.95,2023
1303908,São Paulo de Olivença,AM,33.12,2023
1500909,Augusto Corrêa,PA,38.56,2023
1502764,Cumaru do Norte,PA,50.13,2023
1506104,Primavera,PA,48.96,2023
1507805,Senador José Porfírio,PA,33.22,2023
1507979,Terra Santa,PA,70.72,2023
1600303,Macapá,AP,38.94,2023
1703073,Barra do Ouro,TO,11.92,2023
1703305,Bom Jesus do Tocantins,TO,26.13,2023
1707306,Dueré,TO,34.95,2023
1713700,Monte Santo do Tocantins,TO,29.33,2023
1717909,Ponte Alta do Tocantins,TO,47.6,2023
1720853,Sucupira,TO,77.59,2023
2100105,Afonso Cunha,MA,72.13,2023
2102804,Carolina,MA,44.54,2023
2110237,Santana do Maranhão,MA,85.85,2023
2111052,São João do Paraíso,MA,33.48,2023
2112308,Tuntum,MA,38.93,2023
2202802,Conceição do Canindé,PI,47.28,2023
2204600,Hugo Napoleão,PI,82.43,2023
2205706,Luís Correia,PI,62.07,2023
2208650,Queimada Nova,PI,60.22,2023
2303907,Chaval,CE,75.3,2023
2306405,Itapipoca,CE,84.81,2023
2307650,Maracanaú,CE,82.4,2023
2308906,Morrinhos,CE,98.9,2023
2311009,Poranga,CE,96.02,2023
2313005,Solonópole,CE,98.1,2023
2401305,Campo Grande,RN,22.22,2023
2402006,Caicó,RN,37.06,2023
2404309,Governador Dix-Sept Rosado,RN,53.1,2023
2405504,Jardim de Angicos,RN,16.62,2023
2406106,Jucurutu,RN,44.44,2023
2408102,Natal,RN,45.65,2023
2503555,Cacimbas,PB,32.54,2023
2509800,Mulungu,PB,56.27,2023
2512721,Pedro Régis,PB,47.41,2023
2512762,Riachão do Poço,PB,68.24,2023
2602209,Bom Jardim,PE,60.94,2023
2603702,Canhotinho,PE,48.26,2023
2606903,Iguaraci,PE,72.59,2023
2607802,Itaquitinga,PE,48.29,2023
2616308,Vicência,PE,57.45,2023
2706422,Pariconha,AL,37.81,2023
2706901,Pilar,AL,37.59,2023
2805406,Poço Redondo,SE,16.35,2023
2900207,Abaré,BA,28.28,2023
2904308,Brejões,BA,53.47,2023
2908606,Conde,BA,40.59,2023
2909703,Cristópolis,BA,44.52,2023
2914307,Iramaia,BA,27.38,2023
2921203,Miguel Calmon,BA,47.8,2023
2930154,Serra do Ramalho,BA,36.17,2023
2930600,Serrolândia,BA,32.84,2023
2931301,Tapiramutá,BA,33.06,2023
2931905,Tucano,BA,28.98,2023
3102209,Alvarenga,MG,86.67,2023
3109709,Cachoeira de Minas,MG,61.69,2023
3111606,Campos Gerais,MG,65.56,2023
3112059,Cantagalo,MG,60.18,2023
3117836,Cônego Marinho,MG,40.37,2023
3122108,Divino das Laranjeiras,MG,41.39,2023
3122470,Dom Bosco,MG,55.56,2023
3123908,Entre Rios de Minas,MG,84.92,2023
3126703,Francisco Sá,MG,46.5,2023
3127057,Fronteira dos Vales,MG,37.26,2023
3137205,Lagoa da Prata,MG,66.18,2023
3143401,Monte Sião,MG,53.93,2023
3144805,Nova Lima,MG,56.76,2023
3145307,Novo Cruzeiro,MG,75.6,2023
3145703,Oliveira Fortes,MG,71.43,2023
3148806,Pedra do Anta,MG,85.38,2023
3153103,Presidente Bernardes,MG,74.11,2023
3153400,Presidente Olegário,MG,77.37,2023
3162609,São João do Oriente,MG,83.42,2023
3164001,São Pedro dos Ferros,MG,81.45,2023
3169901,Ubá,MG,75.58,2023
3170008,Ubaí,MG,68.82,2023
3170909,Varzelândia,MG,46.77,2023
3202306,Guaçuí,ES,74.04,2023
3204500,Santa Leopoldina,ES,83.8,2023
3300308,Barra do Piraí,RJ,45.28,2023
3501301,Álvares Machado,SP,53.91,2023
3508702,Caconde,SP,70.13,2023
3516903,General Salgado,SP,60.8,2023
3526902,Limeira,SP,62.18,2023
3530805,Mogi Mirim,SP,53.79,2023
3534104,Oriente,SP,59.52,2023
3535101,Palmares Paulista,SP,82.65,2023
3535408,Panorama,SP,85.96,2023
3537800,Piedade,SP,58.57,2023
3543709,Rincão,SP,58.93,2023
3549102,São João da Boa Vista,SP,54.57,2023
3551009,São Vicente,SP,42.77,2023
3553104,Taiaçu,SP,67.19,2023
3556602,Vera Cruz,SP,62.72,2023
4106902,Curitiba,PR,70.41,2023
4107736,Fernandes Pinheiro,PR,80.92,2023
4108601,Goioerê,PR,70.49,2023
4113908,Mallet,PR,82.55,2023
4117255,Nova Prata do Iguaçu,PR,80.81,2023
4120150,Porto Barreiro,PR,100.0,2023
4203105,Caibi,SC,78.16,2023
4203808,Canoinhas,SC,78.33,2023
4204608,Criciúma,SC,59.07,2023
4205191,Ermo,SC,8.81,2023
4207007,Içara,SC,69.76,2023
4208450,Itapoá,SC,47.67,2023
4211702,Orleans,SC,68.54,2023
4212908,Pinhalzinho,SC,66.69,2023
4213401,Ponte Serrada,SC,75.1,2023
4215109,Rodeio,SC,72.22,2023
4215802,São Bento do Sul,SC,70.54,2023
4216008,São Carlos,SC,75.69,2023
4216008,São Carlos,SC,62.12,2023
4216206,São Francisco do Sul,SC,46.01,2023
4218202,Timbó,SC,58.53,2023
4219002,Urussanga,SC,68.86,2023
4219101,Vargeão,SC,80.87,2023
4300109,Agudo,RS,59.49,2023
4300646,Ametista do Sul,RS,48.98,2023
4302204,Boa Vista do Buricá,RS,81.93,2023
4303905,Campo Bom,RS,80.95,2023
4304358,Candiota,RS,63.31,2023
4306502,Dom Feliciano,RS,59.64,2023
4307450,Esperança do Sul,RS,97.22,2023
4311981,Mariana Pimentel,RS,61.86,2023
4312443,Morrinhos do Sul,RS,80.01,2023
4314035,Pareci Novo,RS,73.01,2023
4316006,Rolante,RS,88.63,2023
4317608,Santo Antônio da Patrulha,RS,71.36,2023
4318606,São José do Ouro,RS,67.83,2023
4320859,Tabaí,RS,55.83,2023
4320909,Tapejara,RS,69.7,2023
4321477,Tiradentes do Sul,RS,89.47,2023
5103106,Cocalinho,MT,78.71,2023
5104906,Jangada,MT,61.7,2023
5200050,Abadia de Goiás,GO,59.84,2023
5201603,Araçu,GO,77.27,2023
5208707,Goiânia,GO,66.56,2023
5210307,Israelândia,GO,88.14,2023
1301803,Ipixuna,AM,75.66,2023
1302553,Manaquiri,AM,49.88,2023
1506187,Rondon do Pará,PA,60.17,2023
1507474,São João de Pirabas,PA,29.84,2023
1508159,Uruará,PA,65.52,2023
1702901,Axixá do Tocantins,TO,30.34,2023
1705557,Combinado,TO,62.09,2023
2104628,Governador Luiz Rocha,MA,98.32,2023
2107258,Nova Colinas,MA,85.65,2023
2111763,Senador La Rocque,MA,32.24,2023
2112803,Viana,MA,58.28,2023
2201945,Boqueirão do Piauí,PI,96.48,2023
2205581,Lagoa do Piauí,PI,7.17,2023
2206803,Nossa Senhora dos Remédios,PI,64.19,2023
2209500,Santo Inácio do Piauí,PI,73.42,2023
2209955,São João da Varjota,PI,53.64,2023
2211407,Várzea Grande,PI,93.66,2023
2305407,Icó,CE,80.08,2023
2310704,Pentecoste,CE,93.06,2023
2400802,Angicos,RN,19.34,2023
2401107,Areia Branca,RN,52.23,2023
2404408,Grossos,RN,40.43,2023
2404705,Ipanguaçu,RN,13.69,2023
2407104,Macaíba,RN,29.15,2023
2407401,Martins,RN,41.19,2023
2500304,Alagoa Grande,PB,31.18,2023
2501153,Areia de Baraúnas,PB,25.0,2023
2507507,João Pessoa,PB,59.78,2023
2511400,Picuí,PB,52.51,2023
2514909,São Mamede,PB,37.65,2023
2515203,São Sebastião do Umbuzeiro,PB,94.99,2023
2602001,Bodocó,PE,45.23,2023
2602407,Brejão,PE,67.02,2023
2608800,Lajedo,PE,47.71,2023
2613206,São João,PE,60.81,2023
2706505,Passo de Camaragibe,AL,42.03,2023
2800308,Aracaju,SE,29.69,2023
2802403,Gararu,SE,19.42,2023
2906709,Cândido Sales,BA,38.1,2023
2908002,Coaraci,BA,37.24,2023
2912202,Ibicoara,BA,27.86,2023
2917607,Jaguaquara,BA,46.31,2023
2918902,Lajedão,BA,58.38,2023
2925105,Poções,BA,44.01,2023
2929255,São Gabriel,BA,33.19,2023
2929800,Saúde,BA,15.02,2023
2933406,Wagner,BA,53.42,2023
3106507,Berilo,MG,79.27,2023
3108206,Bonfinópolis de Minas,MG,50.0,2023
3108503,Botumirim,MG,77.77,2023
3111002,Campestre,MG,69.98,2023
3121506,Desterro do Melo,MG,68.18,2023
3122504,Dom Cavati,MG,74.74,2023
3124807,Estrela do Sul,MG,46.84,2023
3129400,Ibertioga,MG,89.43,2023
3134202,Ituiutaba,MG,62.19,2023
3136009,Joaíma,MG,93.75,2023
3140506,Martinho Campos,MG,61.19,2023
3146305,Padre Paraíso,MG,48.95,2023
3147006,Paracatu,MG,65.69,2023
3147402,Paraopeba,MG,45.79,2023
3149903,Perdões,MG,71.24,2023
3150802,Piranga,MG,60.0,2023
3151800,Poços de Caldas,MG,58.12,2023
3152600,Pouso Alto,MG,78.44,2023
3157708,Santa Juliana,MG,62.9,2023
3158300,Santana da Vargem,MG,76.19,2023
3160454,Santo Antônio do Retiro,MG,78.11,2023
3161056,São Félix de Minas,MG,68.09,2023
3162005,São Gonçalo do Sapucaí,MG,75.96,2023
3165206,São Thomé das Letras,MG,86.0,2023
3167509,Simão Pereira,MG,8.82,2023
3168309,Taquaraçu de Minas,MG,66.07,2023
3169604,Tupaciguara,MG,39.03,2023
3201902,Domingos Martins,ES,80.92,2023
3203163,Laranja da Terra,ES,78.57,2023
3304144,Queimados,RJ,38.08,2023
3500501,Águas de Lindóia,SP,62.29,2023
3505708,Barueri,SP,62.8,2023
3506706,Boa Esperança do Sul,SP,42.1,2023
3507407,Borborema,SP,82.47,2023
3509502,Campinas,SP,54.88,2023
3518206,Guararapes,SP,58.19,2023
3519709,Ibiúna,SP,44.73,2023
3521309,Ipuã,SP,77.09,2023
3532306,Natividade da Serra,SP,40.32,2023
3534203,Orindiúva,SP,43.55,2023
3537107,Pedreira,SP,94.37,2023
3540754,Potim,SP,40.85,2023
3541307,Presidente Epitácio,SP,48.39,2023
3549508,São José da Bela Vista,SP,47.63,2023
3551108,Sarapuí,SP,41.43,2023
3555000,Tupã,SP,50.17,2023
4101101,Andirá,PR,65.02,2023
4104428,Candói,PR,73.37,2023
4110052,Iguatu,PR,74.1,2023
4112108,Jandaia do Sul,PR,76.99,2023
4113734,Luiziana,PR,85.27,2023
4117305,Ortigueira,PR,63.9,2023
4122305,Rio Negro,PR,85.17,2023
4122701,Sabáudia,PR,81.51,2023
4123501,Santa Helena,PR,79.21,2023
4124020,Santa Tereza do Oeste,PR,73.31,2023
4202800,Braço do Norte,SC,50.15,2023
4204608,Criciúma,SC,59.18,2023
4204756,Cunhataí,SC,90.44,2023
4207650,Iporã do Oeste,SC,87.74,2023
4213351,Ponte Alta do Norte,SC,64.09,2023
4214805,Rio do Sul,SC,58.79,2023
4215307,Salete,SC,71.43,2023
4301859,Barra do Guarita,RS,66.07,2023
4302378,Bom Progresso,RS,56.25,2023
4302659,Brochier,RS,64.81,2023
4303509,Camaquã,RS,64.41,2023
4303707,Campina das Missões,RS,91.99,2023
4304101,Campos Borges,RS,60.79,2023
4304622,Capão Bonito do Sul,RS,53.85,2023
4305447,Chuvisca,RS,82.14,2023
4306304,David Canabarro,RS,90.24,2023
4306502,Dom Feliciano,RS,85.71,2023
4307609,Estância Velha,RS,67.25,2023
4307609,Estância Velha,RS,67.66,2023
4308409,Formigueiro,RS,89.47,2023
4312401,Montenegro,RS,62.3,2023
4314001,Paraí,RS,95.45,2023
4314605,Piratini,RS,77.03,2023
4315172,Protásio Alves,RS,79.98,2023
4318804,São Lourenço do Sul,RS,74.52,2023
4320263,Segredo,RS,79.57,2023
4321436,Terra de Areia,RS,69.47,2023
5007406,Rio Verde de Mato Grosso,MS,47.3,2023
5100250,Alta Floresta,MT,37.56,2023
5103056,Cláudia,MT,9.79,2023
5106372,Pedra Preta,MT,56.73,2023
5205000,Carmo do Rio Verde,GO,78.85,2023
5207352,Edealina,GO,76.65,2023
5209200,Guapó,GO,64.19,2023
5211206,Itapuranga,GO,81.61,2023
5212501,Luziânia,GO,64.05,2023
5212709,Mambaí,GO,50.41,2023
5217609,Planaltina,GO,65.51,2023
5220454,Senador Canedo,GO,48.52,2023
1300631,Beruri,AM,87.96,2023
1300680,Boa Vista do Ramos,AM,41.21,2023
1300805,Borba,AM,39.89,2023
1300839,Caapiranga,AM,30.2,2023
1303809,São Gabriel da Cachoeira,AM,57.21,2023
1303908,São Paulo de Olivença,AM,62.1,2023
1505007,Nova Timboteua,PA,50.32,2023
1505601,Peixe-Boi,PA,53.76,2023
1600253,Itaubal,AP,50.48,2023
1721000,Palmas,TO,58.66,2023
2106102,Loreto,MA,38.8,2023
2108900,Poção de Pedras,MA,89.32,2023
2111722,Satubinha,MA,100.0,2023
2112704,Vargem Grande,MA,98.85,2023
2200509,Amarante,PI,22.26,2023
2206209,Miguel Alves,PI,39.04,2023
2206654,Morro Cabeça no Tempo,PI,23.7,2023
2305266,Ibaretama,CE,70.3,2023
2306108,Irauçuba,CE,96.53,2023
2311603,Redenção,CE,84.99,2023
2312106,Santana do Cariri,CE,89.48,2023
2312403,São Gonçalo do Amarante,CE,81.99,2023
2402600,Ceará-Mirim,RN,29.46,2023
2403004,Cruzeta,RN,51.8,2023
2405009,Jaçanã,RN,53.57,2023
2408300,Nova Cruz,RN,40.15,2023
2408300,Nova Cruz,RN,30.54,2023
2412005,São Gonçalo do Amarante,RN,33.22,2023
2505303,Curral Velho,PB,38.1,2023
2508703,Mãe d'Água,PB,70.0,2023
2510204,Nova Olinda,PB,45.95,2023
2510402,Olho d'Água,PB,76.11,2023
2602100,Bom Conselho,PE,59.98,2023
2607703,Itapetim,PE,65.28,2023
2608255,Jucati,PE,44.05,2023
2608404,Jurema,PE,53.46,2023
2702108,Colônia Leopoldina,AL,84.66,2023
2703304,Inhapi,AL,61.54,2023
2803500,Lagarto,SE,40.43,2023
2804805,Nossa Senhora do Socorro,SE,19.85,2023
2805703,Propriá,SE,36.23,2023
2901304,Andaraí,BA,44.8,2023
2903904,Bom Jesus da Lapa,BA,33.88,2023
2906204,Canarana,BA,29.21,2023
2912707,Ibirapitanga,BA,31.23,2023
2919207,Lauro de Freitas,BA,29.63,2023
2923001,Nova Viçosa,BA,56.37,2023
2924652,Pintadas,BA,44.93,2023
2928406,Santa Rita de Cássia,BA,46.95,2023
2932101,Ubaíra,BA,47.39,2023
3102308,Alvinópolis,MG,49.04,2023
3103009,Antônio Dias,MG,82.09,2023
3103702,Araponga,MG,47.06,2023
3112307,Capelinha,MG,70.01,2023
3113404,Caratinga,MG,50.26,2023
3119500,Coronel Murta,MG,65.72,2023
3138351,Leme do Prado,MG,52.94,2023
3139904,Maria da Fé,MG,60.99,2023
3140530,Martins Soares,MG,76.55,2023
3141405,Medina,MG,92.86,2023
3147402,Paraopeba,MG,48.84,2023
3147956,Patis,MG,82.27,2023
3154002,Raul Soares,MG,65.61,2023
3157609,Santa Fé de Minas,MG,33.37,2023
3162955,São José da Lapa,MG,62.41,2023
3163904,São Pedro da União,MG,76.97,2023
3164100,São Pedro do Suaçuí,MG,61.26,2023
3164308,São Roque de Minas,MG,71.16,2023
3167400,Silvianópolis,MG,54.05,2023
3202108,Ecoporanga,ES,67.33,2023
3202652,Irupi,ES,67.41,2023
3202801,Itapemirim,ES,60.98,2023
3203601,Mucurici,ES,83.71,2023
3203809,Muqui,ES,63.47,2023
3204708,São Gabriel da Palha,ES,73.1,2023
3302809,Mendes,RJ,58.36,2023
3513405,Cruzeiro,SP,39.34,2023
3516200,Franca,SP,57.72,2023
3518701,Guarujá,SP,41.95,2023
3520707,Indiaporã,SP,67.57,2023
3527801,Lupércio,SP,55.64,2023
3531001,Monções,SP,84.21,2023
3532702,Nipoã,SP,93.79,2023
3532827,Nova Campina,SP,45.1,2023
3533304,Nova Luzitânia,SP,77.92,2023
3536257,Parisi,SP,76.74,2023
3537305,Penápolis,SP,62.92,2023
3545100,Salmourão,SP,57.11,2023
3547809,Santo André,SP,58.1,2023
3549953,São Lourenço da Serra,SP,61.39,2023
3553658,Taquaral,SP,75.0,2023
3554805,Tremembé,SP,42.84,2023
3556404,Vargem Grande do Sul,SP,69.48,2023
4101507,Arapongas,PR,75.98,2023
4105201,Cerro Azul,PR,54.77,2023
4108551,Godoy Moreira,PR,94.55,2023
4111100,Itambé,PR,89.72,2023
4114500,Manoel Ribas,PR,67.7,2023
4116000,Miraselva,PR,77.05,2023
4121356,Rancho Alegre D'Oeste,PR,78.04,2023
4125555,São Manoel do Paraná,PR,95.44,2023
4126405,Sertaneja,PR,92.04,2023
4200051,Abdon Batista,SC,72.06,2023
4201257,Apiúna,SC,63.67,2023
4201703,Ascurra,SC,62.7,2023
4202875,Brunópolis,SC,21.43,2023
4205704,Garopaba,SC,70.59,2023
4207502,Indaial,SC,57.47,2023
4208005,Itá,SC,64.44,2023
4209607,Lauro Muller,SC,63.3,2023
4211702,Orleans,SC,65.83,2023
4212601,Peritiba,SC,85.84,2023
4213500,Porto Belo,SC,56.5,2023
4214003,Presidente Getúlio,SC,62.2,2023
4215000,Rio Negrinho,SC,61.53,2023
4215059,Rio Rufino,SC,65.74,2023
4217600,Siderópolis,SC,62.3,2023
4218004,Tijucas,SC,45.31,2023
4300406,Alegrete,RS,64.88,2023
4301503,Augusto Pestana,RS,88.65,2023
4302600,Braga,RS,50.59,2023
4302709,Butiá,RS,59.53,2023
4303103,Cachoeirinha,RS,58.04,2023
4304689,Capela de Santana,RS,67.11,2023
4307302,Erval Seco,RS,67.41,2023
4309100,Gramado,RS,79.08,2023
4309308,Guaíba,RS,50.14,2023
4310009,Ibirubá,RS,67.66,2023
4310439,Ipê,RS,84.62,2023
4311429,Lajeado do Bugre,RS,46.67,2023
4311759,Manoel Viana,RS,60.8,2023
4312476,Morro Reuter,RS,61.32,2023
4312617,Muitos Capões,RS,68.75,2023
4312807,Nova Araçá,RS,82.28,2023
4313508,Osório,RS,67.79,2023
4313953,Pantano Grande,RS,72.52,2023
4314134,Paulo Bento,RS,62.5,2023
4314209,Pedro Osório,RS,68.42,2023
4316105,Ronda Alta,RS,78.8,2023
4316204,Rondinha,RS,90.51,2023
4316303,Roque Gonzales,RS,75.71,2023
4316402,Rosário do Sul,RS,63.14,2023
4316758,Santa Clara do Sul,RS,91.08,2023
4318101,São Francisco de Assis,RS,58.21,2023
4320701,Sobradinho,RS,82.34,2023
4320859,Tabaí,RS,44.44,2023
4321626,Travesseiro,RS,87.67,2023
4321857,Três Palmeiras,RS,80.96,2023
4321956,Trindade do Sul,RS,82.51,2023
5003157,Coronel Sapucaia,MS,78.98,2023
5005152,Juti,MS,22.63,2023
5008008,Terenos,MS,56.94,2023
5102603,Campinápolis,MT,38.79,2023
5103304,Comodoro,MT,57.77,2023
5107040,Primavera do Leste,MT,49.15,2023
5107750,Salto do Céu,MT,88.32,2023
5108402,Várzea Grande,MT,47.17,2023
5202601,Aurilândia,GO,75.98,2023
5203302,Bela Vista de Goiás,GO,61.22,2023
5210158,Ipiranga de Goiás,GO,93.1,2023
5213855,Morro Agudo de Goiás,GO,100.0,2023
5214002,Mozarlândia,GO,51.21,2023
5219209,Santa Cruz de Goiás,GO,72.59,2023
1100122,Ji-Paraná,RO,57.02,2023
1100262,Rio Crespo,RO,83.84,2023
1300409,Barcelos,AM,77.48,2023
1304062,Tabatinga,AM,58.02,2023
1304237,Tonantins,AM,45.93,2023
1304260,Uarini,AM,13.39,2023
1304302,Urucará,AM,62.37,2023
1500602,Altamira,PA,46.67,2023
1501303,Barcarena,PA,46.55,2023
1707553,Fátima,TO,52.54,2023
1709302,Guaraí,TO,36.07,2023
1713957,Muricilândia,TO,17.89,2023
2103703,Cururupu,MA,65.83,2023
2109205,Presidente Juscelino,MA,36.89,2023
2109452,Raposa,MA,68.06,2023
2110401,São Benedito do Rio Preto,MA,46.81,2023
2110856,São Francisco do Brejão,MA,62.65,2023
2111805,Sítio Novo,MA,42.39,2023
2201176,Barra D'Alcântara,PI,61.11,2023
2202109,Campinas do Piauí,PI,90.62,2023
2203206,Curimatá,PI,68.19,2023
2203800,Flores do Piauí,PI,46.83,2023
2204154,Francisco Macedo,PI,59.38,2023
2206001,Marcos Parente,PI,22.19,2023
2308302,Milagres,CE,75.28,2023
2309409,Novo Oriente,CE,100.0,2023
2403103,Currais Novos,RN,38.87,2023
2403251,Parnamirim,RN,44.3,2023
2406908,Lucrécia,RN,22.8,2023
2407005,Luís Gomes,RN,26.23,2023
2412609,São Paulo do Potengi,RN,54.24,2023
2414753,Venha-Ver,RN,41.18,2023
2501351,Assunção,PB,48.37,2023
2506806,Ingá,PB,57.31,2023
2513505,Santana de Mangueira,PB,81.58,2023
2515401,São Vicente do Seridó,PB,55.88,2023
2516003,Solânea,PB,78.56,2023
2609501,Nazaré da Mata,PE,54.74,2023
2611903,Rio Formoso,PE,93.31,2023
2612000,Sairé,PE,67.71,2023
2616506,Xexéu,PE,62.65,2023
2707404,Porto de Pedras,AL,30.12,2023
2708303,São José da Laje,AL,79.22,2023
2806008,Ribeirópolis,SE,36.51,2023
2900603,Aiquara,BA,29.26,2023
2910859,Filadélfia,BA,18.28,2023
2915700,Itamari,BA,59.67,2023
2930204,Sento Sé,BA,26.41,2023
3101607,Alfenas,MG,49.18,2023
3102308,Alvinópolis,MG,47.66,2023
3103009,Antônio Dias,MG,78.23,2023
3110004,Caeté,MG,73.48,2023
3114105,Carmo de Minas,MG,61.19,2023
3133709,Itatiaiuçu,MG,72.38,2023
3135209,Januária,MG,20.14,2023
3137304,Lagoa dos Patos,MG,41.04,2023
3138500,Liberdade,MG,56.17,2023
3141207,Matutina,MG,91.3,2023
3147600,Passa Quatro,MG,85.63,2023
3151503,Piumhi,MG,57.27,2023
3152709,Prados,MG,73.21,2023
3153509,Alto Jequitibá,MG,50.82,2023
3156304,Rodeiro,MG,44.73,2023
3156403,Romaria,MG,57.73,2023
3161809,São Gonçalo do Pará,MG,61.12,2023
3162005,São Gonçalo do Sapucaí,MG,76.27,2023
3163300,São José do Divino,MG,85.71,2023
3163706,São Lourenço,MG,64.43,2023
3201605,Conceição da Barra,ES,74.32,2023
3203320,Marataízes,ES,73.28,2023
3205002,Serra,ES,69.15,2023
3301801,Engenheiro Paulo de Frontin,RJ,63.0,2023
3302601,Mangaratiba,RJ,47.54,2023
3500550,Águas de Santa Bárbara,SP,50.04,2023
3501806,Américo de Campos,SP,59.97,2023
3515608,Fernando Prestes,SP,97.93,2023
3523305,Itariri,SP,43.64,2023
3524105,Ituverava,SP,48.38,2023
3528007,Macatuba,SP,65.03,2023
3538808,Piraju,SP,64.72,2023
3541059,Pratânia,SP,56.06,2023
3546207,Santa Cruz da Conceição,SP,66.58,2023
3551405,Serra Azul,SP,23.94,2023
4103156,Bom Jesus do Sul,PR,87.35,2023
4104253,Campo Magro,PR,59.84,2023
4106209,Contenda,PR,78.38,2023
4107603,Faxinal,PR,83.44,2023
4108106,Flórida,PR,62.81,2023
4111308,Itaúna do Sul,PR,77.38,2023
4113254,Laranjal,PR,58.83,2023
4120853,Quatro Pontes,PR,91.8,2023
4125100,São João do Triunfo,PR,78.58,2023
4202206,Benedito Novo,SC,59.8,2023
4210506,Maravilha,SC,85.56,2023
4211009,Mondaí,SC,62.5,2023
4215703,Santo Amaro da Imperatriz,SC,60.62,2023
4217402,Schroeder,SC,63.05,2023
4217501,Seara,SC,60.05,2023
4218202,Timbó,SC,69.86,2023
4300034,Aceguá,RS,69.95,2023
4300208,Ajuricaba,RS,69.32,2023
4302006,Barros Cassal,RS,62.26,2023
4303103,Cachoeirinha,RS,59.56,2023
4304689,Capela de Santana,RS,67.66,2023
4305900,Coronel Bicaco,RS,97.76,2023
4306973,Erebango,RS,71.88,2023
4307500,Espumoso,RS,81.25,2023
4310306,Ilópolis,RS,87.4,2023
4310553,Itacurubi,RS,88.06,2023
4310652,Itati,RS,53.85,2023
4311254,Lagoão,RS,58.82,2023
4311403,Lajeado,RS,74.67,2023
4312658,Não-Me-Toque,RS,71.73,2023
4313508,Osório,RS,54.9,2023
4314787,Ponte Preta,RS,60.0,2023
4314902,Porto Alegre,RS,45.59,2023
4316436,Saldanha Marinho,RS,62.74,2023
4317509,Santo Ângelo,RS,63.45,2023
4320008,Sapucaia do Sul,RS,59.74,2023
4320503,Sertão,RS,59.81,2023
4322004,Triunfo,RS,66.82,2023
4322541,Vale Real,RS,76.3,2023
4322707,Vera Cruz,RS,70.46,2023
5000203,Água Clara,MS,70.19,2023
5105622,Mirassol d'Oeste,MT,49.04,2023
5107750,Salto do Céu,MT,60.0,2023
5205471,Chapadão do Céu,GO,80.04,2023
5207501,Estrela do Norte,GO,67.18,2023
5208905,Goiás,GO,67.46,2023
5213004,Maurilândia,GO,78.46,2023
5214861,Nova Glória,GO,81.84,2023
5220504,Serranópolis,GO,54.47,2023
1100049,Cacoal,RO,66.13,2023
1101476,Primavera de Rondônia,RO,86.09,2023
1303205,Novo Airão,AM,73.36,2023
1502004,Cachoeira do Arari,PA,52.11,2023
1503903,Juruti,PA,20.53,2023
1505551,Pau D'Arco,PA,50.65,2023
1713205,Miracema do Tocantins,TO,41.54,2023
2105963,Lagoa Grande do Maranhão,MA,81.68,2023
2106300,Magalhães de Almeida,MA,51.59,2023
2106755,Miranda do Norte,MA,55.15,2023
2111029,São João do Carú,MA,65.17,2023
2112001,Tasso Fragoso,MA,45.1,2023
2112274,Tufilândia,MA,34.79,2023
2112902,Vitória do Mearim,MA,48.98,2023
2206407,Monsenhor Gil,PI,60.33,2023
2302909,Capistrano,CE,77.64,2023
2303006,Caridade,CE,96.73,2023
2304236,Croatá,CE,98.5,2023
2400901,Antônio Martins,RN,25.23,2023
2401503,Barcelona,RN,55.27,2023
2402600,Ceará-Mirim,RN,19.95,2023
2403806,Florânia,RN,36.26,2023
2404408,Grossos,RN,78.9,2023
2405603,Jardim de Piranhas,RN,30.4,2023
2406908,Lucrécia,RN,50.0,2023
2409803,Pedro Velho,RN,26.57,2023
2410207,Portalegre,RN,42.86,2023
2413102,Senador Elói de Souza,RN,26.09,2023
2501302,Aroeiras,PB,67.95,2023
2509396,Maturéia,PB,50.64,2023
2511707,Pilõezinhos,PB,98.55,2023
2513208,Santa Cruz,PB,52.79,2023
2514552,São José de Princesa,PB,82.35,2023
2514651,São José do Brejo do Cruz,PB,40.0,2023
2515930,Sertãozinho,PB,52.0,2023
2516201,Sousa,PB,44.13,2023
2600401,Água Preta,PE,61.14,2023
2601052,Araçoiaba,PE,45.71,2023
2605400,Feira Nova,PE,85.66,2023
2606002,Garanhuns,PE,52.28,2023
2606309,Granito,PE,52.49,2023
2613404,São José da Coroa Grande,PE,41.77,2023
2614857,Tamandaré,PE,44.9,2023
2703908,Jundiá,AL,34.6,2023
2704104,Lagoa da Canoa,AL,45.57,2023
2706406,Pão de Açúcar,AL,47.65,2023
2806602,Santo Amaro das Brotas,SE,34.57,2023
2901502,Anguera,BA,38.74,2023
2911600,Governador Mangabeira,BA,36.92,2023
2919926,Madre de Deus,BA,40.71,2023
2922409,Mutuípe,BA,58.37,2023
2922854,Nova Redenção,BA,31.91,2023
2923100,Olindina,BA,34.5,2023
2930758,Sítio do Mato,BA,45.16,2023
2930766,Sítio do Quinto,BA,44.05,2023
2932002,Uauá,BA,44.93,2023
3100708,Água Comprida,MG,96.84,2023
3103108,Antônio Prado de Minas,MG,78.57,2023
3104452,Aricanduva,MG,44.74,2023
3108701,Brás Pires,MG,53.68,2023
3111804,Canápolis,MG,47.61,2023
3115805,Centralina,MG,78.29,2023
3119906,Córrego do Bom Jesus,MG,73.8,2023
3121308,Descoberto,MG,62.69,2023
3124104,Esmeraldas,MG,50.73,2023
3125408,Felício dos Santos,MG,82.12,2023
3126901,Frei Inocêncio,MG,53.11,2023
3134400,Iturama,MG,55.84,2023
3135050,Jaíba,MG,45.96,2023
3135357,Japonvar,MG,43.52,2023
3136520,José Gonçalves de Minas,MG,34.09,2023
3136652,Juatuba,MG,47.58,2023
3143906,Muriaé,MG,61.41,2023
3143906,Muriaé,MG,58.49,2023
3151305,Piraúba,MG,72.98,2023
3152105,Ponte Nova,MG,52.65,2023
3158003,Santa Maria de Itabira,MG,54.64,2023
3158300,Santana da Vargem,MG,67.84,2023
3158805,Santana do Jacaré,MG,76.26,2023
3158953,Santana do Paraíso,MG,69.78,2023
3160801,São Bento Abade,MG,58.23,2023
3162450,São João das Missões,MG,64.64,2023
3166402,Seritinga,MG,64.0,2023
3168507,Teixeiras,MG,75.5,2023
3171006,Vazante,MG,43.84,2023
3171006,Vazante,MG,48.56,2023
3203700,Muniz Freire,ES,88.17,2023
3301207,Carmo,RJ,43.6,2023
3302452,Macuco,RJ,63.62,2023
3302908,Miguel Pereira,RJ,57.4,2023
3304128,Quatis,RJ,48.93,2023
3508900,Caiabu,SP,44.44,2023
3510401,Capivari,SP,64.47,2023
3514403,Dracena,SP,63.13,2023
3520509,Indaiatuba,SP,58.5,2023
3521200,Iporanga,SP,52.31,2023
3521606,Irapuru,SP,97.18,2023
3527702,Luiziânia,SP,54.64,2023
3533502,Novo Horizonte,SP,61.56,2023
3539509,Pitangueiras,SP,62.9,2023
3541604,Promissão,SP,67.37,2023
3542602,Registro,SP,52.31,2023
3543808,Rinópolis,SP,60.53,2023
3544707,Sagres,SP,70.28,2023
3548302,Santo Expedito,SP,91.44,2023
3552205,Sorocaba,SP,56.17,2023
3552502,Suzano,SP,44.51,2023
3555000,Tupã,SP,50.19,2023
4101903,Assaí,PR,88.72,2023
4106555,Corumbataí do Sul,PR,87.28,2023
4109203,Guaraci,PR,72.75,2023
4109708,Ibaiti,PR,72.88,2023
4111605,Ivatuba,PR,78.82,2023
4114708,Maria Helena,PR,64.7,2023
4115853,Mercedes,PR,91.25,2023
4123105,Santa Amélia,PR,100.0,2023
4123956,Santa Mônica,PR,78.67,2023
4202602,Bom Retiro,SC,47.57,2023
4202701,Botuverá,SC,69.33,2023
4204301,Concórdia,SC,70.89,2023
4206702,Herval d'Oeste,SC,55.62,2023
4208401,Itapiranga,SC,97.88,2023
4208807,Jaguaruna,SC,50.36,2023
4211504,Nova Trento,SC,67.8,2023
4211603,Nova Veneza,SC,69.57,2023
4213807,Praia Grande,SC,72.57,2023
4214805,Rio do Sul,SC,57.9,2023
4217105,São Martinho,SC,68.0,2023
4217154,São Miguel da Boa Vista,SC,87.5,2023
4217204,São Miguel do Oeste,SC,64.94,2023
4217709,Sombrio,SC,64.93,2023
4218954,Urupema,SC,80.09,2023
4300802,Antônio Prado,RS,65.93,2023
4301305,Arroio Grande,RS,50.11,2023
4302501,Bossoroca,RS,61.11,2023
4304309,Cândido Godói,RS,75.52,2023
4305439,Chuí,RS,50.0,2023
4305959,Cotiporã,RS,73.99,2023
4306809,Encantado,RS,90.53,2023
4308706,Gaurama,RS,78.81,2023
4310850,Jaboticaba,RS,90.57,2023
4313409,Novo Hamburgo,RS,62.37,2023
4313409,Novo Hamburgo,RS,67.38,2023
4313656,Palmares do Sul,RS,66.18,2023
4316907,Santa Maria,RS,65.32,2023
4317905,Santo Cristo,RS,79.33,2023
4318002,São Borja,RS,60.37,2023
4319208,São Nicolau,RS,69.93,2023
4319208,São Nicolau,RS,57.89,2023
4319372,São Pedro do Butiá,RS,85.71,2023
4320206,Seberi,RS,82.25,2023
4321451,Teutônia,RS,83.12,2023
4323408,Vila Maria,RS,94.44,2023
5002704,Campo Grande,MS,41.61,2023
5003702,Dourados,MS,52.54,2023
5004502,Itaporã,MS,69.03,2023
5008404,Vicentina,MS,50.0,2023
5100359,Alto Boa Vista,MT,93.68,2023
5100409,Alto Garças,MT,40.74,2023
5104104,Guarantã do Norte,MT,62.14,2023
5104807,Jaciara,MT,53.41,2023
5105309,Luciara,MT,37.65,2023
5106315,Novo Santo Antônio,MT,71.23,2023
5106505,Poconé,MT,31.43,2023
5201108,Anápolis,GO,72.06,2023
5207253,Doverlândia,GO,78.21,2023
5214903,Nova Roma,GO,61.29,2023
5219100,Santa Bárbara de Goiás,GO,78.28,2023
1100015,Alta Floresta D'Oeste,RO,64.55,2023
1100205,Porto Velho,RO,57.45,2023
1100288,Rolim de Moura,RO,68.69,2023
1300300,Autazes,AM,51.31,2023
1303007,Nhamundá,AM,64.67,2023
1502939,Dom Eliseu,PA,59.32,2023
1503002,Faro,PA,51.05,2023
1504406,Marapanim,PA,28.74,2023
1506005,Prainha,PA,57.34,2023
1600303,Macapá,AP,41.73,2023
1702158,Araguanã,TO,37.72,2023
1702554,Augustinópolis,TO,50.01,2023
1710904,Itapiratins,TO,35.09,2023
1720200,São Miguel do Tocantins,TO,26.98,2023
2109502,Riachão,MA,41.08,2023
2110302,Santo Antônio dos Lopes,MA,52.71,2023
2202737,Coivaras,PI,78.14,2023
2207504,Palmeirais,PI,50.9,2023
2207751,Passagem Franca do Piauí,PI,100.0,2023
2307601,Limoeiro do Norte,CE,87.84,2023
2310506,Pedra Branca,CE,99.44,2023
2312205,Santa Quitéria,CE,98.21,2023
2400901,Antônio Martins,RN,90.91,2023
2404804,Ipueira,RN,50.0,2023
2406502,Lagoa Nova,RN,34.74,2023
2406601,Lagoa Salgada,RN,23.4,2023
2406809,Lajes Pintadas,RN,27.97,2023
2408102,Natal,RN,34.5,2023
2409407,Pau dos Ferros,RN,39.7,2023
2412203,São José de Mipibu,RN,22.58,2023
2414001,Tangará,RN,42.92,2023
2504009,Campina Grande,PB,42.8,2023
2504405,Conceição,PB,93.55,2023
2507507,João Pessoa,PB,46.71,2023
2511509,Pilar,PB,56.43,2023
2513406,Santa Luzia,PB,58.06,2023
2600906,Amaraji,PE,68.74,2023
2603306,Calçado,PE,57.35,2023
2608107,João Alfredo,PE,56.99,2023
2608453,Lagoa do Carro,PE,48.37,2023
2608909,Limoeiro,PE,72.23,2023
2612406,Sanharó,PE,41.8,2023
2614105,Sertânia,PE,59.14,2023
2802700,Ilha das Flores,SE,31.58,2023
2807402,Tobias Barreto,SE,41.9,2023
2902500,Baianópolis,BA,39.85,2023
2912905,Ibirataia,BA,32.79,2023
2915908,Itanagra,BA,22.47,2023
2922250,Muquém de São Francisco,BA,30.98,2023
2927903,Santa Inês,BA,47.34,2023
3103009,Antônio Dias,MG,67.98,2023
3107109,Boa Esperança,MG,57.37,2023
3109402,Buritizeiro,MG,37.7,2023
3111408,Campo Florido,MG,75.96,2023
3111804,Canápolis,MG,54.17,2023
3112000,Candeias,MG,88.88,2023
3112208,Capela Nova,MG,83.06,2023
3112307,Capelinha,MG,56.35,2023
3115300,Cataguases,MG,39.74,2023
3118908,Cordisburgo,MG,58.33,2023
3119609,Coronel Pacheco,MG,100.0,2023
3124302,Espinosa,MG,64.25,2023
3125507,São Gonçalo do Rio Preto,MG,80.13,2023
3131406,Ipiaçu,MG,75.16,2023
3132107,Itacarambi,MG,49.49,2023
3138203,Lavras,MG,89.7,2023
3140001,Mariana,MG,55.06,2023
3145356,Novo Oriente de Minas,MG,53.59,2023
3145802,Onça de Pitangui,MG,45.45,2023
3148301,Paula Cândido,MG,75.0,2023
3149101,Pedralva,MG,50.09,2023
3152907,Pratápolis,MG,64.14,2023
3154150,Reduto,MG,39.44,2023
3154606,Ribeirão das Neves,MG,54.99,2023
3157377,Santa Cruz de Salinas,MG,83.36,2023
3159001,Santana do Riacho,MG,60.89,2023
3162104,São Gotardo,MG,53.98,2023
3165107,São Tomás de Aquino,MG,68.13,2023
3168051,Taparuba,MG,44.12,2023
3171303,Viçosa,MG,61.85,2023
3202454,Ibatiba,ES,80.52,2023
3204054,Pedro Canário,ES,68.97,2023
3302270,Japeri,RJ,39.09,2023
3302403,Macaé,RJ,59.86,2023
3304151,Quissamã,RJ,66.22,2023
3500600,Águas de São Pedro,SP,81.85,2023
3503950,Aspásia,SP,95.45,2023
3504909,Bananal,SP,47.78,2023
3510708,Cardoso,SP,76.92,2023
3511706,Charqueada,SP,44.6,2023
3513009,Cotia,SP,63.64,2023
3516200,Franca,SP,63.83,2023
3516606,Gália,SP,78.91,2023
3517406,Guaíra,SP,54.86,2023
3522604,Itapira,SP,60.48,2023
3524600,Jacupiranga,SP,63.85,2023
3524907,Jambeiro,SP,58.85,2023
3534906,Pacaembu,SP,64.61,2023
3536604,Paulo de Faria,SP,50.36,2023
3537305,Penápolis,SP,70.67,2023
3545209,Salto,SP,56.22,2023
3546801,Santa Isabel,SP,72.24,2023
4106852,Cruzmaltina,PR,95.74,2023
4107504,Engenheiro Beltrão,PR,87.33,2023
4109104,Guaporema,PR,84.38,2023
4109401,Guarapuava,PR,74.41,2023
4111902,Jaguapitã,PR,76.25,2023
4119707,Planaltina do Paraná,PR,79.79,2023
4123808,Santa Izabel do Oeste,PR,82.42,2023
4200408,Água Doce,SC,64.75,2023
4202701,Botuverá,SC,85.24,2023
4207304,Imbituba,SC,50.41,2023
4211009,Mondaí,SC,68.6,2023
4211801,Ouro,SC,72.58,2023
4213302,Ponte Alta,SC,33.56,2023
4213906,Presidente Castello Branco,SC,47.06,2023
4214409,Rio das Antas,SC,51.1,2023
4214508,Rio do Campo,SC,70.75,2023
4216206,São Francisco do Sul,SC,44.54,2023
4302105,Bento Gonçalves,RS,66.19,2023
4302600,Braga,RS,58.82,2023
4304663,Capão do Leão,RS,51.13,2023
4304804,Carlos Barbosa,RS,67.4,2023
4305132,Cerro Branco,RS,72.73,2023
4305801,Constantina,RS,82.54,2023
4306403,Dois Irmãos,RS,86.06,2023
4306908,Encruzilhada do Sul,RS,74.17,2023
4308458,Fortaleza dos Valos,RS,87.27,2023
4308805,General Câmara,RS,77.96,2023
4309506,Guarani das Missões,RS,70.37,2023
4309753,Ibarama,RS,71.02,2023
4309902,Ibiraiaras,RS,78.46,2023
4310330,Imbé,RS,50.0,2023
4310579,Itapuca,RS,80.62,2023
4311155,Jóia,RS,59.16,2023
4313037,Nova Esperança do Sul,RS,86.19,2023
4314548,Pinto Bandeira,RS,100.0,2023
4315008,Porto Lucena,RS,78.57,2023
4317400,Santiago,RS,68.9,2023
4318200,São Francisco de Paula,RS,62.28,2023
4320263,Segredo,RS,83.08,2023
4322608,Venâncio Aires,RS,78.14,2023
4323804,Xangri-lá,RS,56.84,2023
5005103,Jateí,MS,42.86,2023
5007695,São Gabriel do Oeste,MS,52.66,2023
5102637,Campo Novo do Parecis,MT,49.84,2023
5104500,Indiavaí,MT,44.71,2023
5104807,Jaciara,MT,57.01,2023
5105176,Juruena,MT,59.71,2023
5107040,Primavera do Leste,MT,48.71,2023
5107297,São José do Povo,MT,80.66,2023
5205406,Ceres,GO,88.1,2023
5206701,Damianópolis,GO,70.55,2023
5212600,Mairipotaba,GO,97.33,2023
5212808,Mara Rosa,GO,69.6,2023
5222302,Vila Propício,GO,74.44,2023
1100114,Jaru,RO,62.82,2023
1304005,Silves,AM,93.33,2023
1501709,Bragança,PA,42.72,2023
1503606,Itaituba,PA,61.0,2023
1504455,Medicilândia,PA,48.99,2023
1508001,Tomé-Açu,PA,48.0,2023
1508035,Tracuateua,PA,48.47,2023
1717206,Piraquê,TO,26.08,2023
1718451,Pugmil,TO,20.72,2023
1720804,Sítio Novo do Tocantins,TO,39.53,2023
2103109,Cedral,MA,69.8,2023
2106003,Lima Campos,MA,86.67,2023
2205151,Jacobina do Piauí,PI,88.51,2023
2209757,São Gonçalo do Gurguéia,PI,76.47,2023
2303709,Caucaia,CE,67.04,2023
2402501,Carnaubais,RN,32.86,2023
2405108,Jandaíra,RN,38.89,2023
2409704,Pedro Avelino,RN,23.2,2023
2410009,Pilões,RN,64.71,2023
2505808,Duas Estradas,PB,11.05,2023
2507408,Jericó,PB,53.45,2023
2509008,Manaíra,PB,38.89,2023
2512903,Rio Tinto,PB,77.84,2023
2512903,Rio Tinto,PB,52.04,2023
2513703,Santa Rita,PB,45.45,2023
2705804,Olho d'Água do Casado,AL,34.23,2023
2706703,Penedo,AL,40.64,2023
2707008,Pindoba,AL,29.05,2023
2800308,Aracaju,SE,30.95,2023
2900306,Acajutiba,BA,19.7,2023
2904050,Bonito,BA,40.18,2023
2911501,Gongogi,BA,27.74,2023
2920502,Maracás,BA,52.47,2023
2925501,Prado,BA,34.88,2023
3101102,Aimorés,MG,56.8,2023
3105400,Barão de Cocais,MG,58.76,2023
3108909,Brazópolis,MG,50.86,2023
3110301,Caldas,MG,51.38,2023
3113107,Caranaíba,MG,70.0,2023
3118007,Congonhas,MG,56.15,2023
3122405,Divisa Nova,MG,64.28,2023
3123858,Entre Folhas,MG,78.64,2023
3130051,Icaraí de Minas,MG,53.69,2023
3132602,Itamarati de Minas,MG,48.03,2023
3133501,Itapecerica,MG,77.04,2023
3135100,Janaúba,MG,54.68,2023
3135803,Jequitinhonha,MG,43.97,2023
3135803,Jequitinhonha,MG,87.5,2023
3136405,Joaquim Felício,MG,52.38,2023
3137205,Lagoa da Prata,MG,72.57,2023
3147006,Paracatu,MG,67.07,2023
3148608,Peçanha,MG,64.65,2023
3148905,Pedra do Indaiá,MG,81.43,2023
3150000,Pescador,MG,88.06,2023
3151701,Poço Fundo,MG,81.87,2023
3152204,Porteirinha,MG,65.15,2023
3158508,Santana de Pirapama,MG,53.2,2023
3159605,Santa Rita do Sapucaí,MG,58.99,2023
3166204,Senhora dos Remédios,MG,100.0,2023
3166956,Serranópolis de Minas,MG,95.35,2023
3170057,Ubaporanga,MG,44.77,2023
3170800,Várzea da Palma,MG,61.71,2023
3200904,Barra de São Francisco,ES,78.53,2023
3203205,Linhares,ES,54.79,2023
3503158,Arapeí,SP,48.04,2023
3504107,Atibaia,SP,70.57,2023
3507308,Boracéia,SP,71.15,2023
3510708,Cardoso,SP,69.75,2023
3513504,Cubatão,SP,49.88,2023
3515186,Espírito Santo do Pinhal,SP,65.42,2023
3521507,Irapuã,SP,69.58,2023
3525300,Jaú,SP,59.77,2023
3525508,Joanópolis,SP,71.87,2023
3527108,Lins,SP,65.12,2023
3534807,Ouro Verde,SP,82.02,2023
3535002,Palestina,SP,57.98,2023
3540705,Porto Ferreira,SP,48.9,2023
3545159,Saltinho,SP,65.6,2023
3545407,Salto Grande,SP,60.22,2023
3551900,Severínia,SP,42.14,2023
3552205,Sorocaba,SP,49.09,2023
4102901,Bituruna,PR,80.76,2023
4109500,Guaraqueçaba,PR,70.13,2023
4115903,Mirador,PR,70.36,2023
4120903,Quedas do Iguaçu,PR,71.7,2023
4126009,São Sebastião da Amoreira,PR,82.79,2023
4126652,Sulina,PR,64.36,2023
4127304,Terra Rica,PR,69.02,2023
4205175,Entre Rios,SC,66.97,2023
4207205,Imaruí,SC,64.71,2023
4207809,Irani,SC,65.22,2023
4208302,Itapema,SC,66.9,2023
4210100,Mafra,SC,72.98,2023
4210852,Mirim Doce,SC,39.19,2023
4216305,São João Batista,SC,74.94,2023
4217006,São Ludgero,SC,63.64,2023
4300661,André da Rocha,RS,68.75,2023
4305108,Caxias do Sul,RS,60.82,2023
4306700,Dona Francisca,RS,81.25,2023
4307609,Estância Velha,RS,81.82,2023
4308300,Fontoura Xavier,RS,62.05,2023
4309555,Harmonia,RS,90.91,2023
4313425,Novo Machado,RS,81.82,2023
4314175,Pedras Altas,RS,64.71,2023
4314308,Pejuçara,RS,61.46,2023
4319604,São Sepé,RS,82.29,2023
4320404,Serafina Corrêa,RS,85.7,2023
4320651,Silveira Martins,RS,66.67,2023
4321451,Teutônia,RS,82.22,2023
5001243,Aral Moreira,MS,73.91,2023
5007695,São Gabriel do Oeste,MS,64.29,2023
5101308,Arenápolis,MT,62.33,2023
5102702,Canarana,MT,34.74,2023
5103502,Diamantino,MT,48.15,2023
5105101,Juara,MT,53.34,2023
5105507,Vila Bela da Santíssima Trindade,MT,49.57,2023
5107776,Santa Terezinha,MT,39.81,2023
5107792,Santo Antônio do Leste,MT,60.97,2023
5108402,Várzea Grande,MT,47.94,2023
5206206,Cristalina,GO,67.92,2023
5209952,Indiara,GO,67.15,2023
5211305,Itarumã,GO,76.72,2023
5211404,Itauçu,GO,96.95,2023
5212253,Lagoa Santa,GO,80.95,2023
1100098,Espigão D'Oeste,RO,81.65,2023
1100288,Rolim de Moura,RO,68.8,2023
1100304,Vilhena,RO,65.62,2023
1302702,Manicoré,AM,64.12,2023
1303304,Novo Aripuanã,AM,78.15,2023
1502004,Cachoeira do Arari,PA,89.89,2023
1502756,Concórdia do Pará,PA,40.62,2023
1504505,Melgaço,PA,38.0,2023
1504703,Moju,PA,32.11,2023
1700400,Almas,TO,15.92,2023
1708304,Goianorte,TO,53.56,2023
1718808,Sampaio,TO,43.61,2023
2100303,Aldeias Altas,MA,67.9,2023
2201572,Belém do Piauí,PI,100.0,2023
2202752,Colônia do Gurguéia,PI,54.43,2023
2203453,Dom Inocêncio,PI,97.37,2023
2206720,Nazária,PI,77.65,2023
2208502,Porto,PI,40.12,2023
2401305,Campo Grande,RN,36.13,2023
2411403,Santana do Matos,RN,33.17,2023
2413359,Serra do Mel,RN,32.67,2023
2502003,Belém do Brejo do Cruz,PB,57.5,2023
2502052,Bernardino Batista,PB,61.38,2023
2502508,Boqueirão,PB,38.0,2023
2509156,Marizópolis,PB,100.0,2023
2513307,Santa Helena,PB,52.83,2023
2513901,São Bento,PB,42.46,2023
2602704,Buenos Aires,PE,62.99,2023
2608701,Lagoa dos Gatos,PE,70.94,2023
2612554,Santa Filomena,PE,58.92,2023
2615904,Tuparetama,PE,77.11,2023
2702900,Girau do Ponciano,AL,35.73,2023
2802304,Frei Paulo,SE,19.23,2023
2802700,Ilha das Flores,SE,26.97,2023
2805703,Propriá,SE,19.64,2023
2922805,Nova Itarana,BA,32.97,2023
2928950,São Domingos,BA,25.27,2023
2933257,Vereda,BA,67.84,2023
3107307,Bocaiúva,MG,72.96,2023
3120805,Cruzília,MG,97.18,2023
3122009,Divino,MG,49.17,2023
3135506,Jequeri,MG,69.84,2023
3138203,Lavras,MG,56.24,2023
3139250,Mamonas,MG,40.12,2023
3143807,Munhoz,MG,77.93,2023
3148202,Patrocínio do Muriaé,MG,72.64,2023
3155009,Rio Doce,MG,87.87,2023
3159209,Santa Rita de Caldas,MG,86.83,2023
3159704,Santa Rosa da Serra,MG,72.97,2023
3164100,São Pedro do Suaçuí,MG,46.15,2023
3168002,Taiobeiras,MG,69.28,2023
3169356,Três Marias,MG,68.34,2023
3171402,Vieiras,MG,50.44,2023
3203205,Linhares,ES,64.16,2023
3203908,Nova Venécia,ES,83.51,2023
3302304,Laje do Muriaé,RJ,45.19,2023
3500501,Águas de Lindóia,SP,61.38,2023
3501608,Americana,SP,58.84,2023
3503109,Arandu,SP,54.21,2023
3503604,Areiópolis,SP,72.32,2023
3505906,Batatais,SP,60.92,2023
3509957,Canas,SP,53.57,2023
3512209,Conchal,SP,53.98,2023
3513504,Cubatão,SP,48.49,2023
3514502,Duartina,SP,81.82,2023
3514601,Dumont,SP,76.77,2023
3515103,Embu-Guaçu,SP,57.31,2023
3521804,Itaí,SP,47.41,2023
3523107,Itaquaquecetuba,SP,34.09,2023
3524808,Jales,SP,55.33,2023
3525102,Jardinópolis,SP,58.3,2023
3526704,Leme,SP,52.84,2023
3528858,Marapoama,SP,94.74,2023
3534757,Ouroeste,SP,99.27,2023
3539806,Poá,SP,54.46,2023
3542107,Rafard,SP,84.05,2023
3542305,Redenção da Serra,SP,83.33,2023
3543253,Ribeirão Grande,SP,63.69,2023
3544103,Rio Grande da Serra,SP,45.84,2023
3548500,Santos,SP,63.33,2023
3550704,São Sebastião,SP,39.21,2023
4100806,Alvorada do Sul,PR,69.39,2023
4113809,Lupionópolis,PR,86.97,2023
4115739,Mato Rico,PR,70.01,2023
4119657,Pitangueiras,PR,94.13,2023
4200804,Anchieta,SC,78.57,2023
4202008,Balneário Camboriú,SC,68.18,2023
4202206,Benedito Novo,SC,58.84,2023
4206702,Herval d'Oeste,SC,53.72,2023
4207205,Imaruí,SC,63.38,2023
4208708,Jacinto Machado,SC,77.78,2023
4211009,Mondaí,SC,68.17,2023
4212650,Pescaria Brava,SC,40.37,2023
4212908,Pinhalzinho,SC,78.25,2023
4215653,Santa Rosa do Sul,SC,55.48,2023
4216107,São Domingos,SC,28.57,2023
4217501,Seara,SC,83.55,2023
4302204,Boa Vista do Buricá,RS,83.45,2023
4303301,Caibaté,RS,89.44,2023
4304200,Candelária,RS,75.36,2023
4306767,Eldorado do Sul,RS,47.65,2023
4306932,Entre-Ijuís,RS,28.49,2023
4309001,Giruá,RS,76.29,2023
4309951,Ibirapuitã,RS,100.0,2023
4311205,Júlio de Castilhos,RS,55.81,2023
4312138,Mato Castelhano,RS,76.48,2023
4312153,Mato Leitão,RS,78.57,2023
4313060,Nova Hartz,RS,72.08,2023
4313805,Palmitinho,RS,84.12,2023
4314100,Passo Fundo,RS,58.91,2023
4314506,Pinheiro Machado,RS,67.1,2023
4316436,Saldanha Marinho,RS,42.86,2023
4316709,Santa Bárbara do Sul,RS,66.04,2023
4318309,São Gabriel,RS,62.74,2023
4318465,São José do Herval,RS,86.67,2023
4320107,Sarandi,RS,71.47,2023
4322004,Triunfo,RS,67.64,2023
4323507,Vista Alegre,RS,90.0,2023
5001102,Aquidauana,MS,70.0,2023
5004007,Glória de Dourados,MS,78.91,2023
5004601,Itaquiraí,MS,73.35,2023
5006606,Ponta Porã,MS,55.04,2023
5106240,Nova Ubiratã,MT,73.23,2023
5106281,Novo São Joaquim,MT,61.2,2023
5107925,Sorriso,MT,79.08,2023
5215652,Palestina de Goiás,GO,79.55,2023
5216007,Panamá,GO,75.33,2023
5219407,Santa Rita do Araguaia,GO,78.75,2023
5221577,Uirapuru,GO,38.84,2023
1300300,Autazes,AM,47.04,2023
1301407,Eirunepé,AM,41.25,2023
1302207,Juruá,AM,56.11,2023
1303304,Novo Aripuanã,AM,83.98,2023
1304401,Urucurituba,AM,48.58,2023
1508084,Tucumã,PA,58.8,2023
1600204,Calçoene,AP,35.34,2023
1706001,Couto Magalhães,TO,48.18,2023
2100907,Araioses,MA,56.23,2023
2101608,Barra do Corda,MA,65.45,2023
2102002,Bom Jardim,MA,80.37,2023
2103158,Centro do Guilherme,MA,92.92,2023
2200277,Alegrete do Piauí,PI,53.89,2023
2201150,Baixa Grande do Ribeiro,PI,48.61,2023
2201606,Beneditinos,PI,77.58,2023
2205599,Lagoa do Sítio,PI,12.7,2023
2303956,Chorozinho,CE,98.33,2023
2310100,Palmácia,CE,98.68,2023
2312908,Sobral,CE,98.74,2023
2400604,Almino Afonso,RN,25.56,2023
2401305,Campo Grande,RN,33.21,2023
2403608,Extremoz,RN,66.03,2023
2410504,Rafael Fernandes,RN,6.25,2023
2411908,São Francisco do Oeste,RN,56.85,2023
2501807,Bayeux,PB,35.43,2023
2506202,Frei Martinho,PB,38.7,2023
2510600,Ouro Velho,PB,89.76,2023
2511806,Pirpirituba,PB,34.62,2023
2512101,Pombal,PB,58.65,2023
2603207,Caetés,PE,45.78,2023
2606606,Ibimirim,PE,50.76,2023
2613800,São Vicente Ferrer,PE,48.62,2023
2614204,Sirinhaém,PE,60.3,2023
2703106,Igaci,AL,29.74,2023
2707305,Porto Calvo,AL,36.55,2023
2800100,Amparo de São Francisco,SE,41.18,2023
2802908,Itabaiana,SE,27.61,2023
2803500,Lagarto,SE,35.6,2023
2804201,Monte Alegre de Sergipe,SE,29.63,2023
2911105,Formosa do Rio Preto,BA,19.66,2023
2913457,Igrapiúna,BA,30.3,2023
2924405,Pilão Arcado,BA,23.9,2023
3102001,Alterosa,MG,61.55,2023
3102407,Alvorada de Minas,MG,29.0,2023
3107208,Bocaina de Minas,MG,50.0,2023
3111705,Canaã,MG,75.97,2023
3115300,Cataguases,MG,38.01,2023
3116001,Chalé,MG,64.48,2023
3132107,Itacarambi,MG,12.77,2023
3134202,Ituiutaba,MG,60.85,2023
3135209,Januária,MG,41.15,2023
3137601,Lagoa Santa,MG,86.96,2023
3139706,Maravilhas,MG,69.23,2023
3141009,Mato Verde,MG,69.02,2023
3147600,Passa Quatro,MG,86.26,2023
3148103,Patrocínio,MG,61.41,2023
3151404,Pitangui,MG,69.01,2023
3152170,Ponto dos Volantes,MG,72.63,2023
3154903,Rio Casca,MG,59.63,2023
3162450,São João das Missões,MG,77.78,2023
3162575,São João do Manteninha,MG,79.89,2023
3169703,Turmalina,MG,54.4,2023
3170404,Unaí,MG,56.42,2023
3172004,Visconde do Rio Branco,MG,56.33,2023
3200904,Barra de São Francisco,ES,79.66,2023
3201001,Boa Esperança,ES,74.18,2023
3202900,Itarana,ES,78.04,2023
3204906,São Mateus,ES,68.39,2023
3205036,Vargem Alta,ES,70.93,2023
3205176,Vila Valério,ES,85.33,2023
3503505,Areias,SP,59.5,2023
3504602,Bady Bassitt,SP,55.64,2023
3507803,Brodowski,SP,53.67,2023
3508306,Cabrália Paulista,SP,79.41,2023
3514700,Echaporã,SP,77.86,2023
3522703,Itápolis,SP,73.12,2023
3532405,Nazaré Paulista,SP,46.83,2023
3537701,Piacatu,SP,83.2,2023
3543907,Rio Claro,SP,65.52,2023
3544004,Rio das Pedras,SP,65.04,2023
3544608,Sabino,SP,54.4,2023
3547205,Santana da Ponte Pensa,SP,56.25,2023
3547700,Santo Anastácio,SP,79.99,2023
3548807,São Caetano do Sul,SP,60.95,2023
3554607,Timburi,SP,39.16,2023
3555208,Turiúba,SP,100.0,2023
3555356,Ubarana,SP,60.64,2023
4104907,Castro,PR,74.26,2023
4111407,Ivaí,PR,84.6,2023
4115507,Marumbi,PR,57.66,2023
4115606,Matelândia,PR,73.52,2023
4120903,Quedas do Iguaçu,PR,70.42,2023
4121307,Rancho Alegre,PR,77.01,2023
4122156,Rio Bonito do Iguaçu,PR,81.41,2023
4122156,Rio Bonito do Iguaçu,PR,79.84,2023
4122404,Rolândia,PR,73.4,2023
4125209,São Jorge d'Oeste,PR,88.28,2023
4200903,Angelina,SC,75.77,2023
4201406,Araranguá,SC,50.65,2023
4202107,Barra Velha,SC,48.2,2023
4205308,Faxinal dos Guedes,SC,52.68,2023
4207650,Iporã do Oeste,SC,88.69,2023
4208500,Ituporanga,SC,64.17,2023
4209003,Joaçaba,SC,86.96,2023
4210407,Maracajá,SC,58.51,2023
4212502,Penha,SC,65.2,2023
4214607,Rio do Oeste,SC,81.39,2023
4219176,Vargem Bonita,SC,64.24,2023
4300646,Ametista do Sul,RS,73.68,2023
4302402,Bom Retiro do Sul,RS,78.19,2023
4304705,Carazinho,RS,69.3,2023
4305173,Cerro Grande do Sul,RS,62.5,2023
4305975,Coxilha,RS,63.41,2023
4308607,Garibaldi,RS,77.86,2023
4308656,Garruchos,RS,54.93,2023
4309506,Guarani das Missões,RS,74.21,2023
4311106,Jaguari,RS,64.9,2023
4312377,Monte Alegre dos Campos,RS,63.26,2023
4313805,Palmitinho,RS,73.89,2023
4314027,Paraíso do Sul,RS,93.33,2023
4314498,Pinheirinho do Vale,RS,33.33,2023
4315073,Porto Vera Cruz,RS,63.16,2023
4315321,Quevedos,RS,80.0,2023
4316428,Sagrada Família,RS,78.81,2023
4317103,Sant'Ana do Livramento,RS,56.26,2023
4319125,São Martinho da Serra,RS,76.47,2023
4320503,Sertão,RS,83.33,2023
4323754,Vitória das Missões,RS,63.16,2023
5100805,Apiacás,MT,78.41,2023
5101803,Barra do Garças,MT,61.03,2023
5103502,Diamantino,MT,35.92,2023
5106265,Novo Mundo,MT,53.62,2023
5106752,Pontes e Lacerda,MT,65.94,2023
5106802,Porto dos Gaúchos,MT,42.85,2023
5107578,Rondolândia,MT,52.41,2023
5202353,Arenópolis,GO,91.53,2023
5209457,Guarinos,GO,52.38,2023
5215900,Palminópolis,GO,89.15,2023
5216452,Perolândia,GO,77.62,2023
5219605,Santa Tereza de Goiás,GO,96.21,2023
5221502,Turvânia,GO,72.58,2023
5221601,Uruaçu,GO,69.31,2023
1100098,Espigão D'Oeste,RO,69.18,2023
1101005,Governador Jorge Teixeira,RO,65.11,2023
1101302,Mirante da Serra,RO,59.21,2023
1300409,Barcelos,AM,48.61,2023
1301506,Envira,AM,72.93,2023
1302207,Juruá,AM,48.13,2023
1500347,Água Azul do Norte,PA,27.76,2023
1501402,Belém,PA,52.95,2023
1507151,São Domingos do Araguaia,PA,46.05,2023
1508126,Ulianópolis,PA,61.76,2023
1600501,Oiapoque,AP,26.09,2023
1600600,Santana,AP,47.55,2023
1600709,Tartarugalzinho,AP,32.06,2023
1703206,Bernardo Sayão,TO,52.8,2023
1720002,Santa Terezinha do Tocantins,TO,56.06,2023
1721307,Tupiratins,TO,25.0,2023
2109056,Porto Rico do Maranhão,MA,73.83,2023
2112233,Trizidela do Vale,MA,59.01,2023
2205953,Marcolândia,PI,98.87,2023
2207900,Pedro II,PI,25.09,2023
2209351,Santana do Piauí,PI,33.11,2023
2309300,Nova Russas,CE,96.69,2023
2411502,Santo Antônio,RN,67.52,2023
2412500,São Miguel,RN,39.84,2023
2414001,Tangará,RN,42.23,2023
2414001,Tangará,RN,42.7,2023
2501575,Barra de Santana,PB,28.04,2023
2506400,Gurinhém,PB,35.1,2023
2509008,Manaíra,PB,91.08,2023
2516508,Taperoá,PB,78.33,2023
2612901,São Benedito do Sul,PE,34.56,2023
2614600,Tabira,PE,72.93,2023
2616001,Venturosa,PE,53.25,2023
2703809,Joaquim Gomes,AL,30.41,2023
2802205,Feira Nova,SE,29.58,2023
2802908,Itabaiana,SE,26.63,2023
2803609,Laranjeiras,SE,16.28,2023
2804409,Neópolis,SE,21.18,2023
2904803,Caatiba,BA,48.46,2023
2907509,Catu,BA,43.47,2023
2911709,Guanambi,BA,48.58,2023
2912608,Ibiquera,BA,20.08,2023
2913606,Ilhéus,BA,31.9,2023
2919702,Macarani,BA,49.05,2023
2921104,Medeiros Neto,BA,51.46,2023
2925303,Porto Seguro,BA,46.72,2023
2926608,Ribeira do Pombal,BA,34.39,2023
2931202,Taperoá,BA,38.83,2023
3108255,Bonito de Minas,MG,66.95,2023
3108552,Brasilândia de Minas,MG,76.74,2023
3109451,Cabeceira Grande,MG,40.49,2023
3117801,Conceição dos Ouros,MG,61.94,2023
3121209,Delfinópolis,MG,79.23,2023
3129608,Ibiaí,MG,56.95,2023
3131604,Iraí de Minas,MG,38.41,2023
3136702,Juiz de Fora,MG,48.29,2023
3140209,Maripá de Minas,MG,65.47,2023
3143203,Monte Santo de Minas,MG,42.15,2023
3143500,Morada Nova de Minas,MG,86.32,2023
3150570,Pintópolis,MG,47.97,2023
3154002,Raul Soares,MG,63.6,2023
3156809,Sabinópolis,MG,57.62,2023
3157807,Santa Luzia,MG,51.5,2023
3165578,Senador Amaral,MG,41.47,2023
3167103,Serro,MG,65.83,2023
3167806,Soledade de Minas,MG,73.12,2023
3169406,Três Pontas,MG,61.16,2023
3169802,Turvolândia,MG,61.67,2023
3170057,Ubaporanga,MG,59.53,2023
3172004,Visconde do Rio Branco,MG,60.79,2023
3201209,Cachoeiro de Itapemirim,ES,52.62,2023
3202256,Governador Lindenberg,ES,65.64,2023
3204054,Pedro Canário,ES,69.28,2023
3205002,Serra,ES,60.42,2023
3303906,Petrópolis,RJ,62.52,2023
3501707,Américo Brasiliense,SP,66.43,2023
3507001,Boituva,SP,61.62,2023
3511102,Catanduva,SP,54.37,2023
3516705,Garça,SP,51.91,2023
3519907,Iepê,SP,51.77,2023
3522208,Itapecerica da Serra,SP,54.93,2023
3523800,Itobi,SP,59.79,2023
3539400,Piratininga,SP,48.91,2023
3539608,Planalto,SP,74.51,2023
3547007,Santa Maria da Serra,SP,50.35,2023
3549706,São José do Rio Pardo,SP,55.33,2023
3550001,São Luís do Paraitinga,SP,73.42,2023
4105508,Cianorte,PR,79.56,2023
4106803,Cruz Machado,PR,80.66,2023
4107405,Enéas Marques,PR,83.61,2023
4108502,General Carneiro,PR,79.05,2023
4110409,Indianópolis,PR,80.01,2023
4114302,Mandirituba,PR,79.38,2023
4117909,Palotina,PR,69.03,2023
4119004,Pérola d'Oeste,PR,88.85,2023
4204152,Celso Ramos,SC,77.35,2023
4204178,Cerro Negro,SC,28.93,2023
4204806,Curitibanos,SC,62.5,2023
4205803,Garuva,SC,54.71,2023
4206751,Ibiam,SC,65.6,2023
4207809,Irani,SC,73.89,2023
4209607,Lauro Muller,SC,68.84,2023
4209706,Lebon Régis,SC,42.9,2023
4211850,Ouro Verde,SC,44.56,2023
4213708,Pouso Redondo,SC,63.36,2023
4214508,Rio do Campo,SC,68.01,2023
4307104,Herval,RS,52.82,2023
4309571,Herveiras,RS,60.0,2023
4310504,Iraí,RS,67.21,2023
4311254,Lagoão,RS,84.62,2023
4311809,Marau,RS,66.61,2023
4312054,Marques de Souza,RS,75.87,2023
4312302,Miraguaí,RS,78.98,2023
4313300,Nova Prata,RS,78.78,2023
4314050,Parobé,RS,57.83,2023
4314308,Pejuçara,RS,74.31,2023
4315305,Quaraí,RS,65.88,2023
4317806,Santo Augusto,RS,74.4,2023
4319802,São Vicente do Sul,RS,77.33,2023
4320008,Sapucaia do Sul,RS,59.14,2023
4321501,Torres,RS,64.71,2023
4321600,Tramandaí,RS,59.13,2023
4323002,Viamão,RS,54.65,2023
5101605,Barão de Melgaço,MT,73.22,2023
5101605,Barão de Melgaço,MT,67.78,2023
5103361,Conquista D'Oeste,MT,40.85,2023
5103403,Cuiabá,MT,54.25,2023
5106190,Nova Santa Helena,MT,79.22,2023
5107750,Salto do Céu,MT,95.24,2023
5211800,Jaraguá,GO,82.9,2023
1100296,Santa Luzia D'Oeste,RO,76.11,2023
1300086,Anamã,AM,43.99,2023
1300805,Borba,AM,51.28,2023
1302405,Lábrea,AM,72.21,2023
1501576,Bom Jesus do Tocantins,PA,58.11,2023
1502954,Eldorado do Carajás,PA,52.88,2023
1506708,Santana do Araguaia,PA,54.53,2023
1600279,Laranjal do Jari,AP,39.29,2023
1709807,Ipueiras,TO,27.27,2023
1712454,Luzinópolis,TO,25.0,2023
2104503,Governador Archer,MA,88.98,2023
2107605,Palmeirândia,MA,42.07,2023
2111706,São Vicente Ferrer,MA,61.03,2023
2303105,Cariré,CE,99.57,2023
2308104,Mauriti,CE,84.73,2023
2312601,São Luís do Curu,CE,81.66,2023
2403509,Espírito Santo,RN,18.07,2023
2414506,Umarizal,RN,50.0,2023
2503803,Caldas Brandão,PB,54.92,2023
2504801,Coremas,PB,67.07,2023
2600203,Afrânio,PE,54.58,2023
2612505,Santa Cruz do Capibaribe,PE,52.81,2023
2613008,São Bento do Una,PE,55.89,2023
2703304,Inhapi,AL,14.29,2023
2803906,Malhador,SE,19.05,2023
2805802,Riachão do Dantas,SE,39.26,2023
2900355,Adustina,BA,44.68,2023
2903102,Barra do Rocha,BA,38.14,2023
2919108,Lamarão,BA,22.24,2023
2924207,Pedro Alexandre,BA,29.14,2023
2927804,Santa Cruz da Vitória,BA,45.13,2023
2929206,São Francisco do Conde,BA,30.02,2023
3100203,Abaeté,MG,53.48,2023
3102605,Andradas,MG,56.29,2023
3106101,Belmiro Braga,MG,33.6,2023
3110400,Camacho,MG,91.3,2023
3112802,Capitólio,MG,79.21,2023
3117009,Comercinho,MG,58.27,2023
3119955,Córrego Fundo,MG,69.55,2023
3121407,Desterro de Entre Rios,MG,80.91,2023
3123106,Dores de Guanhães,MG,42.55,2023
3123528,Durandé,MG,31.82,2023
3129657,Ibiracatu,MG,82.22,2023
3134202,Ituiutaba,MG,62.99,2023
3134509,Itutinga,MG,51.36,2023
3134608,Jaboticatubas,MG,69.36,2023
3136801,Juramento,MG,63.23,2023
3137601,Lagoa Santa,MG,62.69,2023
3139003,Machado,MG,86.59,2023
3140902,Matipó,MG,72.02,2023
3143104,Monte Carmelo,MG,73.43,2023
3148301,Paula Cândido,MG,58.26,2023
3148756,Pedra Bonita,MG,61.37,2023
3154101,Recreio,MG,50.0,2023
3156007,Rio Vermelho,MG,43.86,2023
3159506,Santa Rita do Itueto,MG,83.38,2023
3159803,Santa Vitória,MG,69.77,2023
3169703,Turmalina,MG,53.94,2023
3170008,Ubaí,MG,70.25,2023
3170107,Uberaba,MG,45.77,2023
3201001,Boa Esperança,ES,76.37,2023
3201902,Domingos Martins,ES,80.64,2023
3302205,Itaperuna,RJ,68.63,2023
3507407,Borborema,SP,93.18,2023
3509700,Campos do Jordão,SP,51.23,2023
3510005,Cândido Mota,SP,72.74,2023
3513850,Dirce Reis,SP,46.67,2023
3522703,Itápolis,SP,68.72,2023
3530201,Mirante do Paranapanema,SP,69.84,2023
3530508,Mococa,SP,52.99,2023
3538907,Pirajuí,SP,53.49,2023
4100400,Almirante Tamandaré,PR,52.44,2023
4103503,Califórnia,PR,81.85,2023
4103602,Cambará,PR,62.53,2023
4104055,Campo Bonito,PR,72.87,2023
4104659,Carambeí,PR,75.09,2023
4107702,Fênix,PR,65.16,2023
4108304,Foz do Iguaçu,PR,73.01,2023
4115002,Marilena,PR,84.46,2023
4119400,Piraí do Sul,PR,72.99,2023
4121406,Realeza,PR,88.32,2023
4122800,Salgado Filho,PR,89.42,2023
4128500,Wenceslau Braz,PR,81.05,2023
4200705,Alfredo Wagner,SC,42.9,2023
4203105,Caibi,SC,75.47,2023
4205431,Formosa do Sul,SC,65.4,2023
4215653,Santa Rosa do Sul,SC,66.67,2023
4217006,São Ludgero,SC,65.73,2023
4218301,Três Barras,SC,51.14,2023
4218707,Tubarão,SC,70.32,2023
4300109,Agudo,RS,100.0,2023
4300406,Alegrete,RS,53.93,2023
4302659,Brochier,RS,61.74,2023
4303004,Cachoeira do Sul,RS,60.46,2023
4305447,Chuvisca,RS,75.9,2023
4305871,Coronel Barros,RS,84.76,2023
4306106,Cruz Alta,RS,57.42,2023
4306932,Entre-Ijuís,RS,55.58,2023
4307005,Erechim,RS,66.14,2023
4308904,Getúlio Vargas,RS,80.09,2023
4310207,Ijuí,RS,72.06,2023
4311304,Lagoa Vermelha,RS,66.11,2023
4311809,Marau,RS,70.96,2023
4312674,Nicolau Vergueiro,RS,73.12,2023
4313508,Osório,RS,63.66,2023
4313607,Paim Filho,RS,78.96,2023
4315552,Rio dos Índios,RS,88.89,2023
4317806,Santo Augusto,RS,70.78,2023
4317806,Santo Augusto,RS,77.71,2023
4318804,São Lourenço do Sul,RS,79.09,2023
4319109,São Martinho,RS,83.57,2023
5003454,Deodápolis,MS,97.01,2023
5103502,Diamantino,MT,52.11,2023
5105903,Nobres,MT,56.94,2023
5203401,Bom Jardim de Goiás,GO,79.14,2023
5208103,Formoso,GO,70.81,2023
5216403,Paraúna,GO,61.83,2023
5219456,Santa Rita do Novo Destino,GO,87.69,2023
1100056,Cerejeiras,RO,58.53,2023
1100114,Jaru,RO,62.75,2023
1301902,Itacoatiara,AM,53.45,2023
1303809,São Gabriel da Cachoeira,AM,46.7,2023
1500404,Alenquer,PA,36.41,2023
1703883,Carmolândia,TO,25.12,2023
2205516,Juazeiro do Piauí,PI,68.69,2023
2208874,Ribeira do Piauí,PI,57.75,2023
2210979,Tanque do Piauí,PI,58.33,2023
2307254,Jijoca de Jericoacoara,CE,99.76,2023
2401909,Caiçara do Rio do Vento,RN,86.96,2023
2402303,Caraúbas,RN,28.1,2023
2403905,Francisco Dantas,RN,45.0,2023
2404309,Governador Dix-Sept Rosado,RN,57.85,2023
2404606,Ielmo Marinho,RN,43.61,2023
2407906,Monte das Gameleiras,RN,33.36,2023
2408953,Rio do Fogo,RN,14.85,2023
2501534,Baraúna,PB,59.36,2023
2504009,Campina Grande,PB,42.4,2023
2505279,Curral de Cima,PB,57.14,2023
2510105,Nova Floresta,PB,66.12,2023
2510303,Nova Palmeira,PB,59.43,2023
2517001,Umbuzeiro,PB,38.29,2023
2604700,Correntes,PE,51.81,2023
2605806,Frei Miguelinho,PE,68.03,2023
2608750,Lagoa Grande,PE,54.74,2023
2609600,Olinda,PE,59.57,2023
2613701,São Lourenço da Mata,PE,44.07,2023
2616183,Vertente do Lério,PE,83.71,2023
2802304,Frei Paulo,SE,25.6,2023
2802700,Ilha das Flores,SE,27.78,2023
2807402,Tobias Barreto,SE,52.0,2023
2906303,Canavieiras,BA,28.98,2023
2918605,Jussiape,BA,32.1,2023
2922607,Nilo Peçanha,BA,36.06,2023
2925907,Quijingue,BA,38.46,2023
2933109,Várzea do Poço,BA,44.82,2023
3101631,Alfredo Vasconcelos,MG,72.01,2023
3102902,Antônio Carlos,MG,78.03,2023
3105004,Baldim,MG,74.25,2023
3107802,Bom Jesus do Galho,MG,66.11,2023
3112802,Capitólio,MG,73.32,2023
3114303,Carmo do Paranaíba,MG,70.91,2023
3116308,Cipotânea,MG,79.32,2023
3121605,Diamantina,MG,59.25,2023
3124104,Esmeraldas,MG,51.06,2023
3124104,Esmeraldas,MG,51.86,2023
3132107,Itacarambi,MG,43.57,2023
3132701,Itambacuri,MG,53.64,2023
3133105,Itanhandu,MG,8.81,2023
3134905,Jacutinga,MG,62.51,2023
3135902,Jesuânia,MG,62.05,2023
3139300,Manga,MG,37.08,2023
3142908,Monte Azul,MG,80.0,2023
3144003,Mutum,MG,61.47,2023
3145604,Oliveira,MG,67.19,2023
3146305,Padre Paraíso,MG,45.96,2023
3146750,Palmópolis,MG,48.58,2023
3148756,Pedra Bonita,MG,28.15,2023
3150406,Piedade dos Gerais,MG,71.95,2023
3151800,Poços de Caldas,MG,58.1,2023
3152204,Porteirinha,MG,63.54,2023
3155900,Rio Preto,MG,71.16,2023
3156205,Rochedo de Minas,MG,56.55,2023
3160702,Santos Dumont,MG,57.32,2023
3160959,São Domingos das Dores,MG,90.7,2023
3166709,Serra dos Aimorés,MG,72.98,2023
3200409,Anchieta,ES,81.82,2023
3202108,Ecoporanga,ES,59.03,2023
3306156,Varre-Sai,RJ,92.37,2023
3501152,Alumínio,SP,48.56,2023
3502903,Araçoiaba da Serra,SP,49.39,2023
3507159,Bom Sucesso de Itararé,SP,56.32,2023
3515186,Espírito Santo do Pinhal,SP,63.86,2023
3518602,Guariba,SP,69.71,2023
3526209,Juquitiba,SP,69.27,2023
3527603,Luís Antônio,SP,41.53,2023
3533106,Nova Guataporanga,SP,66.67,2023
3536802,Pedra Bela,SP,71.65,2023
3538709,Piracicaba,SP,76.39,2023
3543006,Ribeirão Branco,SP,53.11,2023
3543204,Ribeirão do Sul,SP,74.14,2023
3547403,Santa Rita d'Oeste,SP,60.37,2023
3548401,Santópolis do Aguapeí,SP,73.87,2023
3549409,São Joaquim da Barra,SP,56.13,2023
3550308,São Paulo,SP,37.87,2023
3553302,Tambaú,SP,47.74,2023
4110201,Inácio Martins,PR,73.43,2023
4124103,Santo Antônio da Platina,PR,60.4,2023
4128708,Vitorino,PR,71.38,2023
4201406,Araranguá,SC,58.93,2023
4202453,Bombinhas,SC,60.82,2023
4209904,Lontras,SC,58.64,2023
4212239,Paraíso,SC,85.76,2023
4213708,Pouso Redondo,SC,66.5,2023
4302709,Butiá,RS,78.76,2023
4303004,Cachoeira do Sul,RS,57.47,2023
4304200,Candelária,RS,74.28,2023
4305173,Cerro Grande do Sul,RS,57.48,2023
4305371,Charrua,RS,56.67,2023
4306767,Eldorado do Sul,RS,82.35,2023
4310330,Imbé,RS,66.08,2023
4311643,Linha Nova,RS,100.0,2023
4311775,Maquiné,RS,45.71,2023
4312401,Montenegro,RS,65.93,2023
4312658,Não-Me-Toque,RS,66.12,2023
4312757,Nova Alvorada,RS,93.53,2023
4317608,Santo Antônio da Patrulha,RS,77.32,2023
4318200,São Francisco de Paula,RS,66.9,2023
4318309,São Gabriel,RS,61.13,2023
4319208,São Nicolau,RS,65.79,2023
4319604,São Sepé,RS,61.67,2023
4319703,São Valentim,RS,91.76,2023
4320206,Seberi,RS,83.74,2023
4320909,Tapejara,RS,94.74,2023
5002605,Camapuã,MS,31.56,2023
5003702,Dourados,MS,40.66,2023
5100508,Alto Paraguai,MT,70.64,2023
5101605,Barão de Melgaço,MT,60.04,2023
5103452,Denise,MT,64.87,2023
5104609,Itiquira,MT,42.56,2023
5107792,Santo Antônio do Leste,MT,90.91,2023
5107800,Santo Antônio do Leverger,MT,41.18,2023
5204557,Caldazinha,GO,72.02,2023
5218003,Porangatu,GO,51.66,2023
5219704,Santa Terezinha de Goiás,GO,84.75,2023
5219902,São Francisco de Goiás,GO,58.94,2023
1300607,Benjamin Constant,AM,42.52,2023
1301001,Carauari,AM,74.34,2023
1301407,Eirunepé,AM,29.61,2023
1500206,Acará,PA,39.02,2023
1501501,Benevides,PA,69.43,2023
1503804,Jacundá,PA,40.47,2023
1506609,Santa Maria do Pará,PA,39.55,2023
1507201,São Domingos do Capim,PA,32.54,2023
1711803,Juarina,TO,35.36,2023
1715754,Palmeirópolis,TO,47.77,2023
1718709,Rio dos Bois,TO,17.52,2023
1720903,Taguatinga,TO,38.31,2023
2101202,Bacabal,MA,45.66,2023
2102903,Carutapera,MA,55.58,2023
2103802,Dom Pedro,MA,40.39,2023
2108801,Pirapemas,MA,83.02,2023
2111631,São Raimundo do Doca Bezerra,MA,56.29,2023
2201903,Bom Jesus,PI,99.08,2023
2203354,Dirceu Arcoverde,PI,33.24,2023
2206670,Morro do Chapéu do Piauí,PI,28.84,2023
2206902,Novo Oriente do Piauí,PI,69.0,2023
2304251,Cruz,CE,99.53,2023
2402808,Coronel Ezequiel,RN,40.66,2023
2405405,Japi,RN,20.0,2023
2413003,São Vicente,RN,52.0,2023
2414605,Upanema,RN,37.93,2023
2503100,Cabaceiras,PB,60.85,2023
2503704,Cajazeiras,PB,76.36,2023
2504009,Campina Grande,PB,49.72,2023
2514453,São José dos Ramos,PB,58.86,2023
2517209,Vieirópolis,PB,28.19,2023
2604809,Cortês,PE,61.81,2023
2609709,Orobó,PE,61.24,2023
2610707,Paulista,PE,51.23,2023
2611606,Recife,PE,62.54,2023
2702009,Coité do Nóia,AL,74.97,2023
2703809,Joaquim Gomes,AL,33.47,2023
2708204,São Brás,AL,67.19,2023
2803906,Malhador,SE,34.29,2023
2905800,Camamu,BA,25.96,2023
2910503,Entre Rios,BA,19.58,2023
2910701,Euclides da Cunha,BA,45.8,2023
2914653,Itabela,BA,31.1,2023
2922508,Nazaré,BA,25.98,2023
2927408,Salvador,BA,39.16,2023
2931004,Tanhaçu,BA,58.73,2023
3107406,Bom Despacho,MG,42.86,2023
3111200,Campo Belo,MG,69.49,2023
3111705,Canaã,MG,57.75,2023
3122801,Dom Viçoso,MG,94.28,2023
3127206,Funilândia,MG,76.92,2023
3128006,Guanhães,MG,58.73,2023
3128303,Guaranésia,MG,56.09,2023
3134301,Itumirim,MG,59.21,2023
3136900,Juruaia,MG,78.5,2023
3138203,Lavras,MG,58.0,2023
3140506,Martinho Campos,MG,66.89,2023
3155504,Rio Paranaíba,MG,78.7,2023
3157005,Salinas,MG,73.01,2023
3159803,Santa Vitória,MG,67.14,2023
3161007,São Domingos do Prata,MG,69.05,2023
3166907,Serrania,MG,63.81,2023
3203700,Muniz Freire,ES,86.15,2023
3205069,Venda Nova do Imigrante,ES,84.42,2023
3506003,Bauru,SP,49.38,2023
3506409,Bilac,SP,59.99,2023
3506805,Bocaina,SP,32.75,2023
3508801,Cafelândia,SP,61.19,2023
3509304,Cajobi,SP,61.22,2023
3516408,Franco da Rocha,SP,50.89,2023
3517208,Guaiçara,SP,50.64,2023
3532603,Nhandeara,SP,66.5,2023
3533254,Novais,SP,68.58,2023
3535705,Paraíso,SP,76.84,2023
3556305,Valparaíso,SP,64.42,2023
4108700,Grandes Rios,PR,65.01,2023
4119608,Pitanga,PR,72.99,2023
4202305,Biguaçu,SC,46.72,2023
4204301,Concórdia,SC,76.4,2023
4209003,Joaçaba,SC,61.3,2023
4210555,Marema,SC,88.23,2023
4217006,São Ludgero,SC,65.85,2023
4218707,Tubarão,SC,62.41,2023
4218806,Turvo,SC,74.15,2023
4219176,Vargem Bonita,SC,63.64,2023
4219507,Xanxerê,SC,67.57,2023
4301552,Áurea,RS,85.86,2023
4302600,Braga,RS,40.0,2023
4303608,Cambará do Sul,RS,77.85,2023
4303905,Campo Bom,RS,77.45,2023
4304002,Campo Novo,RS,62.91,2023
4304507,Canguçu,RS,92.59,2023
4307864,Fagundes Varela,RS,92.86,2023
4308102,Feliz,RS,72.78,2023
4309803,Ibiaçá,RS,76.09,2023
4311304,Lagoa Vermelha,RS,68.85,2023
4312757,Nova Alvorada,RS,100.0,2023
4313201,Nova Petrópolis,RS,88.18,2023
4313441,Novo Tiradentes,RS,80.82,2023
4314159,Paverama,RS,69.48,2023
4314779,Pontão,RS,77.53,2023
4315701,Rio Pardo,RS,66.31,2023
4317202,Santa Rosa,RS,72.42,2023
4318051,São Domingos do Sul,RS,85.71,2023
4318200,São Francisco de Paula,RS,56.8,2023
4321667,Três Cachoeiras,RS,84.02,2023
4322608,Venâncio Aires,RS,76.1,2023
5104807,Jaciara,MT,44.52,2023
5104906,Jangada,MT,59.21,2023
5106505,Poconé,MT,33.97,2023
5106802,Porto dos Gaúchos,MT,65.8,2023
5106851,Porto Estrela,MT,89.12,2023
5107263,Santo Afonso,MT,52.08,2023
5200902,Amorinópolis,GO,70.75,2023
5216304,Paranaiguara,GO,85.71,2023
5218391,Professor Jamil,GO,81.62,2023
1100049,Cacoal,RO,63.37,2023
1300086,Anamã,AM,83.33,2023
1301159,Careiro da Várzea,AM,32.69,2023
1301803,Ipixuna,AM,45.79,2023
1301902,Itacoatiara,AM,82.64,2023
1720309,São Sebastião do Tocantins,TO,26.56,2023
1720937,Taipas do Tocantins,TO,55.85,2023
2110708,São Domingos do Maranhão,MA,41.82,2023
2202000,Buriti dos Lopes,PI,41.5,2023
2203008,Cristalândia do Piauí,PI,79.93,2023
2400901,Antônio Martins,RN,40.99,2023
2403756,Fernando Pedroza,RN,32.84,2023
2408201,Nísia Floresta,RN,32.17,2023
2410801,Riacho de Santana,RN,47.5,2023
2411205,Santa Cruz,RN,21.35,2023
2414308,Timbaúba dos Batistas,RN,20.83,2023
2504900,Cruz do Espírito Santo,PB,54.48,2023
2509503,Montadas,PB,65.88,2023
2510709,Passagem,PB,79.52,2023
2514701,São José do Sabugi,PB,51.51,2023
2612471,Santa Cruz da Baixa Verde,PE,75.38,2023
2903706,Boa Nova,BA,44.22,2023
2904704,Buerarema,BA,24.27,2023
2905404,Cairu,BA,36.91,2023
2905909,Campo Alegre de Lourdes,BA,36.68,2023
2907608,Central,BA,30.85,2023
2915403,Itaju do Colônia,BA,20.17,2023
2918407,Juazeiro,BA,31.18,2023
2926400,Riacho de Santana,BA,42.15,2023
3100302,Abre Campo,MG,85.71,2023
3103405,Araçuaí,MG,44.27,2023
3104452,Aricanduva,MG,56.47,2023
3104809,Augusto de Lima,MG,48.19,2023
3112901,Caputira,MG,59.39,2023
3113305,Carangola,MG,41.48,2023
3114808,Carvalhos,MG,80.29,2023
3118403,Conselheiro Pena,MG,66.9,2023
3124302,Espinosa,MG,77.62,2023
3124807,Estrela do Sul,MG,100.0,2023
3130002,Ibituruna,MG,60.59,2023
3130655,Indaiabira,MG,56.13,2023
3132503,Itamarandiba,MG,87.5,2023
3133808,Itaúna,MG,69.8,2023
3137601,Lagoa Santa,MG,61.7,2023
3139409,Manhuaçu,MG,48.41,2023
3141405,Medina,MG,71.99,2023
3141504,Mendes Pimentel,MG,79.65,2023
3143302,Montes Claros,MG,61.58,2023
3146404,Paineiras,MG,78.95,2023
3147402,Paraopeba,MG,32.7,2023
3149309,Pedro Leopoldo,MG,57.89,2023
3151305,Piraúba,MG,61.11,2023
3153608,Prudente de Morais,MG,51.09,2023
3154606,Ribeirão das Neves,MG,54.69,2023
3162104,São Gotardo,MG,65.64,2023
3162500,São João del Rei,MG,66.8,2023
3164506,São Sebastião do Maranhão,MG,66.24,2023
3169901,Ubá,MG,64.51,2023
3172004,Visconde do Rio Branco,MG,59.69,2023
3200102,Afonso Cláudio,ES,89.8,2023
3200169,Água Doce do Norte,ES,77.35,2023
3300704,Cabo Frio,RJ,54.58,2023
3300951,Comendador Levy Gasparian,RJ,51.64,2023
3301306,Casimiro de Abreu,RJ,54.93,2023
3303401,Nova Friburgo,RJ,65.29,2023
3304003,Piraí,RJ,58.8,2023
3305133,São José de Ubá,RJ,75.12,2023
3510005,Cândido Mota,SP,62.17,2023
3512803,Cosmópolis,SP,52.95,2023
3519105,Iacanga,SP,100.0,2023
3519253,Iaras,SP,42.55,2023
3526001,Junqueirópolis,SP,76.94,2023
3528908,Mariápolis,SP,53.02,2023
3538600,Piracaia,SP,58.49,2023
3538709,Piracicaba,SP,54.74,2023
3542701,Restinga,SP,70.28,2023
3543303,Ribeirão Pires,SP,64.35,2023
3549706,São José do Rio Pardo,SP,47.71,2023
3555901,Uru,SP,81.48,2023
4105409,Chopinzinho,PR,80.73,2023
4111506,Ivaiporã,PR,66.58,2023
4122651,Rosário do Ivaí,PR,69.4,2023
4126108,São Tomé,PR,88.97,2023
4128807,Xambrê,PR,73.84,2023
4200101,Abelardo Luz,SC,62.66,2023
4200903,Angelina,SC,65.38,2023
4205175,Entre Rios,SC,60.0,2023
4210506,Maravilha,SC,84.42,2023
4213609,Porto União,SC,70.51,2023
4215000,Rio Negrinho,SC,74.4,2023
4216206,São Francisco do Sul,SC,49.16,2023
4217808,Taió,SC,72.79,2023
4218509,Treze Tílias,SC,74.33,2023
4218954,Urupema,SC,80.15,2023
4305009,Catuípe,RS,81.74,2023
4305355,Charqueadas,RS,64.97,2023
4305454,Cidreira,RS,66.58,2023
4313060,Nova Hartz,RS,73.14,2023
4314159,Paverama,RS,63.58,2023
4314704,Planalto,RS,74.89,2023
4315602,Rio Grande,RS,53.81,2023
4316006,Rolante,RS,97.14,2023
4317202,Santa Rosa,RS,70.13,2023
4319752,São Vendelino,RS,88.89,2023
4319901,Sapiranga,RS,72.77,2023
4320008,Sapucaia do Sul,RS,62.15,2023
4320404,Serafina Corrêa,RS,83.22,2023
4320453,Sério,RS,85.41,2023
4321204,Taquara,RS,63.93,2023
4321303,Taquari,RS,61.7,2023
4321956,Trindade do Sul,RS,85.0,2023
4322202,Tupanciretã,RS,68.26,2023
4322509,Vacaria,RS,78.69,2023
5004502,Itaporã,MS,68.46,2023
5007802,Selvíria,MS,26.67,2023
5102678,Campo Verde,MT,56.21,2023
5102702,Canarana,MT,32.45,2023
5103353,Confresa,MT,35.6,2023
5104104,Guarantã do Norte,MT,95.0,2023
5104104,Guarantã do Norte,MT,60.81,2023
5104203,Guiratinga,MT,86.43,2023
5107008,Poxoréo,MT,47.11,2023
5204300,Caçu,GO,73.23,2023
5208400,Goianápolis,GO,74.4,2023
5214051,Mundo Novo,GO,96.18,2023
5218508,Quirinópolis,GO,66.97,2023
1300029,Alvarães,AM,46.27,2023
1302009,Itapiranga,AM,33.25,2023
1302900,Maués,AM,58.04,2023
1303908,São Paulo de Olivença,AM,37.58,2023
1503200,Igarapé-Açu,PA,37.45,2023
1506112,Quatipuru,PA,48.89,2023
1506559,Santa Luzia do Pará,PA,56.45,2023
1507201,São Domingos do Capim,PA,30.82,2023
1710706,Itaguatins,TO,32.53,2023
1714880,Nova Olinda,TO,25.45,2023
1716307,Pau D'Arco,TO,6.51,2023
1716505,Pedro Afonso,TO,53.06,2023
1718402,Presidente Kennedy,TO,69.46,2023
2104206,Fortuna,MA,40.4,2023
2104552,Governador Edison Lobão,MA,80.4,2023
2105450,Jatobá,MA,72.81,2023
2108058,Paulino Neves,MA,64.86,2023
2203107,Cristino Castro,PI,50.63,2023
2204501,Guadalupe,PI,48.9,2023
2209005,Rio Grande do Piauí,PI,48.59,2023
2300705,Alto Santo,CE,99.61,2023
2302602,Camocim,CE,94.5,2023
2303501,Cascavel,CE,87.56,2023
2310308,Parambu,CE,83.15,2023
2311264,Quiterianópolis,CE,97.37,2023
2404853,Itajá,RN,56.95,2023
2409100,Passa e Fica,RN,19.72,2023
2502409,Bonito de Santa Fé,PB,40.87,2023
2510659,Parari,PB,63.64,2023
2511608,Pilões,PB,41.76,2023
2516706,Teixeira,PB,72.85,2023
2516904,Uiraúna,PB,98.05,2023
2603603,Camutanga,PE,56.1,2023
2606804,Igarassu,PE,62.61,2023
2612703,Santa Maria do Cambucá,PE,83.17,2023
2700508,Barra de Santo Antônio,AL,30.57,2023
2900504,Érico Cardoso,BA,68.05,2023
2902252,Arataca,BA,16.86,2023
2907905,Cipó,BA,27.9,2023
2911857,Heliópolis,BA,31.4,2023
2913705,Inhambupe,BA,29.49,2023
2920809,Marcionílio Souza,BA,21.15,2023
2922706,Nova Canaã,BA,29.48,2023
3117405,Conceição de Ipanema,MG,90.0,2023
3120904,Curvelo,MG,65.34,2023
3129657,Ibiracatu,MG,64.3,2023
3130903,Inhapim,MG,68.56,2023
3133907,Itaverava,MG,100.0,2023
3134004,Itinga,MG,29.19,2023
3139201,Malacacheta,MG,68.29,2023
3139805,Mar de Espanha,MG,54.82,2023
3142700,Montalvânia,MG,48.49,2023
3142908,Monte Azul,MG,86.2,2023
3147105,Pará de Minas,MG,61.39,2023
3148509,Pavão,MG,86.92,2023
3150570,Pintópolis,MG,32.73,2023
3151206,Pirapora,MG,51.29,2023
3155801,Rio Pomba,MG,65.31,2023
3157252,Santa Bárbara do Leste,MG,61.75,2023
3157658,Santa Helena de Minas,MG,72.53,2023
3161106,São Francisco,MG,45.74,2023
3161700,São Gonçalo do Abaeté,MG,100.0,2023
3168002,Taiobeiras,MG,20.0,2023
3200607,Aracruz,ES,70.92,2023
3502507,Aparecida,SP,43.48,2023
3505005,Barão de Antonina,SP,65.56,2023
3509601,Campo Limpo Paulista,SP,49.85,2023
3515004,Embu das Artes,SP,32.6,2023
3519402,Ibirá,SP,71.16,2023
3519600,Ibitinga,SP,49.72,2023
3522604,Itapira,SP,40.48,2023
3529203,Martinópolis,SP,53.03,2023
3546405,Santa Cruz do Rio Pardo,SP,52.74,2023
3547106,Santa Mercedes,SP,95.59,2023
3553856,Taquarivaí,SP,62.06,2023
3555505,Ubirajara,SP,48.79,2023
4108650,Goioxim,PR,92.63,2023
4110656,Iracema do Oeste,PR,92.86,2023
4116505,Nova Aliança do Ivaí,PR,38.1,2023
4117297,Novo Itacolomi,PR,87.42,2023
4118857,Perobal,PR,57.6,2023
4201273,Arabutã,SC,79.39,2023
4202503,Bom Jardim da Serra,SC,40.62,2023
4202602,Bom Retiro,SC,38.12,2023
4207502,Indaial,SC,55.2,2023
4211256,Morro Grande,SC,62.17,2023
4219408,Witmarsum,SC,79.96,2023
4301909,Barra do Ribeiro,RS,66.43,2023
4303103,Cachoeirinha,RS,64.93,2023
4305587,Colinas,RS,86.88,2023
4305603,Colorado,RS,83.33,2023
4307500,Espumoso,RS,64.73,2023
4308656,Garruchos,RS,40.0,2023
4309001,Giruá,RS,80.58,2023
4313490,Novo Barreiro,RS,62.07,2023
4315131,Pouso Novo,RS,92.31,2023
4315156,Progresso,RS,78.89,2023
4316105,Ronda Alta,RS,75.29,2023
4316451,Salto do Jacuí,RS,86.64,2023
4317103,Sant'Ana do Livramento,RS,59.54,2023
4320107,Sarandi,RS,72.22,2023
4321329,Taquaruçu do Sul,RS,83.35,2023
4323457,Vila Nova do Sul,RS,53.56,2023
5105507,Vila Bela da Santíssima Trindade,MT,57.96,2023
5203939,Buriti de Goiás,GO,95.35,2023
5213509,Monte Alegre de Goiás,GO,75.44,2023
5215702,Palmeiras de Goiás,GO,67.97,2023
1300680,Boa Vista do Ramos,AM,26.16,2023
1300706,Boca do Acre,AM,55.02,2023
1304203,Tefé,AM,60.83,2023
1503077,Garrafão do Norte,PA,37.96,2023
1503408,Inhangapi,PA,21.83,2023
1506906,Santarém Novo,PA,52.16,2023
1702307,Arapoema,TO,37.31,2023
1709500,Gurupi,TO,44.44,2023
1720101,São Bento do Tocantins,TO,43.97,2023
2100550,Amapá do Maranhão,MA,22.97,2023
2108405,Peri Mirim,MA,35.34,2023
2200608,Angical do Piauí,PI,61.5,2023
2201919,Bom Princípio do Piauí,PI,87.91,2023
2202604,Castelo do Piauí,PI,75.09,2023
2208007,Picos,PI,52.95,2023
2301000,Aquiraz,CE,87.89,2023
2312502,São João do Jaguaribe,CE,79.82,2023
2402204,Canguaretama,RN,37.7,2023
2405009,Jaçanã,RN,47.01,2023
2405108,Jandaíra,RN,32.22,2023
2406403,Lagoa de Velhos,RN,41.67,2023
2406700,Lajes,RN,26.57,2023
2413409,Serra Negra do Norte,RN,25.83,2023
2508505,Livramento,PB,43.81,2023
2509602,Monte Horebe,PB,84.33,2023
2510402,Olho d'Água,PB,64.17,2023
2516904,Uiraúna,PB,33.33,2023
2601706,Belo Jardim,PE,49.69,2023
2603926,Carnaubeira da Penha,PE,84.31,2023
2606408,Gravatá,PE,42.26,2023
2615201,Terra Nova,PE,62.03,2023
2615508,Tracunhaém,PE,59.32,2023
2924306,Piatã,BA,42.2,2023
2925501,Prado,BA,68.75,2023
2927507,Santa Bárbara,BA,21.01,2023
3108255,Bonito de Minas,MG,64.3,2023
3130556,Imbé de Minas,MG,65.59,2023
3131802,Itabirinha,MG,68.23,2023
3134103,Itueta,MG,55.54,2023
3134301,Itumirim,MG,64.29,2023
3134905,Jacutinga,MG,69.2,2023
3146255,Padre Carvalho,MG,100.0,2023
3147105,Pará de Minas,MG,71.63,2023
3153608,Prudente de Morais,MG,47.63,2023
3158102,Santa Maria do Salto,MG,57.42,2023
3158201,Santa Maria do Suaçuí,MG,84.43,2023
3158409,Santana de Cataguases,MG,85.23,2023
3162450,São João das Missões,MG,40.91,2023
3167301,Silveirânia,MG,91.67,2023
3171907,Virgolândia,MG,87.28,2023
3507506,Botucatu,SP,59.1,2023
3517000,Getulina,SP,49.54,2023
3517901,Guaraci,SP,73.82,2023
3519071,Hortolândia,SP,58.0,2023
3522307,Itapetininga,SP,44.24,2023
3528601,Manduri,SP,62.2,2023
3529609,Meridiano,SP,67.27,2023
3532157,Nantes,SP,59.26,2023
3532504,Neves Paulista,SP,90.57,2023
3539004,Pirangi,SP,83.68,2023
3539103,Pirapora do Bom Jesus,SP,43.48,2023
3540259,Pontalinda,SP,44.63,2023
3543600,Rifaina,SP,55.6,2023
3548005,Santo Antônio de Posse,SP,54.29,2023
3554755,Trabiju,SP,100.0,2023
3555406,Ubatuba,SP,41.31,2023
4100301,Agudos do Sul,PR,75.84,2023
4100608,Alto Paraná,PR,65.0,2023
4105904,Colorado,PR,84.01,2023
4120903,Quedas do Iguaçu,PR,43.22,2023
4202875,Brunópolis,SC,66.67,2023
4203402,Campo Belo do Sul,SC,41.77,2023
4204558,Correia Pinto,SC,60.3,2023
4204707,Cunha Porã,SC,76.72,2023
4205902,Gaspar,SC,64.47,2023
4207106,Ilhota,SC,52.0,2023
4207700,Ipumirim,SC,53.96,2023
4207759,Iraceminha,SC,78.28,2023
4208401,Itapiranga,SC,76.43,2023
4209409,Laguna,SC,33.26,2023
4216503,São Joaquim,SC,53.67,2023
4216701,São José do Cedro,SC,76.38,2023
4302303,Bom Jesus,RS,72.59,2023
4302402,Bom Retiro do Sul,RS,79.94,2023
4304200,Candelária,RS,75.15,2023
4306056,Cristal,RS,66.3,2023
4306056,Cristal,RS,61.01,2023
4306403,Dois Irmãos,RS,79.87,2023
4306809,Encantado,RS,83.92,2023
4310009,Ibirubá,RS,59.96,2023
4310462,Ipiranga do Sul,RS,82.35,2023
4313706,Palmeira das Missões,RS,48.72,2023
4314027,Paraíso do Sul,RS,82.26,2023
4314423,Picada Café,RS,85.93,2023
4317905,Santo Cristo,RS,76.02,2023
4319000,São Marcos,RS,82.76,2023
4320305,Selbach,RS,83.57,2023
4321105,Tapes,RS,62.92,2023
4321907,Três Passos,RS,82.1,2023
5100805,Apiacás,MT,48.69,2023
5105234,Lambari D'Oeste,MT,41.08,2023
5107578,Rondolândia,MT,65.48,2023
5203575,Bonópolis,GO,48.9,2023
5203609,Brazabrantes,GO,48.93,2023
5212105,Joviânia,GO,57.9,2023
1100205,Porto Velho,RO,64.47,2023
1300631,Beruri,AM,91.72,2023
1301100,Careiro,AM,29.22,2023
1301506,Envira,AM,56.52,2023
1500800,Ananindeua,PA,58.15,2023
1600535,Porto Grande,AP,65.21,2023
2102507,Cajari,MA,53.27,2023
2107456,Olinda Nova do Maranhão,MA,80.81,2023
2107506,Paço do Lumiar,MA,50.71,2023
2109700,Sambaíba,MA,85.92,2023
2203701,Esperantina,PI,56.99,2023
2205540,Lagoinha do Piauí,PI,81.92,2023
2207793,Pau D'Arco do Piauí,PI,100.0,2023
2210409,São Miguel do Tapuio,PI,29.86,2023
2401909,Caiçara do Rio do Vento,RN,38.04,2023
2410009,Pilões,RN,51.45,2023
2413904,Taipu,RN,35.92,2023
2414407,Touros,RN,24.96,2023
2508109,Lagoa,PB,25.0,2023
2803401,Japoatã,SE,26.06,2023
2906873,Capim Grosso,BA,26.2,2023
2912004,Ibiassucê,BA,65.01,2023
2913606,Ilhéus,BA,7.69,2023
2918001,Jequié,BA,37.87,2023
2923035,Novo Horizonte,BA,60.58,2023
2928059,Santa Luzia,BA,33.46,2023
2931400,Teodoro Sampaio,BA,41.03,2023
3102100,Alto Rio Doce,MG,97.15,2023
3102902,Antônio Carlos,MG,72.16,2023
3104502,Arinos,MG,45.28,2023
3106200,Belo Horizonte,MG,65.95,2023
3108305,Borda da Mata,MG,85.93,2023
3115607,Cedro do Abaeté,MG,76.47,2023
3117207,Conceição das Pedras,MG,57.92,2023
3121001,Datas,MG,80.04,2023
3121803,Dionísio,MG,93.33,2023
3127206,Funilândia,MG,56.66,2023
3139300,Manga,MG,57.54,2023
3140902,Matipó,MG,63.44,2023
3145307,Novo Cruzeiro,MG,71.1,2023
3147600,Passa Quatro,MG,85.98,2023
3155108,Rio do Prado,MG,52.94,2023
3157658,Santa Helena de Minas,MG,59.32,2023
3159357,Santa Rita de Minas,MG,61.31,2023
3161700,São Gonçalo do Abaeté,MG,89.0,2023
3165008,São Tiago,MG,92.29,2023
3171600,Virgem da Lapa,MG,40.0,2023
3201159,Brejetuba,ES,72.75,2023
3204906,São Mateus,ES,67.19,2023
3502705,Apiaí,SP,68.43,2023
3504404,Avanhandava,SP,70.93,2023
3508207,Buritizal,SP,96.13,2023
3513207,Cristais Paulista,SP,49.97,2023
3516408,Franco da Rocha,SP,45.58,2023
3520202,Igaratá,SP,61.45,2023
3522406,Itapeva,SP,53.35,2023
3524402,Jacareí,SP,45.56,2023
3526209,Juquitiba,SP,78.34,2023
3530904,Mombuca,SP,55.83,2023
3534708,Ourinhos,SP,50.37,2023
3542503,Reginópolis,SP,96.74,2023
3544251,Rosana,SP,59.53,2023
3546256,Santa Cruz da Esperança,SP,45.93,2023
3547502,Santa Rita do Passa Quatro,SP,62.35,2023
3548906,São Carlos,SP,54.13,2023
3549607,São José do Barreiro,SP,37.89,2023
3554953,Tuiuti,SP,65.71,2023
4107546,Espigão Alto do Iguaçu,PR,71.95,2023
4116802,Nova Cantu,PR,79.5,2023
4117214,Nova Santa Bárbara,PR,84.94,2023
4122107,Rio Bom,PR,94.5,2023
4127106,Telêmaco Borba,PR,63.2,2023
4127403,Terra Roxa,PR,68.55,2023
4201505,Armazém,SC,70.51,2023
4202073,Balneário Gaivota,SC,51.89,2023
4202503,Bom Jardim da Serra,SC,35.91,2023
4205001,Dionísio Cerqueira,SC,59.86,2023
4208807,Jaguaruna,SC,42.4,2023
4209409,Laguna,SC,61.38,2023
4211108,Monte Castelo,SC,74.09,2023
4212502,Penha,SC,66.56,2023
4301602,Bagé,RS,59.6,2023
4301859,Barra do Guarita,RS,59.41,2023
4305702,Condor,RS,81.15,2023
4306320,Derrubadas,RS,49.71,2023
4310439,Ipê,RS,81.57,2023
4312104,Mata,RS,100.0,2023
4314209,Pedro Osório,RS,67.71,2023
4314605,Piratini,RS,60.04,2023
4321329,Taquaruçu do Sul,RS,83.99,2023
4321352,Tavares,RS,48.15,2023
4322103,Tucunduva,RS,73.48,2023
4322343,Ubiretama,RS,100.0,2023
5000252,Alcinópolis,MS,76.7,2023
5004502,Itaporã,MS,64.71,2023
5106307,Paranatinga,MT,45.39,2023
5107156,Reserva do Cabaçal,MT,76.26,2023
5215256,Novo Planalto,GO,84.74,2023
5215405,Ouro Verde de Goiás,GO,95.87,2023
5217104,Piracanjuba,GO,60.0,2023
5218904,Rubiataba,GO,77.53,2023
1302405,Lábrea,AM,64.34,2023
1304302,Urucará,AM,57.02,2023
1508308,Viseu,PA,34.28,2023
2102101,Brejo,MA,50.31,2023
2300754,Amontada,CE,83.0,2023
2308609,Monsenhor Tabosa,CE,97.25,2023
2313104,Tabuleiro do Norte,CE,88.99,2023
2402501,Carnaubais,RN,52.0,2023
2405207,Janduís,RN,28.72,2023
2409803,Pedro Velho,RN,16.96,2023
2411403,Santana do Matos,RN,49.52,2023
2411700,São Bento do Trairí,RN,33.35,2023
2505006,Cubati,PB,71.83,2023
2513851,Santo André,PB,45.13,2023
2602506,Brejinho,PE,71.45,2023
2703304,Inhapi,AL,65.05,2023
2800209,Aquidabã,SE,21.05,2023
2915809,Itambé,BA,22.21,2023
2923605,Paramirim,BA,46.89,2023
2923902,Pau Brasil,BA,44.65,2023
2932408,Uibaí,BA,33.09,2023
3104700,Ataléia,MG,12.45,2023
3107109,Boa Esperança,MG,53.83,2023
3113800,Carmésia,MG,29.75,2023
3115458,Catuji,MG,57.14,2023
3116159,Chapada Gaúcha,MG,40.0,2023
3120102,Couto de Magalhães de Minas,MG,48.47,2023
3126703,Francisco Sá,MG,41.63,2023
3127701,Governador Valadares,MG,52.06,2023
3136504,Jordânia,MG,60.65,2023
3136959,Juvenília,MG,36.81,2023
3155702,Rio Piracicaba,MG,77.01,2023
3500501,Águas de Lindóia,SP,77.78,2023
3504800,Bálsamo,SP,81.58,2023
3513108,Cravinhos,SP,41.9,2023
3513306,Cruzália,SP,85.19,2023
3516200,Franca,SP,74.68,2023
3521150,Ipiguá,SP,48.0,2023
3522000,Itaju,SP,53.84,2023
3522901,Itapuí,SP,35.02,2023
3523206,Itararé,SP,55.9,2023
3523701,Itirapuã,SP,73.92,2023
3529658,Mesópolis,SP,34.78,2023
3535507,Paraguaçu Paulista,SP,48.18,2023
3539202,Pirapozinho,SP,75.08,2023
3539301,Pirassununga,SP,45.9,2023
3540200,Pontal,SP,60.04,2023
3550506,São Pedro do Turvo,SP,69.21,2023
3554904,Três Fronteiras,SP,89.53,2023
3556909,Vista Alegre do Alto,SP,81.39,2023
4109807,Ibiporã,PR,73.36,2023
4122008,Rio Azul,PR,89.62,2023
4128401,Uraí,PR,76.55,2023
4202800,Braço do Norte,SC,60.64,2023
4202875,Brunópolis,SC,43.27,2023
4205407,Florianópolis,SC,49.27,2023
4208906,Jaraguá do Sul,SC,72.77,2023
4211892,Painel,SC,83.33,2023
4215109,Rodeio,SC,58.79,2023
4215455,Sangão,SC,69.26,2023
4217402,Schroeder,SC,48.76,2023
4217709,Sombrio,SC,65.75,2023
4300505,Alpestre,RS,74.94,2023
4301305,Arroio Grande,RS,54.13,2023
4301602,Bagé,RS,54.08,2023
4304705,Carazinho,RS,74.59,2023
4305355,Charqueadas,RS,68.51,2023
4306072,Cristal do Sul,RS,100.0,2023
4308607,Garibaldi,RS,74.4,2023
4310900,Jacutinga,RS,94.44,2023
4311403,Lajeado,RS,72.19,2023
4313904,Panambi,RS,77.7,2023
4314001,Paraí,RS,92.98,2023
4318408,São Jerônimo,RS,81.83,2023
4319752,São Vendelino,RS,94.12,2023
4319901,Sapiranga,RS,69.82,2023
4320206,Seberi,RS,81.01,2023
4321329,Taquaruçu do Sul,RS,82.35,2023
4322533,Vale do Sol,RS,86.11,2023
4322541,Vale Real,RS,75.99,2023
4323408,Vila Maria,RS,86.7,2023
5002902,Cassilândia,MS,37.72,2023
5004700,Ivinhema,MS,61.82,2023
5005103,Jateí,MS,66.67,2023
5218805,Rio Verde,GO,86.06,2023
5222054,Vicentinópolis,GO,78.24,2023
1300839,Caapiranga,AM,46.05,2023
1300904,Canutama,AM,49.75,2023
1505106,Óbidos,PA,48.83,2023
1505502,Paragominas,PA,62.45,2023
1506161,Rio Maria,PA,41.79,2023
1507904,Soure,PA,62.77,2023
1508209,Vigia,PA,29.77,2023
1600238,Ferreira Gomes,AP,73.43,2023
1714203,Natividade,TO,28.21,2023
2101509,Barão de Grajaú,MA,41.6,2023
2103125,Central do Maranhão,MA,100.0,2023
2107001,Montes Altos,MA,71.31,2023
2201556,Bela Vista do Piauí,PI,61.05,2023
2204550,Guaribas,PI,58.08,2023
2206506,Monsenhor Hipólito,PI,100.0,2023
2207702,Parnaíba,PI,31.0,2023
2301406,Aratuba,CE,83.04,2023
2401909,Caiçara do Rio do Vento,RN,59.21,2023
2404002,Frutuoso Gomes,RN,20.0,2023
2409506,Pedra Grande,RN,45.48,2023
2412104,São João do Sabugi,RN,49.58,2023
2504157,Casserengue,PB,47.97,2023
2509206,Massaranduba,PB,44.27,2023
2514800,São José dos Cordeiros,PB,80.25,2023
2708006,Santana do Ipanema,AL,32.46,2023
2801702,Cristinápolis,SE,24.74,2023
2802502,General Maynard,SE,20.0,2023
2807105,Simão Dias,SE,33.19,2023
2917102,Itororó,BA,47.4,2023
2917300,Ituberá,BA,44.09,2023
2926806,Rio do Antônio,BA,62.54,2023
3101607,Alfenas,MG,55.04,2023
3104007,Araxá,MG,68.79,2023
3109303,Buritis,MG,52.14,2023
3126208,Formoso,MG,62.46,2023
3136306,João Pinheiro,MG,60.09,2023
3139409,Manhuaçu,MG,57.2,2023
3142205,Miraí,MG,96.19,2023
3147204,Paraguaçu,MG,62.45,2023
3150570,Pintópolis,MG,46.0,2023
3150604,Piracema,MG,66.97,2023
3157401,Santa Cruz do Escalvado,MG,38.46,2023
3158102,Santa Maria do Salto,MG,76.92,2023
3162104,São Gotardo,MG,53.04,2023
3163201,São José do Alegre,MG,77.36,2023
3165552,Setubinha,MG,48.72,2023
3169406,Três Pontas,MG,33.86,2023
3200201,Alegre,ES,82.05,2023
3202553,Ibitirama,ES,73.91,2023
3304755,São Francisco de Itabapoana,RJ,43.51,2023
3305554,Seropédica,RJ,46.5,2023
3503406,Arealva,SP,72.62,2023
3505203,Bariri,SP,64.82,2023
3506607,Biritiba-Mirim,SP,42.57,2023
3507100,Bom Jesus dos Perdões,SP,69.87,2023
3508801,Cafelândia,SP,58.79,2023
3510708,Cardoso,SP,68.94,2023
3516804,Gastão Vidigal,SP,53.13,2023
3518800,Guarulhos,SP,39.42,2023
3520301,Iguape,SP,87.5,2023
3522307,Itapetininga,SP,72.76,2023
3523909,Itu,SP,65.25,2023
3528205,Macedônia,SP,82.52,2023
3531704,Monteiro Lobato,SP,66.6,2023
3532603,Nhandeara,SP,70.73,2023
3545803,Santa Bárbara d'Oeste,SP,55.78,2023
3546405,Santa Cruz do Rio Pardo,SP,53.5,2023
3546405,Santa Cruz do Rio Pardo,SP,52.96,2023
3548054,Santo Antônio do Aracanguá,SP,50.15,2023
3549250,São João de Iracema,SP,44.0,2023
3551207,Sarutaiá,SP,78.96,2023
3552502,Suzano,SP,42.07,2023
4107207,Dois Vizinhos,PR,83.75,2023
4113502,Loanda,PR,72.42,2023
4118907,Pérola,PR,78.4,2023
4126678,Tamarana,PR,73.85,2023
4202305,Biguaçu,SC,52.11,2023
4203006,Caçador,SC,57.14,2023
4203808,Canoinhas,SC,75.63,2023
4204806,Curitibanos,SC,48.56,2023
4207502,Indaial,SC,64.13,2023
4208005,Itá,SC,69.06,2023
4209300,Lages,SC,46.68,2023
4215679,Santa Terezinha,SC,83.61,2023
4215802,São Bento do Sul,SC,73.1,2023
4216701,São José do Cedro,SC,76.92,2023
4218301,Três Barras,SC,49.8,2023
4218707,Tubarão,SC,65.84,2023
4300604,Alvorada,RS,47.65,2023
4300638,Amaral Ferrador,RS,70.56,2023
4301404,Arvorezinha,RS,80.57,2023
4302808,Caçapava do Sul,RS,54.77,2023
4303806,Campinas do Sul,RS,88.7,2023
4303806,Campinas do Sul,RS,90.14,2023
4305405,Chiapetta,RS,83.37,2023
4307203,Erval Grande,RS,64.29,2023
4307831,Eugênio de Castro,RS,88.24,2023
4308003,Faxinal do Soturno,RS,100.0,2023
4309308,Guaíba,RS,51.41,2023
4309654,Hulha Negra,RS,72.82,2023
4311601,Liberato Salzano,RS,82.63,2023
4311601,Liberato Salzano,RS,73.29,2023
4312500,Mostardas,RS,44.44,2023
4314100,Passo Fundo,RS,58.68,2023
4315107,Porto Xavier,RS,82.11,2023
4315156,Progresso,RS,78.42,2023
4316204,Rondinha,RS,87.52,2023
4316600,Sananduva,RS,74.0,2023
4319158,São Miguel das Missões,RS,76.34,2023
4319372,São Pedro do Butiá,RS,78.57,2023
4320107,Sarandi,RS,75.56,2023
4321006,Tapera,RS,61.35,2023
5006606,Ponta Porã,MS,57.76,2023
5008404,Vicentina,MS,63.33,2023
5102793,Carlinda,MT,42.52,2023
5105622,Mirassol d'Oeste,MT,19.85,2023
5107800,Santo Antônio do Leverger,MT,42.54,2023
5204508,Caldas Novas,GO,58.83,2023
5207808,Firminópolis,GO,76.84,2023
1100205,Porto Velho,RO,65.06,2023
1100379,Alto Alegre dos Parecis,RO,69.52,2023
1301852,Iranduba,AM,45.23,2023
1302801,Maraã,AM,21.11,2023
2105922,Lagoa do Mato,MA,85.96,2023
2110906,São Francisco do Maranhão,MA,51.3,2023
2206696,Murici dos Portelas,PI,66.93,2023
2409704,Pedro Avelino,RN,19.48,2023
2410702,Riacho da Cruz,RN,20.95,2023
2413300,Serra de São Bento,RN,26.92,2023
2414506,Umarizal,RN,21.75,2023
2506509,Gurjão,PB,73.31,2023
2509008,Manaíra,PB,70.52,2023
2512309,Princesa Isabel,PB,96.69,2023
2602803,Buíque,PE,52.54,2023
2611002,Petrolândia,PE,51.87,2023
2706703,Penedo,AL,40.85,2023
2803500,Lagarto,SE,71.03,2023
2904209,Botuporã,BA,62.08,2023
2925006,Planalto,BA,40.09,2023
3102902,Antônio Carlos,MG,63.62,2023
3103207,Araçaí,MG,84.62,2023
3103405,Araçuaí,MG,61.31,2023
3104502,Arinos,MG,28.71,2023
3107505,Bom Jardim de Minas,MG,47.71,2023
3111309,Campo do Meio,MG,67.54,2023
3118304,Conselheiro Lafaiete,MG,79.6,2023
3124203,Espera Feliz,MG,71.64,2023
3132305,Itaipé,MG,57.48,2023
3135100,Janaúba,MG,52.76,2023
3136702,Juiz de Fora,MG,43.63,2023
3138005,Laranjal,MG,40.25,2023
3140555,Mata Verde,MG,86.96,2023
3143302,Montes Claros,MG,62.93,2023
3144300,Nanuque,MG,64.92,2023
3146305,Padre Paraíso,MG,41.47,2023
3148509,Pavão,MG,82.07,2023
3158300,Santana da Vargem,MG,64.87,2023
3167103,Serro,MG,66.85,2023
3169356,Três Marias,MG,70.3,2023
3170404,Unaí,MG,55.92,2023
3170651,Vargem Grande do Rio Pardo,MG,61.64,2023
3200904,Barra de São Francisco,ES,78.43,2023
3201308,Cariacica,ES,60.84,2023
3205010,Sooretama,ES,67.21,2023
3504206,Auriflama,SP,68.6,2023
3511201,Catiguá,SP,54.28,2023
3513900,Divinolândia,SP,52.32,2023
3515707,Ferraz de Vasconcelos,SP,52.72,2023
3516507,Gabriel Monteiro,SP,85.16,2023
3517505,Guapiaçu,SP,56.31,2023
3518305,Guararema,SP,64.75,2023
3520442,Ilha Solteira,SP,66.53,2023
3527108,Lins,SP,74.25,2023
3528502,Mairiporã,SP,55.0,2023
3529302,Matão,SP,79.65,2023
3529302,Matão,SP,74.93,2023
3529807,Mineiros do Tietê,SP,45.76,2023
3535903,Paranapuã,SP,32.42,2023
3546900,Santa Lúcia,SP,66.83,2023
3556701,Vinhedo,SP,51.4,2023
4117503,Paiçandu,PR,68.48,2023
4200903,Angelina,SC,88.41,2023
4201000,Anita Garibaldi,SC,66.05,2023
4202073,Balneário Gaivota,SC,53.14,2023
4204558,Correia Pinto,SC,62.48,2023
4204806,Curitibanos,SC,54.54,2023
4212106,Palmitos,SC,58.21,2023
4212908,Pinhalzinho,SC,72.34,2023
4213302,Ponte Alta,SC,24.88,2023
4213401,Ponte Serrada,SC,53.07,2023
4213708,Pouso Redondo,SC,64.29,2023
4214003,Presidente Getúlio,SC,59.54,2023
4214151,Princesa,SC,89.34,2023
4218806,Turvo,SC,59.25,2023
4301057,Arroio do Sal,RS,67.46,2023
4301909,Barra do Ribeiro,RS,67.68,2023
4303509,Camaquã,RS,73.27,2023
4305207,Cerro Largo,RS,76.23,2023
4305439,Chuí,RS,71.43,2023
4305439,Chuí,RS,62.64,2023
4305702,Condor,RS,83.87,2023
4305801,Constantina,RS,80.01,2023
4308052,Faxinalzinho,RS,78.18,2023
4309100,Gramado,RS,78.92,2023
4309555,Harmonia,RS,85.53,2023
4310009,Ibirubá,RS,71.11,2023
4310306,Ilópolis,RS,90.93,2023
4311908,Marcelino Ramos,RS,73.23,2023
4314902,Porto Alegre,RS,48.75,2023
4316451,Salto do Jacuí,RS,83.79,2023
4316477,Salvador das Missões,RS,90.0,2023
4316709,Santa Bárbara do Sul,RS,68.2,2023
4317707,Santo Antônio das Missões,RS,96.0,2023
4321477,Tiradentes do Sul,RS,90.67,2023
4322152,Tunas,RS,100.0,2023
5002407,Caarapó,MS,64.0,2023
5002407,Caarapó,MS,52.93,2023
5003488,Dois Irmãos do Buriti,MS,38.16,2023
5005103,Jateí,MS,46.15,2023
5103403,Cuiabá,MT,53.94,2023
5217104,Piracanjuba,GO,67.69,2023
1100114,Jaru,RO,61.54,2023
1300102,Anori,AM,74.08,2023
1301605,Fonte Boa,AM,37.62,2023
1506203,Salinópolis,PA,43.26,2023
1600238,Ferreira Gomes,AP,67.91,2023
1716604,Peixe,TO,46.47,2023
1718501,Recursolândia,TO,4.56,2023
2104008,Esperantinópolis,MA,59.36,2023
2107357,Nova Olinda do Maranhão,MA,57.16,2023
2111300,São Luís,MA,47.49,2023
2205102,Itaueira,PI,25.15,2023
2303709,Caucaia,CE,66.84,2023
2308609,Monsenhor Tabosa,CE,96.51,2023
2310605,Penaforte,CE,77.7,2023
2407401,Martins,RN,41.62,2023
2410207,Portalegre,RN,49.43,2023
2412005,São Gonçalo do Amarante,RN,51.1,2023
2412906,São Tomé,RN,21.91,2023
2414100,Tenente Ananias,RN,42.88,2023
2414605,Upanema,RN,28.76,2023
2503209,Cabedelo,PB,48.92,2023
2611606,Recife,PE,62.39,2023
2706307,Palmeira dos Índios,AL,20.82,2023
2916203,Itapé,BA,30.59,2023
3101805,Alpercata,MG,46.13,2023
3107406,Bom Despacho,MG,52.46,2023
3111705,Canaã,MG,39.54,2023
3118502,Consolação,MG,62.5,2023
3126109,Formiga,MG,67.98,2023
3131703,Itabira,MG,57.13,2023
3134905,Jacutinga,MG,59.84,2023
3135506,Jequeri,MG,61.41,2023
3136504,Jordânia,MG,87.5,2023
3138708,Luminárias,MG,67.26,2023
3140100,Marilac,MG,63.09,2023
3143906,Muriaé,MG,59.1,2023
3144300,Nanuque,MG,51.97,2023
3145356,Novo Oriente de Minas,MG,44.96,2023
3147006,Paracatu,MG,69.78,2023
3150802,Piranga,MG,60.1,2023
3157658,Santa Helena de Minas,MG,84.62,2023
3157807,Santa Luzia,MG,51.89,2023
3171600,Virgem da Lapa,MG,49.28,2023
3201308,Cariacica,ES,57.15,2023
3500709,Agudos,SP,57.23,2023
3509205,Cajamar,SP,50.91,2023
3512506,Coroados,SP,69.43,2023
3516309,Francisco Morato,SP,83.09,2023
3516309,Francisco Morato,SP,50.64,2023
3525854,Jumirim,SP,76.39,2023
3526902,Limeira,SP,59.5,2023
3531605,Monte Castelo,SP,66.46,2023
3532900,Nova Europa,SP,50.61,2023
3551504,Serrana,SP,45.95,2023
3551603,Serra Negra,SP,67.67,2023
3552106,Socorro,SP,51.49,2023
4117107,Nova Londrina,PR,77.67,2023
4201703,Ascurra,SC,67.38,2023
4201901,Aurora,SC,77.22,2023
4300901,Aratiba,RS,82.29,2023
4301305,Arroio Grande,RS,60.01,2023
4301800,Barracão,RS,73.34,2023
4304804,Carlos Barbosa,RS,68.25,2023
4305108,Caxias do Sul,RS,67.47,2023
4305132,Cerro Branco,RS,71.87,2023
4306700,Dona Francisca,RS,60.0,2023
4308508,Frederico Westphalen,RS,63.23,2023
4309803,Ibiaçá,RS,70.33,2023
4311254,Lagoão,RS,70.11,2023
4311627,Lindolfo Collor,RS,69.65,2023
4312906,Nova Bassano,RS,90.48,2023
4313060,Nova Hartz,RS,85.71,2023
4315701,Rio Pardo,RS,65.0,2023
4316758,Santa Clara do Sul,RS,90.91,2023
4317004,Santana da Boa Vista,RS,64.29,2023
4317509,Santo Ângelo,RS,64.36,2023
4318903,São Luiz Gonzaga,RS,79.22,2023
4319505,São Sebastião do Caí,RS,70.71,2023
4320578,Sete de Setembro,RS,78.57,2023
4321436,Terra de Areia,RS,76.75,2023
4321600,Tramandaí,RS,81.0,2023
4322509,Vacaria,RS,65.96,2023
5005681,Mundo Novo,MS,73.33,2023
5007703,Sete Quedas,MS,54.25,2023
5008305,Três Lagoas,MS,69.75,2023
5106505,Poconé,MT,54.62,2023
5107263,Santo Afonso,MT,33.33,2023
5201801,Aragoiânia,GO,54.97,2023
5218300,Posse,GO,76.16,2023
1301308,Codajás,AM,60.64,2023
1302553,Manaquiri,AM,59.0,2023
1503200,Igarapé-Açu,PA,55.5,2023
1505700,Ponta de Pedras,PA,38.7,2023
2201739,Betânia do Piauí,PI,42.53,2023
2205607,Landri Sales,PI,97.9,2023
2211001,Teresina,PI,48.27,2023
2303931,Choró,CE,97.81,2023
2309003,Mucambo,CE,97.92,2023
2312304,São Benedito,CE,96.53,2023
2400703,Alto do Rodrigues,RN,48.41,2023
2401800,Brejinho,RN,21.47,2023
2403707,Felipe Guerra,RN,54.36,2023
2405702,Jardim do Seridó,RN,58.82,2023
2414100,Tenente Ananias,RN,16.67,2023
2511509,Pilar,PB,73.41,2023
2604007,Carpina,PE,65.28,2023
2805406,Poço Redondo,SE,16.91,2023
2805505,Poço Verde,SE,32.89,2023
2900702,Alagoinhas,BA,33.57,2023
2920700,Maraú,BA,23.87,2023
3110707,Cambuquira,MG,69.29,2023
3110707,Cambuquira,MG,71.62,2023
3113206,Carandaí,MG,89.74,2023
3115458,Catuji,MG,40.11,2023
3124302,Espinosa,MG,85.72,2023
3131703,Itabira,MG,56.87,2023
3135050,Jaíba,MG,48.46,2023
3136306,João Pinheiro,MG,69.55,2023
3138401,Leopoldina,MG,53.04,2023
3141108,Matozinhos,MG,47.21,2023
3146750,Palmópolis,MG,38.71,2023
3152303,Porto Firme,MG,88.14,2023
3152402,Poté,MG,41.74,2023
3152907,Pratápolis,MG,71.43,2023
3156106,Ritápolis,MG,64.3,2023
3156908,Sacramento,MG,64.0,2023
3164100,São Pedro do Suaçuí,MG,67.03,2023
3170206,Uberlândia,MG,52.44,2023
3171204,Vespasiano,MG,54.97,2023
3204906,São Mateus,ES,82.81,2023
3204955,São Roque do Canaã,ES,93.33,2023
3303203,Nilópolis,RJ,44.36,2023
3501608,Americana,SP,58.69,2023
3503802,Artur Nogueira,SP,50.11,2023
3514007,Dobrada,SP,62.57,2023
3517307,Guaimbê,SP,82.7,2023
3530201,Mirante do Paranapanema,SP,98.04,2023
3535606,Paraibuna,SP,63.5,2023
3538501,Piquete,SP,65.49,2023
3542909,Ribeirão Bonito,SP,79.24,2023
3543402,Ribeirão Preto,SP,39.11,2023
3543402,Ribeirão Preto,SP,44.99,2023
3546306,Santa Cruz das Palmeiras,SP,49.45,2023
3557105,Votuporanga,SP,49.7,2023
4113700,Londrina,PR,84.68,2023
4114005,Mamborê,PR,93.95,2023
4114104,Mandaguaçu,PR,60.15,2023
4118303,Paranapoema,PR,59.18,2023
4203006,Caçador,SC,69.87,2023
4203105,Caibi,SC,76.68,2023
4203402,Campo Belo do Sul,SC,8.16,2023
4204558,Correia Pinto,SC,59.62,2023
4204608,Criciúma,SC,59.92,2023
4206801,Ibicaré,SC,75.69,2023
4207007,Içara,SC,65.37,2023
4207809,Irani,SC,72.03,2023
4211504,Nova Trento,SC,82.11,2023
4211504,Nova Trento,SC,61.51,2023
4214706,Rio dos Cedros,SC,60.74,2023
4217402,Schroeder,SC,60.56,2023
4220000,Balneário Rincão,SC,52.64,2023
4301107,Arroio dos Ratos,RS,40.49,2023
4301875,Barra do Quaraí,RS,53.85,2023
4302105,Bento Gonçalves,RS,77.38,2023
4302303,Bom Jesus,RS,75.27,2023
4302501,Bossoroca,RS,74.21,2023
4302584,Bozano,RS,100.0,2023
4303004,Cachoeira do Sul,RS,59.11,2023
4312617,Muitos Capões,RS,73.33,2023
4316758,Santa Clara do Sul,RS,90.48,2023
4317004,Santana da Boa Vista,RS,53.67,2023
4321477,Tiradentes do Sul,RS,90.1,2023
4322541,Vale Real,RS,75.0,2023
5002605,Camapuã,MS,32.2,2023
5004007,Glória de Dourados,MS,14.29,2023
5101308,Arenápolis,MT,56.33,2023
5107107,São José dos Quatro Marcos,MT,90.1,2023
5107776,Santa Terezinha,MT,41.91,2023
1100106,Guajará-Mirim,RO,41.76,2023
1301159,Careiro da Várzea,AM,38.04,2023
1303403,Parintins,AM,51.88,2023
1502202,Capanema,PA,39.15,2023
1502707,Conceição do Araguaia,PA,38.67,2023
1600204,Calçoene,AP,35.05,2023
1718899,Santa Rita do Tocantins,TO,63.15,2023
2209906,São João da Serra,PI,49.25,2023
2304301,Farias Brito,CE,98.01,2023
2309409,Novo Oriente,CE,98.72,2023
2401008,Apodi,RN,38.78,2023
2401701,Bom Jesus,RN,14.93,2023
2403004,Cruzeta,RN,86.05,2023
2407005,Luís Gomes,RN,50.0,2023
2408904,Parelhas,RN,57.67,2023
2513703,Santa Rita,PB,40.83,2023
2703700,Jaramataia,AL,36.05,2023
2706208,Palestina,AL,33.73,2023
2900405,Água Fria,BA,21.0,2023
2909802,Cruz das Almas,BA,34.64,2023
3106002,Bela Vista de Minas,MG,59.1,2023
3114501,Carmópolis de Minas,MG,76.93,2023
3119302,Coromandel,MG,63.08,2023
3122306,Divinópolis,MG,75.59,2023
3127206,Funilândia,MG,51.4,2023
3131307,Ipatinga,MG,71.76,2023
3133501,Itapecerica,MG,79.98,2023
3135506,Jequeri,MG,57.46,2023
3142205,Miraí,MG,94.17,2023
3152006,Pompéu,MG,76.18,2023
3152204,Porteirinha,MG,65.71,2023
3152501,Pouso Alegre,MG,55.18,2023
3153103,Presidente Bernardes,MG,57.14,2023
3154457,Riachinho,MG,69.58,2023
3160900,São Brás do Suaçuí,MG,68.37,2023
3200102,Afonso Cláudio,ES,86.5,2023
3200201,Alegre,ES,71.04,2023
3202553,Ibitirama,ES,71.88,2023
3204609,Santa Teresa,ES,100.0,2023
3504107,Atibaia,SP,70.55,2023
3507605,Bragança Paulista,SP,52.01,2023
3508801,Cafelândia,SP,30.0,2023
3510807,Casa Branca,SP,44.98,2023
3515004,Embu das Artes,SP,51.27,2023
3518008,Guarani d'Oeste,SP,94.12,2023
3518503,Guareí,SP,62.27,2023
3521903,Itajobi,SP,85.09,2023
3525706,José Bonifácio,SP,55.78,2023
3528106,Macaubal,SP,81.53,2023
3529005,Marília,SP,57.12,2023
3529708,Miguelópolis,SP,64.31,2023
3534401,Osasco,SP,45.95,2023
3536208,Pariquera-Açu,SP,64.45,2023
3538709,Piracicaba,SP,57.25,2023
3543402,Ribeirão Preto,SP,49.54,2023
3547809,Santo André,SP,54.02,2023
3551702,Sertãozinho,SP,53.71,2023
3552304,Sud Mennucci,SP,51.78,2023
3552908,Taciba,SP,79.93,2023
3554300,Teodoro Sampaio,SP,70.86,2023
3554656,Torre de Pedra,SP,33.33,2023
4101804,Araucária,PR,69.52,2023
4105102,Centenário do Sul,PR,54.26,2023
4117271,Nova Tebas,PR,89.19,2023
4121000,Querência do Norte,PR,45.28,2023
4202073,Balneário Gaivota,SC,51.47,2023
4203956,Capivari de Baixo,SC,51.47,2023
4204202,Chapecó,SC,56.22,2023
4204251,Cocal do Sul,SC,63.58,2023
4205902,Gaspar,SC,62.44,2023
4219705,Xaxim,SC,73.33,2023
4301107,Arroio dos Ratos,RS,8.57,2023
4304663,Capão do Leão,RS,49.19,2023
4304903,Casca,RS,81.43,2023
4304903,Casca,RS,83.0,2023
4308409,Formigueiro,RS,63.56,2023
4310330,Imbé,RS,65.16,2023
4310702,Itatiba do Sul,RS,83.33,2023
4312658,Não-Me-Toque,RS,89.58,2023
4315354,Quinze de Novembro,RS,74.37,2023
4317400,Santiago,RS,72.84,2023
4318002,São Borja,RS,63.44,2023
4320503,Sertão,RS,70.1,2023
4320800,Soledade,RS,56.73,2023
4320909,Tapejara,RS,71.12,2023
4321451,Teutônia,RS,83.41,2023
4322202,Tupanciretã,RS,71.92,2023
5004007,Glória de Dourados,MS,75.56,2023
5105507,Vila Bela da Santíssima Trindade,MT,46.76,2023
5105903,Nobres,MT,61.79,2023
5107008,Poxoréo,MT,19.05,2023
5210802,Itajá,GO,81.81,2023
1300086,Anamã,AM,33.26,2023
1302108,Japurá,AM,81.25,2023
1302504,Manacapuru,AM,43.99,2023
1303205,Novo Airão,AM,75.38,2023
1503903,Juruti,PA,49.15,2023
1505403,Ourém,PA,47.93,2023
2105658,Junco do Maranhão,MA,94.78,2023
2202117,Campo Alegre do Fidalgo,PI,38.53,2023
2210656,Sigefredo Pacheco,PI,45.16,2023
2310407,Paramoti,CE,98.85,2023
2400208,Açu,RN,42.17,2023
2400802,Angicos,RN,45.33,2023
2402006,Caicó,RN,35.59,2023
2408003,Mossoró,RN,33.76,2023
2412708,São Pedro,RN,34.45,2023
2413003,São Vicente,RN,62.96,2023
2504900,Cruz do Espírito Santo,PB,56.43,2023
2512309,Princesa Isabel,PB,97.47,2023
2513703,Santa Rita,PB,41.57,2023
2613602,São José do Egito,PE,67.52,2023
2918555,Jussari,BA,35.85,2023
2925709,Presidente Jânio Quadros,BA,30.41,2023
3108206,Bonfinópolis de Minas,MG,74.47,2023
3115508,Caxambu,MG,76.39,2023
3117504,Conceição do Mato Dentro,MG,58.74,2023
3129707,Ibiraci,MG,45.5,2023
3135050,Jaíba,MG,42.81,2023
3139201,Malacacheta,MG,65.16,2023
3141405,Medina,MG,70.27,2023
3148004,Patos de Minas,MG,69.14,2023
3152006,Pompéu,MG,65.2,2023
3159209,Santa Rita de Caldas,MG,60.0,2023
3170057,Ubaporanga,MG,68.47,2023
3171204,Vespasiano,MG,83.92,2023
3202702,Itaguaçu,ES,73.95,2023
3202702,Itaguaçu,ES,74.64,2023
3202801,Itapemirim,ES,61.81,2023
3202801,Itapemirim,ES,60.92,2023
3204559,Santa Maria de Jetibá,ES,85.64,2023
3501905,Amparo,SP,52.41,2023
3502754,Araçariguama,SP,50.13,2023
3507456,Borebi,SP,61.11,2023
3508603,Cachoeira Paulista,SP,50.09,2023
3509007,Caieiras,SP,75.0,2023
3515301,Estrela do Norte,SP,72.99,2023
3516101,Florínia,SP,45.79,2023
3516408,Franco da Rocha,SP,50.47,2023
3533601,Nuporanga,SP,69.45,2023
3544400,Rubiácea,SP,53.41,2023
3545803,Santa Bárbara d'Oeste,SP,54.63,2023
3546504,Santa Ernestina,SP,83.66,2023
3547601,Santa Rosa de Viterbo,SP,74.36,2023
4200101,Abelardo Luz,SC,64.82,2023
4200705,Alfredo Wagner,SC,75.26,2023
4202008,Balneário Camboriú,SC,60.75,2023
4202107,Barra Velha,SC,47.47,2023
4204251,Cocal do Sul,SC,56.3,2023
4204707,Cunha Porã,SC,93.9,2023
4206603,Guarujá do Sul,SC,88.63,2023
4216107,São Domingos,SC,71.49,2023
4300109,Agudo,RS,56.12,2023
4302006,Barros Cassal,RS,74.29,2023
4302204,Boa Vista do Buricá,RS,88.24,2023
4302303,Bom Jesus,RS,77.39,2023
4305900,Coronel Bicaco,RS,79.2,2023
4312252,Minas do Leão,RS,65.86,2023
4312906,Nova Bassano,RS,80.71,2023
4315404,Redentora,RS,81.44,2023
4317004,Santana da Boa Vista,RS,48.82,2023
4318424,São João da Urtiga,RS,80.59,2023
4319406,São Pedro do Sul,RS,92.46,2023
4319802,São Vicente do Sul,RS,73.71,2023
5000708,Anastácio,MS,27.37,2023
5004809,Japorã,MS,12.68,2023
5102678,Campo Verde,MT,55.19,2023
5105200,Juscimeira,MT,54.6,2023
1300409,Barcelos,AM,54.48,2023
1302603,Manaus,AM,52.2,2023
1304260,Uarini,AM,23.33,2023
1505700,Ponta de Pedras,PA,42.02,2023
1600204,Calçoene,AP,36.3,2023
2205532,Jurema,PI,96.41,2023
2210300,São Julião,PI,94.83,2023
2309607,Pacajus,CE,85.7,2023
2311264,Quiterianópolis,CE,98.54,2023
2402006,Caicó,RN,46.59,2023
2403004,Cruzeta,RN,65.12,2023
2404606,Ielmo Marinho,RN,80.0,2023
2414506,Umarizal,RN,33.05,2023
2503704,Cajazeiras,PB,51.68,2023
2608503,Lagoa de Itaenga,PE,70.34,2023
2611606,Recife,PE,89.63,2023
2800605,Barra dos Coqueiros,SE,56.0,2023
2804201,Monte Alegre de Sergipe,SE,24.77,2023
2805505,Poço Verde,SE,47.37,2023
3103702,Araponga,MG,83.21,2023
3106200,Belo Horizonte,MG,57.61,2023
3106705,Betim,MG,97.88,2023
3106705,Betim,MG,53.93,2023
3114600,Carrancas,MG,70.36,2023
3126208,Formoso,MG,67.5,2023
3128303,Guaranésia,MG,73.63,2023
3138302,Leandro Ferreira,MG,85.73,2023
3143104,Monte Carmelo,MG,63.64,2023
3144003,Mutum,MG,73.21,2023
3148608,Peçanha,MG,88.41,2023
3155108,Rio do Prado,MG,50.46,2023
3156809,Sabinópolis,MG,51.31,2023
3168507,Teixeiras,MG,64.73,2023
3170107,Uberaba,MG,59.68,2023
3170503,Urucânia,MG,19.05,2023
3201506,Colatina,ES,91.39,2023
3203908,Nova Venécia,ES,71.15,2023
3507753,Brejo Alegre,SP,94.42,2023
3511300,Cedral,SP,72.92,2023
3512001,Colina,SP,43.8,2023
3513603,Cunha,SP,49.94,2023
3515806,Flora Rica,SP,30.0,2023
3520608,Indiana,SP,81.63,2023
3525003,Jandira,SP,44.87,2023
3525607,João Ramalho,SP,81.82,2023
3527306,Louveira,SP,54.63,2023
3530102,Mirandópolis,SP,53.42,2023
3536901,Pedranópolis,SP,39.13,2023
3538006,Pindamonhangaba,SP,54.51,2023
3540408,Populina,SP,77.91,2023
3541406,Presidente Prudente,SP,54.07,2023
3545308,Salto de Pirapora,SP,44.71,2023
3546702,Santa Gertrudes,SP,59.66,2023
3550209,São Miguel Arcanjo,SP,56.99,2023
3554300,Teodoro Sampaio,SP,66.81,2023
4111209,Itapejara d'Oeste,PR,75.48,2023
4115408,Marmeleiro,PR,78.32,2023
4126272,Saudade do Iguaçu,PR,92.53,2023
4127858,Três Barras do Paraná,PR,79.37,2023
4201208,Antônio Carlos,SC,72.85,2023
4202107,Barra Velha,SC,59.48,2023
4203600,Campos Novos,SC,55.62,2023
4204905,Descanso,SC,91.67,2023
4205001,Dionísio Cerqueira,SC,61.54,2023
4206207,Gravatal,SC,52.63,2023
4209102,Joinville,SC,65.94,2023
4209904,Lontras,SC,59.83,2023
4211892,Painel,SC,55.21,2023
4219309,Videira,SC,57.29,2023
4219705,Xaxim,SC,66.61,2023
4219705,Xaxim,SC,66.84,2023
4300638,Amaral Ferrador,RS,64.44,2023
4301503,Augusto Pestana,RS,82.81,2023
4301958,Barra Funda,RS,100.0,2023
4301958,Barra Funda,RS,82.95,2023
4305603,Colorado,RS,75.0,2023
4305900,Coronel Bicaco,RS,90.51,2023
4307807,Estrela,RS,56.33,2023
4311700,Machadinho,RS,71.97,2023
4312427,Mormaço,RS,85.71,2023
4314050,Parobé,RS,58.28,2023
4314506,Pinheiro Machado,RS,66.15,2023
4314605,Piratini,RS,72.38,2023
4316600,Sananduva,RS,74.42,2023
4320602,Severiano de Almeida,RS,69.52,2023
4321204,Taquara,RS,61.27,2023
4321501,Torres,RS,62.86,2023
4321907,Três Passos,RS,82.86,2023
4321956,Trindade do Sul,RS,83.21,2023
5003454,Deodápolis,MS,89.29,2023
5106307,Paranatinga,MT,44.67,2023
5107792,Santo Antônio do Leste,MT,65.25,2023
1100098,Espigão D'Oeste,RO,85.33,2023
1301308,Codajás,AM,43.66,2023
1501402,Belém,PA,57.85,2023
1600535,Porto Grande,AP,64.87,2023
2100600,Amarante do Maranhão,MA,45.63,2023
2304103,Crateús,CE,97.13,2023
2313708,Umari,CE,87.59,2023
2406205,Lagoa d'Anta,RN,41.67,2023
2412302,São José do Campestre,RN,18.05,2023
2414100,Tenente Ananias,RN,37.76,2023
2502706,Borborema,PB,82.74,2023
2507903,Juripiranga,PB,46.31,2023
2509057,Marcação,PB,30.56,2023
2708006,Santana do Ipanema,AL,34.54,2023
2800670,Boquim,SE,38.46,2023
2803609,Laranjeiras,SE,51.61,2023
2805604,Porto da Folha,SE,48.0,2023
2918456,Jucuruçu,BA,57.25,2023
2923902,Pau Brasil,BA,37.53,2023
3102407,Alvorada de Minas,MG,25.48,2023
3107406,Bom Despacho,MG,66.77,2023
3113008,Caraí,MG,54.56,2023
3114303,Carmo do Paranaíba,MG,78.95,2023
3115300,Cataguases,MG,36.0,2023
3124807,Estrela do Sul,MG,55.81,2023
3127057,Fronteira dos Vales,MG,34.8,2023
3152402,Poté,MG,44.9,2023
3161502,São Geraldo,MG,77.03,2023
3204708,São Gabriel da Palha,ES,87.5,2023
3204708,São Gabriel da Palha,ES,72.46,2023
3504503,Avaré,SP,57.49,2023
3504701,Balbinos,SP,100.0,2023
3505609,Barrinha,SP,55.45,2023
3506508,Birigui,SP,71.09,2023
3520301,Iguape,SP,57.18,2023
3533908,Olímpia,SP,61.15,2023
3541901,Queluz,SP,61.94,2023
3542008,Quintana,SP,51.71,2023
3545506,Sandovalina,SP,79.1,2023
3552205,Sorocaba,SP,47.9,2023
3554003,Tatuí,SP,51.1,2023
4203600,Campos Novos,SC,64.29,2023
4203808,Canoinhas,SC,73.93,2023
4203956,Capivari de Baixo,SC,56.15,2023
4208906,Jaraguá do Sul,SC,72.71,2023
4211892,Painel,SC,63.96,2023
4218004,Tijucas,SC,44.26,2023
4300802,Antônio Prado,RS,70.93,2023
4302352,Bom Princípio,RS,74.32,2023
4308508,Frederico Westphalen,RS,76.95,2023
4310108,Igrejinha,RS,80.14,2023
4310850,Jaboticaba,RS,85.54,2023
4311205,Júlio de Castilhos,RS,61.21,2023
4311304,Lagoa Vermelha,RS,61.02,2023
4311759,Manoel Viana,RS,28.57,2023
4316204,Rondinha,RS,100.0,2023
4316600,Sananduva,RS,73.01,2023
4319000,São Marcos,RS,83.78,2023
5103452,Denise,MT,73.17,2023
1300029,Alvarães,AM,64.21,2023
1301654,Guajará,AM,61.86,2023
1301704,Humaitá,AM,51.51,2023
1302702,Manicoré,AM,51.77,2023
1304104,Tapauá,AM,49.27,2023
1304401,Urucurituba,AM,44.13,2023
1502707,Conceição do Araguaia,PA,41.67,2023
1600253,Itaubal,AP,55.75,2023
2401107,Areia Branca,RN,43.17,2023
2410900,Riachuelo,RN,41.04,2023
2505402,Desterro,PB,33.33,2023
2516904,Uiraúna,PB,93.18,2023
2800308,Aracaju,SE,33.38,2023
2805406,Poço Redondo,SE,8.33,2023
2806602,Santo Amaro das Brotas,SE,31.25,2023
2927408,Salvador,BA,65.36,2023
3100203,Abaeté,MG,52.32,2023
3103504,Araguari,MG,47.93,2023
3104700,Ataléia,MG,67.11,2023
3106002,Bela Vista de Minas,MG,63.8,2023
3107307,Bocaiúva,MG,73.86,2023
3108305,Borda da Mata,MG,65.55,2023
3115102,Cássia,MG,82.35,2023
3123908,Entre Rios de Minas,MG,88.39,2023
3129806,Ibirité,MG,51.6,2023
3133303,Itaobim,MG,52.5,2023
3138682,Luislândia,MG,63.04,2023
3139003,Machado,MG,59.94,2023
3140001,Mariana,MG,60.14,2023
3141009,Mato Verde,MG,91.55,2023
3141108,Matozinhos,MG,47.4,2023
3154101,Recreio,MG,68.72,2023
3168705,Timóteo,MG,80.92,2023
3201209,Cachoeiro de Itapemirim,ES,64.75,2023
3203007,Iúna,ES,71.73,2023
3500105,Adamantina,SP,67.41,2023
3505906,Batatais,SP,78.54,2023
3509908,Cananéia,SP,64.85,2023
3510104,Cândido Rodrigues,SP,69.57,2023
3510609,Carapicuíba,SP,45.21,2023
3511003,Castilho,SP,47.85,2023
3520103,Igarapava,SP,47.11,2023
3522158,Itaóca,SP,60.87,2023
3527009,Lindóia,SP,77.11,2023
3531803,Monte Mor,SP,49.58,2023
3532058,Motuca,SP,79.93,2023
3533809,Óleo,SP,57.14,2023
3535200,Palmeira d'Oeste,SP,67.6,2023
3536000,Parapuã,SP,75.58,2023
3537503,Pereiras,SP,51.39,2023
3537909,Pilar do Sul,SP,56.68,2023
3547650,Santa Salete,SP,93.19,2023
3553906,Tarabai,SP,78.46,2023
4106571,Cruzeiro do Iguaçu,PR,81.66,2023
4208203,Itajaí,SC,56.31,2023
4208708,Jacinto Machado,SC,53.02,2023
4209300,Lages,SC,48.56,2023
4210001,Luiz Alves,SC,80.43,2023
4211108,Monte Castelo,SC,58.78,2023
4212106,Palmitos,SC,60.16,2023
4216503,São Joaquim,SC,34.45,2023
4217303,Saudades,SC,81.64,2023
4217600,Siderópolis,SC,65.03,2023
4218954,Urupema,SC,80.0,2023
4301206,Arroio do Tigre,RS,81.59,2023
4302451,Boqueirão do Leão,RS,59.4,2023
4304101,Campos Borges,RS,26.46,2023
4304309,Cândido Godói,RS,91.67,2023
4304507,Canguçu,RS,79.7,2023
4306106,Cruz Alta,RS,60.59,2023
4307005,Erechim,RS,69.0,2023
4308201,Flores da Cunha,RS,84.25,2023
4311122,Jaquirana,RS,70.83,2023
4312427,Mormaço,RS,78.82,2023
4313037,Nova Esperança do Sul,RS,87.27,2023
4313201,Nova Petrópolis,RS,84.69,2023
4313441,Novo Tiradentes,RS,91.67,2023
4314001,Paraí,RS,93.68,2023
4314076,Passo do Sobrado,RS,88.92,2023
4314498,Pinheirinho do Vale,RS,66.19,2023
4315107,Porto Xavier,RS,75.21,2023
4316105,Ronda Alta,RS,82.5,2023
4320859,Tabaí,RS,59.69,2023
4322707,Vera Cruz,RS,87.57,2023
5000708,Anastácio,MS,31.44,2023
5003751,Eldorado,MS,75.4,2023
5004809,Japorã,MS,61.29,2023
5101803,Barra do Garças,MT,61.17,2023
2413102,Senador Elói de Souza,RN,23.53,2024
4301503,Augusto Pestana,RS,10.0,2024
4309126,Gramado dos Loureiros,RS,37.5,2024
2406155,Jundiá,RN,33.33,2024
2904704,Buerarema,BA,21.43,2024
4315321,Quevedos,RS,25.0,2024
2923902,Pau Brasil,BA,10.0,2024
1704600,Chapada de Areia,TO,6.25,2024
3171030,Verdelândia,MG,16.67,2024
3532868,Nova Castilho,SP,25.0,2024
2410900,Riachuelo,RN,15.38,2024
2406205,Lagoa d'Anta,RN,11.65,2024
2911402,Glória,BA,4.76,2024
4301909,Barra do Ribeiro,RS,8.8,2024
2902658,Banzaê,BA,7.69,2024
1710706,Itaguatins,TO,18.09,2024
4301750,Barão do Triunfo,RS,4.4,2024
1712702,Mateiros,TO,9.09,2024
2405405,Japi,RN,18.18,2024
2414456,Triunfo Potiguar,RN,10.95,2024
4318440,São Jorge,RS,66.7,2024
2403806,Florânia,RN,33.33,2024
4316758,Santa Clara do Sul,RS,22.2,2024
2805604,Porto da Folha,SE,16.67,2024
2910701,Euclides da Cunha,BA,5.88,2024
2902252,Arataca,BA,13.11,2024
4207205,Imaruí,SC,40.0,2024
1600709,Tartarugalzinho,AP,26.67,2024
4321634,Três Arroios,RS,40.0,2024
1200328,Jordão,AC,19.59,2024
2512903,Rio Tinto,PB,16.68,2024
4319208,São Nicolau,RS,7.1,2024
2408706,Paraú,RN,14.29,2024
2410405,Pureza,RN,21.43,2024
1707702,Filadélfia,TO,12.63,2024
2919900,Macururé,BA,12.5,2024
2801504,Carmópolis,SE,16.16,2024
2802007,Divina Pastora,SE,19.53,2024
2413201,Senador Georgino Avelino,RN,27.46,2024
4307609,Estância Velha,RS,24.3,2024
2900207,Abaré,BA,18.24,2024
4310363,Imigrante,RS,50.0,2024
4310652,Itati,RS,58.3,2024
4312005,Mariano Moro,RS,58.3,2024
3142254,Miravânia,MG,41.67,2024
2412708,São Pedro,RN,25.0,2024
2802601,Gracho Cardoso,SE,16.67,2024
4322541,Vale Real,RS,50.0,2024
2801009,Campo do Brito,SE,8.33,2024
4304101,Campos Borges,RS,25.0,2024
1304260,Uarini,AM,11.25,2024
2915403,Itaju do Colônia,BA,15.25,2024
1718659,Rio da Conceição,TO,19.61,2024
4317004,Santana da Boa Vista,RS,13.1,2024
2409704,Pedro Avelino,RN,21.89,2024
1200435,Santa Rosa do Purus,AC,15.62,2024
4208708,Jacinto Machado,SC,36.36,2024
2509370,Mato Grosso,PB,18.18,2024
3108255,Bonito de Minas,MG,27.27,2024
4308458,Fortaleza dos Valos,RS,63.6,2024
1703008,Babaçulândia,TO,19.17,2024
2509057,Marcação,PB,15.43,2024
2911402,Glória,BA,23.53,2024
2203255,Curralinhos,PI,27.56,2024
2206654,Morro Cabeça no Tempo,PI,19.39,2024
1301100,Careiro,AM,17.29,2024
2405603,Jardim de Piranhas,RN,35.0,2024
2406700,Lajes,RN,20.0,2024
4302600,Braga,RS,20.0,2024
4312609,Muçum,RS,30.0,2024
4320354,Sentinela do Sul,RS,23.5,2024
2102507,Cajari,MA,34.1,2024
1301407,Eirunepé,AM,23.81,2024
2802700,Ilha das Flores,SE,16.26,2024
2933158,Várzea Nova,BA,17.95,2024
4210001,Luiz Alves,SC,35.56,2024
2502201,Bom Jesus,PB,68.42,2024
2924207,Pedro Alexandre,BA,20.45,2024
2512721,Pedro Régis,PB,23.99,2024
2507408,Jericó,PB,23.83,2024
2932457,Umburanas,BA,22.95,2024
2900900,Almadina,BA,23.91,2024
4318465,São José do Herval,RS,33.3,2024
1600105,Amapá,AP,22.22,2024
4323408,Vila Maria,RS,50.0,2024
4320453,Sério,RS,11.1,2024
4319125,São Martinho da Serra,RS,27.8,2024
1300805,Borba,AM,22.82,2024
1711951,Lagoa do Tocantins,TO,15.09,2024
2929370,São José do Jacuípe,BA,28.41,2024
2405306,Boa Saúde,RN,20.55,2024
4307500,Espumoso,RS,39.1,2024
1200138,Bujari,AC,19.14,2024
1302553,Manaquiri,AM,20.56,2024
2400307,Afonso Bezerra,RN,23.53,2024
4218954,Urupema,SC,29.41,2024
4308805,General Câmara,RS,22.1,2024
2203354,Dirceu Arcoverde,PI,11.96,2024
2925600,Presidente Dutra,BA,20.0,2024
1711100,Itaporã do Tocantins,TO,24.0,2024
2919926,Madre de Deus,BA,25.81,2024
2916302,Itapebi,BA,23.44,2024
2410702,Riacho da Cruz,RN,37.5,2024
4306973,Erebango,RS,50.0,2024
4318614,São José do Sul,RS,37.5,2024
2911402,Glória,BA,29.69,2024
4310850,Jaboticaba,RS,25.0,2024
2802502,General Maynard,SE,21.91,2024
4319752,São Vendelino,RS,25.0,2024
3102209,Alvarenga,MG,81.25,2024
2928059,Santa Luzia,BA,28.42,2024
4319125,São Martinho da Serra,RS,35.7,2024
5004502,Itaporã,MS,32.03,2024
2401859,Caiçara do Norte,RN,26.47,2024
4300661,André da Rocha,RS,33.3,2024
2407401,Martins,RN,60.0,2024
3103108,Antônio Prado de Minas,MG,86.67,2024
2408201,Nísia Floresta,RN,33.33,2024
1303601,Santa Isabel do Rio Negro,AM,36.02,2024
2922250,Muquém de São Francisco,BA,22.03,2024
4312138,Mato Castelhano,RS,38.7,2024
4301073,Arroio do Padre,RS,18.2,2024
2908606,Conde,BA,28.14,2024
3522653,Itapirapuã Paulista,SP,29.85,2024
2505204,Cuitegi,PB,24.78,2024
1301159,Careiro da Várzea,AM,27.35,2024
4312302,Miraguaí,RS,38.1,2024
5107008,Poxoréo,MT,50.0,2024
3544103,Rio Grande da Serra,SP,57.14,2024
2411700,São Bento do Trairí,RN,33.62,2024
1714302,Nazaré,TO,34.23,2024
1301506,Envira,AM,19.3,2024
2211357,Várzea Branca,PI,31.25,2024
3162450,São João das Missões,MG,33.42,2024
2928307,Santanópolis,BA,22.95,2024
2403103,Currais Novos,RN,40.74,2024
1703891,Carrasco Bonito,TO,23.86,2024
1500404,Alenquer,PA,45.0,2024
2201804,Bocaina,PI,55.0,2024
4318051,São Domingos do Sul,RS,40.0,2024
1503903,Juruti,PA,20.0,2024
2915908,Itanagra,BA,24.53,2024
1303601,Santa Isabel do Rio Negro,AM,36.99,2024
1304401,Urucurituba,AM,30.53,2024
4204178,Cerro Negro,SC,49.84,2024
2918605,Jussiape,BA,33.33,2024
2907608,Central,BA,25.64,2024
4319125,São Martinho da Serra,RS,46.2,2024
2929354,São José da Vitória,BA,27.27,2024
2912608,Ibiquera,BA,15.62,2024
3104700,Ataléia,MG,32.12,2024
2924058,Pé de Serra,BA,39.22,2024
4305439,Chuí,RS,21.1,2024
4311627,Lindolfo Collor,RS,47.4,2024
2920908,Mascote,BA,26.73,2024
2903508,Belo Campo,BA,33.06,2024
2403608,Extremoz,RN,30.68,2024
2800605,Barra dos Coqueiros,SE,28.65,2024
2803807,Malhada dos Bois,SE,37.63,2024
2409803,Pedro Velho,RN,23.56,2024
5108352,Vale de São Domingos,MT,23.86,2024
2902401,Aurelino Leal,BA,33.61,2024
1303601,Santa Isabel do Rio Negro,AM,37.7,2024
4311981,Mariana Pimentel,RS,21.9,2024
2901809,Antônio Gonçalves,BA,25.32,2024
2514453,São José dos Ramos,PB,27.36,2024
1600204,Calçoene,AP,45.89,2024
2514602,São José do Bonfim,PB,29.62,2024
2206357,Milton Brandão,PI,33.33,2024
3118502,Consolação,MG,38.89,2024
3113107,Caranaíba,MG,83.33,2024
2412708,São Pedro,RN,50.0,2024
4321352,Tavares,RS,16.7,2024
2916906,Itiruçu,BA,30.0,2024
4322103,Tucunduva,RS,16.7,2024
4213302,Ponte Alta,SC,44.44,2024
2408300,Nova Cruz,RN,22.22,2024
4309951,Ibirapuitã,RS,41.7,2024
2806701,São Cristóvão,SE,37.5,2024
3505401,Barra do Turvo,SP,34.89,2024
4306973,Erebango,RS,45.2,2024
2806800,São Domingos,SE,29.79,2024
2907400,Catolândia,BA,25.71,2024
1303809,São Gabriel da Cachoeira,AM,31.59,2024
2405207,Janduís,RN,37.93,2024
4202107,Barra Velha,SC,77.55,2024
4302352,Bom Princípio,RS,35.0,2024
5107578,Rondolândia,MT,45.52,2024
1303957,São Sebastião do Uatumã,AM,29.46,2024
4314506,Pinheiro Machado,RS,34.8,2024
3126950,Frei Lagonegro,MG,86.96,2024
4302238,Boa Vista do Incra,RS,26.6,2024
4311502,Lavras do Sul,RS,45.7,2024
4301875,Barra do Quaraí,RS,29.4,2024
4310413,Inhacorá,RS,35.3,2024
4312617,Muitos Capões,RS,29.4,2024
1502707,Conceição do Araguaia,PA,52.94,2024
1200328,Jordão,AC,32.04,2024
5004809,Japorã,MS,53.57,2024
4203105,Caibi,SC,27.3,2024
2705804,Olho d'Água do Casado,AL,36.22,2024
4319406,São Pedro do Sul,RS,45.7,2024
2411429,Santana do Seridó,RN,40.91,2024
2407302,Marcelino Vieira,RN,22.73,2024
3553658,Taquaral,SP,27.27,2024
4303608,Cambará do Sul,RS,63.6,2024
2501153,Areia de Baraúnas,PB,36.36,2024
2704906,Mar Vermelho,AL,57.65,2024
4315305,Quaraí,RS,36.3,2024
4304358,Candiota,RS,36.4,2024
2910909,Firmino Alves,BA,23.26,2024
3152907,Pratápolis,MG,25.0,2024
1300839,Caapiranga,AM,21.72,2024
2925402,Potiraguá,BA,27.54,2024
3129657,Ibiracatu,MG,37.74,2024
4311205,Júlio de Castilhos,RS,40.4,2024
2801603,Cedro de São João,SE,45.3,2024
2922052,Mulungu do Morro,BA,28.83,2024
2210904,Socorro do Piauí,PI,30.86,2024
1701101,Aparecida do Rio Negro,TO,35.78,2024
2804003,Maruim,SE,31.19,2024
3142254,Miravânia,MG,38.92,2024
1507003,Santo Antônio do Tauá,PA,31.66,2024
4202438,Bocaina do Sul,SC,28.06,2024
4304358,Candiota,RS,37.8,2024
2806602,Santo Amaro das Brotas,SE,26.79,2024
3140852,Matias Cardoso,MG,31.08,2024
5004809,Japorã,MS,44.21,2024
4203402,Campo Belo do Sul,SC,53.29,2024
2923357,Ourolândia,BA,34.04,2024
4306957,Entre Rios do Sul,RS,60.0,2024
3144672,Nova Belém,MG,48.0,2024
2920403,Manoel Vitorino,BA,41.67,2024
4318606,São José do Ouro,RS,40.0,2024
2401651,Bodó,RN,60.0,2024
4321832,Três Forquilhas,RS,40.0,2024
2800100,Amparo de São Francisco,SE,50.0,2024
4301958,Barra Funda,RS,50.0,2024
4203709,Canelinha,SC,40.0,2024
4313425,Novo Machado,RS,60.0,2024
4308409,Formigueiro,RS,40.0,2024
4322376,Unistalda,RS,80.0,2024
2607406,Itacuruba,PE,48.57,2024
2306405,Itapipoca,CE,30.0,2024
2411056,Tibau,RN,45.0,2024
2412104,São João do Sabugi,RN,40.0,2024
2805208,Pinhão,SE,40.26,2024
5004809,Japorã,MS,41.76,2024
3139805,Mar de Espanha,MG,49.4,2024
1200385,Plácido de Castro,AC,42.65,2024
1711506,Jaú do Tocantins,TO,62.32,2024
2505501,Vista Serrana,PB,58.31,2024
4307708,Esteio,RS,34.7,2024
2405207,Janduís,RN,37.23,2024
1507201,São Domingos do Capim,PA,32.97,2024
2800670,Boquim,SE,33.02,2024
2504504,Condado,PB,46.13,2024
4312609,Muçum,RS,47.3,2024
4311718,Maçambará,RS,42.4,2024
4209151,José Boiteux,SC,21.16,2024
1200336,Mâncio Lima,AC,38.07,2024
1715002,Nova Rosalândia,TO,55.38,2024
4322376,Unistalda,RS,55.6,2024
4218954,Urupema,SC,33.19,2024
3520301,Iguape,SP,71.43,2024
2927101,Rodelas,BA,50.0,2024
4320651,Silveira Martins,RS,35.7,2024
1709807,Ipueiras,TO,21.43,2024
2801108,Canhoba,SE,64.29,2024
2111672,São Roberto,MA,35.69,2024
2409332,Santa Maria,RN,43.4,2024
2805000,Pedra Mole,SE,47.76,2024
4313102,Nova Palma,RS,35.9,2024
2806503,Santa Rosa de Lima,SE,26.74,2024
4304358,Candiota,RS,41.0,2024
2800670,Boquim,SE,34.91,2024
4317954,Santo Expedito do Sul,RS,66.7,2024
4323507,Vista Alegre,RS,33.3,2024
2404606,Ielmo Marinho,RN,33.33,2024
4322376,Unistalda,RS,38.1,2024
2410504,Rafael Fernandes,RN,33.33,2024
4305124,Cerrito,RS,39.8,2024
4320602,Severiano de Almeida,RS,35.5,2024
1507805,Senador José Porfírio,PA,35.9,2024
4111308,Itaúna do Sul,PR,40.32,2024
4316733,Santa Cecília do Sul,RS,40.9,2024
4308458,Fortaleza dos Valos,RS,68.2,2024
2109759,Santa Filomena do Maranhão,MA,40.91,2024
4317707,Santo Antônio das Missões,RS,59.1,2024
5003488,Dois Irmãos do Buriti,MS,39.87,2024
4211892,Painel,SC,46.38,2024
4310850,Jaboticaba,RS,40.0,2024
4317558,Santo Antônio do Palma,RS,34.6,2024
4305116,Centenário,RS,69.2,2024
4320552,Sertão Santana,RS,46.2,2024
4306973,Erebango,RS,38.5,2024
4312476,Morro Reuter,RS,76.9,2024
1304401,Urucurituba,AM,43.46,2024
4302006,Barros Cassal,RS,46.9,2024
2411403,Santana do Matos,RN,51.92,2024
2405108,Jandaíra,RN,23.53,2024
2933109,Várzea do Poço,BA,43.64,2024
4305454,Cidreira,RS,50.0,2024
4115903,Mirador,PR,56.0,2024
2701506,Campo Grande,AL,37.4,2024
4210704,Matos Costa,SC,37.3,2024
2925501,Prado,BA,50.0,2024
4218350,Treviso,SC,56.3,2024
2926806,Rio do Antônio,BA,43.82,2024
4301503,Augusto Pestana,RS,46.0,2024
1304401,Urucurituba,AM,46.46,2024
3103603,Arantina,MG,57.09,2024
4309159,Gramado Xavier,RS,37.5,2024
4204756,Cunhataí,SC,100.0,2024
4301859,Barra do Guarita,RS,58.3,2024
4117305,Ortigueira,PR,33.33,2024
4305850,Coqueiros do Sul,RS,41.7,2024
4321477,Tiradentes do Sul,RS,66.7,2024
3115508,Caxambu,MG,54.17,2024
3200904,Barra de São Francisco,ES,75.0,2024
3154101,Recreio,MG,41.67,2024
3140555,Mata Verde,MG,58.33,2024
3142254,Miravânia,MG,37.5,2024
4312609,Muçum,RS,53.6,2024
3108255,Bonito de Minas,MG,44.78,2024
4320230,Sede Nova,RS,36.1,2024
4321832,Três Forquilhas,RS,55.3,2024
4114708,Maria Helena,PR,49.96,2024
4126702,Tamboara,PR,46.83,2024
1200328,Jordão,AC,41.14,2024
4110052,Iguatu,PR,43.48,2024
4211454,Nova Itaberaba,SC,71.17,2024
1506112,Quatipuru,PA,47.3,2024
1302207,Juruá,AM,44.2,2024
4310751,Ivorá,RS,60.0,2024
4116000,Miraselva,PR,51.38,2024
1600238,Ferreira Gomes,AP,36.36,2024
2703304,Inhapi,AL,27.27,2024
4306767,Eldorado do Sul,RS,45.5,2024
4312104,Mata,RS,54.6,2024
4319372,São Pedro do Butiá,RS,63.6,2024
3158102,Santa Maria do Salto,MG,36.36,2024
4312617,Muitos Capões,RS,54.8,2024
4312450,Morro Redondo,RS,55.6,2024
3167509,Simão Pereira,MG,48.25,2024
3135076,Jampruca,MG,43.59,2024
4301651,Barão,RS,53.5,2024
4305157,Cerro Grande,RS,64.3,2024
4321832,Três Forquilhas,RS,64.3,2024
4207809,Irani,SC,43.13,2024
4204905,Descanso,SC,28.57,2024
4311254,Lagoão,RS,42.9,2024
2405207,Janduís,RN,35.71,2024
4305702,Condor,RS,85.7,2024
4113254,Laranjal,PR,46.64,2024
3108255,Bonito de Minas,MG,49.15,2024
1507466,São João da Ponta,PA,43.23,2024
4218954,Urupema,SC,36.34,2024
2507903,Juripiranga,PB,41.18,2024
4305306,Chapada,RS,47.5,2024
2207793,Pau D'Arco do Piauí,PI,51.85,2024
4313607,Paim Filho,RS,53.1,2024
2414506,Umarizal,RN,50.0,2024
4316303,Roque Gonzales,RS,60.0,2024
4302451,Boqueirão do Leão,RS,70.0,2024
4304952,Caseiros,RS,40.0,2024
3114303,Carmo do Paranaíba,MG,90.0,2024
1701051,Angico,TO,59.12,2024
3146305,Padre Paraíso,MG,48.96,2024
2100550,Amapá do Maranhão,MA,43.0,2024
3134004,Itinga,MG,50.73,2024
1505494,Palestina do Pará,PA,44.75,2024
4217105,São Martinho,SC,43.48,2024
2913606,Ilhéus,BA,43.48,2024
4122156,Rio Bonito do Iguaçu,PR,55.72,2024
3116902,Comendador Gomes,MG,74.3,2024
4305157,Cerro Grande,RS,79.4,2024
4319737,São Valério do Sul,RS,46.2,2024
4301958,Barra Funda,RS,52.2,2024
3100906,Águas Formosas,MG,69.23,2024
2807006,São Miguel do Aleixo,SE,46.34,2024
4316428,Sagrada Família,RS,43.8,2024
4116505,Nova Aliança do Ivaí,PR,43.75,2024
2110807,São Félix de Balsas,MA,44.69,2024
1505551,Pau D'Arco,PA,48.91,2024
4313441,Novo Tiradentes,RS,47.4,2024
3157005,Salinas,MG,78.95,2024
1717206,Piraquê,TO,54.55,2024
2800670,Boquim,SE,50.0,2024
2922607,Nilo Peçanha,BA,50.52,2024
1703826,Cachoeirinha,TO,64.0,2024
4312054,Marques de Souza,RS,47.8,2024
4215075,Riqueza,SC,72.07,2024
2706703,Penedo,AL,59.12,2024
1300680,Boa Vista do Ramos,AM,67.74,2024
4303608,Cambará do Sul,RS,54.2,2024
1507961,Terra Alta,PA,49.88,2024
5221577,Uirapuru,GO,66.67,2024
1505403,Ourém,PA,38.89,2024
4304309,Cândido Godói,RS,72.2,2024
4322301,Tuparendi,RS,55.6,2024
1502202,Capanema,PA,53.57,2024
4305157,Cerro Grande,RS,100.0,2024
4309803,Ibiaçá,RS,55.6,2024
4302204,Boa Vista do Buricá,RS,40.0,2024
4304853,Carlos Gomes,RS,50.0,2024
4321857,Três Palmeiras,RS,77.8,2024
3133709,Itatiaiuçu,MG,66.67,2024
1502004,Cachoeira do Arari,PA,60.0,2024
4109104,Guaporema,PR,66.67,2024
2801900,Cumbe,SE,54.53,2024
3108305,Borda da Mata,MG,76.61,2024
3127339,Gameleiras,MG,69.63,2024
3120839,Cuparaque,MG,69.0,2024
3108503,Botumirim,MG,65.62,2024
4202073,Balneário Gaivota,SC,61.54,2024
1503200,Igarapé-Açu,PA,70.69,2024
4305504,Ciríaco,RS,82.4,2024
3150208,Piedade de Ponte Nova,MG,80.01,2024
4212056,Palmeira,SC,57.22,2024
4204251,Cocal do Sul,SC,60.53,2024
3107703,Bom Jesus do Amparo,MG,64.29,2024
4312443,Morrinhos do Sul,RS,50.0,2024
5008404,Vicentina,MS,57.14,2024
4301404,Arvorezinha,RS,63.2,2024
1101468,Pimenteiras do Oeste,RO,57.63,2024
4308458,Fortaleza dos Valos,RS,72.7,2024
4300471,Almirante Tamandaré do Sul,RS,36.4,2024
2102002,Bom Jardim,MA,36.36,2024
5000708,Anastácio,MS,54.55,2024
1501501,Benevides,PA,63.64,2024
4214300,Rancho Queimado,SC,81.82,2024
4113106,Kaloré,PR,77.98,2024
3153707,Quartel Geral,MG,63.55,2024
3158102,Santa Maria do Salto,MG,52.89,2024
3116001,Chalé,MG,70.09,2024
1100908,Castanheiras,RO,65.42,2024
4312443,Morrinhos do Sul,RS,64.4,2024
4312617,Muitos Capões,RS,79.0,2024
4301503,Augusto Pestana,RS,63.2,2024
5204557,Caldazinha,GO,60.87,2024
4323200,Victor Graeff,RS,56.3,2024
2404903,Itaú,RN,50.0,2024
4312443,Morrinhos do Sul,RS,75.0,2024
3165206,São Thomé das Letras,MG,100.0,2024
3159357,Santa Rita de Minas,MG,58.94,2024
4301958,Barra Funda,RS,53.9,2024
4318457,São José das Missões,RS,60.4,2024
4202099,Barra Bonita,SC,66.67,2024
3166105,Senhora do Porto,MG,56.52,2024
1302306,Jutaí,AM,59.85,2024
4303608,Cambará do Sul,RS,50.0,2024
4322855,Vespasiano Correa,RS,46.7,2024
1301951,Itamarati,AM,86.67,2024
3162302,São João da Mata,MG,72.0,2024
3201605,Conceição da Barra,ES,60.0,2024
3165552,Setubinha,MG,60.0,2024
3151305,Piraúba,MG,60.0,2024
3114808,Carvalhos,MG,72.5,2024
3158102,Santa Maria do Salto,MG,60.65,2024
3202801,Itapemirim,ES,73.75,2024
4314209,Pedro Osório,RS,58.8,2024
3136405,Joaquim Felício,MG,71.38,2024
3542800,Ribeira,SP,53.85,2024
3145802,Onça de Pitangui,MG,83.33,2024
3130002,Ibituruna,MG,83.33,2024
2806008,Ribeirópolis,SE,59.52,2024
3202702,Itaguaçu,ES,78.57,2024
3126208,Formoso,MG,100.0,2024
4219176,Vargem Bonita,SC,87.5,2024
3115458,Catuji,MG,72.0,2024
4216800,São José do Cerrito,SC,65.03,2024
4121356,Rancho Alegre D'Oeste,PR,56.92,2024
3142908,Monte Azul,MG,66.67,2024
4310850,Jaboticaba,RS,72.7,2024
4301552,Áurea,RS,81.8,2024
1100106,Guajará-Mirim,RO,66.03,2024
5213400,Moiporá,GO,84.62,2024
3125309,Faria Lemos,MG,69.23,2024
4103222,Bom Sucesso do Sul,PR,71.33,2024
4305603,Colorado,RS,82.4,2024
4120903,Quedas do Iguaçu,PR,54.17,2024
5006259,Novo Horizonte do Sul,MS,78.44,2024
5007695,São Gabriel do Oeste,MS,66.67,2024
4302378,Bom Progresso,RS,71.4,2024
4125902,São Pedro do Paraná,PR,75.0,2024
4101853,Ariranha do Ivaí,PR,69.82,2024
2515807,Serra Redonda,PB,85.71,2024
4308854,Gentil,RS,85.7,2024
4205506,Fraiburgo,SC,71.43,2024
4212270,Passos Maia,SC,60.0,2024
4113403,Leópolis,PR,89.7,2024
3146701,Palma,MG,75.61,2024
4305603,Colorado,RS,85.2,2024
3203007,Iúna,ES,100.0,2024
3103306,Aracitaba,MG,86.96,2024
3127057,Fronteira dos Vales,MG,80.0,2024
3142502,Monjolos,MG,95.0,2024
4322343,Ubiretama,RS,55.6,2024
3145505,Olímpio Noronha,MG,94.29,2024
5000856,Angélica,MS,74.18,2024
5210307,Israelândia,GO,92.59,2024
4123204,Santa Cecília do Pavão,PR,80.09,2024
2102325,Buriticupu,MA,100.0,2024
4305603,Colorado,RS,90.0,2024
3142502,Monjolos,MG,93.33,2024
3143153,Monte Formoso,MG,82.61,2024
3154150,Reduto,MG,100.0,2024
2100402,Altamira do Maranhão,MA,73.02,2024
3142502,Monjolos,MG,90.0,2024
1301100,Careiro,AM,24.88,2024
2805406,Poço Redondo,SE,26.61,2024
2707107,Piranhas,AL,25.08,2024
2909901,Curaçá,BA,22.94,2024
1503077,Garrafão do Norte,PA,32.89,2024
2604205,Catende,PE,21.83,2024
1500909,Augusto Corrêa,PA,43.99,2024
1506351,Santa Bárbara do Pará,PA,46.35,2024
2917003,Itiúba,BA,21.05,2024
2915809,Itambé,BA,26.98,2024
2928109,Santa Maria da Vitória,BA,26.29,2024
2902708,Barra,BA,28.48,2024
1507474,São João de Pirabas,PA,40.76,2024
1100106,Guajará-Mirim,RO,45.65,2024
2110401,São Benedito do Rio Preto,MA,38.29,2024
1502004,Cachoeira do Arari,PA,35.33,2024
1304260,Uarini,AM,18.08,2024
1100106,Guajará-Mirim,RO,43.07,2024
1502004,Cachoeira do Arari,PA,33.12,2024
1506583,Santa Maria das Barreiras,PA,42.45,2024
4105201,Cerro Azul,PR,49.89,2024
3301157,Cardoso Moreira,RJ,34.97,2024
2925808,Queimadas,BA,30.32,2024
2931509,Teofilândia,BA,29.57,2024
1503002,Faro,PA,51.79,2024
1508308,Viseu,PA,38.21,2024
1302207,Juruá,AM,47.46,2024
1504307,Maracanã,PA,47.51,2024
2910602,Esplanada,BA,23.96,2024
2929206,São Francisco do Conde,BA,25.66,2024
2608255,Jucati,PE,68.81,2024
1300607,Benjamin Constant,AM,34.3,2024
1300409,Barcelos,AM,38.21,2024
2927101,Rodelas,BA,28.4,2024
2926509,Ribeira do Amparo,BA,33.95,2024
3302270,Japeri,RJ,36.88,2024
3302601,Mangaratiba,RJ,40.95,2024
1505403,Ourém,PA,53.67,2024
1504703,Moju,PA,34.29,2024
2914653,Itabela,BA,24.92,2024
1503804,Jacundá,PA,37.87,2024
2106805,Mirinzal,MA,69.37,2024
2932200,Ubaitaba,BA,31.13,2024
1200179,Capixaba,AC,34.97,2024
2905503,Caldeirão Grande,BA,28.19,2024
1507300,São Félix do Xingu,PA,30.95,2024
1301407,Eirunepé,AM,41.03,2024
2106326,Maracaçumé,MA,41.67,2024
2927101,Rodelas,BA,26.35,2024
1506104,Primavera,PA,49.94,2024
2908200,Conceição da Feira,BA,27.46,2024
2930204,Sento Sé,BA,24.24,2024
2800704,Brejo Grande,SE,34.6,2024
3302858,Mesquita,RJ,35.09,2024
2110278,Santo Amaro do Maranhão,MA,39.84,2024
2904704,Buerarema,BA,28.57,2024
2705606,Novo Lino,AL,39.85,2024
4102802,Bela Vista do Paraíso,PR,54.88,2024
1500404,Alenquer,PA,35.0,2024
1303809,São Gabriel da Cachoeira,AM,41.25,2024
1505403,Ourém,PA,56.24,2024
2613800,São Vicente Ferrer,PE,42.6,2024
2927507,Santa Bárbara,BA,31.58,2024
1500404,Alenquer,PA,34.75,2024
4117800,Palmital,PR,69.5,2024
2911907,Iaçu,BA,28.52,2024
2930808,Souto Soares,BA,31.82,2024
2924405,Pilão Arcado,BA,22.51,2024
1303700,Santo Antônio do Içá,AM,37.94,2024
1502806,Curralinho,PA,24.03,2024
2910503,Entre Rios,BA,32.55,2024
3152105,Ponte Nova,MG,71.59,2024
2904704,Buerarema,BA,29.37,2024
2801009,Campo do Brito,SE,34.96,2024
3126703,Francisco Sá,MG,35.05,2024
1600105,Amapá,AP,19.3,2024
3305109,São João de Meriti,RJ,35.97,2024
2918506,Jussara,BA,43.44,2024
2806305,Santa Luzia do Itanhy,SE,22.15,2024
2903235,Barro Alto,BA,29.75,2024
1300300,Autazes,AM,35.04,2024
1302009,Itapiranga,AM,36.03,2024
1303957,São Sebastião do Uatumã,AM,44.12,2024
1302207,Juruá,AM,49.17,2024
3111408,Campo Florido,MG,52.14,2024
2805604,Porto da Folha,SE,16.85,2024
2804904,Pacatuba,SE,28.56,2024
2911105,Formosa do Rio Preto,BA,28.21,2024
2707404,Porto de Pedras,AL,27.47,2024
2910750,Fátima,BA,49.57,2024
1303304,Novo Aripuanã,AM,50.99,2024
2901908,Aporá,BA,16.52,2024
2932804,Utinga,BA,33.04,2024
1600105,Amapá,AP,19.03,2024
4108007,Florestópolis,PR,63.48,2024
2800407,Arauá,SE,28.6,2024
2916807,Itarantim,BA,41.07,2024
2920106,Mairi,BA,23.42,2024
2606408,Gravatá,PE,43.1,2024
1508001,Tomé-Açu,PA,49.49,2024
2805604,Porto da Folha,SE,16.87,2024
4105003,Catanduvas,PR,56.16,2024
2901353,Andorinha,BA,28.44,2024
1301209,Coari,AM,32.72,2024
2806008,Ribeirópolis,SE,42.2,2024
3303500,Nova Iguaçu,RJ,33.42,2024
2706802,Piaçabuçu,AL,42.39,2024
2803609,Laranjeiras,SE,27.35,2024
2916104,Itaparica,BA,28.57,2024
2907707,Chorrochó,BA,36.19,2024
2909406,Cotegipe,BA,41.9,2024
1303106,Nova Olinda do Norte,AM,48.02,2024
2917102,Itororó,BA,28.85,2024
1507508,São João do Araguaia,PA,35.42,2024
2604601,Condado,PE,43.24,2024
1502707,Conceição do Araguaia,PA,50.76,2024
1302801,Maraã,AM,48.41,2024
2912707,Ibirapitanga,BA,22.06,2024
4322202,Tupanciretã,RS,44.4,2024
1301902,Itacoatiara,AM,42.66,2024
1501709,Bragança,PA,37.0,2024
2801009,Campo do Brito,SE,41.74,2024
2913101,Ibititá,BA,28.0,2024
2904100,Boquira,BA,32.0,2024
4313953,Pantano Grande,RS,25.7,2024
1100338,Nova Mamoré,RO,45.3,2024
1303403,Parintins,AM,51.36,2024
2602001,Bodocó,PE,47.32,2024
1502707,Conceição do Araguaia,PA,50.69,2024
4323002,Viamão,RS,24.2,2024
1303700,Santo Antônio do Içá,AM,40.84,2024
1304237,Tonantins,AM,30.02,2024
3302007,Itaguaí,RJ,41.61,2024
2918100,Jeremoabo,BA,29.53,2024
1508209,Vigia,PA,37.71,2024
2112605,Urbano Santos,MA,38.63,2024
1500305,Afuá,PA,38.18,2024
2108801,Pirapemas,MA,42.38,2024
1503200,Igarapé-Açu,PA,45.59,2024
3171030,Verdelândia,MG,45.28,2024
2915205,Itagibá,BA,44.21,2024
1303106,Nova Olinda do Norte,AM,37.34,2024
1302801,Maraã,AM,52.0,2024
1302306,Jutaí,AM,36.92,2024
1300607,Benjamin Constant,AM,38.24,2024
1300508,Barreirinha,AM,26.28,2024
2410900,Riachuelo,RN,25.65,2024
2702405,Delmiro Gouveia,AL,28.13,2024
1502400,Castanhal,PA,32.97,2024
5200803,Alvorada do Norte,GO,64.99,2024
2100832,Apicum-Açu,MA,39.08,2024
2921203,Miguel Calmon,BA,36.96,2024
4103057,Boa Vista da Aparecida,PR,53.35,2024
4118857,Perobal,PR,70.19,2024
2906303,Canavieiras,BA,28.68,2024
1303106,Nova Olinda do Norte,AM,32.8,2024
1502608,Colares,PA,37.22,2024
1301605,Fonte Boa,AM,35.57,2024
1200302,Feijó,AC,53.33,2024
2800209,Aquidabã,SE,20.53,2024
2921609,Morpará,BA,28.89,2024
2906899,Caraíbas,BA,35.56,2024
1300060,Amaturá,AM,64.58,2024
2201929,Bonfim do Piauí,PI,35.96,2024
2903300,Barro Preto,BA,24.72,2024
2927002,Rio Real,BA,33.21,2024
2801702,Cristinápolis,SE,34.73,2024
2103174,Centro Novo do Maranhão,MA,36.86,2024
3300456,Belford Roxo,RJ,38.9,2024
2806008,Ribeirópolis,SE,38.48,2024
4122602,Rondon,PR,41.63,2024
1503309,Igarapé-Miri,PA,41.34,2024
5007901,Sidrolândia,MS,39.84,2024
1301100,Careiro,AM,56.6,2024
1301654,Guajará,AM,54.66,2024
1200427,Rodrigues Alves,AC,38.92,2024
2902609,Baixa Grande,BA,36.78,2024
1501204,Baião,PA,38.16,2024
2804102,Moita Bonita,SE,58.01,2024
1505700,Ponta de Pedras,PA,57.13,2024
2920007,Maiquinique,BA,32.56,2024
1303304,Novo Aripuanã,AM,53.12,2024
1303007,Nhamundá,AM,57.1,2024
3301405,Conceição de Macabu,RJ,56.17,2024
1302801,Maraã,AM,56.47,2024
2806404,Santana do São Francisco,SE,22.21,2024
4321303,Taquari,RS,31.0,2024
4314506,Pinheiro Machado,RS,45.7,2024
3171030,Verdelândia,MG,48.74,2024
2906204,Canarana,BA,33.73,2024
2802304,Frei Paulo,SE,37.21,2024
2803203,Itaporanga d'Ajuda,SE,39.49,2024
1504505,Melgaço,PA,28.64,2024
2804805,Nossa Senhora do Socorro,SE,30.11,2024
2912301,Ibicuí,BA,50.0,2024
2932408,Uibaí,BA,27.71,2024
4321303,Taquari,RS,25.6,2024
2914505,Irará,BA,32.53,2024
2902005,Aracatu,BA,28.92,2024
2929008,São Félix,BA,31.33,2024
2902104,Araci,BA,24.47,2024
2706505,Passo de Camaragibe,AL,32.59,2024
2802205,Feira Nova,SE,26.0,2024
1504604,Mocajuba,PA,37.29,2024
2707206,Poço das Trincheiras,AL,48.87,2024
2929800,Saúde,BA,20.73,2024
1504901,Muaná,PA,33.63,2024
2605202,Escada,PE,30.48,2024
1301407,Eirunepé,AM,55.35,2024
1507458,São Geraldo do Araguaia,PA,52.06,2024
2930105,Senhor do Bonfim,BA,24.02,2024
3304805,São Fidélis,RJ,48.7,2024
3165578,Senador Amaral,MG,55.11,2024
2802106,Estância,SE,29.77,2024
2803302,Japaratuba,SE,58.28,2024
1300409,Barcelos,AM,45.31,2024
1300508,Barreirinha,AM,25.0,2024
4306502,Dom Feliciano,RS,35.0,2024
3304144,Queimados,RJ,37.63,2024
3302502,Magé,RJ,46.66,2024
3104502,Arinos,MG,50.99,2024
3301801,Engenheiro Paulo de Frontin,RJ,55.56,2024
1505304,Oriximiná,PA,30.61,2024
2804805,Nossa Senhora do Socorro,SE,29.82,2024
1503200,Igarapé-Açu,PA,40.43,2024
4303004,Cachoeira do Sul,RS,40.6,2024
4108502,General Carneiro,PR,55.52,2024
4321303,Taquari,RS,13.2,2024
2902203,Aramari,BA,17.95,2024
2906824,Canudos,BA,30.13,2024
2804805,Nossa Senhora do Socorro,SE,29.8,2024
4217204,São Miguel do Oeste,SC,38.91,2024
2802106,Estância,SE,31.09,2024
2921450,Mirante,BA,46.15,2024
2611705,Riacho das Almas,PE,68.11,2024
2923704,Paratinga,BA,24.46,2024
2914802,Itabuna,BA,29.75,2024
1301159,Careiro da Várzea,AM,32.97,2024
4200705,Alfredo Wagner,SC,37.44,2024
4106456,Coronel Domingos Soares,PR,62.47,2024
2933505,Wenceslau Guimarães,BA,31.17,2024
2916401,Itapetinga,BA,32.22,2024
2410900,Riachuelo,RN,27.78,2024
1500701,Anajás,PA,33.83,2024
3302809,Mendes,RJ,56.89,2024
2700508,Barra de Santo Antônio,AL,32.98,2024
4214409,Rio das Antas,SC,44.51,2024
1101203,Ministro Andreazza,RO,69.17,2024
3304557,Rio de Janeiro,RJ,84.73,2024
2928505,Santa Teresinha,BA,27.63,2024
1302900,Maués,AM,45.97,2024
2805703,Propriá,SE,29.59,2024
2703601,Japaratinga,AL,27.69,2024
1303502,Pauini,AM,48.43,2024
3109204,Buenópolis,MG,75.91,2024
1300508,Barreirinha,AM,24.4,2024
2408953,Rio do Fogo,RN,31.56,2024
1302306,Jutaí,AM,30.91,2024
2912806,Ibirapuã,BA,37.84,2024
1500107,Abaetetuba,PA,35.85,2024
1503093,Goianésia do Pará,PA,42.29,2024
4121000,Querência do Norte,PR,50.32,2024
4208104,Itaiópolis,SC,57.23,2024
2104677,Governador Nunes Freire,MA,60.92,2024
1502103,Cametá,PA,39.08,2024
4205456,Forquilhinha,SC,59.08,2024
2930766,Sítio do Quinto,BA,42.47,2024
2112274,Tufilândia,MA,36.17,2024
4216503,São Joaquim,SC,45.18,2024
3301009,Campos dos Goytacazes,RJ,38.33,2024
3301702,Duque de Caxias,RJ,45.37,2024
4117008,Nova Fátima,PR,79.65,2024
2930600,Serrolândia,BA,25.69,2024
2931400,Teodoro Sampaio,BA,30.56,2024
2909703,Cristópolis,BA,43.75,2024
2802908,Itabaiana,SE,41.79,2024
3140902,Matipó,MG,65.0,2024
2907202,Casa Nova,BA,20.93,2024
1503754,Jacareacanga,PA,24.95,2024
1300300,Autazes,AM,37.75,2024
1506195,Rurópolis,PA,54.76,2024
2103703,Cururupu,MA,66.32,2024
2609907,Ouricuri,PE,30.78,2024
2916609,Itapitanga,BA,36.62,2024
2510204,Nova Olinda,PB,38.04,2024
2707909,Santa Luzia do Norte,AL,38.52,2024
2603801,Capoeiras,PE,69.34,2024
2911600,Governador Mangabeira,BA,29.08,2024
2800605,Barra dos Coqueiros,SE,28.1,2024
2920809,Marcionílio Souza,BA,18.57,2024
4312708,Nonoai,RS,36.2,2024
2903805,Boa Vista do Tupim,BA,32.14,2024
1703842,Campos Lindos,TO,38.52,2024
5005608,Miranda,MS,38.78,2024
1500503,Almeirim,PA,38.92,2024
3103405,Araçuaí,MG,50.75,2024
1505205,Oeiras do Pará,PA,31.03,2024
2932903,Valença,BA,31.89,2024
2106607,Matões,MA,34.52,2024
2803906,Malhador,SE,36.75,2024
1301209,Coari,AM,40.77,2024
1503507,Irituia,PA,49.64,2024
1505536,Parauapebas,PA,49.49,2024
3303807,Paraty,RJ,48.89,2024
4216206,São Francisco do Sul,SC,49.5,2024
1303809,São Gabriel da Cachoeira,AM,50.7,2024
2803401,Japoatã,SE,39.3,2024
5003108,Corguinho,MS,58.66,2024
1501105,Bagre,PA,53.31,2024
2100709,Anajatuba,MA,41.33,2024
2910859,Filadélfia,BA,36.76,2024
2911501,Gongogi,BA,50.0,2024
2106631,Matões do Norte,MA,57.42,2024
3301207,Carmo,RJ,67.98,2024
2413904,Taipu,RN,17.68,2024
2929305,São Gonçalo dos Campos,BA,24.63,2024
2907301,Castro Alves,BA,30.54,2024
2905305,Cafarnaum,BA,30.37,2024
3521150,Ipiguá,SP,43.3,2024
1304062,Tabatinga,AM,37.75,2024
3301009,Campos dos Goytacazes,RJ,38.87,2024
2923100,Olindina,BA,21.29,2024
2405108,Jandaíra,RN,28.23,2024
2703106,Igaci,AL,24.34,2024
2923902,Pau Brasil,BA,32.84,2024
1703107,Barrolândia,TO,49.74,2024
5218102,Portelândia,GO,76.08,2024
3120151,Crisólita,MG,48.66,2024
2100873,Araguanã,MA,91.6,2024
2702553,Estrela de Alagoas,AL,36.15,2024
1505486,Pacajá,PA,45.49,2024
2925907,Quijingue,BA,34.85,2024
2804409,Neópolis,SE,25.49,2024
1502905,Curuçá,PA,33.48,2024
2804607,Nossa Senhora das Dores,SE,28.39,2024
2911857,Heliópolis,BA,36.36,2024
1301852,Iranduba,AM,34.35,2024
2906857,Capela do Alto Alegre,BA,45.45,2024
4216354,São João do Itaperiú,SC,64.01,2024
4111902,Jaguapitã,PR,62.26,2024
2411502,Santo Antônio,RN,23.56,2024
1712504,Marianópolis do Tocantins,TO,36.72,2024
4300406,Alegrete,RS,41.0,2024
2932101,Ubaíra,BA,38.93,2024
1301852,Iranduba,AM,36.82,2024
1303304,Novo Aripuanã,AM,55.73,2024
2805109,Pedrinhas,SE,11.52,2024
4314902,Porto Alegre,RS,20.4,2024
2928406,Santa Rita de Cássia,BA,32.05,2024
1708254,Fortaleza do Tabocão,TO,51.71,2024
5212956,Matrinchã,GO,52.82,2024
3301900,Itaboraí,RJ,50.45,2024
2803500,Lagarto,SE,31.27,2024
2410306,Serra Caiada,RN,40.45,2024
1500206,Acará,PA,41.73,2024
1301001,Carauari,AM,49.19,2024
1302900,Maués,AM,51.72,2024
4305173,Cerro Grande do Sul,RS,41.7,2024
5106505,Poconé,MT,38.36,2024
1301852,Iranduba,AM,53.71,2024
2506103,Fagundes,PB,41.67,2024
2106904,Monção,MA,36.19,2024
2110237,Santana do Maranhão,MA,54.17,2024
1502954,Eldorado do Carajás,PA,50.59,2024
2930907,Tabocas do Brejo Velho,BA,43.31,2024
2101202,Bacabal,MA,51.38,2024
2109700,Sambaíba,MA,77.94,2024
2800605,Barra dos Coqueiros,SE,28.04,2024
1702158,Araguanã,TO,37.81,2024
1300029,Alvarães,AM,58.47,2024
2921500,Monte Santo,BA,27.49,2024
2102200,Buriti,MA,28.95,2024
2922201,Muniz Ferreira,BA,41.27,2024
2905909,Campo Alegre de Lourdes,BA,28.04,2024
5107578,Rondolândia,MT,51.28,2024
2100154,Água Doce do Maranhão,MA,63.75,2024
2405405,Japi,RN,25.76,2024
2900801,Alcobaça,BA,29.6,2024
4322202,Tupanciretã,RS,42.9,2024
3138906,Machacalis,MG,65.94,2024
2109106,Presidente Dutra,MA,45.11,2024
2917508,Jacobina,BA,28.49,2024
2923902,Pau Brasil,BA,34.68,2024
2110658,São Domingos do Azeitão,MA,36.83,2024
1100262,Rio Crespo,RO,62.81,2024
1503101,Gurupá,PA,38.25,2024
1508035,Tracuateua,PA,37.16,2024
1101500,Seringueiras,RO,66.06,2024
2926103,Retirolândia,BA,23.58,2024
2508802,Malta,PB,48.74,2024
4318507,São José do Norte,RS,38.2,2024
2701308,Cajueiro,AL,33.4,2024
5007109,Ribas do Rio Pardo,MS,42.87,2024
1304203,Tefé,AM,36.78,2024
3126703,Francisco Sá,MG,43.35,2024
1301506,Envira,AM,42.34,2024
1303569,Rio Preto da Eva,AM,46.76,2024
4204558,Correia Pinto,SC,56.53,2024
2610400,Parnamirim,PE,58.91,2024
2601607,Belém do São Francisco,PE,62.62,2024
2930501,Serrinha,BA,19.92,2024
2401602,Bento Fernandes,RN,29.29,2024
2702702,Feliz Deserto,AL,45.9,2024
3502002,Analândia,SP,68.65,2024
3304904,São Gonçalo,RJ,43.71,2024
5221080,Teresina de Goiás,GO,62.3,2024
4314506,Pinheiro Machado,RS,50.2,2024
2602605,Brejo da Madre de Deus,PE,48.73,2024
3116001,Chalé,MG,66.0,2024
2909000,Cordeiros,BA,52.46,2024
2922904,Nova Soure,BA,31.41,2024
3301504,Cordeiro,RJ,64.16,2024
5209903,Iaciara,GO,65.45,2024
2919157,Lapão,BA,25.25,2024
4318507,São José do Norte,RS,41.4,2024
4310538,Itaara,RS,38.5,2024
1505064,Novo Repartimento,PA,47.88,2024
1506203,Salinópolis,PA,50.44,2024
2414209,Tibau do Sul,RN,24.98,2024
2413102,Senador Elói de Souza,RN,25.42,2024
1300839,Caapiranga,AM,31.85,2024
2906600,Candiba,BA,41.67,2024
4206652,Guatambú,SC,38.7,2024
3160801,São Bento Abade,MG,76.67,2024
2801207,Canindé de São Francisco,SE,26.66,2024
4319802,São Vicente do Sul,RS,45.7,2024
4203709,Canelinha,SC,41.17,2024
2920452,Mansidão,BA,37.29,2024
2603306,Calçado,PE,40.68,2024
1508159,Uruará,PA,60.84,2024
3305752,Tanguá,RJ,54.46,2024
2922656,Nordestina,BA,26.14,2024
2409902,Pendências,RN,33.3,2024
1301308,Codajás,AM,60.23,2024
1302702,Manicoré,AM,57.02,2024
4123857,Santa Maria do Oeste,PR,70.26,2024
1504109,Magalhães Barata,PA,60.05,2024
4121257,Ramilândia,PR,77.23,2024
1508100,Tucuruí,PA,44.7,2024
1200138,Bujari,AC,25.28,2024
2802106,Estância,SE,43.1,2024
1507409,São Francisco do Pará,PA,37.44,2024
2609808,Orocó,PE,50.86,2024
2913200,Ibotirama,BA,32.87,2024
4312302,Miraguaí,RS,46.8,2024
4313953,Pantano Grande,RS,29.0,2024
2933208,Vera Cruz,BA,38.27,2024
1501782,Breu Branco,PA,50.55,2024
1100346,Alvorada D'Oeste,RO,65.35,2024
2907004,Cardeal da Silva,BA,33.04,2024
4216503,São Joaquim,SC,43.8,2024
1304005,Silves,AM,38.73,2024
4318507,São José do Norte,RS,51.2,2024
2900603,Aiquara,BA,26.32,2024
2600708,Aliança,PE,39.22,2024
2918555,Jussari,BA,31.58,2024
2905404,Cairu,BA,32.87,2024
2805505,Poço Verde,SE,40.54,2024
4113601,Lobato,PR,54.92,2024
3300308,Barra do Piraí,RJ,48.01,2024
4211058,Monte Carlo,SC,52.67,2024
2109551,Ribamar Fiquene,MA,50.14,2024
2807501,Tomar do Geru,SE,40.43,2024
5105507,Vila Bela da Santíssima Trindade,MT,34.61,2024
2701902,Chã Preta,AL,51.71,2024
4322707,Vera Cruz,RS,41.9,2024
1506559,Santa Luzia do Pará,PA,39.77,2024
2906907,Caravelas,BA,49.78,2024
2109270,Presidente Sarney,MA,39.6,2024
3518859,Guatapará,SP,33.82,2024
2925501,Prado,BA,32.74,2024
1301605,Fonte Boa,AM,44.45,2024
1507706,São Sebastião da Boa Vista,PA,47.41,2024
2104073,Feira Nova do Maranhão,MA,65.38,2024
1600501,Oiapoque,AP,21.03,2024
2918407,Juazeiro,BA,29.31,2024
2909208,Coronel João Sá,BA,36.04,2024
1703909,Caseara,TO,31.53,2024
2924603,Pindobaçu,BA,39.19,2024
4107256,Douradina,PR,68.96,2024
2906808,Cansanção,BA,23.19,2024
1503457,Ipixuna do Pará,PA,42.95,2024
2609402,Moreno,PE,43.93,2024
4218301,Três Barras,SC,47.98,2024
1300144,Apuí,AM,49.25,2024
4124004,Santana do Itararé,PR,54.43,2024
2930154,Serra do Ramalho,BA,26.65,2024
2805307,Pirambu,SE,37.68,2024
2913457,Igrapiúna,BA,43.64,2024
1302009,Itapiranga,AM,33.25,2024
2909505,Cravolândia,BA,34.55,2024
3300803,Cachoeiras de Macacu,RJ,49.28,2024
4322103,Tucunduva,RS,46.9,2024
2111904,Sucupira do Norte,MA,60.0,2024
2914901,Itacaré,BA,31.19,2024
2901403,Angical,BA,28.44,2024
5006606,Ponta Porã,MS,39.22,2024
3302056,Italva,RJ,61.79,2024
2104404,Gonçalves Dias,MA,66.96,2024
2804607,Nossa Senhora das Dores,SE,28.34,2024
4318101,São Francisco de Assis,RS,45.6,2024
1505007,Nova Timboteua,PA,51.68,2024
4120333,Prado Ferreira,PR,73.85,2024
1303908,São Paulo de Olivença,AM,32.06,2024
4205209,Erval Velho,SC,58.15,2024
1304062,Tabatinga,AM,40.36,2024
5007703,Sete Quedas,MS,53.09,2024
3147402,Paraopeba,MG,75.74,2024
2603603,Camutanga,PE,66.81,2024
2509206,Massaranduba,PB,40.69,2024
1703867,Cariri do Tocantins,TO,52.01,2024
2103208,Chapadinha,MA,41.58,2024
1100403,Alto Paraíso,RO,60.45,2024
2407104,Macaíba,RN,30.13,2024
2909307,Correntina,BA,26.64,2024
4218301,Três Barras,SC,49.49,2024
2100303,Aldeias Altas,MA,45.37,2024
2609204,Maraial,PE,58.48,2024
2601102,Araripina,PE,52.06,2024
2912400,Ibipeba,BA,36.88,2024
1507953,Tailândia,PA,37.9,2024
1502855,Curuá,PA,42.47,2024
1304260,Uarini,AM,37.98,2024
4306502,Dom Feliciano,RS,43.7,2024
1301209,Coari,AM,47.75,2024
1500859,Anapu,PA,48.45,2024
2911808,Guaratinga,BA,22.64,2024
2802908,Itabaiana,SE,40.82,2024
1507151,São Domingos do Araguaia,PA,40.37,2024
4216503,São Joaquim,SC,43.26,2024
2503803,Caldas Brandão,PB,32.4,2024
4110904,Itaguajé,PR,76.11,2024
1501006,Aveiro,PA,64.37,2024
2929255,São Gabriel,BA,33.54,2024
2919553,Luís Eduardo Magalhães,BA,35.72,2024
2907103,Carinhanha,BA,31.96,2024
2933604,Xique-Xique,BA,32.25,2024
1300706,Boca do Acre,AM,44.78,2024
4108601,Goioerê,PR,63.77,2024
2906402,Candeal,BA,30.77,2024
1501303,Barcarena,PA,39.5,2024
3552809,Taboão da Serra,SP,59.42,2024
1504208,Marabá,PA,50.68,2024
4106001,Congonhinhas,PR,41.19,2024
1304203,Tefé,AM,43.78,2024
3304755,São Francisco de Itabapoana,RJ,47.47,2024
4125001,São João do Ivaí,PR,73.17,2024
2201705,Bertolínia,PI,43.42,2024
2414159,Tenente Laurentino Cruz,RN,37.18,2024
1200054,Assis Brasil,AC,49.17,2024
1506401,Santa Cruz do Arari,PA,52.31,2024
1722081,Wanderlândia,TO,41.89,2024
2511301,Piancó,PB,38.92,2024
1508407,Xinguara,PA,49.27,2024
3304300,Rio Bonito,RJ,57.46,2024
2908309,Conceição do Almeida,BA,41.18,2024
2928950,São Domingos,BA,52.94,2024
2910404,Encruzilhada,BA,37.25,2024
2102325,Buriticupu,MA,43.21,2024
1200104,Brasiléia,AC,46.68,2024
3305604,Silva Jardim,RJ,57.35,2024
2806602,Santo Amaro das Brotas,SE,37.62,2024
1508084,Tucumã,PA,48.54,2024
2913408,Igaporã,BA,42.57,2024
4203709,Canelinha,SC,41.37,2024
5003504,Douradina,MS,68.7,2024
1302900,Maués,AM,63.15,2024
2930774,Sobradinho,BA,34.44,2024
2923407,Palmas de Monte Alto,BA,35.76,2024
2909604,Crisópolis,BA,43.05,2024
1505635,Piçarra,PA,57.18,2024
2109304,Presidente Vargas,MA,47.82,2024
2902658,Banzaê,BA,26.67,2024
2102325,Buriticupu,MA,42.03,2024
4300307,Alecrim,RS,44.5,2024
1506138,Redenção,PA,58.25,2024
4302907,Cacequi,RS,49.0,2024
3127339,Gameleiras,MG,65.52,2024
2928000,Santaluz,BA,29.15,2024
2600054,Abreu e Lima,PE,46.4,2024
4307807,Estrela,RS,54.8,2024
2405108,Jandaíra,RN,29.91,2024
2927200,Ruy Barbosa,BA,27.94,2024
2804409,Neópolis,SE,30.98,2024
1300680,Boa Vista do Ramos,AM,37.21,2024
1303536,Presidente Figueiredo,AM,35.31,2024
4314035,Pareci Novo,RS,54.0,2024
2928604,Santo Amaro,BA,36.96,2024
2932606,Urandi,BA,40.54,2024
2910800,Feira de Santana,BA,33.19,2024
2923209,Oliveira dos Brejinhos,BA,39.29,2024
1303908,São Paulo de Olivença,AM,36.71,2024
1506609,Santa Maria do Pará,PA,39.79,2024
2922755,Nova Ibiá,BA,48.98,2024
1502756,Concórdia do Pará,PA,54.24,2024
2919603,Macajuba,BA,30.14,2024
2902906,Barra do Choça,BA,30.6,2024
4304630,Capão da Canoa,RS,34.4,2024
5002902,Cassilândia,MS,54.38,2024
1505700,Ponta de Pedras,PA,58.0,2024
1100148,Nova Brasilândia D'Oeste,RO,75.61,2024
2107308,Nova Iorque,MA,51.24,2024
1504406,Marapanim,PA,45.42,2024
2704807,Maribondo,AL,41.5,2024
1500602,Altamira,PA,45.32,2024
1506302,Salvaterra,PA,49.47,2024
1504976,Nova Ipixuna,PA,52.55,2024
2910701,Euclides da Cunha,BA,31.34,2024
2904902,Cachoeira,BA,33.06,2024
3305208,São Pedro da Aldeia,RJ,55.74,2024
1506005,Prainha,PA,43.28,2024
3303302,Niterói,RJ,51.2,2024
5212907,Marzagão,GO,83.33,2024
2905602,Camacan,BA,24.61,2024
1501402,Belém,PA,46.08,2024
4213302,Ponte Alta,SC,55.08,2024
2802809,Indiaroba,SE,34.31,2024
5002100,Bela Vista,MS,48.18,2024
5008404,Vicentina,MS,54.36,2024
2409803,Pedro Velho,RN,24.05,2024
2919207,Lauro de Freitas,BA,28.75,2024
2705200,Messias,AL,41.87,2024
4304630,Capão da Canoa,RS,37.4,2024
2807402,Tobias Barreto,SE,46.26,2024
1200138,Bujari,AC,26.69,2024
2800308,Aracaju,SE,38.08,2024
5103403,Cuiabá,MT,50.67,2024
2102101,Brejo,MA,58.08,2024
2413409,Serra Negra do Norte,RN,31.59,2024
2917334,Iuiú,BA,25.53,2024
4312500,Mostardas,RS,39.2,2024
2804458,Nossa Senhora Aparecida,SE,59.01,2024
2931202,Taperoá,BA,47.52,2024
4100459,Altamira do Paraná,PR,74.47,2024
2909109,Coribe,BA,30.71,2024
1502764,Cumaru do Norte,PA,45.2,2024
3139300,Manga,MG,42.75,2024
1505809,Portel,PA,40.72,2024
1717909,Ponte Alta do Tocantins,TO,30.99,2024
2415008,Vila Flor,RN,39.06,2024
2927903,Santa Inês,BA,47.31,2024
2910701,Euclides da Cunha,BA,32.37,2024
4305173,Cerro Grande do Sul,RS,42.8,2024
1300805,Borba,AM,41.24,2024
5001904,Bataguassu,MS,52.31,2024
3301306,Casimiro de Abreu,RJ,58.33,2024
2611309,Pombos,PE,40.45,2024
4319208,São Nicolau,RS,36.6,2024
1703057,Bandeirantes do Tocantins,TO,36.96,2024
3167905,Tabuleiro,MG,74.43,2024
4301800,Barracão,RS,56.4,2024
4316451,Salto do Jacuí,RS,63.6,2024
1303007,Nhamundá,AM,59.5,2024
2913606,Ilhéus,BA,26.63,2024
2913705,Inhambupe,BA,30.13,2024
2925501,Prado,BA,28.97,2024
2106706,Mirador,MA,55.82,2024
1504950,Nova Esperança do Piriá,PA,50.02,2024
2107407,Olho d'Água das Cunhãs,MA,58.91,2024
4112306,Japira,PR,64.46,2024
1504059,Mãe do Rio,PA,46.97,2024
4300604,Alvorada,RS,34.3,2024
2903904,Bom Jesus da Lapa,BA,34.55,2024
2704203,Limoeiro de Anadia,AL,44.61,2024
2903276,Barrocas,BA,46.15,2024
1502202,Capanema,PA,59.24,2024
2105658,Junco do Maranhão,MA,67.86,2024
2509057,Marcação,PB,22.15,2024
2913606,Ilhéus,BA,26.35,2024
2925006,Planalto,BA,24.31,2024
2930303,Serra Dourada,BA,33.09,2024
2109056,Porto Rico do Maranhão,MA,34.42,2024
3172004,Visconde do Rio Branco,MG,65.77,2024
2705408,Monteirópolis,AL,31.11,2024
2930402,Serra Preta,BA,36.67,2024
2204907,Isaías Coelho,PI,34.44,2024
1200393,Porto Walter,AC,39.79,2024
4310108,Igrejinha,RS,34.0,2024
4100400,Almirante Tamandaré,PR,45.12,2024
3140209,Maripá de Minas,MG,59.26,2024
1717800,Ponte Alta do Bom Jesus,TO,44.56,2024
2102374,Cachoeira Grande,MA,56.05,2024
4218301,Três Barras,SC,58.1,2024
1501600,Bonito,PA,32.2,2024
3127057,Fronteira dos Vales,MG,65.19,2024
4320859,Tabaí,RS,24.7,2024
2406205,Lagoa d'Anta,RN,29.12,2024
4218004,Tijucas,SC,44.84,2024
3142809,Monte Alegre de Minas,MG,56.72,2024
3122504,Dom Cavati,MG,73.35,2024
3142007,Mirabela,MG,48.06,2024
2601003,Angelim,PE,62.41,2024
2906006,Campo Formoso,BA,39.03,2024
1715101,Novo Acordo,TO,36.09,2024
2101400,Balsas,MA,39.54,2024
3154150,Reduto,MG,85.67,2024
2929701,Sátiro Dias,BA,30.68,2024
3532157,Nantes,SP,36.18,2024
3127073,Fruta de Leite,MG,66.89,2024
4103602,Cambará,PR,58.04,2024
1100205,Porto Velho,RO,50.84,2024
2103802,Dom Pedro,MA,43.95,2024
4120507,Primeiro de Maio,PR,62.66,2024
3153301,Presidente Kubitschek,MG,79.86,2024
1506500,Santa Isabel do Pará,PA,34.18,2024
2923001,Nova Viçosa,BA,37.21,2024
4315503,Restinga Seca,RS,33.0,2024
4322202,Tupanciretã,RS,41.2,2024
2807600,Umbaúba,SE,39.34,2024
4318705,São Leopoldo,RS,38.8,2024
2911659,Guajeru,BA,36.78,2024
2806206,Salgado,SE,44.89,2024
5004908,Jaraguari,MS,45.19,2024
2201770,Boa Hora,PI,47.16,2024
1301902,Itacoatiara,AM,49.37,2024
3141108,Matozinhos,MG,57.88,2024
1502202,Capanema,PA,59.49,2024
1300029,Alvarães,AM,60.89,2024
2925253,Ponto Novo,BA,36.99,2024
2925956,Rafael Jambeiro,BA,33.53,2024
1507904,Soure,PA,52.41,2024
2801306,Capela,SE,35.78,2024
1710508,Itacajá,TO,41.1,2024
3113305,Carangola,MG,52.42,2024
3305554,Seropédica,RJ,50.53,2024
1101435,Nova União,RO,70.92,2024
1101401,Monte Negro,RO,69.92,2024
4304630,Capão da Canoa,RS,47.5,2024
1506807,Santarém,PA,51.29,2024
4303707,Campina das Missões,RS,50.3,2024
3136504,Jordânia,MG,55.77,2024
3301108,Cantagalo,RJ,52.0,2024
2910057,Dias d'Ávila,BA,32.25,2024
2915601,Itamaraju,BA,37.41,2024
4202305,Biguaçu,SC,35.03,2024
3126901,Frei Inocêncio,MG,64.71,2024
1505437,Ourilândia do Norte,PA,53.11,2024
5005806,Nioaque,MS,60.98,2024
2202653,Caxingó,PI,46.21,2024
2923308,Ouriçangas,BA,50.59,2024
4127908,Tuneiras do Oeste,PR,68.12,2024
4301107,Arroio dos Ratos,RS,35.0,2024
5005152,Juti,MS,47.67,2024
5007554,Santa Rita do Pardo,MS,51.3,2024
2908903,Coração de Maria,BA,21.3,2024
2412559,São Miguel do Gostoso,RN,30.54,2024
4200705,Alfredo Wagner,SC,46.43,2024
2924678,Piraí do Norte,BA,42.86,2024
1503903,Juruti,PA,50.25,2024
2602100,Bom Conselho,PE,60.74,2024
5005681,Mundo Novo,MS,46.46,2024
2915353,Itaguaçu da Bahia,BA,32.8,2024
2805802,Riachão do Dantas,SE,34.65,2024
2908507,Conceição do Jacuípe,BA,37.5,2024
2611408,Primavera,PE,50.41,2024
4109203,Guaraci,PR,72.67,2024
1500958,Aurora do Pará,PA,55.54,2024
2413359,Serra do Mel,RN,27.68,2024
2914000,Ipirá,BA,34.46,2024
1300680,Boa Vista do Ramos,AM,31.41,2024
2912103,Ibicaraí,BA,37.95,2024
2413102,Senador Elói de Souza,RN,26.26,2024
1506161,Rio Maria,PA,56.31,2024
3121308,Descoberto,MG,73.05,2024
1503705,Itupiranga,PA,44.08,2024
1301001,Carauari,AM,61.24,2024
2107456,Olinda Nova do Maranhão,MA,37.64,2024
4209151,José Boiteux,SC,43.47,2024
3171501,Mathias Lobato,MG,67.61,2024
4218004,Tijucas,SC,17.91,2024
2933059,Várzea da Roça,BA,20.73,2024
4311627,Lindolfo Collor,RS,39.0,2024
2700607,Barra de São Miguel,AL,39.04,2024
1503903,Juruti,PA,51.0,2024
1503408,Inhangapi,PA,45.41,2024
3156502,Rubelita,MG,76.83,2024
2913903,Ipiaú,BA,25.15,2024
1200385,Plácido de Castro,AC,36.37,2024
4107702,Fênix,PR,61.86,2024
3124807,Estrela do Sul,MG,69.36,2024
4218004,Tijucas,SC,15.28,2024
2805703,Propriá,SE,34.13,2024
2608008,Jataúba,PE,37.15,2024
1302504,Manacapuru,AM,37.28,2024
2100501,Alto Parnaíba,MA,51.99,2024
3112703,Capitão Enéas,MG,63.8,2024
5203302,Bela Vista de Goiás,GO,62.27,2024
2107605,Palmeirândia,MA,70.09,2024
1101005,Governador Jorge Teixeira,RO,70.76,2024
2908408,Conceição do Coité,BA,30.94,2024
2406502,Lagoa Nova,RN,35.61,2024
2207751,Passagem Franca do Piauí,PI,64.51,2024
3133303,Itaobim,MG,49.62,2024
4303103,Cachoeirinha,RS,39.9,2024
3303203,Nilópolis,RJ,47.32,2024
4322327,Turuçu,RS,61.7,2024
2112456,Turilândia,MA,49.69,2024
4318622,São José dos Ausentes,RS,37.1,2024
5003207,Corumbá,MS,38.3,2024
2700409,Atalaia,AL,44.27,2024
5003801,Fátima do Sul,MS,59.59,2024
1500800,Ananindeua,PA,55.23,2024
2606101,Glória do Goitá,PE,66.22,2024
1502509,Chaves,PA,74.09,2024
2915304,Itagimirim,BA,25.0,2024
4304101,Campos Borges,RS,31.5,2024
2917300,Ituberá,BA,29.17,2024
1304203,Tefé,AM,57.3,2024
4117404,Ourizona,PR,57.5,2024
3300704,Cabo Frio,RJ,55.08,2024
1303957,São Sebastião do Uatumã,AM,73.45,2024
2613404,São José da Coroa Grande,PE,39.24,2024
4305454,Cidreira,RS,33.0,2024
1501451,Belterra,PA,57.61,2024
1100205,Porto Velho,RO,51.67,2024
1303205,Novo Airão,AM,57.09,2024
2921401,Mirangaba,BA,29.41,2024
2915106,Itagi,BA,23.53,2024
3303104,Natividade,RJ,56.91,2024
2706109,Ouro Branco,AL,52.43,2024
2206803,Nossa Senhora dos Remédios,PI,45.57,2024
1504422,Marituba,PA,48.97,2024
2607802,Itaquitinga,PE,57.35,2024
1302702,Manicoré,AM,61.53,2024
2402808,Coronel Ezequiel,RN,32.68,2024
4317103,Sant'Ana do Livramento,RS,44.5,2024
1503606,Itaituba,PA,59.22,2024
3154150,Reduto,MG,83.87,2024
2804508,Nossa Senhora da Glória,SE,31.24,2024
2922003,Mucuri,BA,47.96,2024
2701803,Carneiros,AL,38.85,2024
2904605,Brumado,BA,42.15,2024
4212700,Petrolândia,SC,66.84,2024
4100103,Abatiá,PR,57.74,2024
1508050,Trairão,PA,62.19,2024
4117057,Nova Laranjeiras,PR,68.33,2024
2807303,Telha,SE,42.47,2024
2100808,Anapurus,MA,34.63,2024
2702900,Girau do Ponciano,AL,39.96,2024
3161502,São Geraldo,MG,78.32,2024
4109757,Ibema,PR,70.35,2024
2106359,Marajá do Sena,MA,39.77,2024
2200509,Amarante,PI,32.94,2024
5008404,Vicentina,MS,53.73,2024
1304005,Silves,AM,41.71,2024
3301850,Guapimirim,RJ,47.75,2024
3300258,Arraial do Cabo,RJ,58.05,2024
2927606,Santa Brígida,BA,28.39,2024
1200807,Porto Acre,AC,39.69,2024
2101905,Bequimão,MA,59.75,2024
4322301,Tuparendi,RS,53.0,2024
4303004,Cachoeira do Sul,RS,40.5,2024
2707701,Rio Largo,AL,38.78,2024
2607604,Ilha de Itamaracá,PE,50.6,2024
1302603,Manaus,AM,50.13,2024
2112407,Turiaçu,MA,64.42,2024
2907509,Catu,BA,39.39,2024
2706307,Palmeira dos Índios,AL,39.19,2024
4207205,Imaruí,SC,44.12,2024
2929503,São Sebastião do Passé,BA,46.1,2024
2104602,Governador Eugênio Barros,MA,48.13,2024
4111258,Itaperuçu,PR,52.37,2024
2703403,Jacaré dos Homens,AL,54.66,2024
2107001,Montes Altos,MA,55.27,2024
1100924,Chupinguaia,RO,71.99,2024
5107040,Primavera do Leste,MT,33.91,2024
2902054,Araças,BA,38.26,2024
2901205,Anagé,BA,32.17,2024
4116208,Morretes,PR,59.7,2024
2601409,Barreiros,PE,53.05,2024
2612455,Santa Cruz,PE,69.1,2024
2104206,Fortuna,MA,72.06,2024
4101101,Andirá,PR,64.82,2024
4126108,São Tomé,PR,69.88,2024
1101807,Vale do Paraíso,RO,44.06,2024
1302405,Lábrea,AM,66.7,2024
1703073,Barra do Ouro,TO,18.26,2024
2401909,Caiçara do Rio do Vento,RN,32.54,2024
2919959,Maetinga,BA,47.37,2024
2202117,Campo Alegre do Fidalgo,PI,59.33,2024
3112059,Cantagalo,MG,65.99,2024
2926657,Ribeirão do Largo,BA,52.63,2024
5215900,Palminópolis,GO,82.81,2024
4118303,Paranapoema,PR,61.71,2024
1100114,Jaru,RO,83.66,2024
2800308,Aracaju,SE,44.28,2024
2103752,Davinópolis,MA,69.82,2024
2803500,Lagarto,SE,37.5,2024
1301308,Codajás,AM,48.37,2024
4202701,Botuverá,SC,63.97,2024
2616001,Venturosa,PE,59.29,2024
1301951,Itamarati,AM,82.76,2024
4314902,Porto Alegre,RS,27.4,2024
2903201,Barreiras,BA,36.09,2024
1302504,Manacapuru,AM,39.48,2024
2106508,Matinha,MA,46.67,2024
1501402,Belém,PA,51.6,2024
4219853,Zortéa,SC,57.58,2024
2904050,Bonito,BA,34.0,2024
2931103,Tanquinho,BA,30.67,2024
4321600,Tramandaí,RS,36.7,2024
2602902,Cabo de Santo Agostinho,PE,50.72,2024
1303403,Parintins,AM,61.89,2024
3118403,Conselheiro Pena,MG,43.68,2024
4214151,Princesa,SC,64.05,2024
1703883,Carmolândia,TO,27.47,2024
1501576,Bom Jesus do Tocantins,PA,51.82,2024
2513604,Santana dos Garrotes,PB,52.77,2024
1711803,Juarina,TO,49.1,2024
2513109,Salgado de São Félix,PB,40.52,2024
2922854,Nova Redenção,BA,27.03,2024
4117602,Palmas,PR,54.27,2024
2108603,Pinheiro,MA,46.82,2024
2707503,Porto Real do Colégio,AL,75.68,2024
4103370,Brasilândia do Sul,PR,77.7,2024
4312302,Miraguaí,RS,51.7,2024
1507607,São Miguel do Guamá,PA,49.59,2024
2105005,Humberto de Campos,MA,59.22,2024
2501807,Bayeux,PB,36.71,2024
5107354,São José do Xingu,MT,35.26,2024
4307500,Espumoso,RS,50.3,2024
3158201,Santa Maria do Suaçuí,MG,66.73,2024
3161056,São Félix de Minas,MG,67.09,2024
4110003,Iguaraçu,PR,58.96,2024
2916708,Itaquara,BA,34.25,2024
2905701,Camaçari,BA,36.56,2024
2709004,Tanque d'Arca,AL,53.45,2024
3300936,Carapebus,RJ,59.54,2024
5214002,Mozarlândia,GO,66.57,2024
3304409,Rio Claro,RJ,65.54,2024
2807105,Simão Dias,SE,30.35,2024
4301602,Bagé,RS,36.6,2024
2927408,Salvador,BA,36.75,2024
2614857,Tamandaré,PE,57.18,2024
5103502,Diamantino,MT,46.32,2024
3306008,Três Rios,RJ,51.43,2024
1100254,Presidente Médici,RO,71.14,2024
2411056,Tibau,RN,33.61,2024
2913507,Iguaí,BA,31.48,2024
1705607,Conceição do Tocantins,TO,35.8,2024
2928703,Santo Antônio de Jesus,BA,40.9,2024
2706422,Pariconha,AL,34.4,2024
4303558,Camargo,RS,55.6,2024
3104502,Arinos,MG,48.56,2024
3126307,Fortaleza de Minas,MG,62.75,2024
4322103,Tucunduva,RS,62.9,2024
2402204,Canguaretama,RN,32.26,2024
2405405,Japi,RN,31.34,2024
2927408,Salvador,BA,36.85,2024
1303205,Novo Airão,AM,59.26,2024
4300604,Alvorada,RS,36.2,2024
2925709,Presidente Jânio Quadros,BA,31.78,2024
2918001,Jequié,BA,39.48,2024
2917805,Jaguaripe,BA,46.85,2024
5008008,Terenos,MS,47.09,2024
3153608,Prudente de Morais,MG,70.09,2024
2609154,Manari,PE,52.89,2024
1505502,Paragominas,PA,56.72,2024
2902500,Baianópolis,BA,35.92,2024
4306403,Dois Irmãos,RS,61.2,2024
1300144,Apuí,AM,64.17,2024
1100114,Jaru,RO,65.15,2024
2204659,Ilha Grande,PI,34.84,2024
2411502,Santo Antônio,RN,35.59,2024
2925105,Poções,BA,42.93,2024
4313102,Nova Palma,RS,62.7,2024
1100114,Jaru,RO,63.99,2024
2209302,Santa Luz,PI,55.68,2024
1100122,Ji-Paraná,RO,58.73,2024
3156007,Rio Vermelho,MG,74.26,2024
4309308,Guaíba,RS,31.5,2024
4215455,Sangão,SC,38.53,2024
3132701,Itambacuri,MG,57.69,2024
4317905,Santo Cristo,RS,60.5,2024
2505808,Duas Estradas,PB,60.0,2024
5213772,Montividiu do Norte,GO,65.74,2024
1500800,Ananindeua,PA,53.37,2024
2703809,Joaquim Gomes,AL,27.93,2024
2924009,Paulo Afonso,BA,30.51,2024
4320677,Sinimbu,RS,36.3,2024
2407203,Macau,RN,32.94,2024
2933174,Varzedo,BA,40.0,2024
4313011,Nova Candelária,RS,60.0,2024
2932309,Ubatã,BA,41.9,2024
3143708,Morro do Pilar,MG,61.85,2024
2901106,Amélia Rodrigues,BA,47.14,2024
1302603,Manaus,AM,51.37,2024
4119251,Pinhal de São Bento,PR,97.14,2024
2706422,Pariconha,AL,56.98,2024
3102902,Antônio Carlos,MG,71.65,2024
4203402,Campo Belo do Sul,SC,45.29,2024
4308102,Feliz,RS,51.1,2024
4126272,Saudade do Iguaçu,PR,85.49,2024
2800308,Aracaju,SE,47.18,2024
3517802,Guaraçaí,SP,60.72,2024
2502300,Bom Sucesso,PB,45.24,2024
2610806,Pedra,PE,54.87,2024
2109601,Rosário,MA,57.6,2024
4116109,Moreira Sales,PR,78.01,2024
2906873,Capim Grosso,BA,29.34,2024
4111803,Jacarezinho,PR,47.68,2024
2110708,São Domingos do Maranhão,MA,50.11,2024
1303908,São Paulo de Olivença,AM,58.16,2024
2509057,Marcação,PB,24.23,2024
2924801,Piritiba,BA,40.58,2024
1200609,Tarauacá,AC,45.18,2024
2706422,Pariconha,AL,68.76,2024
4312377,Monte Alegre dos Campos,RS,36.2,2024
2407104,Macaíba,RN,30.44,2024
1300904,Canutama,AM,70.75,2024
1716604,Peixe,TO,42.93,2024
4323002,Viamão,RS,36.7,2024
5107859,São Félix do Araguaia,MT,33.38,2024
1501956,Cachoeira do Piriá,PA,52.04,2024
4322301,Tuparendi,RS,52.7,2024
3302700,Maricá,RJ,59.97,2024
4100202,Adrianópolis,PR,60.95,2024
2931350,Teixeira de Freitas,BA,35.04,2024
2914703,Itaberaba,BA,41.07,2024
5103809,Figueirópolis D'Oeste,MT,58.78,2024
1502301,Capitão Poço,PA,48.98,2024
3118106,Congonhas do Norte,MG,60.49,2024
4212908,Pinhalzinho,SC,70.54,2024
2929404,São Miguel das Matas,BA,36.76,2024
4301636,Balneário Pinhal,RS,43.6,2024
2900702,Alagoinhas,BA,36.64,2024
2910305,Elísio Medrado,BA,35.29,2024
2933000,Valente,BA,37.25,2024
2607505,Itaíba,PE,58.6,2024
4323408,Vila Maria,RS,57.4,2024
1303700,Santo Antônio do Içá,AM,63.3,2024
4322707,Vera Cruz,RS,44.5,2024
2410504,Rafael Fernandes,RN,39.27,2024
4119301,Pinhão,PR,61.33,2024
5209606,Heitoraí,GO,83.54,2024
2929909,Seabra,BA,34.98,2024
1200450,Senador Guiomard,AC,43.66,2024
3112109,Caparaó,MG,67.92,2024
2603207,Caetés,PE,57.25,2024
2905800,Camamu,BA,28.39,2024
4309308,Guaíba,RS,32.7,2024
2922805,Nova Itarana,BA,34.65,2024
4211108,Monte Castelo,SC,43.19,2024
1500800,Ananindeua,PA,52.74,2024
4203501,Campo Erê,SC,48.28,2024
4200101,Abelardo Luz,SC,34.52,2024
2407302,Marcelino Vieira,RN,26.79,2024
2703809,Joaquim Gomes,AL,27.68,2024
4308508,Frederico Westphalen,RS,53.8,2024
2109452,Raposa,MA,48.35,2024
2209005,Rio Grande do Piauí,PI,41.79,2024
2926608,Ribeira do Pombal,BA,40.72,2024
4109906,Icaraíma,PR,51.76,2024
1300706,Boca do Acre,AM,49.61,2024
2927309,Salinas da Margarida,BA,45.77,2024
1501808,Breves,PA,55.58,2024
4313656,Palmares do Sul,RS,45.2,2024
2706307,Palmeira dos Índios,AL,38.7,2024
2917706,Jaguarari,BA,40.77,2024
1301951,Itamarati,AM,82.23,2024
2928802,Santo Estêvão,BA,31.86,2024
1718865,Santa Fé do Araguaia,TO,31.33,2024
2701605,Canapi,AL,62.21,2024
2107803,Parnarama,MA,54.65,2024
4201406,Araranguá,SC,61.61,2024
4306205,Cruzeiro do Sul,RS,35.2,2024
4316907,Santa Maria,RS,39.7,2024
2706307,Palmeira dos Índios,AL,38.67,2024
5003306,Coxim,MS,39.19,2024
4312500,Mostardas,RS,40.3,2024
2614303,Moreilândia,PE,56.94,2024
3305000,São João da Barra,RJ,58.22,2024
4120903,Quedas do Iguaçu,PR,61.62,2024
5219258,Santa Fé de Goiás,GO,92.78,2024
2901700,Antônio Cardoso,BA,25.76,2024
2610707,Paulista,PE,18.18,2024
3501400,Álvaro de Carvalho,SP,58.33,2024
4300604,Alvorada,RS,37.0,2024
2914307,Iramaia,BA,36.36,2024
2209401,Santo Antônio de Lisboa,PI,55.71,2024
2414506,Umarizal,RN,46.97,2024
3116001,Chalé,MG,62.53,2024
2900108,Abaíra,BA,42.42,2024
5104500,Indiavaí,MT,67.61,2024
2706448,Paripueira,AL,35.8,2024
1713957,Muricilândia,TO,49.28,2024
4204558,Correia Pinto,SC,56.97,2024
4110300,Inajá,PR,69.71,2024
2929057,São Félix do Coribe,BA,36.59,2024
2807105,Simão Dias,SE,35.97,2024
4315503,Restinga Seca,RS,42.4,2024
3146305,Padre Paraíso,MG,57.39,2024
4323457,Vila Nova do Sul,RS,44.0,2024
2902658,Banzaê,BA,36.73,2024
2918308,Jitaúna,BA,40.82,2024
5219803,São Domingos,GO,65.94,2024
4312401,Montenegro,RS,39.8,2024
4316907,Santa Maria,RS,40.3,2024
1504802,Monte Alegre,PA,46.69,2024
4119509,Piraquara,PR,50.54,2024
4301875,Barra do Quaraí,RS,26.6,2024
2916203,Itapé,BA,35.38,2024
2912905,Ibirataia,BA,37.44,2024
2614709,Tacaimbó,PE,43.99,2024
3304102,Porciúncula,RJ,52.38,2024
5005681,Mundo Novo,MS,49.43,2024
2613701,São Lourenço da Mata,PE,53.32,2024
2906709,Cândido Sales,BA,30.86,2024
2514107,São João do Tigre,PB,48.38,2024
4305439,Chuí,RS,45.9,2024
4207205,Imaruí,SC,44.91,2024
3155900,Rio Preto,MG,62.04,2024
1300631,Beruri,AM,79.88,2024
2100436,Alto Alegre do Maranhão,MA,51.5,2024
2613008,São Bento do Una,PE,64.03,2024
5300108,Brasília,DF,59.13,2024
3170438,União de Minas,MG,72.68,2024
3107703,Bom Jesus do Amparo,MG,90.32,2024
2907905,Cipó,BA,31.09,2024
4309050,Glorinha,RS,34.3,2024
3169604,Tupaciguara,MG,58.34,2024
1100023,Ariquemes,RO,65.62,2024
3109451,Cabeceira Grande,MG,54.59,2024
2926905,Rio do Pires,BA,15.62,2024
2704302,Maceió,AL,38.97,2024
2931905,Tucano,BA,35.55,2024
2908804,Contendas do Sincorá,BA,40.62,2024
2804409,Neópolis,SE,43.18,2024
2604403,Chã de Alegria,PE,63.28,2024
1301704,Humaitá,AM,60.51,2024
4107520,Esperança Nova,PR,71.04,2024
2407500,Maxaranguape,RN,35.11,2024
4107306,Doutor Camargo,PR,60.84,2024
2708956,Senador Rui Palmeira,AL,57.08,2024
2705309,Minador do Negrão,AL,27.99,2024
2932705,Uruçuca,BA,26.42,2024
2704302,Maceió,AL,40.58,2024
4312476,Morro Reuter,RS,66.3,2024
3156601,Rubim,MG,63.6,2024
3305505,Saquarema,RJ,62.51,2024
2806107,Rosário do Catete,SE,39.01,2024
4316907,Santa Maria,RS,41.4,2024
2704302,Maceió,AL,40.95,2024
2110609,São Bernardo,MA,67.87,2024
2701357,Campestre,AL,62.12,2024
2920205,Malhada,BA,33.68,2024
1100072,Corumbiara,RO,72.68,2024
4213302,Ponte Alta,SC,60.53,2024
4101051,Anahy,PR,69.97,2024
4320859,Tabaí,RS,22.5,2024
2204105,Francisco Ayres,PI,32.38,2024
2922102,Mundo Novo,BA,33.33,2024
4218251,Timbó Grande,SC,38.62,2024
4321204,Taquara,RS,45.8,2024
5003702,Dourados,MS,48.21,2024
4319158,São Miguel das Missões,RS,47.5,2024
2604007,Carpina,PE,59.18,2024
1100130,Machadinho D'Oeste,RO,64.75,2024
2104305,Godofredo Viana,MA,88.4,2024
2700300,Arapiraca,AL,43.75,2024
2703205,Igreja Nova,AL,50.74,2024
4304663,Capão do Leão,RS,28.2,2024
4318705,São Leopoldo,RS,37.5,2024
2904407,Brejolândia,BA,40.43,2024
2703700,Jaramataia,AL,40.27,2024
4206652,Guatambú,SC,42.94,2024
1200104,Brasiléia,AC,48.0,2024
2103307,Codó,MA,50.85,2024
1702901,Axixá do Tocantins,TO,40.2,2024
2515203,São Sebastião do Umbuzeiro,PB,69.29,2024
3127057,Fronteira dos Vales,MG,58.66,2024
4305454,Cidreira,RS,28.2,2024
1300300,Autazes,AM,46.41,2024
4307302,Erval Seco,RS,50.4,2024
4120903,Quedas do Iguaçu,PR,62.11,2024
3140308,Marliéria,MG,70.98,2024
1302009,Itapiranga,AM,29.27,2024
2208874,Ribeira do Piauí,PI,54.84,2024
2805901,Riachuelo,SE,31.48,2024
1200450,Senador Guiomard,AC,47.83,2024
2910107,Dom Basílio,BA,42.74,2024
5215207,Novo Brasil,GO,54.84,2024
5200902,Amorinópolis,GO,80.65,2024
3302403,Macaé,RJ,59.46,2024
3171907,Virgolândia,MG,70.97,2024
1304302,Urucará,AM,73.95,2024
2909802,Cruz das Almas,BA,33.56,2024
2932002,Uauá,BA,40.28,2024
2101509,Barão de Grajaú,MA,51.56,2024
1703701,Brejinho de Nazaré,TO,49.45,2024
1500131,Abel Figueiredo,PA,54.88,2024
2601904,Bezerros,PE,56.84,2024
3126703,Francisco Sá,MG,59.61,2024
1100346,Alvorada D'Oeste,RO,68.33,2024
1100379,Alto Alegre dos Parecis,RO,79.54,2024
4323002,Viamão,RS,38.9,2024
2112803,Viana,MA,53.36,2024
2708501,São Luís do Quitunde,AL,53.64,2024
2610103,Palmeirina,PE,59.45,2024
2601508,Belém de Maria,PE,79.67,2024
1301308,Codajás,AM,40.59,2024
4316501,Salvador do Sul,RS,70.4,2024
2402600,Ceará-Mirim,RN,32.38,2024
2905206,Caetité,BA,39.02,2024
4216206,São Francisco do Sul,SC,52.17,2024
1501402,Belém,PA,57.47,2024
4211504,Nova Trento,SC,51.4,2024
4105607,Cidade Gaúcha,PR,63.42,2024
4311627,Lindolfo Collor,RS,36.1,2024
5107297,São José do Povo,MT,74.75,2024
2700102,Água Branca,AL,48.8,2024
4112751,Jesuítas,PR,89.98,2024
4314902,Porto Alegre,RS,31.3,2024
4200101,Abelardo Luz,SC,56.3,2024
1100049,Cacoal,RO,65.81,2024
3107000,Biquinhas,MG,58.22,2024
2913002,Ibitiara,BA,37.36,2024
2705705,Olho d'Água das Flores,AL,45.46,2024
4103040,Boa Ventura de São Roque,PR,60.49,2024
4116802,Nova Cantu,PR,88.03,2024
2405801,João Câmara,RN,35.88,2024
1100098,Espigão D'Oeste,RO,62.76,2024
3142007,Mirabela,MG,54.27,2024
4108700,Grandes Rios,PR,61.6,2024
2400307,Afonso Bezerra,RN,49.28,2024
4212502,Penha,SC,48.52,2024
2101301,Bacuri,MA,57.55,2024
1304302,Urucará,AM,74.89,2024
2924108,Pedrão,BA,13.33,2024
2200905,Aroazes,PI,30.0,2024
2903953,Bom Jesus da Serra,BA,24.44,2024
2514701,São José do Sabugi,PB,48.54,2024
4309753,Ibarama,RS,41.4,2024
2924504,Pindaí,BA,38.33,2024
5213053,Mimoso de Goiás,GO,80.0,2024
3117207,Conceição das Pedras,MG,76.67,2024
3300159,Aperibé,RJ,68.41,2024
1302405,Lábrea,AM,68.07,2024
2204550,Guaribas,PI,75.0,2024
4317301,Santa Vitória do Palmar,RS,47.2,2024
4200101,Abelardo Luz,SC,59.88,2024
3300209,Araruama,RJ,55.89,2024
3165578,Senador Amaral,MG,63.76,2024
4118204,Paranaguá,PR,61.71,2024
1100254,Presidente Médici,RO,67.81,2024
2607653,Itambé,PE,43.31,2024
5006002,Nova Alvorada do Sul,MS,56.52,2024
3101508,Além Paraíba,MG,55.1,2024
1101484,São Felipe D'Oeste,RO,78.36,2024
2904852,Cabaceiras do Paraguaçu,BA,32.77,2024
2205581,Lagoa do Piauí,PI,44.87,2024
2804706,Nossa Senhora de Lourdes,SE,58.77,2024
2604502,Chã Grande,PE,58.51,2024
4112702,Jataizinho,PR,60.93,2024
4316402,Rosário do Sul,RS,38.4,2024
4104253,Campo Magro,PR,57.97,2024
3121209,Delfinópolis,MG,68.3,2024
2108256,Pedro do Rosário,MA,57.92,2024
1100049,Cacoal,RO,66.07,2024
4309308,Guaíba,RS,36.9,2024
4318804,São Lourenço do Sul,RS,51.6,2024
4301107,Arroio dos Ratos,RS,40.8,2024
4316402,Rosário do Sul,RS,36.7,2024
3303708,Paraíba do Sul,RJ,51.96,2024
4304705,Carazinho,RS,42.0,2024
1302504,Manacapuru,AM,47.46,2024
2105401,Itapecuru Mirim,MA,60.47,2024
4312252,Minas do Leão,RS,33.6,2024
2906105,Canápolis,BA,29.55,2024
4318705,São Leopoldo,RS,37.2,2024
4314605,Piratini,RS,42.8,2024
2915502,Itajuípe,BA,34.09,2024
4305173,Cerro Grande do Sul,RS,45.0,2024
1504455,Medicilândia,PA,48.44,2024
4115101,Mariluz,PR,52.21,2024
3151107,Pirapetinga,MG,66.15,2024
2506400,Gurinhém,PB,27.02,2024
4316402,Rosário do Sul,RS,34.1,2024
5008008,Terenos,MS,49.64,2024
4304101,Campos Borges,RS,33.9,2024
4314050,Parobé,RS,37.8,2024
1501907,Bujaru,PA,51.61,2024
1304062,Tabatinga,AM,51.68,2024
3305158,São José do Vale do Rio Preto,RJ,76.78,2024
4312500,Mostardas,RS,40.8,2024
1200450,Senador Guiomard,AC,51.02,2024
4215505,Santa Cecília,SC,57.41,2024
4209151,José Boiteux,SC,52.77,2024
4208104,Itaiópolis,SC,55.99,2024
2517407,Zabelê,PB,64.73,2024
2500304,Alagoa Grande,PB,28.48,2024
4304408,Canela,RS,42.2,2024
3148756,Pedra Bonita,MG,65.52,2024
2104800,Grajaú,MA,45.8,2024
3305307,São Sebastião do Alto,RJ,49.68,2024
4319208,São Nicolau,RS,53.9,2024
2209658,São Francisco de Assis do Piauí,PI,36.86,2024
2505600,Diamante,PB,72.15,2024
1200385,Plácido de Castro,AC,33.78,2024
4323804,Xangri-lá,RS,37.9,2024
4212304,Paulo Lopes,SC,40.02,2024
4310306,Ilópolis,RS,48.3,2024
4300703,Anta Gorda,RS,70.6,2024
1300607,Benjamin Constant,AM,58.05,2024
2614204,Sirinhaém,PE,74.49,2024
4101309,Antônio Olinto,PR,88.26,2024
3119609,Coronel Pacheco,MG,59.91,2024
1501501,Benevides,PA,65.28,2024
3303906,Petrópolis,RJ,64.81,2024
2104552,Governador Edison Lobão,MA,67.46,2024
4126504,Sertanópolis,PR,61.98,2024
2928208,Santana,BA,38.7,2024
4307500,Espumoso,RS,53.3,2024
4315305,Quaraí,RS,46.6,2024
4217709,Sombrio,SC,49.72,2024
3139300,Manga,MG,41.78,2024
2103505,Colinas,MA,49.9,2024
2804201,Monte Alegre de Sergipe,SE,35.07,2024
4211306,Navegantes,SC,53.39,2024
4318606,São José do Ouro,RS,38.3,2024
4211306,Navegantes,SC,53.23,2024
2919702,Macarani,BA,44.74,2024
2603454,Camaragibe,PE,57.57,2024
3134004,Itinga,MG,58.55,2024
2605707,Floresta,PE,51.67,2024
1501501,Benevides,PA,65.29,2024
4217907,Tangará,SC,77.62,2024
2515609,Serra da Raiz,PB,48.92,2024
4321204,Taquara,RS,45.0,2024
2405009,Jaçanã,RN,39.09,2024
1301001,Carauari,AM,76.56,2024
1714880,Nova Olinda,TO,40.7,2024
1101609,Theobroma,RO,78.73,2024
4321600,Tramandaí,RS,40.2,2024
2933307,Vitória da Conquista,BA,42.75,2024
2706703,Penedo,AL,43.12,2024
2921104,Medeiros Neto,BA,46.9,2024
1504000,Limoeiro do Ajuru,PA,47.82,2024
5004106,Guia Lopes da Laguna,MS,64.58,2024
3144300,Nanuque,MG,57.67,2024
4120101,Porto Amazonas,PR,76.84,2024
3134301,Itumirim,MG,73.75,2024
1300029,Alvarães,AM,65.06,2024
3160306,Santo Antônio do Jacinto,MG,65.72,2024
5007208,Rio Brilhante,MS,52.67,2024
2613107,São Caitano,PE,53.17,2024
3135050,Jaíba,MG,63.5,2024
1100809,Candeias do Jamari,RO,51.63,2024
2406403,Lagoa de Velhos,RN,29.67,2024
2913309,Ichu,BA,32.14,2024
2409100,Passa e Fica,RN,41.07,2024
1700251,Abreulândia,TO,75.0,2024
2203800,Flores do Piauí,PI,43.3,2024
2924900,Planaltino,BA,42.86,2024
4218855,União do Oeste,SC,65.0,2024
2905156,Caetanos,BA,46.43,2024
3144201,Nacip Raydan,MG,62.86,2024
2201309,Barreiras do Piauí,PI,50.77,2024
5005103,Jateí,MS,58.4,2024
5205521,Colinas do Sul,GO,58.9,2024
2209757,São Gonçalo do Gurguéia,PI,60.71,2024
3107505,Bom Jardim de Minas,MG,60.13,2024
2108702,Pio XII,MA,63.6,2024
2709103,Taquarana,AL,38.96,2024
4321105,Tapes,RS,59.3,2024
4115358,Maripá,PR,76.69,2024
2108900,Poção de Pedras,MA,77.27,2024
2108405,Peri Mirim,MA,61.02,2024
3157336,Santa Cruz de Minas,MG,43.82,2024
5002159,Bodoquena,MS,46.43,2024
2616407,Vitória de Santo Antão,PE,50.66,2024
5200258,Águas Lindas de Goiás,GO,53.9,2024
3205150,Vila Pavão,ES,61.4,2024
2608800,Lajedo,PE,57.42,2024
4302105,Bento Gonçalves,RS,44.3,2024
2900355,Adustina,BA,42.45,2024
2922409,Mutuípe,BA,48.92,2024
2803005,Itabaianinha,SE,58.61,2024
4103503,Califórnia,PR,69.28,2024
2912202,Ibicoara,BA,32.53,2024
4322509,Vacaria,RS,38.1,2024
4317103,Sant'Ana do Livramento,RS,47.9,2024
2901007,Amargosa,BA,51.0,2024
4107801,Floraí,PR,85.2,2024
2102309,Buriti Bravo,MA,57.18,2024
2109908,Santa Inês,MA,48.48,2024
3201100,Bom Jesus do Norte,ES,67.33,2024
2606606,Ibimirim,PE,61.76,2024
3141009,Mato Verde,MG,61.37,2024
4202503,Bom Jardim da Serra,SC,28.72,2024
2402402,Carnaúba dos Dantas,RN,29.88,2024
1301704,Humaitá,AM,57.65,2024
4306908,Encruzilhada do Sul,RS,39.4,2024
4320701,Sobradinho,RS,55.0,2024
4322400,Uruguaiana,RS,47.3,2024
2702603,Feira Grande,AL,44.46,2024
4104428,Candói,PR,64.69,2024
4115705,Matinhos,PR,63.15,2024
3107208,Bocaina de Minas,MG,73.33,2024
1712009,Lajeado,TO,38.15,2024
4318002,São Borja,RS,51.3,2024
4211702,Orleans,SC,68.14,2024
2901601,Antas,BA,23.17,2024
4310603,Itaqui,RS,44.1,2024
2513356,Santa Inês,PB,39.01,2024
4318309,São Gabriel,RS,46.6,2024
5104906,Jangada,MT,54.87,2024
3171303,Viçosa,MG,72.11,2024
3115201,Conceição da Barra de Minas,MG,70.43,2024
2707305,Porto Calvo,AL,45.99,2024
2914604,Irecê,BA,46.83,2024
1300805,Borba,AM,54.12,2024
1502939,Dom Eliseu,PA,69.24,2024
3132305,Itaipé,MG,55.18,2024
2402600,Ceará-Mirim,RN,34.66,2024
4313409,Novo Hamburgo,RS,36.0,2024
4313409,Novo Hamburgo,RS,37.0,2024
2901304,Andaraí,BA,47.79,2024
4313409,Novo Hamburgo,RS,57.4,2024
4109807,Ibiporã,PR,64.9,2024
4314209,Pedro Osório,RS,34.3,2024
5005202,Ladário,MS,33.36,2024
4321204,Taquara,RS,44.6,2024
4303103,Cachoeirinha,RS,40.5,2024
3133303,Itaobim,MG,52.98,2024
4108452,Foz do Jordão,PR,78.1,2024
2927804,Santa Cruz da Vitória,BA,37.04,2024
3120300,Cristália,MG,54.17,2024
4314423,Picada Café,RS,57.1,2024
5218003,Porangatu,GO,49.92,2024
1101492,São Francisco do Guaporé,RO,62.99,2024
3132701,Itambacuri,MG,57.33,2024
1200351,Marechal Thaumaturgo,AC,62.82,2024
4201109,Anitápolis,SC,56.94,2024
2911303,Gentio do Ouro,BA,54.32,2024
3136801,Juramento,MG,55.56,2024
1300086,Anamã,AM,77.78,2024
4113759,Lunardelli,PR,70.4,2024
4320503,Sertão,RS,47.2,2024
3135704,Jequitibá,MG,65.96,2024
1301704,Humaitá,AM,57.23,2024
2103554,Conceição do Lago-Açu,MA,54.26,2024
3160009,Santo Antônio do Aventureiro,MG,45.65,2024
4200754,Alto Bela Vista,SC,85.18,2024
1200344,Manoel Urbano,AC,42.51,2024
2708006,Santana do Ipanema,AL,44.16,2024
4309001,Giruá,RS,61.1,2024
4312906,Nova Bassano,RS,51.8,2024
3166709,Serra dos Aimorés,MG,65.83,2024
4300059,Água Santa,RS,55.1,2024
4113304,Laranjeiras do Sul,PR,68.0,2024
4311775,Maquiné,RS,36.9,2024
2906501,Candeias,BA,36.67,2024
2706703,Penedo,AL,42.23,2024
3302106,Itaocara,RJ,70.09,2024
4118709,Paulo Frontin,PR,84.51,2024
4321105,Tapes,RS,51.3,2024
3519253,Iaras,SP,42.77,2024
4305801,Constantina,RS,45.7,2024
1715705,Palmeirante,TO,31.27,2024
1200252,Epitaciolândia,AC,52.28,2024
3154804,Rio Acima,MG,72.91,2024
2606705,Ibirajuba,PE,62.42,2024
2100907,Araioses,MA,42.52,2024
4202305,Biguaçu,SC,45.29,2024
4301909,Barra do Ribeiro,RS,31.6,2024
4209706,Lebon Régis,SC,56.41,2024
2902807,Barra da Estiva,BA,47.17,2024
4319356,São Pedro da Serra,RS,58.8,2024
4105805,Colombo,PR,60.67,2024
1300409,Barcelos,AM,73.58,2024
2211100,União,PI,35.21,2024
3306107,Valença,RJ,55.84,2024
1100940,Cujubim,RO,67.6,2024
4113502,Loanda,PR,73.8,2024
1100049,Cacoal,RO,67.38,2024
2703809,Joaquim Gomes,AL,26.12,2024
2400406,Água Nova,RN,39.66,2024
3114550,Carneirinho,MG,64.51,2024
5003751,Eldorado,MS,56.45,2024
2606606,Ibimirim,PE,63.13,2024
2905107,Caém,BA,36.71,2024
4301107,Arroio dos Ratos,RS,43.2,2024
4126256,Sarandi,PR,56.55,2024
2404903,Itaú,RN,50.96,2024
4302501,Bossoroca,RS,38.4,2024
2412203,São José de Mipibu,RN,34.77,2024
4314050,Parobé,RS,38.0,2024
2800506,Areia Branca,SE,44.81,2024
4310108,Igrejinha,RS,47.7,2024
4313656,Palmares do Sul,RS,50.3,2024
4101606,Arapoti,PR,67.63,2024
2412609,São Paulo do Potengi,RN,36.91,2024
5007695,São Gabriel do Oeste,MS,62.23,2024
4128807,Xambrê,PR,55.19,2024
4128104,Umuarama,PR,63.1,2024
4209300,Lages,SC,48.33,2024
3104502,Arinos,MG,46.89,2024
4211306,Navegantes,SC,46.2,2024
1304104,Tapauá,AM,51.81,2024
4113700,Londrina,PR,65.33,2024
1100296,Santa Luzia D'Oeste,RO,83.36,2024
2413904,Taipu,RN,37.29,2024
5102702,Canarana,MT,42.06,2024
2704500,Maragogi,AL,45.6,2024
2102606,Cândido Mendes,MA,49.53,2024
1100155,Ouro Preto do Oeste,RO,66.4,2024
4311122,Jaquirana,RS,25.6,2024
3554656,Torre de Pedra,SP,30.77,2024
4208807,Jaguaruna,SC,60.98,2024
1501253,Bannach,PA,47.37,2024
3121902,Divinésia,MG,75.0,2024
1304302,Urucará,AM,80.77,2024
1100502,Novo Horizonte do Oeste,RO,70.67,2024
1303007,Nhamundá,AM,63.46,2024
4301305,Arroio Grande,RS,38.1,2024
4305801,Constantina,RS,48.5,2024
3135209,Januária,MG,47.12,2024
3143203,Monte Santo de Minas,MG,61.59,2024
2804508,Nossa Senhora da Glória,SE,37.56,2024
4127106,Telêmaco Borba,PR,61.71,2024
3112901,Caputira,MG,83.3,2024
1300144,Apuí,AM,79.5,2024
2401909,Caiçara do Rio do Vento,RN,36.91,2024
2903706,Boa Nova,BA,46.51,2024
4217709,Sombrio,SC,52.23,2024
1506708,Santana do Araguaia,PA,58.51,2024
2614006,Serrita,PE,59.7,2024
3113008,Caraí,MG,71.52,2024
4322533,Vale do Sol,RS,51.6,2024
1700400,Almas,TO,48.18,2024
3105400,Barão de Cocais,MG,62.71,2024
4300034,Aceguá,RS,52.5,2024
2507200,Itatuba,PB,36.64,2024
2931806,Tremedal,BA,42.86,2024
2101806,Benedito Leite,MA,47.28,2024
3304110,Porto Real,RJ,63.3,2024
4304663,Capão do Leão,RS,29.8,2024
2501807,Bayeux,PB,38.08,2024
4209409,Laguna,SC,34.29,2024
1300839,Caapiranga,AM,45.42,2024
2410405,Pureza,RN,33.85,2024
1714203,Natividade,TO,43.89,2024
1505106,Óbidos,PA,53.98,2024
3204807,São José do Calçado,ES,62.35,2024
4102604,Barracão,PR,73.99,2024
5007406,Rio Verde de Mato Grosso,MS,49.11,2024
5005400,Maracaju,MS,46.55,2024
4123303,Santa Cruz de Monte Castelo,PR,59.1,2024
1502152,Canaã dos Carajás,PA,65.12,2024
1301605,Fonte Boa,AM,71.65,2024
4306379,Dilermando de Aguiar,RS,53.6,2024
4306767,Eldorado do Sul,RS,28.5,2024
2208502,Porto,PI,36.04,2024
1600204,Calçoene,AP,40.24,2024
2502102,Boa Ventura,PB,47.71,2024
5007695,São Gabriel do Oeste,MS,62.1,2024
2910727,Eunápolis,BA,38.37,2024
2921054,Matina,BA,42.52,2024
4318002,São Borja,RS,48.2,2024
2704708,Marechal Deodoro,AL,46.23,2024
4319158,São Miguel das Missões,RS,50.7,2024
3132305,Itaipé,MG,60.31,2024
3302205,Itaperuna,RJ,65.26,2024
2701704,Capela,AL,42.53,2024
1505650,Placas,PA,55.72,2024
3300233,Armação dos Búzios,RJ,68.56,2024
5212709,Mambaí,GO,68.27,2024
4114500,Manoel Ribas,PR,71.98,2024
3134301,Itumirim,MG,82.59,2024
2205508,José de Freitas,PI,42.98,2024
1720655,Silvanópolis,TO,37.39,2024
2612406,Sanharó,PE,65.85,2024
3303955,Pinheiral,RJ,63.28,2024
2614808,Tacaratu,PE,73.8,2024
3150802,Piranga,MG,75.27,2024
2404705,Ipanguaçu,RN,43.03,2024
2611200,Poção,PE,64.18,2024
4117305,Ortigueira,PR,57.28,2024
1302702,Manicoré,AM,69.4,2024
3150570,Pintópolis,MG,64.82,2024
4305587,Colinas,RS,39.9,2024
5003256,Costa Rica,MS,54.88,2024
1302603,Manaus,AM,56.52,2024
2407203,Macau,RN,32.43,2024
1200203,Cruzeiro do Sul,AC,42.18,2024
2409209,Passagem,RN,50.69,2024
2107902,Passagem Franca,MA,58.43,2024
2112506,Tutóia,MA,57.61,2024
2804607,Nossa Senhora das Dores,SE,28.0,2024
4313334,Nova Ramada,RS,28.0,2024
2206704,Nazaré do Piauí,PI,39.0,2024
4311270,Lagoa dos Três Cantos,RS,36.0,2024
2933406,Wagner,BA,45.0,2024
3138104,Lassance,MG,48.0,2024
1200401,Rio Branco,AC,54.06,2024
2708709,São Miguel dos Milagres,AL,50.67,2024
4314753,Poço das Antas,RS,66.3,2024
4305116,Centenário,RS,72.0,2024
2203750,Fartura do Piauí,PI,52.0,2024
4309555,Harmonia,RS,60.0,2024
2601201,Arcoverde,PE,70.04,2024
4105706,Clevelândia,PR,74.84,2024
4313490,Novo Barreiro,RS,37.0,2024
2412203,São José de Mipibu,RN,33.92,2024
4321105,Tapes,RS,37.6,2024
4314779,Pontão,RS,46.9,2024
2601706,Belo Jardim,PE,43.93,2024
2708907,Satuba,AL,55.11,2024
4110607,Iporã,PR,68.95,2024
2111409,São Luís Gonzaga do Maranhão,MA,70.44,2024
3515129,Emilianópolis,SP,88.58,2024
2412005,São Gonçalo do Amarante,RN,32.48,2024
2409308,Patu,RN,32.76,2024
4315701,Rio Pardo,RS,63.4,2024
4204806,Curitibanos,SC,53.48,2024
4212809,Balneário Piçarras,SC,53.84,2024
2102804,Carolina,MA,50.96,2024
2603702,Canhotinho,PE,65.49,2024
1100015,Alta Floresta D'Oeste,RO,67.79,2024
3107703,Bom Jesus do Amparo,MG,98.04,2024
4303103,Cachoeirinha,RS,40.6,2024
4310108,Igrejinha,RS,49.6,2024
4211900,Palhoça,SC,46.53,2024
2112001,Tasso Fragoso,MA,54.9,2024
3167608,Simonésia,MG,80.01,2024
2401206,Arês,RN,31.22,2024
4317202,Santa Rosa,RS,43.2,2024
4317103,Sant'Ana do Livramento,RS,49.2,2024
2926400,Riacho de Santana,BA,52.53,2024
2103604,Coroatá,MA,55.72,2024
2610608,Paudalho,PE,66.03,2024
4114302,Mandirituba,PR,64.48,2024
4101705,Araruna,PR,77.54,2024
3110806,Campanário,MG,47.62,2024
3136702,Juiz de Fora,MG,49.55,2024
3168507,Teixeiras,MG,75.97,2024
3300407,Barra Mansa,RJ,63.88,2024
4119608,Pitanga,PR,73.42,2024
1718758,Rio Sono,TO,26.8,2024
4306767,Eldorado do Sul,RS,27.9,2024
4314407,Pelotas,RS,39.4,2024
4100707,Alto Piquiri,PR,64.66,2024
1506187,Rondon do Pará,PA,68.8,2024
3555406,Ubatuba,SP,36.64,2024
2207603,Parnaguá,PI,47.35,2024
3135050,Jaíba,MG,59.64,2024
2510907,Paulista,PB,40.28,2024
2930709,Simões Filho,BA,42.14,2024
4101200,Antonina,PR,63.75,2024
3146255,Padre Carvalho,MG,64.75,2024
4107157,Diamante D'Oeste,PR,74.32,2024
4106704,Cruzeiro do Sul,PR,71.42,2024
1303205,Novo Airão,AM,69.39,2024
1700301,Aguiarnópolis,TO,40.89,2024
3115904,Chácara,MG,44.9,2024
5005004,Jardim,MS,53.84,2024
3118205,Conquista,MG,65.5,2024
4316451,Salto do Jacuí,RS,58.1,2024
4202503,Bom Jardim da Serra,SC,34.51,2024
5219753,Santo Antônio do Descoberto,GO,53.64,2024
4128625,Alto Paraíso,PR,68.04,2024
3157278,Santa Bárbara do Monte Verde,MG,67.82,2024
4105409,Chopinzinho,PR,70.85,2024
4321501,Torres,RS,44.0,2024
4318002,São Borja,RS,46.4,2024
3535804,Paranapanema,SP,42.59,2024
2111250,São José dos Basílios,MA,56.16,2024
3300100,Angra dos Reis,RJ,60.8,2024
3304508,Rio das Flores,RJ,67.73,2024
2705002,Mata Grande,AL,42.45,2024
4319372,São Pedro do Butiá,RS,64.0,2024
4105102,Centenário do Sul,PR,74.15,2024
4104055,Campo Bonito,PR,78.31,2024
2408300,Nova Cruz,RN,27.74,2024
2404705,Ipanguaçu,RN,40.91,2024
4322400,Uruguaiana,RS,45.7,2024
4100608,Alto Paraná,PR,70.12,2024
4304606,Canoas,RS,41.4,2024
4201307,Araquari,SC,49.55,2024
2610004,Palmares,PE,64.85,2024
2700706,Batalha,AL,45.96,2024
4122651,Rosário do Ivaí,PR,77.0,2024
2807105,Simão Dias,SE,57.12,2024
4321956,Trindade do Sul,RS,41.7,2024
4322152,Tunas,RS,41.1,2024
5105903,Nobres,MT,43.0,2024
2803708,Macambira,SE,29.17,2024
4216305,São João Batista,SC,49.36,2024
4311718,Maçambará,RS,49.9,2024
3156205,Rochedo de Minas,MG,58.33,2024
4319703,São Valentim,RS,48.5,2024
4205357,Flor do Sertão,SC,58.33,2024
5005103,Jateí,MS,57.92,2024
4117305,Ortigueira,PR,58.43,2024
4312955,Nova Boa Vista,RS,66.7,2024
1100080,Costa Marques,RO,59.63,2024
2210391,São Miguel do Fidalgo,PI,64.42,2024
5209408,Guarani de Goiás,GO,64.58,2024
2202075,Cajazeiras do Piauí,PI,75.0,2024
3106002,Bela Vista de Minas,MG,70.83,2024
3166204,Senhora dos Remédios,MG,87.08,2024
4309209,Gravataí,RS,41.0,2024
4305108,Caxias do Sul,RS,43.2,2024
1304104,Tapauá,AM,50.55,2024
2500577,Algodão de Jandaíra,PB,50.16,2024
2931608,Teolândia,BA,44.76,2024
2105302,Imperatriz,MA,54.73,2024
3158904,Santana do Manhuaçu,MG,77.24,2024
2412906,São Tomé,RN,37.72,2024
2931707,Terra Nova,BA,28.42,2024
1718006,Porto Alegre do Tocantins,TO,37.89,2024
4205191,Ermo,SC,69.96,2024
2917359,Jaborandi,BA,43.16,2024
4203303,Campo Alegre,SC,59.82,2024
4206603,Guarujá do Sul,SC,59.9,2024
3301876,Iguaba Grande,RJ,70.32,2024
2211209,Uruçuí,PI,31.55,2024
2410504,Rafael Fernandes,RN,41.81,2024
2919504,Livramento de Nossa Senhora,BA,38.06,2024
4304606,Canoas,RS,42.9,2024
2411502,Santo Antônio,RN,48.64,2024
5004502,Itaporã,MS,54.29,2024
2914109,Ipupiara,BA,59.15,2024
4125506,São José dos Pinhais,PR,64.3,2024
4207304,Imbituba,SC,48.65,2024
3141108,Matozinhos,MG,62.97,2024
3156809,Sabinópolis,MG,60.64,2024
2606804,Igarassu,PE,66.97,2024
1200500,Sena Madureira,AC,65.45,2024
2407203,Macau,RN,32.32,2024
4119152,Pinhais,PR,57.37,2024
3306305,Volta Redonda,RJ,63.25,2024
2409803,Pedro Velho,RN,24.55,2024
2922730,Nova Fátima,BA,31.91,2024
4301875,Barra do Quaraí,RS,25.5,2024
4309209,Gravataí,RS,40.5,2024
4301602,Bagé,RS,43.3,2024
2923605,Paramirim,BA,48.94,2024
1505031,Novo Progresso,PA,56.8,2024
4213708,Pouso Redondo,SC,60.13,2024
3144359,Naque,MG,64.96,2024
2105351,Itaipava do Grajaú,MA,72.99,2024
1101757,Vale do Anari,RO,55.65,2024
3306206,Vassouras,RJ,60.33,2024
5000708,Anastácio,MS,41.7,2024
4309001,Giruá,RS,52.3,2024
4216008,São Carlos,SC,67.95,2024
5004601,Itaquiraí,MS,79.41,2024
2412005,São Gonçalo do Amarante,RN,33.42,2024
4317954,Santo Expedito do Sul,RS,78.1,2024
2112100,Timbiras,MA,44.63,2024
4314159,Paverama,RS,40.7,2024
3113602,Careaçu,MG,74.18,2024
4313508,Osório,RS,44.5,2024
4205407,Florianópolis,SC,46.07,2024
3129657,Ibiracatu,MG,56.19,2024
5221304,Três Ranchos,GO,84.05,2024
4104105,Campo do Tenente,PR,80.98,2024
4317004,Santana da Boa Vista,RS,33.9,2024
4314407,Pelotas,RS,39.3,2024
4103479,Cafezal do Sul,PR,64.76,2024
1702000,Araguaçu,TO,40.54,2024
2110856,São Francisco do Brejão,MA,42.73,2024
3117405,Conceição de Ipanema,MG,74.88,2024
3102407,Alvorada de Minas,MG,57.56,2024
2113009,Vitorino Freire,MA,73.1,2024
4122503,Roncador,PR,76.32,2024
4315057,Porto Mauá,RS,95.2,2024
3531902,Morro Agudo,SP,45.3,2024
4315149,Presidente Lucena,RS,56.3,2024
1503044,Floresta do Araguaia,PA,67.37,2024
2919108,Lamarão,BA,19.57,2024
2900405,Água Fria,BA,30.43,2024
2208809,Regeneração,PI,31.32,2024
2413003,São Vicente,RN,47.83,2024
4314803,Portão,RS,39.7,2024
4317301,Santa Vitória do Palmar,RS,46.0,2024
2918704,Lafaiete Coutinho,BA,56.52,2024
4216602,São José,SC,55.01,2024
3135050,Jaíba,MG,57.52,2024
2106755,Miranda do Norte,MA,50.55,2024
2404408,Grossos,RN,73.91,2024
4305801,Constantina,RS,60.9,2024
5205802,Corumbá de Goiás,GO,80.7,2024
5200209,Água Limpa,GO,78.26,2024
4306502,Dom Feliciano,RS,78.3,2024
2612554,Santa Filomena,PE,53.14,2024
4314076,Passo do Sobrado,RS,50.2,2024
3305802,Teresópolis,RJ,64.17,2024
4204194,Chapadão do Lageado,SC,65.91,2024
2513703,Santa Rita,PB,35.79,2024
2111052,São João do Paraíso,MA,43.97,2024
5106828,Porto Esperidião,MT,49.8,2024
3132305,Itaipé,MG,68.78,2024
4315503,Restinga Seca,RS,58.8,2024
4305447,Chuvisca,RS,69.0,2024
2600302,Agrestina,PE,64.09,2024
1718907,Santa Rosa do Tocantins,TO,36.92,2024
4312708,Nonoai,RS,44.6,2024
3154309,Resplendor,MG,61.12,2024
4317905,Santo Cristo,RS,59.8,2024
4303004,Cachoeira do Sul,RS,40.2,2024
2919801,Macaúbas,BA,31.5,2024
4319901,Sapiranga,RS,41.1,2024
5007505,Rochedo,MS,48.97,2024
3302304,Laje do Muriaé,RJ,48.41,2024
2609600,Olinda,PE,62.29,2024
2612505,Santa Cruz do Capibaribe,PE,55.94,2024
1508126,Ulianópolis,PA,61.52,2024
2505238,Cuité de Mamanguape,PB,22.16,2024
2501005,Araruna,PB,40.53,2024
2708402,São José da Tapera,AL,50.43,2024
3147204,Paraguaçu,MG,69.21,2024
3135456,Jenipapo de Minas,MG,59.39,2024
4213609,Porto União,SC,59.53,2024
2515302,Sapé,PB,39.0,2024
4302709,Butiá,RS,45.8,2024
4317806,Santo Augusto,RS,59.1,2024
1200401,Rio Branco,AC,54.55,2024
2102903,Carutapera,MA,61.21,2024
2102358,Buritirana,MA,54.91,2024
3304524,Rio das Ostras,RJ,68.67,2024
3302254,Itatiaia,RJ,67.6,2024
4220000,Balneário Rincão,SC,39.68,2024
2806602,Santo Amaro das Brotas,SE,51.11,2024
4320008,Sapucaia do Sul,RS,47.3,2024
4321352,Tavares,RS,28.9,2024
2709400,Viçosa,AL,49.91,2024
1301506,Envira,AM,82.18,2024
4125407,São José da Boa Vista,PR,76.15,2024
1710904,Itapiratins,TO,53.53,2024
4314605,Piratini,RS,54.5,2024
2500205,Aguiar,PB,61.96,2024
3138682,Luislândia,MG,76.02,2024
4302501,Bossoroca,RS,46.9,2024
2907806,Cícero Dantas,BA,36.31,2024
4314100,Passo Fundo,RS,38.5,2024
2910008,Dário Meira,BA,41.07,2024
2614501,Surubim,PE,58.71,2024
5003157,Coronel Sapucaia,MS,60.75,2024
3168507,Teixeiras,MG,71.12,2024
4204251,Cocal do Sul,SC,60.6,2024
2101772,Bela Vista do Maranhão,MA,77.73,2024
4311205,Júlio de Castilhos,RS,41.7,2024
2925204,Pojuca,BA,51.55,2024
3304607,Santa Maria Madalena,RJ,65.02,2024
2109908,Santa Inês,MA,50.83,2024
2912004,Ibiassucê,BA,61.19,2024
4307708,Esteio,RS,46.6,2024
4213401,Ponte Serrada,SC,43.83,2024
2923506,Palmeiras,BA,40.45,2024
2204352,Geminiano,PI,53.59,2024
4203154,Calmon,SC,57.9,2024
4311130,Jari,RS,36.4,2024
5002704,Campo Grande,MS,51.76,2024
4210407,Maracajá,SC,61.81,2024
5002704,Campo Grande,MS,51.59,2024
3139300,Manga,MG,41.04,2024
3142700,Montalvânia,MG,60.75,2024
2104909,Guimarães,MA,86.95,2024
5000708,Anastácio,MS,40.97,2024
3117306,Conceição das Alagoas,MG,58.64,2024
2701209,Cacimbinhas,AL,54.19,2024
2616308,Vicência,PE,68.15,2024
4314803,Portão,RS,39.8,2024
2407401,Martins,RN,54.91,2024
3144300,Nanuque,MG,60.09,2024
4103206,Bom Sucesso,PR,72.9,2024
1713601,Monte do Carmo,TO,19.71,2024
4314100,Passo Fundo,RS,36.5,2024
1101302,Mirante da Serra,RO,73.82,2024
2203859,Floresta do Piauí,PI,54.55,2024
1718451,Pugmil,TO,40.91,2024
2408102,Natal,RN,33.36,2024
4302584,Bozano,RS,27.3,2024
2512606,Quixabá,PB,45.45,2024
2207934,Pedro Laurentino,PI,47.35,2024
2931301,Tapiramutá,BA,41.82,2024
4304606,Canoas,RS,49.0,2024
2910776,Feira da Mata,BA,45.45,2024
4303905,Campo Bom,RS,59.1,2024
4312104,Mata,RS,50.0,2024
4300638,Amaral Ferrador,RS,57.2,2024
4323309,Vila Flores,RS,68.8,2024
3153202,Presidente Juscelino,MG,54.55,2024
4312203,Maximiliano de Almeida,RS,50.0,2024
4315156,Progresso,RS,64.8,2024
5207105,Diorama,GO,77.27,2024
3134301,Itumirim,MG,95.45,2024
4217253,São Pedro de Alcântara,SC,63.64,2024
2926004,Remanso,BA,35.26,2024
1504752,Mojuí dos Campos,PA,43.72,2024
1300706,Boca do Acre,AM,56.69,2024
3132701,Itambacuri,MG,56.95,2024
4127601,Tijucas do Sul,PR,68.4,2024
1100288,Rolim de Moura,RO,75.19,2024
2921708,Morro do Chapéu,BA,28.31,2024
2802908,Itabaiana,SE,35.59,2024
2403707,Felipe Guerra,RN,51.71,2024
4305108,Caxias do Sul,RS,43.6,2024
4202800,Braço do Norte,SC,55.81,2024
3303609,Paracambi,RJ,69.98,2024
3161403,São Francisco do Glória,MG,78.59,2024
3304128,Quatis,RJ,60.05,2024
4107652,Fazenda Rio Grande,PR,64.69,2024
4104709,Carlópolis,PR,66.18,2024
4220000,Balneário Rincão,SC,51.64,2024
4308409,Formigueiro,RS,56.9,2024
2111763,Senador La Rocque,MA,64.13,2024
2102408,Cajapió,MA,64.0,2024
4202081,Bandeirante,SC,56.89,2024
2606200,Goiana,PE,45.89,2024
5001102,Aquidauana,MS,58.42,2024
2600203,Afrânio,PE,59.87,2024
3162559,São João do Manhuaçu,MG,71.72,2024
4119202,Pinhalão,PR,76.88,2024
2505402,Desterro,PB,45.8,2024
1600204,Calçoene,AP,39.25,2024
2400307,Afonso Bezerra,RN,59.25,2024
4124103,Santo Antônio da Platina,PR,55.04,2024
3167202,Sete Lagoas,MG,60.35,2024
1100098,Espigão D'Oeste,RO,69.79,2024
3116506,Claro dos Poções,MG,68.63,2024
2200459,Alvorada do Gurguéia,PI,41.74,2024
4202305,Biguaçu,SC,51.58,2024
3144656,Ninheira,MG,77.17,2024
4307708,Esteio,RS,47.0,2024
4308102,Feliz,RS,46.1,2024
4220000,Balneário Rincão,SC,54.65,2024
4306106,Cruz Alta,RS,58.8,2024
4127809,Tomazina,PR,83.7,2024
2408300,Nova Cruz,RN,28.42,2024
4309209,Gravataí,RS,37.3,2024
4310603,Itaqui,RS,47.9,2024
5103106,Cocalinho,MT,52.39,2024
2616209,Vertentes,PE,56.85,2024
3100906,Águas Formosas,MG,61.93,2024
1700350,Aliança do Tocantins,TO,76.09,2024
1300904,Canutama,AM,75.82,2024
3539103,Pirapora do Bom Jesus,SP,40.79,2024
4309001,Giruá,RS,46.3,2024
5001508,Bandeirantes,MS,52.42,2024
3132107,Itacarambi,MG,59.28,2024
4316808,Santa Cruz do Sul,RS,43.8,2024
2410405,Pureza,RN,36.22,2024
4210803,Meleiro,SC,48.04,2024
4200705,Alfredo Wagner,SC,65.16,2024
2105500,João Lisboa,MA,55.83,2024
2610707,Paulista,PE,54.94,2024
2105476,Jenipapo dos Vieiras,MA,69.39,2024
1506906,Santarém Novo,PA,78.25,2024
5108402,Várzea Grande,MT,41.63,2024
4308607,Garibaldi,RS,54.4,2024
4213708,Pouso Redondo,SC,63.51,2024
4319802,São Vicente do Sul,RS,46.3,2024
3551405,Serra Azul,SP,44.65,2024
2600609,Alagoinha,PE,53.87,2024
2105708,Lago da Pedra,MA,79.18,2024
2103901,Duque Bacelar,MA,81.51,2024
2100600,Amarante do Maranhão,MA,41.33,2024
2901155,América Dourada,BA,43.23,2024
5003702,Dourados,MS,53.18,2024
2610707,Paulista,PE,55.54,2024
3157203,Santa Bárbara,MG,66.55,2024
2105427,Itinga do Maranhão,MA,60.13,2024
4107850,Flor da Serra do Sul,PR,85.55,2024
4314100,Passo Fundo,RS,32.7,2024
4312401,Montenegro,RS,43.0,2024
4211900,Palhoça,SC,47.35,2024
2706901,Pilar,AL,45.81,2024
3137007,Ladainha,MG,54.47,2024
2607208,Ipojuca,PE,64.15,2024
3303401,Nova Friburgo,RJ,68.84,2024
2112308,Tuntum,MA,66.43,2024
4309654,Hulha Negra,RS,20.3,2024
4322400,Uruguaiana,RS,43.9,2024
3171006,Vazante,MG,58.25,2024
5106778,Porto Alegre do Norte,MT,53.25,2024
2917201,Ituaçu,BA,43.98,2024
3152808,Prata,MG,50.5,2024
3147402,Paraopeba,MG,72.26,2024
1100254,Presidente Médici,RO,60.01,2024
3108503,Botumirim,MG,81.34,2024
4322541,Vale Real,RS,40.0,2024
2801405,Carira,SE,34.24,2024
4306106,Cruz Alta,RS,54.7,2024
3167608,Simonésia,MG,72.42,2024
1706506,Darcinópolis,TO,45.61,2024
5002209,Bonito,MS,58.78,2024
3127206,Funilândia,MG,69.2,2024
5102850,Castanheira,MT,64.87,2024
2917607,Jaguaquara,BA,53.7,2024
4314605,Piratini,RS,57.7,2024
4218103,Timbé do Sul,SC,80.2,2024
4319505,São Sebastião do Caí,RS,37.1,2024
1200708,Xapuri,AC,51.91,2024
4217709,Sombrio,SC,57.72,2024
3119203,Coroaci,MG,73.42,2024
5007950,Tacuru,MS,56.62,2024
3148509,Pavão,MG,81.4,2024
3140605,Materlândia,MG,28.57,2024
1600303,Macapá,AP,37.65,2024
4314407,Pelotas,RS,39.2,2024
4300307,Alecrim,RS,42.4,2024
3123403,Doresópolis,MG,66.67,2024
4202503,Bom Jardim da Serra,SC,42.86,2024
4313102,Nova Palma,RS,81.0,2024
5003702,Dourados,MS,53.43,2024
2111201,São José de Ribamar,MA,56.58,2024
4315305,Quaraí,RS,50.4,2024
4208203,Itajaí,SC,54.24,2024
3125804,Fernandes Tourinho,MG,52.38,2024
5214903,Nova Roma,GO,71.43,2024
2414001,Tangará,RN,47.62,2024
2110005,Santa Luzia,MA,58.7,2024
1720150,São Félix do Tocantins,TO,61.9,2024
3126208,Formoso,MG,80.63,2024
2105153,Igarapé do Meio,MA,77.64,2024
4312757,Nova Alvorada,RS,71.4,2024
2208551,Porto Alegre do Piauí,PI,64.29,2024
2600500,Águas Belas,PE,59.77,2024
2510006,Nazarezinho,PB,63.86,2024
3126109,Formiga,MG,75.45,2024
4102901,Bituruna,PR,70.06,2024
4304408,Canela,RS,46.8,2024
4122206,Rio Branco do Sul,PR,61.35,2024
3147105,Pará de Minas,MG,69.52,2024
4128633,Doutor Ulysses,PR,69.45,2024
5100102,Acorizal,MT,40.41,2024
4317707,Santo Antônio das Missões,RS,54.4,2024
5004502,Itaporã,MS,57.29,2024
2602704,Buenos Aires,PE,85.53,2024
4111704,Jaboti,PR,73.86,2024
2803104,Itabi,SE,33.65,2024
4202107,Barra Velha,SC,48.69,2024
4306106,Cruz Alta,RS,50.9,2024
3304557,Rio de Janeiro,RJ,63.81,2024
4123006,Salto do Lontra,PR,76.46,2024
2409308,Patu,RN,32.39,2024
2925303,Porto Seguro,BA,45.5,2024
4309753,Ibarama,RS,48.9,2024
4310009,Ibirubá,RS,55.7,2024
2609303,Mirandiba,PE,57.83,2024
2611606,Recife,PE,54.36,2024
3304557,Rio de Janeiro,RJ,63.75,2024
4314175,Pedras Altas,RS,55.9,2024
3557303,Estiva Gerbi,SP,51.48,2024
4301305,Arroio Grande,RS,43.4,2024
2414407,Touros,RN,38.35,2024
4317301,Santa Vitória do Palmar,RS,45.4,2024
4213708,Pouso Redondo,SC,64.91,2024
3150802,Piranga,MG,76.61,2024
1302405,Lábrea,AM,71.01,2024
5105234,Lambari D'Oeste,MT,51.5,2024
2603009,Cabrobó,PE,61.21,2024
3134400,Iturama,MG,69.61,2024
2106300,Magalhães de Almeida,MA,82.04,2024
2607901,Jaboatão dos Guararapes,PE,54.98,2024
1100098,Espigão D'Oeste,RO,71.16,2024
4117503,Paiçandu,PR,62.96,2024
1100288,Rolim de Moura,RO,74.17,2024
4111555,Ivaté,PR,77.24,2024
4202057,Balneário Barra do Sul,SC,51.19,2024
2111300,São Luís,MA,56.69,2024
1301803,Ipixuna,AM,70.7,2024
1300631,Beruri,AM,82.53,2024
5106422,Peixoto de Azevedo,MT,41.77,2024
3508801,Cafelândia,SP,53.33,2024
4322608,Venâncio Aires,RS,59.2,2024
3306156,Varre-Sai,RJ,82.96,2024
2412302,São José do Campestre,RN,49.42,2024
2205854,Madeiro,PI,55.88,2024
2917409,Jacaraci,BA,56.86,2024
4211009,Mondaí,SC,56.85,2024
3525409,Jeriquara,SP,49.55,2024
4315602,Rio Grande,RS,43.2,2024
3553203,Taiúva,SP,57.37,2024
4307807,Estrela,RS,50.4,2024
2611606,Recife,PE,54.55,2024
2111300,São Luís,MA,56.74,2024
3109402,Buritizeiro,MG,62.63,2024
2401107,Areia Branca,RN,45.82,2024
2411403,Santana do Matos,RN,59.53,2024
2407609,Messias Targino,RN,26.32,2024
2503001,Caaporã,PB,29.81,2024
4208807,Jaguaruna,SC,57.64,2024
2516805,Triunfo,PB,63.35,2024
3135209,Januária,MG,57.52,2024
2611507,Quipapá,PE,58.1,2024
4319000,São Marcos,RS,38.3,2024
2927705,Santa Cruz Cabrália,BA,37.36,2024
4318200,São Francisco de Paula,RS,37.7,2024
4309407,Guaporé,RS,50.8,2024
4319901,Sapiranga,RS,43.8,2024
3149150,Pedras de Maria da Cruz,MG,46.09,2024
2100477,Alto Alegre do Pindaré,MA,56.29,2024
1708304,Goianorte,TO,40.0,2024
2933455,Wanderley,BA,55.37,2024
3118403,Conselheiro Pena,MG,54.72,2024
2111805,Sítio Novo,MA,54.44,2024
3103405,Araçuaí,MG,62.93,2024
4114104,Mandaguaçu,PR,62.29,2024
2403608,Extremoz,RN,34.18,2024
4100509,Altônia,PR,78.17,2024
2402600,Ceará-Mirim,RN,41.96,2024
2501906,Belém,PB,34.72,2024
5102637,Campo Novo do Parecis,MT,44.21,2024
4205407,Florianópolis,SC,49.64,2024
2702801,Flexeiras,AL,49.34,2024
2111532,São Pedro da Água Branca,MA,55.64,2024
3100906,Águas Formosas,MG,61.38,2024
2514651,São José do Brejo do Cruz,PB,30.0,2024
2404705,Ipanguaçu,RN,30.0,2024
2414506,Umarizal,RN,45.0,2024
4305975,Coxilha,RS,52.3,2024
1716307,Pau D'Arco,TO,37.96,2024
4305900,Coronel Bicaco,RS,50.8,2024
4314134,Paulo Bento,RS,50.0,2024
2210979,Tanque do Piauí,PI,50.0,2024
4300851,Arambaré,RS,55.0,2024
4312476,Morro Reuter,RS,60.0,2024
4320909,Tapejara,RS,54.8,2024
4303400,Caiçara,RS,50.0,2024
4316105,Ronda Alta,RS,50.0,2024
3136959,Juvenília,MG,45.0,2024
2203107,Cristino Castro,PI,85.0,2024
4217105,São Martinho,SC,56.74,2024
5208152,Gameleira de Goiás,GO,79.76,2024
2704005,Junqueiro,AL,56.66,2024
2105922,Lagoa do Mato,MA,78.44,2024
3166402,Seritinga,MG,75.0,2024
4304002,Campo Novo,RS,45.0,2024
3170008,Ubaí,MG,73.33,2024
4120309,Porto Vitória,PR,75.0,2024
4301602,Bagé,RS,46.6,2024
1200708,Xapuri,AC,52.34,2024
1507979,Terra Santa,PA,65.58,2024
4300901,Aratiba,RS,39.2,2024
4305900,Coronel Bicaco,RS,43.4,2024
3136306,João Pinheiro,MG,69.87,2024
2920502,Maracás,BA,43.58,2024
4115309,Mariópolis,PR,66.98,2024
4219101,Vargeão,SC,52.72,2024
1720903,Taguatinga,TO,42.45,2024
4305900,Coronel Bicaco,RS,36.0,2024
1200203,Cruzeiro do Sul,AC,51.43,2024
2615003,Taquaritinga do Norte,PE,59.64,2024
2112902,Vitória do Mearim,MA,60.19,2024
3142908,Monte Azul,MG,67.01,2024
2411205,Santa Cruz,RN,32.73,2024
4315602,Rio Grande,RS,43.6,2024
3128600,Guarda-Mor,MG,51.62,2024
3152501,Pouso Alegre,MG,65.25,2024
3144300,Nanuque,MG,61.37,2024
3154606,Ribeirão das Neves,MG,64.3,2024
1508357,Vitória do Xingu,PA,70.18,2024
1303403,Parintins,AM,76.97,2024
4300406,Alegrete,RS,44.4,2024
2403509,Espírito Santo,RN,47.13,2024
2205565,Lagoa do Barro do Piauí,PI,59.52,2024
1507102,São Caetano de Odivelas,PA,69.85,2024
2110104,Santa Quitéria do Maranhão,MA,80.19,2024
4121505,Rebouças,PR,77.0,2024
4300877,Araricá,RS,43.5,2024
2708808,São Sebastião,AL,42.43,2024
4209409,Laguna,SC,52.91,2024
3167608,Simonésia,MG,68.54,2024
3115300,Cataguases,MG,60.22,2024
5002605,Camapuã,MS,60.41,2024
3146255,Padre Carvalho,MG,71.68,2024
2930006,Sebastião Laranjeiras,BA,42.37,2024
2406304,Lagoa de Pedras,RN,28.89,2024
4302907,Cacequi,RS,49.6,2024
3124203,Espera Feliz,MG,56.44,2024
5201454,Aparecida do Rio Doce,GO,87.09,2024
3102704,Cachoeira de Pajeú,MG,77.96,2024
2409100,Passa e Fica,RN,42.72,2024
4322608,Venâncio Aires,RS,61.1,2024
4321436,Terra de Areia,RS,60.3,2024
4300901,Aratiba,RS,40.2,2024
2923803,Paripiranga,BA,39.8,2024
4322509,Vacaria,RS,41.3,2024
2204204,Francisco Santos,PI,48.78,2024
2512804,Riacho dos Cavalos,PB,44.22,2024
2602803,Buíque,PE,55.5,2024
3135209,Januária,MG,59.05,2024
3151602,Planura,MG,65.98,2024
4303905,Campo Bom,RS,45.9,2024
3147600,Passa Quatro,MG,75.75,2024
2516003,Solânea,PB,45.73,2024
2511806,Pirpirituba,PB,41.49,2024
4208203,Itajaí,SC,54.98,2024
1300086,Anamã,AM,63.84,2024
5207402,Edéia,GO,72.29,2024
4303905,Campo Bom,RS,45.4,2024
4313508,Osório,RS,42.3,2024
4306601,Dom Pedrito,RS,51.7,2024
1304104,Tapauá,AM,47.26,2024
1718709,Rio dos Bois,TO,46.58,2024
4118501,Pato Branco,PR,71.14,2024
3135357,Japonvar,MG,60.75,2024
2410108,Poço Branco,RN,25.34,2024
3500501,Águas de Lindóia,SP,43.65,2024
4307005,Erechim,RS,45.9,2024
3152402,Poté,MG,53.42,2024
2911204,Gandu,BA,47.2,2024
2413706,Sítio Novo,RN,48.74,2024
2604106,Caruaru,PE,58.37,2024
3154002,Raul Soares,MG,81.91,2024
2917904,Jandaíra,BA,36.08,2024
3545308,Salto de Pirapora,SP,45.12,2024
4202107,Barra Velha,SC,46.69,2024
3113305,Carangola,MG,60.84,2024
5216403,Paraúna,GO,67.88,2024
4213005,Pinheiro Preto,SC,79.31,2024
2408102,Natal,RN,36.32,2024
2501609,Barra de Santa Rosa,PB,45.83,2024
4311403,Lajeado,RS,50.7,2024
1200302,Feijó,AC,63.73,2024
2600401,Água Preta,PE,55.57,2024
4103107,Bocaiúva do Sul,PR,57.37,2024
3305406,Sapucaia,RJ,65.37,2024
4317509,Santo Ângelo,RS,41.5,2024
4320008,Sapucaia do Sul,RS,47.9,2024
2919058,Lajedo do Tabocal,BA,43.1,2024
3304003,Piraí,RJ,60.43,2024
2100105,Afonso Cunha,MA,93.1,2024
2704104,Lagoa da Canoa,AL,44.19,2024
2706406,Pão de Açúcar,AL,55.26,2024
2608750,Lagoa Grande,PE,67.55,2024
1500347,Água Azul do Norte,PA,51.4,2024
3521804,Itaí,SP,46.71,2024
2921005,Mata de São João,BA,56.92,2024
2104081,Fernando Falcão,MA,77.76,2024
3170107,Uberaba,MG,57.68,2024
2604304,Cedro,PE,63.12,2024
2200251,Alagoinha do Piauí,PI,74.63,2024
1600808,Vitória do Jari,AP,35.39,2024
3170404,Unaí,MG,59.06,2024
4317608,Santo Antônio da Patrulha,RS,54.8,2024
2908002,Coaraci,BA,39.13,2024
3136702,Juiz de Fora,MG,54.86,2024
3122405,Divisa Nova,MG,67.64,2024
2109809,Santa Helena,MA,72.74,2024
3144904,Nova Módica,MG,89.37,2024
2407005,Luís Gomes,RN,26.6,2024
2404200,Goianinha,RN,35.33,2024
1711902,Lagoa da Confusão,TO,35.66,2024
2211308,Valença do Piauí,PI,42.13,2024
4318903,São Luiz Gonzaga,RS,42.3,2024
2926301,Riachão do Jacuípe,BA,38.37,2024
3145059,Nova Porteirinha,MG,51.93,2024
2108108,Paulo Ramos,MA,90.57,2024
1100031,Cabixi,RO,75.88,2024
2704401,Major Isidoro,AL,37.84,2024
2413607,Severiano Melo,RN,47.88,2024
3154606,Ribeirão das Neves,MG,60.14,2024
1200708,Xapuri,AC,52.74,2024
4218756,Tunápolis,SC,73.65,2024
3513504,Cubatão,SP,45.43,2024
4101002,Ampére,PR,70.06,2024
3136009,Joaíma,MG,47.37,2024
4310330,Imbé,RS,42.1,2024
3554755,Trabiju,SP,47.37,2024
2903607,Biritinga,BA,29.82,2024
4314787,Ponte Preta,RS,57.9,2024
4313086,Nova Pádua,RS,57.9,2024
4217154,São Miguel da Boa Vista,SC,84.21,2024
4209177,Jupiá,SC,57.89,2024
4300901,Aratiba,RS,42.1,2024
4315107,Porto Xavier,RS,60.5,2024
4318200,São Francisco de Paula,RS,44.0,2024
2921302,Milagres,BA,46.05,2024
4310702,Itatiba do Sul,RS,36.8,2024
4315750,Riozinho,RS,42.1,2024
4200804,Anchieta,SC,52.63,2024
3141900,Minduri,MG,76.32,2024
4308052,Faxinalzinho,RS,51.9,2024
2406205,Lagoa d'Anta,RN,52.63,2024
4215901,São Bonifácio,SC,73.68,2024
1703305,Bom Jesus do Tocantins,TO,28.56,2024
2405504,Jardim de Angicos,RN,31.58,2024
4319604,São Sepé,RS,49.7,2024
2104057,Estreito,MA,59.79,2024
2611002,Petrolândia,PE,66.17,2024
3535200,Palmeira d'Oeste,SP,83.91,2024
3138500,Liberdade,MG,71.21,2024
2508505,Livramento,PB,55.32,2024
4214805,Rio do Sul,SC,50.82,2024
3154606,Ribeirão das Neves,MG,59.36,2024
3529708,Miguelópolis,SP,29.09,2024
3157708,Santa Juliana,MG,58.13,2024
3172103,Volta Grande,MG,76.28,2024
4216008,São Carlos,SC,71.17,2024
4117255,Nova Prata do Iguaçu,PR,72.83,2024
4311007,Jaguarão,RS,33.6,2024
4318309,São Gabriel,RS,39.1,2024
2600906,Amaraji,PE,55.29,2024
2908101,Cocos,BA,51.69,2024
4118907,Pérola,PR,62.28,2024
3165404,Sapucaí-Mirim,MG,75.07,2024
4304705,Carazinho,RS,46.5,2024
2501401,Baía da Traição,PB,44.76,2024
4311403,Lajeado,RS,48.2,2024
4317806,Santo Augusto,RS,65.1,2024
5002803,Caracol,MS,55.67,2024
5205497,Cidade Ocidental,GO,61.82,2024
2807204,Siriri,SE,52.4,2024
1712801,Maurilândia do Tocantins,TO,20.67,2024
4211009,Mondaí,SC,57.95,2024
4322608,Venâncio Aires,RS,63.1,2024
5002605,Camapuã,MS,58.24,2024
3140555,Mata Verde,MG,67.41,2024
4108957,Guamiranga,PR,71.55,2024
4306908,Encruzilhada do Sul,RS,50.5,2024
3170008,Ubaí,MG,61.54,2024
2613503,São José do Belmonte,PE,60.42,2024
3302908,Miguel Pereira,RJ,70.49,2024
2101004,Arari,MA,72.37,2024
2207702,Parnaíba,PI,38.42,2024
4320107,Sarandi,RS,47.7,2024
4202800,Braço do Norte,SC,58.11,2024
2500601,Alhandra,PB,30.75,2024
4320008,Sapucaia do Sul,RS,48.0,2024
2516904,Uiraúna,PB,44.45,2024
5206701,Damianópolis,GO,83.93,2024
2103000,Caxias,MA,55.15,2024
2604700,Correntes,PE,71.97,2024
4204251,Cocal do Sul,SC,60.61,2024
3122454,Divisópolis,MG,72.43,2024
4303509,Camaquã,RS,64.1,2024
1100056,Cerejeiras,RO,66.81,2024
4216800,São José do Cerrito,SC,59.02,2024
2614600,Tabira,PE,69.1,2024
4310330,Imbé,RS,37.2,2024
1600154,Pedra Branca do Amapari,AP,44.22,2024
2410256,Porto do Mangue,RN,42.47,2024
4309407,Guaporé,RS,49.6,2024
4311403,Lajeado,RS,47.5,2024
4209409,Laguna,SC,57.76,2024
4310330,Imbé,RS,36.9,2024
4208807,Jaguaruna,SC,56.28,2024
4115457,Marquinho,PR,82.18,2024
4319604,São Sepé,RS,51.9,2024
1200609,Tarauacá,AC,49.87,2024
2920601,Maragogipe,BA,54.49,2024
1200401,Rio Branco,AC,55.64,2024
3170057,Ubaporanga,MG,70.42,2024
4302808,Caçapava do Sul,RS,43.8,2024
3101706,Almenara,MG,55.06,2024
3304151,Quissamã,RJ,70.11,2024
5221452,Trombas,GO,94.47,2024
2506806,Ingá,PB,37.97,2024
3513504,Cubatão,SP,45.16,2024
2901957,Apuarema,BA,43.24,2024
3149952,Periquito,MG,44.47,2024
5107941,Tabaporã,MT,62.36,2024
4213401,Ponte Serrada,SC,53.62,2024
3121704,Diogo de Vasconcelos,MG,76.25,2024
3140506,Martinho Campos,MG,87.37,2024
4126652,Sulina,PR,74.93,2024
2402006,Caicó,RN,44.58,2024
4320107,Sarandi,RS,49.9,2024
2516102,Soledade,PB,47.26,2024
3170008,Ubaí,MG,58.55,2024
2407401,Martins,RN,53.91,2024
1200013,Acrelândia,AC,59.69,2024
3142908,Monte Azul,MG,67.03,2024
4216404,São João do Sul,SC,76.69,2024
4313201,Nova Petrópolis,RS,52.3,2024
4216602,São José,SC,56.36,2024
4313656,Palmares do Sul,RS,60.6,2024
3116159,Chapada Gaúcha,MG,69.39,2024
4115507,Marumbi,PR,75.85,2024
2414803,Vera Cruz,RN,43.56,2024
2904308,Brejões,BA,47.62,2024
4115754,Mauá da Serra,PR,80.48,2024
4209300,Lages,SC,52.3,2024
2106102,Loreto,MA,66.12,2024
4102406,Bandeirantes,PR,72.78,2024
3141504,Mendes Pimentel,MG,60.0,2024
4111506,Ivaiporã,PR,72.39,2024
2101970,Boa Vista do Gurupi,MA,80.0,2024
3150307,Piedade do Rio Grande,MG,63.16,2024
2608305,Jupi,PE,68.61,2024
3124302,Espinosa,MG,62.4,2024
2502003,Belém do Brejo do Cruz,PB,40.07,2024
4311304,Lagoa Vermelha,RS,51.0,2024
4318200,São Francisco de Paula,RS,48.1,2024
2606002,Garanhuns,PE,69.75,2024
2608057,Jatobá,PE,68.05,2024
3118403,Conselheiro Pena,MG,57.14,2024
3127305,Galiléia,MG,62.07,2024
4314209,Pedro Osório,RS,22.3,2024
4316956,Santa Maria do Herval,RS,59.3,2024
3102803,Andrelândia,MG,67.03,2024
3158508,Santana de Pirapama,MG,64.47,2024
4211702,Orleans,SC,64.43,2024
5002308,Brasilândia,MS,60.76,2024
4112207,Janiópolis,PR,77.3,2024
2403608,Extremoz,RN,34.55,2024
4309407,Guaporé,RS,49.2,2024
4302105,Bento Gonçalves,RS,49.0,2024
2918357,João Dourado,BA,53.15,2024
4211504,Nova Trento,SC,55.76,2024
2705101,Matriz de Camaragibe,AL,48.77,2024
3205002,Serra,ES,57.12,2024
3147402,Paraopeba,MG,71.27,2024
1600600,Santana,AP,47.59,2024
2916500,Itapicuru,BA,51.23,2024
4211603,Nova Veneza,SC,61.85,2024
4106902,Curitiba,PR,65.96,2024
2414407,Touros,RN,38.9,2024
1708205,Formoso do Araguaia,TO,45.42,2024
2402501,Carnaubais,RN,42.31,2024
4310207,Ijuí,RS,46.9,2024
2512754,Riachão do Bacamarte,PB,46.23,2024
2107209,Nina Rodrigues,MA,46.83,2024
4315701,Rio Pardo,RS,60.9,2024
4200408,Água Doce,SC,72.41,2024
3161106,São Francisco,MG,58.24,2024
4117909,Palotina,PR,74.33,2024
4215679,Santa Terezinha,SC,81.02,2024
4315602,Rio Grande,RS,44.8,2024
4307807,Estrela,RS,49.4,2024
2101731,Belágua,MA,72.29,2024
1502772,Curionópolis,PA,72.88,2024
2411056,Tibau,RN,22.22,2024
4320859,Tabaí,RS,16.7,2024
4300455,Alegria,RS,55.6,2024
4310462,Ipiranga do Sul,RS,44.4,2024
3549250,São João de Iracema,SP,44.44,2024
4302501,Bossoroca,RS,61.1,2024
4316477,Salvador das Missões,RS,44.4,2024
3552700,Tabatinga,SP,55.56,2024
2506806,Ingá,PB,47.24,2024
4201406,Araranguá,SC,61.19,2024
4118808,Peabiru,PR,74.24,2024
4316477,Salvador das Missões,RS,60.2,2024
4127965,Turvo,PR,84.81,2024
3110707,Cambuquira,MG,66.67,2024
4201802,Atalanta,SC,83.33,2024
3157401,Santa Cruz do Escalvado,MG,78.33,2024
4316477,Salvador das Missões,RS,77.8,2024
4313490,Novo Barreiro,RS,36.8,2024
3161106,São Francisco,MG,61.46,2024
3154457,Riachinho,MG,72.81,2024
4126801,Tapejara,PR,61.07,2024
3151206,Pirapora,MG,66.61,2024
2409704,Pedro Avelino,RN,34.73,2024
4203402,Campo Belo do Sul,SC,37.71,2024
5106257,Nova Xavantina,MT,45.12,2024
4208500,Ituporanga,SC,67.75,2024
1505601,Peixe-Boi,PA,84.31,2024
3128253,Guaraciama,MG,80.7,2024
2804300,Muribeca,SE,22.01,2024
4302303,Bom Jesus,RS,40.2,2024
3136959,Juvenília,MG,50.47,2024
1706100,Cristalândia,TO,61.42,2024
4205407,Florianópolis,SC,52.75,2024
3100203,Abaeté,MG,73.11,2024
4315909,Rodeio Bonito,RS,59.1,2024
2905008,Caculé,BA,47.96,2024
4208104,Itaiópolis,SC,54.7,2024
3201308,Cariacica,ES,64.57,2024
1301803,Ipixuna,AM,64.32,2024
4109609,Guaratuba,PR,66.9,2024
1100189,Pimenta Bueno,RO,81.06,2024
2405603,Jardim de Piranhas,RN,56.61,2024
4203105,Caibi,SC,50.58,2024
3161106,São Francisco,MG,66.14,2024
4114906,Marilândia do Sul,PR,84.99,2024
4124707,São Jerônimo da Serra,PR,71.33,2024
5002704,Campo Grande,MS,32.02,2024
3120805,Cruzília,MG,77.21,2024
4321501,Torres,RS,47.9,2024
4317509,Santo Ângelo,RS,42.8,2024
2102556,Campestre do Maranhão,MA,61.7,2024
5000906,Antônio João,MS,56.2,2024
4321907,Três Passos,RS,57.0,2024
4308078,Fazenda Vilanova,RS,65.0,2024
4320107,Sarandi,RS,57.6,2024
2614105,Sertânia,PE,56.65,2024
2615607,Trindade,PE,69.13,2024
3171808,Virginópolis,MG,65.62,2024
4127403,Terra Roxa,PR,76.19,2024
2933257,Vereda,BA,35.85,2024
4315909,Rodeio Bonito,RS,54.2,2024
2903102,Barra do Rocha,BA,39.62,2024
3537602,Peruíbe,SP,46.81,2024
4211900,Palhoça,SC,48.55,2024
2613206,São João,PE,54.47,2024
4321907,Três Passos,RS,56.9,2024
2925931,Quixabeira,BA,75.47,2024
3102407,Alvorada de Minas,MG,66.15,2024
3152006,Pompéu,MG,56.14,2024
5220454,Senador Canedo,GO,60.34,2024
1101708,Urupá,RO,61.28,2024
4100806,Alvorada do Sul,PR,72.48,2024
3139607,Mantena,MG,71.17,2024
5106240,Nova Ubiratã,MT,58.41,2024
5004403,Inocência,MS,51.7,2024
2708600,São Miguel dos Campos,AL,57.17,2024
4212650,Pescaria Brava,SC,45.95,2024
4112959,Juranda,PR,63.48,2024
3300506,Bom Jardim,RJ,66.67,2024
1100304,Vilhena,RO,71.66,2024
1300631,Beruri,AM,83.74,2024
4111001,Itambaracá,PR,80.58,2024
2202307,Canto do Buriti,PI,36.45,2024
4318606,São José do Ouro,RS,37.2,2024
4302600,Braga,RS,41.1,2024
3202256,Governador Lindenberg,ES,77.12,2024
5107008,Poxoréo,MT,46.27,2024
4315909,Rodeio Bonito,RS,48.8,2024
3528403,Mairinque,SP,49.33,2024
5210802,Itajá,GO,82.86,2024
3134509,Itutinga,MG,76.33,2024
3149002,Pedra Dourada,MG,80.0,2024
2107258,Nova Colinas,MA,77.14,2024
2516755,Tenório,PB,48.73,2024
4308300,Fontoura Xavier,RS,60.0,2024
1718808,Sampaio,TO,43.25,2024
4211405,Nova Erechim,SC,72.86,2024
2409407,Pau dos Ferros,RN,43.0,2024
4317608,Santo Antônio da Patrulha,RS,58.8,2024
1301803,Ipixuna,AM,63.28,2024
4219176,Vargem Bonita,SC,71.51,2024
4119657,Pitangueiras,PR,83.19,2024
4316972,Santa Margarida do Sul,RS,25.7,2024
5105606,Matupá,MT,52.57,2024
2500106,Água Branca,PB,52.67,2024
3204203,Piúma,ES,70.65,2024
5207808,Firminópolis,GO,70.8,2024
5000807,Anaurilândia,MS,80.11,2024
4313300,Nova Prata,RS,57.5,2024
2107506,Paço do Lumiar,MA,55.55,2024
3144508,Nazareno,MG,85.36,2024
3301603,Duas Barras,RJ,65.4,2024
5006358,Paranhos,MS,66.43,2024
3511409,Cerqueira César,SP,39.99,2024
1600402,Mazagão,AP,44.22,2024
4301909,Barra do Ribeiro,RS,43.6,2024
2411205,Santa Cruz,RN,34.65,2024
4202073,Balneário Gaivota,SC,50.69,2024
3148103,Patrocínio,MG,53.93,2024
2111102,São João dos Patos,MA,55.16,2024
4104204,Campo Largo,PR,69.19,2024
4321907,Três Passos,RS,55.7,2024
4202800,Braço do Norte,SC,59.36,2024
4321436,Terra de Areia,RS,56.6,2024
3134202,Ituiutaba,MG,66.72,2024
4319505,São Sebastião do Caí,RS,44.1,2024
3101102,Aimorés,MG,57.63,2024
2911709,Guanambi,BA,46.39,2024
2703908,Jundiá,AL,44.34,2024
4209904,Lontras,SC,58.41,2024
2105807,Lago do Junco,MA,97.1,2024
3520400,Ilhabela,SP,43.27,2024
4307450,Esperança do Sul,RS,80.1,2024
2913804,Ipecaetá,BA,46.51,2024
2403806,Florânia,RN,39.8,2024
3136959,Juvenília,MG,52.49,2024
1707009,Dianópolis,TO,61.27,2024
3115300,Cataguases,MG,64.07,2024
4207502,Indaial,SC,63.55,2024
4124020,Santa Tereza do Oeste,PR,77.75,2024
2414704,Várzea,RN,45.68,2024
3500501,Águas de Lindóia,SP,44.23,2024
4309100,Gramado,RS,55.3,2024
3202207,Fundão,ES,62.28,2024
4126678,Tamarana,PR,65.46,2024
2110906,São Francisco do Maranhão,MA,83.35,2024
4125605,São Mateus do Sul,PR,70.57,2024
2412203,São José de Mipibu,RN,25.89,2024
4301057,Arroio do Sal,RS,46.5,2024
3139409,Manhuaçu,MG,71.73,2024
1300102,Anori,AM,70.42,2024
4322525,Vale Verde,RS,47.1,2024
2928901,São Desidério,BA,54.07,2024
4212270,Passos Maia,SC,68.75,2024
4319604,São Sepé,RS,59.7,2024
4113700,Londrina,PR,72.91,2024
3500758,Alambari,SP,61.45,2024
5201801,Aragoiânia,GO,62.84,2024
4121703,Reserva,PR,81.08,2024
4311643,Linha Nova,RS,41.2,2024
3547403,Santa Rita d'Oeste,SP,52.94,2024
3508702,Caconde,SP,23.53,2024
4309571,Herveiras,RS,35.3,2024
4321493,Toropi,RS,38.7,2024
4306924,Engenho Velho,RS,41.2,2024
4323358,Vila Lângaro,RS,52.9,2024
3120102,Couto de Magalhães de Minas,MG,77.52,2024
2921906,Mucugê,BA,38.82,2024
2915700,Itamari,BA,36.76,2024
4321469,Tio Hugo,RS,69.1,2024
4312252,Minas do Leão,RS,55.5,2024
3516002,Flórida Paulista,SP,54.56,2024
4310579,Itapuca,RS,76.5,2024
2924702,Piripá,BA,56.47,2024
2403756,Fernando Pedroza,RN,58.82,2024
3513306,Cruzália,SP,47.06,2024
3108503,Botumirim,MG,85.27,2024
3142007,Mirabela,MG,69.21,2024
3303005,Miracema,RJ,69.51,2024
3555307,Turmalina,SP,70.59,2024
3119005,Cordislândia,MG,73.53,2024
2206407,Monsenhor Gil,PI,42.48,2024
4314001,Paraí,RS,60.0,2024
3157807,Santa Luzia,MG,59.99,2024
4113700,Londrina,PR,72.99,2024
3549607,São José do Barreiro,SP,52.78,2024
4318101,São Francisco de Assis,RS,60.6,2024
4211108,Monte Castelo,SC,53.91,2024
3170107,Uberaba,MG,60.98,2024
4319307,São Paulo das Missões,RS,61.1,2024
3105707,Barra Longa,MG,94.29,2024
4309654,Hulha Negra,RS,36.4,2024
4214805,Rio do Sul,SC,50.47,2024
3132107,Itacarambi,MG,69.5,2024
4119954,Pontal do Paraná,PR,61.28,2024
1701903,Araguacema,TO,49.27,2024
5215231,Novo Gama,GO,57.35,2024
2702355,Craíbas,AL,67.43,2024
1507755,Sapucaia,PA,71.84,2024
3123528,Durandé,MG,71.43,2024
4308607,Garibaldi,RS,58.0,2024
4218756,Tunápolis,SC,77.65,2024
2102002,Bom Jardim,MA,68.58,2024
4120804,Quatro Barras,PR,67.24,2024
4215000,Rio Negrinho,SC,73.72,2024
2914406,Iraquara,BA,44.24,2024
5221858,Valparaíso de Goiás,GO,64.23,2024
4109401,Guarapuava,PR,67.0,2024
3163201,São José do Alegre,MG,86.26,2024
4321709,Três Coroas,RS,42.2,2024
2402303,Caraúbas,RN,39.56,2024
4202602,Bom Retiro,SC,47.34,2024
4301305,Arroio Grande,RS,49.6,2024
4209706,Lebon Régis,SC,59.3,2024
4310603,Itaqui,RS,53.0,2024
4101804,Araucária,PR,69.02,2024
3167103,Serro,MG,66.49,2024
3304201,Resende,RJ,72.48,2024
3505807,Bastos,SP,46.89,2024
3551504,Serrana,SP,43.97,2024
4321808,Três de Maio,RS,51.2,2024
3203205,Linhares,ES,77.2,2024
4206207,Gravatal,SC,62.78,2024
4315701,Rio Pardo,RS,60.2,2024
2700201,Anadia,AL,45.26,2024
2506806,Ingá,PB,73.71,2024
4107900,Floresta,PR,74.01,2024
4116604,Nova América da Colina,PR,78.8,2024
4207403,Imbuia,SC,79.52,2024
2924306,Piatã,BA,45.33,2024
4216602,São José,SC,57.07,2024
2602209,Bom Jardim,PE,69.15,2024
5209200,Guapó,GO,70.28,2024
4216057,São Cristovão do Sul,SC,50.76,2024
3545308,Salto de Pirapora,SP,46.83,2024
4305108,Caxias do Sul,RS,45.2,2024
5100359,Alto Boa Vista,MT,48.84,2024
4313300,Nova Prata,RS,59.8,2024
4127858,Três Barras do Paraná,PR,75.42,2024
4307005,Erechim,RS,46.7,2024
4212403,Pedras Grandes,SC,69.2,2024
4219309,Videira,SC,63.2,2024
4300455,Alegria,RS,63.2,2024
4311205,Júlio de Castilhos,RS,42.2,2024
4317806,Santo Augusto,RS,69.9,2024
3134202,Ituiutaba,MG,63.63,2024
4204301,Concórdia,SC,56.95,2024
4206405,Guaraciaba,SC,83.69,2024
2919009,Lajedinho,BA,21.21,2024
5104906,Jangada,MT,54.88,2024
2509404,Mogeiro,PB,60.61,2024
3136579,Josenópolis,MG,90.91,2024
1101104,Itapuã do Oeste,RO,70.62,2024
2401008,Apodi,RN,27.15,2024
4202701,Botuverá,SC,64.54,2024
5107008,Poxoréo,MT,46.03,2024
5104807,Jaciara,MT,55.26,2024
3205002,Serra,ES,60.51,2024
4318309,São Gabriel,RS,35.6,2024
1720309,São Sebastião do Tocantins,TO,58.96,2024
4300208,Ajuricaba,RS,81.9,2024
1100452,Buritis,RO,72.32,2024
1300102,Anori,AM,75.32,2024
1600279,Laranjal do Jari,AP,39.8,2024
2102036,Bom Jesus das Selvas,MA,63.18,2024
2112209,Timon,MA,75.74,2024
4315800,Roca Sales,RS,45.0,2024
2904506,Brotas de Macaúbas,BA,60.98,2024
4302709,Butiá,RS,45.1,2024
4317608,Santo Antônio da Patrulha,RS,61.7,2024
2101251,Bacabeira,MA,53.73,2024
5200050,Abadia de Goiás,GO,64.46,2024
4114807,Marialva,PR,73.09,2024
3138682,Luislândia,MG,78.7,2024
5204953,Campos Verdes,GO,82.8,2024
3510609,Carapicuíba,SP,44.8,2024
4311304,Lagoa Vermelha,RS,52.3,2024
3128808,Guidoval,MG,58.58,2024
4317509,Santo Ângelo,RS,44.1,2024
5107909,Sinop,MT,46.83,2024
4314704,Planalto,RS,60.4,2024
2412807,São Rafael,RN,25.47,2024
3135605,Jequitaí,MG,70.71,2024
2102002,Bom Jardim,MA,69.64,2024
4320404,Serafina Corrêa,RS,60.1,2024
2207900,Pedro II,PI,41.98,2024
2605509,Ferreiros,PE,41.36,2024
3131901,Itabirito,MG,79.92,2024
1703800,Buriti do Tocantins,TO,50.39,2024
3104809,Augusto de Lima,MG,48.8,2024
4313300,Nova Prata,RS,61.1,2024
2600104,Afogados da Ingazeira,PE,70.19,2024
3103405,Araçuaí,MG,67.03,2024
3140506,Martinho Campos,MG,78.23,2024
2408805,Parazinho,RN,28.27,2024
2513703,Santa Rita,PB,39.39,2024
1300086,Anamã,AM,53.48,2024
3113701,Carlos Chagas,MG,55.83,2024
1200203,Cruzeiro do Sul,AC,61.48,2024
4203600,Campos Novos,SC,64.77,2024
3126208,Formoso,MG,74.9,2024
4111100,Itambé,PR,86.9,2024
2202901,Corrente,PI,37.78,2024
3153004,Pratinha,MG,52.8,2024
4320800,Soledade,RS,61.9,2024
2931004,Tanhaçu,BA,47.42,2024
1100122,Ji-Paraná,RO,66.41,2024
1300102,Anori,AM,77.45,2024
1505700,Ponta de Pedras,PA,62.01,2024
4322251,Tupandi,RS,55.1,2024
4317707,Santo Antônio das Missões,RS,53.0,2024
4320909,Tapejara,RS,47.3,2024
2610905,Pesqueira,PE,64.38,2024
2413003,São Vicente,RN,49.95,2024
4322533,Vale do Sol,RS,55.9,2024
3144375,Natalândia,MG,64.21,2024
1721208,Tocantinópolis,TO,35.44,2024
4201950,Balneário Arroio do Silva,SC,51.13,2024
5220686,Simolândia,GO,77.79,2024
3137601,Lagoa Santa,MG,72.24,2024
4218905,Urubici,SC,76.9,2024
2506707,Imaculada,PB,39.64,2024
3509502,Campinas,SP,41.49,2024
4318903,São Luiz Gonzaga,RS,49.3,2024
4316600,Sananduva,RS,43.2,2024
2108504,Pindaré-Mirim,MA,51.09,2024
4217253,São Pedro de Alcântara,SC,61.13,2024
5006200,Nova Andradina,MS,69.44,2024
1720101,São Bento do Tocantins,TO,52.93,2024
3204906,São Mateus,ES,69.53,2024
3115508,Caxambu,MG,74.74,2024
4125100,São João do Triunfo,PR,79.45,2024
2407302,Marcelino Vieira,RN,31.25,2024
4320263,Segredo,RS,56.3,2024
4210050,Macieira,SC,56.25,2024
4313060,Nova Hartz,RS,43.8,2024
3515194,Espírito Santo do Turvo,SP,56.14,2024
4317202,Santa Rosa,RS,51.2,2024
4304200,Candelária,RS,52.4,2024
4302105,Bento Gonçalves,RS,50.8,2024
4314068,Passa Sete,RS,75.0,2024
2904001,Boninal,BA,48.96,2024
3126604,Francisco Dumont,MG,37.5,2024
3529658,Mesópolis,SP,56.25,2024
2902302,Aratuípe,BA,60.0,2024
2922706,Nova Canaã,BA,50.0,2024
3168507,Teixeiras,MG,50.0,2024
5005103,Jateí,MS,56.25,2024
2616506,Xexéu,PE,81.33,2024
4106308,Corbélia,PR,85.26,2024
2806909,São Francisco,SE,81.25,2024
4202875,Brunópolis,SC,68.75,2024
3138401,Leopoldina,MG,64.99,2024
3101102,Aimorés,MG,61.99,2024
3303856,Paty do Alferes,RJ,75.96,2024
4115606,Matelândia,PR,71.4,2024
3154002,Raul Soares,MG,83.91,2024
3204302,Presidente Kennedy,ES,69.85,2024
1100064,Colorado do Oeste,RO,71.69,2024
4113809,Lupionópolis,PR,77.71,2024
3107901,Bom Repouso,MG,68.27,2024
3127404,Gonçalves,MG,77.02,2024
4205308,Faxinal dos Guedes,SC,66.52,2024
3132107,Itacarambi,MG,72.78,2024
4112504,Jardim Alegre,PR,77.74,2024
4128559,Vera Cruz do Oeste,PR,76.11,2024
5001243,Aral Moreira,MS,73.43,2024
2111029,São João do Carú,MA,70.68,2024
2403251,Parnamirim,RN,35.27,2024
2504306,Catolé do Rocha,PB,45.82,2024
2703007,Ibateguara,AL,54.43,2024
2401701,Bom Jesus,RN,46.83,2024
3134004,Itinga,MG,64.84,2024
4104303,Campo Mourão,PR,76.77,2024
4209607,Lauro Muller,SC,72.59,2024
2412906,São Tomé,RN,49.16,2024
2805703,Propriá,SE,49.74,2024
2516904,Uiraúna,PB,45.07,2024
2102150,Brejo de Areia,MA,49.3,2024
4313904,Panambi,RS,61.8,2024
3148608,Peçanha,MG,80.78,2024
2602308,Bonito,PE,79.75,2024
2918803,Laje,BA,45.45,2024
1712454,Luzinópolis,TO,48.91,2024
3123601,Elói Mendes,MG,64.98,2024
3550704,São Sebastião,SP,44.38,2024
4320909,Tapejara,RS,46.2,2024
4112108,Jandaia do Sul,PR,68.64,2024
2608404,Jurema,PE,60.64,2024
4109500,Guaraqueçaba,PR,57.18,2024
4309654,Hulha Negra,RS,42.8,2024
3515004,Embu das Artes,SP,40.5,2024
3513504,Cubatão,SP,43.53,2024
1713205,Miracema do Tocantins,TO,46.42,2024
4306601,Dom Pedrito,RS,47.8,2024
2912509,Ibipitanga,BA,46.81,2024
4206207,Gravatal,SC,66.2,2024
4128203,União da Vitória,PR,73.17,2024
4123907,Santa Mariana,PR,83.73,2024
2206720,Nazária,PI,52.15,2024
3531704,Monteiro Lobato,SP,50.9,2024
4309100,Gramado,RS,57.5,2024
4305355,Charqueadas,RS,51.4,2024
4302808,Caçapava do Sul,RS,47.9,2024
4305355,Charqueadas,RS,51.3,2024
3135803,Jequitinhonha,MG,55.65,2024
4104659,Carambeí,PR,69.2,2024
4102307,Balsa Nova,PR,75.18,2024
2706604,Paulo Jacinto,AL,38.46,2024
5006309,Paranaíba,MS,55.2,2024
3168606,Teófilo Otoni,MG,67.28,2024
2400901,Antônio Martins,RN,37.67,2024
4316758,Santa Clara do Sul,RS,47.3,2024
2405009,Jaçanã,RN,42.68,2024
2109502,Riachão,MA,51.85,2024
3123858,Entre Folhas,MG,77.45,2024
3146750,Palmópolis,MG,69.41,2024
3503505,Areias,SP,56.95,2024
3150109,Piau,MG,75.58,2024
3140100,Marilac,MG,56.14,2024
5202155,Araguapaz,GO,68.98,2024
1718204,Porto Nacional,TO,44.11,2024
3507803,Brodowski,SP,54.27,2024
3527009,Lindóia,SP,61.13,2024
2606309,Granito,PE,68.11,2024
3551009,São Vicente,SP,63.27,2024
2608453,Lagoa do Carro,PE,59.78,2024
4118006,Paraíso do Norte,PR,67.76,2024
3107406,Bom Despacho,MG,65.88,2024
4113205,Lapa,PR,74.83,2024
4209854,Lindóia do Sul,SC,84.61,2024
4319752,São Vendelino,RS,41.9,2024
2404903,Itaú,RN,51.63,2024
3101805,Alpercata,MG,70.83,2024
2612604,Santa Maria da Boa Vista,PE,64.37,2024
3113800,Carmésia,MG,62.5,2024
2601805,Betânia,PE,76.97,2024
4118600,Paula Freitas,PR,74.56,2024
4217907,Tangará,SC,76.55,2024
4100905,Amaporã,PR,76.71,2024
4204459,Coronel Martins,SC,90.43,2024
4112900,Jundiaí do Sul,PR,55.42,2024
1705508,Colinas do Tocantins,TO,55.82,2024
4104402,Cândido de Abreu,PR,85.54,2024
4124608,São Carlos do Ivaí,PR,73.36,2024
3537206,Pedro de Toledo,SP,45.97,2024
2108207,Pedreiras,MA,64.51,2024
3145356,Novo Oriente de Minas,MG,62.37,2024
4305871,Coronel Barros,RS,67.8,2024
3119302,Coromandel,MG,63.22,2024
4302303,Bom Jesus,RS,41.6,2024
1720804,Sítio Novo do Tocantins,TO,50.64,2024
3169901,Ubá,MG,75.69,2024
3139201,Malacacheta,MG,77.47,2024
5002001,Batayporã,MS,67.77,2024
2206670,Morro do Chapéu do Piauí,PI,40.04,2024
2414001,Tangará,RN,39.88,2024
5107180,Ribeirão Cascalheira,MT,70.87,2024
4300208,Ajuricaba,RS,74.3,2024
2207777,Patos do Piauí,PI,63.04,2024
3115300,Cataguases,MG,67.69,2024
3110202,Cajuri,MG,69.57,2024
4307005,Erechim,RS,47.2,2024
4204202,Chapecó,SC,56.25,2024
3120003,Córrego Novo,MG,62.81,2024
2111003,São João Batista,MA,58.4,2024
3134202,Ituiutaba,MG,57.75,2024
2105963,Lagoa Grande do Maranhão,MA,97.12,2024
2903409,Belmonte,BA,33.93,2024
5103304,Comodoro,MT,47.59,2024
4321808,Três de Maio,RS,52.1,2024
4316808,Santa Cruz do Sul,RS,48.4,2024
4205456,Forquilhinha,SC,63.24,2024
4204202,Chapecó,SC,58.47,2024
3165578,Senador Amaral,MG,76.97,2024
4109708,Ibaiti,PR,71.64,2024
5222203,Vila Boa,GO,78.69,2024
3101607,Alfenas,MG,67.22,2024
3107802,Bom Jesus do Galho,MG,78.28,2024
4304200,Candelária,RS,53.0,2024
4202073,Balneário Gaivota,SC,49.21,2024
2202406,Capitão de Campos,PI,54.01,2024
5002407,Caarapó,MS,46.28,2024
1100320,São Miguel do Guaporé,RO,69.13,2024
4112801,Joaquim Távora,PR,85.12,2024
4316451,Salto do Jacuí,RS,50.9,2024
2706208,Palestina,AL,51.18,2024
2108454,Peritoró,MA,70.53,2024
5208004,Formosa,GO,64.02,2024
5204656,Campinaçu,GO,81.73,2024
4204202,Chapecó,SC,63.59,2024
3201605,Conceição da Barra,ES,67.91,2024
4121109,Quinta do Sol,PR,74.15,2024
4126900,Tapira,PR,77.42,2024
4312401,Montenegro,RS,46.8,2024
4207304,Imbituba,SC,56.24,2024
3150158,Piedade de Caratinga,MG,74.09,2024
4211751,Otacílio Costa,SC,56.58,2024
2110302,Santo Antônio dos Lopes,MA,72.56,2024
4204152,Celso Ramos,SC,75.67,2024
3546900,Santa Lúcia,SP,70.68,2024
4219309,Videira,SC,63.83,2024
5217203,Piranhas,GO,68.65,2024
3133600,Itapeva,MG,67.89,2024
4311809,Marau,RS,43.6,2024
2201507,Batalha,PI,46.97,2024
3300225,Areal,RJ,63.64,2024
4213401,Ponte Serrada,SC,66.76,2024
3516804,Gastão Vidigal,SP,54.3,2024
4304200,Candelária,RS,53.2,2024
3114402,Carmo do Rio Claro,MG,68.35,2024
4118105,Paranacity,PR,80.03,2024
3525508,Joanópolis,SP,57.3,2024
2400901,Antônio Martins,RN,51.06,2024
4218400,Treze de Maio,SC,62.38,2024
5219902,São Francisco de Goiás,GO,75.57,2024
4202453,Bombinhas,SC,68.24,2024
3124104,Esmeraldas,MG,67.38,2024
4300455,Alegria,RS,73.3,2024
4315313,Quatro Irmãos,RS,40.0,2024
4306700,Dona Francisca,RS,26.7,2024
1718899,Santa Rita do Tocantins,TO,43.12,2024
1701002,Ananás,TO,46.69,2024
3164100,São Pedro do Suaçuí,MG,90.0,2024
2401909,Caiçara do Rio do Vento,RN,46.67,2024
2702207,Coqueiro Seco,AL,54.67,2024
3106101,Belmiro Braga,MG,57.69,2024
4304622,Capão Bonito do Sul,RS,60.0,2024
4304903,Casca,RS,80.0,2024
4128302,Uniflor,PR,73.33,2024
3555703,União Paulista,SP,80.0,2024
3142205,Miraí,MG,73.33,2024
3161601,São Geraldo da Piedade,MG,70.0,2024
2606606,Ibimirim,PE,86.67,2024
4306304,David Canabarro,RS,67.1,2024
4219705,Xaxim,SC,66.67,2024
4123600,Santa Inês,PR,100.0,2024
4323408,Vila Maria,RS,66.7,2024
5002407,Caarapó,MS,64.68,2024
4202909,Brusque,SC,63.82,2024
1200500,Sena Madureira,AC,64.87,2024
4209458,Lajeado Grande,SC,66.07,2024
5104526,Ipiranga do Norte,MT,59.46,2024
5002407,Caarapó,MS,66.23,2024
4306809,Encantado,RS,53.2,2024
3121258,Delta,MG,47.77,2024
4320701,Sobradinho,RS,63.8,2024
4311007,Jaguarão,RS,47.3,2024
5212501,Luziânia,GO,66.27,2024
5003454,Deodápolis,MS,69.0,2024
4202859,Braço do Trombudo,SC,64.21,2024
3119401,Coronel Fabriciano,MG,64.1,2024
4300802,Antônio Prado,RS,46.6,2024
4321402,Tenente Portela,RS,65.0,2024
2615805,Tupanatinga,PE,68.38,2024
3135100,Janaúba,MG,61.68,2024
1301159,Careiro da Várzea,AM,56.73,2024
1722107,Xambioá,TO,42.82,2024
2401404,Baía Formosa,RN,35.36,2024
3527207,Lorena,SP,47.82,2024
4204608,Criciúma,SC,60.43,2024
3106705,Betim,MG,66.62,2024
3137601,Lagoa Santa,MG,73.13,2024
1100700,Campo Novo de Rondônia,RO,71.94,2024
3531100,Mongaguá,SP,41.39,2024
3540705,Porto Ferreira,SP,50.08,2024
4308102,Feliz,RS,39.9,2024
3548609,São Bento do Sapucaí,SP,57.89,2024
4308300,Fontoura Xavier,RS,65.9,2024
4120408,Presidente Castelo Branco,PR,62.98,2024
3145356,Novo Oriente de Minas,MG,67.04,2024
4108320,Francisco Alves,PR,80.22,2024
4123956,Santa Mônica,PR,80.22,2024
4202602,Bom Retiro,SC,46.31,2024
2202000,Buriti dos Lopes,PI,61.68,2024
3201605,Conceição da Barra,ES,68.12,2024
3101102,Aimorés,MG,66.66,2024
4126207,Sapopema,PR,83.01,2024
5105622,Mirassol d'Oeste,MT,34.02,2024
1717008,Pindorama do Tocantins,TO,33.88,2024
2806701,São Cristóvão,SE,67.6,2024
2100956,Arame,MA,74.44,2024
2612802,Santa Terezinha,PE,79.68,2024
3124104,Esmeraldas,MG,68.41,2024
3140506,Martinho Campos,MG,70.72,2024
3147709,Passa Tempo,MG,78.42,2024
3128006,Guanhães,MG,68.68,2024
3171303,Viçosa,MG,78.22,2024
2102077,Bom Lugar,MA,95.28,2024
4215455,Sangão,SC,48.46,2024
3136009,Joaíma,MG,61.92,2024
2111508,São Mateus do Maranhão,MA,66.16,2024
3512605,Coronel Macedo,SP,38.69,2024
3531803,Monte Mor,SP,46.98,2024
3130705,Indianópolis,MG,53.9,2024
3109303,Buritis,MG,62.9,2024
5204508,Caldas Novas,GO,62.94,2024
4219408,Witmarsum,SC,77.27,2024
1200500,Sena Madureira,AC,64.83,2024
2705507,Murici,AL,84.41,2024
3115359,Catas Altas,MG,71.35,2024
3518701,Guarujá,SP,44.13,2024
5217302,Pirenópolis,GO,64.06,2024
4319109,São Martinho,RS,64.5,2024
3146750,Palmópolis,MG,70.64,2024
5209705,Hidrolândia,GO,65.56,2024
5103353,Confresa,MT,54.24,2024
4315206,Putinga,RS,82.8,2024
5005707,Naviraí,MS,59.87,2024
4306908,Encruzilhada do Sul,RS,60.4,2024
4201653,Arvoredo,SC,77.94,2024
3136652,Juatuba,MG,68.53,2024
3122355,Divisa Alegre,MG,62.69,2024
4114401,Mangueirinha,PR,66.1,2024
3518800,Guarulhos,SP,44.19,2024
3154002,Raul Soares,MG,84.96,2024
2401453,Baraúna,RN,44.48,2024
2511509,Pilar,PB,38.07,2024
5107768,Santa Rita do Trivelato,MT,62.63,2024
3114709,Carvalhópolis,MG,100.0,2024
3125408,Felício dos Santos,MG,79.38,2024
3123205,Dores do Indaiá,MG,85.44,2024
4302709,Butiá,RS,44.8,2024
4209300,Lages,SC,55.85,2024
4308201,Flores da Cunha,RS,59.6,2024
4219309,Videira,SC,64.11,2024
4120002,Porecatu,PR,87.25,2024
4316709,Santa Bárbara do Sul,RS,37.9,2024
3525102,Jardinópolis,SP,45.42,2024
2402006,Caicó,RN,47.28,2024
4315750,Riozinho,RS,62.1,2024
2504157,Casserengue,PB,58.51,2024
3528700,Marabá Paulista,SP,48.33,2024
5206503,Cromínia,GO,72.38,2024
1100601,Cacaulândia,RO,78.84,2024
3539400,Piratininga,SP,44.37,2024
2608206,Joaquim Nabuco,PE,47.34,2024
4217006,São Ludgero,SC,68.64,2024
3140555,Mata Verde,MG,70.1,2024
4209607,Lauro Muller,SC,68.71,2024
3525201,Jarinu,SP,44.07,2024
3139805,Mar de Espanha,MG,68.1,2024
3165206,São Thomé das Letras,MG,89.73,2024
4214805,Rio do Sul,SC,49.91,2024
5220264,São Miguel do Passa Quatro,GO,67.1,2024
1706001,Couto Magalhães,TO,49.04,2024
2514305,São José de Caiana,PB,52.39,2024
5103908,General Carneiro,MT,59.62,2024
4119400,Piraí do Sul,PR,74.06,2024
3157401,Santa Cruz do Escalvado,MG,75.73,2024
3518107,Guarantã,SP,47.49,2024
5105903,Nobres,MT,57.19,2024
2110203,Santa Rita,MA,56.53,2024
3127388,Goianá,MG,80.51,2024
4120200,Porto Rico,PR,71.94,2024
3147600,Passa Quatro,MG,80.38,2024
4203006,Caçador,SC,65.51,2024
3203205,Linhares,ES,67.84,2024
3167707,Sobrália,MG,75.93,2024
2408102,Natal,RN,45.11,2024
3124203,Espera Feliz,MG,59.04,2024
2107357,Nova Olinda do Maranhão,MA,62.23,2024
2806701,São Cristóvão,SE,68.53,2024
3130200,Igaratinga,MG,79.48,2024
1702703,Aurora do Tocantins,TO,41.94,2024
3106705,Betim,MG,66.97,2024
3203205,Linhares,ES,67.59,2024
3164100,São Pedro do Suaçuí,MG,88.29,2024
4101507,Arapongas,PR,70.97,2024
4213807,Praia Grande,SC,79.44,2024
4107108,Diamante do Norte,PR,78.26,2024
3544608,Sabino,SP,46.98,2024
2413508,Serrinha,RN,48.08,2024
5200605,Alto Paraíso de Goiás,GO,60.2,2024
4204608,Criciúma,SC,59.81,2024
3158953,Santana do Paraíso,MG,69.95,2024
4204103,Caxambu do Sul,SC,60.13,2024
3110004,Caeté,MG,70.95,2024
2615201,Terra Nova,PE,71.07,2024
4123824,Santa Lúcia,PR,85.71,2024
4300638,Amaral Ferrador,RS,56.6,2024
4209508,Laurentino,SC,60.32,2024
4321402,Tenente Portela,RS,62.2,2024
3134707,Jacinto,MG,55.44,2024
3300951,Comendador Levy Gasparian,RJ,66.11,2024
4123709,Santa Isabel do Ivaí,PR,75.13,2024
4311809,Marau,RS,46.2,2024
1713700,Monte Santo do Tocantins,TO,44.77,2024
4204608,Criciúma,SC,59.75,2024
3136009,Joaíma,MG,64.1,2024
3118601,Contagem,MG,69.05,2024
4106605,Cruzeiro do Oeste,PR,73.47,2024
2606507,Iati,PE,82.26,2024
4126009,São Sebastião da Amoreira,PR,87.77,2024
3536703,Pederneiras,SP,46.77,2024
1709302,Guaraí,TO,48.16,2024
4217253,São Pedro de Alcântara,SC,59.93,2024
4310702,Itatiba do Sul,RS,38.0,2024
2605301,Exu,PE,55.21,2024
5101308,Arenápolis,MT,58.62,2024
2403756,Fernando Pedroza,RN,62.51,2024
4308409,Formigueiro,RS,65.9,2024
2408201,Nísia Floresta,RN,49.02,2024
2206050,Massapê do Piauí,PI,60.66,2024
2601052,Araçoiaba,PE,53.49,2024
4114609,Marechal Cândido Rondon,PR,76.44,2024
2605806,Frei Miguelinho,PE,70.68,2024
3164506,São Sebastião do Maranhão,MG,81.61,2024
3138401,Leopoldina,MG,65.12,2024
4322541,Vale Real,RS,35.0,2024
4313060,Nova Hartz,RS,45.1,2024
1702406,Arraias,TO,61.2,2024
3124104,Esmeraldas,MG,70.85,2024
3152105,Ponte Nova,MG,78.64,2024
2202778,Colônia do Piauí,PI,42.87,2024
4316709,Santa Bárbara do Sul,RS,42.8,2024
4210506,Maravilha,SC,76.03,2024
2605103,Custódia,PE,84.57,2024
4127007,Teixeira Soares,PR,88.2,2024
5006606,Ponta Porã,MS,67.74,2024
3201209,Cachoeiro de Itapemirim,ES,71.69,2024
4219176,Vargem Bonita,SC,67.69,2024
4127957,Tupãssi,PR,79.06,2024
4127882,Tunas do Paraná,PR,75.01,2024
3166204,Senhora dos Remédios,MG,80.52,2024
4204558,Correia Pinto,SC,58.24,2024
3152204,Porteirinha,MG,70.05,2024
2105104,Icatu,MA,68.98,2024
1101450,Parecis,RO,70.6,2024
2412302,São José do Campestre,RN,49.57,2024
4318903,São Luiz Gonzaga,RS,55.5,2024
4122156,Rio Bonito do Iguaçu,PR,75.32,2024
3168101,Tapira,MG,79.68,2024
2404606,Ielmo Marinho,RN,30.36,2024
2406007,José da Penha,RN,49.94,2024
4205902,Gaspar,SC,56.53,2024
2101608,Barra do Corda,MA,64.05,2024
3152501,Pouso Alegre,MG,68.72,2024
2607950,Jaqueira,PE,81.67,2024
2607000,Inajá,PE,79.7,2024
4202206,Benedito Novo,SC,71.71,2024
4107504,Engenheiro Beltrão,PR,82.06,2024
4311429,Lajeado do Bugre,RS,71.4,2024
5105309,Luciara,MT,46.43,2024
2400604,Almino Afonso,RN,21.43,2024
4319372,São Pedro do Butiá,RS,64.3,2024
5204201,Cachoeira de Goiás,GO,64.29,2024
4306932,Entre-Ijuís,RS,45.2,2024
4317954,Santo Expedito do Sul,RS,85.7,2024
5103700,Feliz Natal,MT,51.15,2024
2506202,Frei Martinho,PB,71.43,2024
4306130,Cruzaltense,RS,64.3,2024
4306551,Dom Pedro de Alcântara,RS,57.1,2024
3540259,Pontalinda,SP,51.66,2024
4219606,Xavantina,SC,80.95,2024
4314704,Planalto,RS,56.3,2024
4301552,Áurea,RS,56.5,2024
5107578,Rondolândia,MT,71.43,2024
4312708,Nonoai,RS,52.4,2024
2109205,Presidente Juscelino,MA,57.94,2024
4305504,Ciríaco,RS,84.0,2024
3106655,Berizal,MG,83.33,2024
4305439,Chuí,RS,78.6,2024
4323606,Vista Alegre do Prata,RS,85.7,2024
4319158,São Miguel das Missões,RS,64.3,2024
2400901,Antônio Martins,RN,78.57,2024
2705903,Olho d'Água Grande,AL,82.14,2024
2411601,São Bento do Norte,RN,32.17,2024
4313508,Osório,RS,37.0,2024
4300406,Alegrete,RS,46.5,2024
4311106,Jaguari,RS,53.4,2024
4207601,Ipira,SC,84.43,2024
4307906,Farroupilha,RS,56.7,2024
3156700,Sabará,MG,71.68,2024
3511003,Castilho,SP,45.42,2024
4304705,Carazinho,RS,50.8,2024
4313060,Nova Hartz,RS,45.3,2024
3549409,São Joaquim da Barra,SP,50.24,2024
3129806,Ibirité,MG,63.66,2024
3146107,Ouro Preto,MG,71.36,2024
5208509,Goiandira,GO,72.17,2024
1720200,São Miguel do Tocantins,TO,36.9,2024
3552502,Suzano,SP,46.82,2024
3517406,Guaíra,SP,53.49,2024
3111606,Campos Gerais,MG,71.94,2024
2414001,Tangará,RN,36.85,2024
4302303,Bom Jesus,RS,42.6,2024
2401008,Apodi,RN,45.18,2024
5208400,Goianápolis,GO,68.02,2024
3146305,Padre Paraíso,MG,68.84,2024
2106201,Luís Domingues,MA,84.97,2024
2507705,Juazeirinho,PB,45.45,2024
4310207,Ijuí,RS,56.1,2024
2611804,Ribeirão,PE,65.68,2024
2903003,Barra do Mendes,BA,32.43,2024
3527405,Lucélia,SP,68.26,2024
3169109,Toledo,MG,89.2,2024
3204906,São Mateus,ES,70.65,2024
3305703,Sumidouro,RJ,75.43,2024
3168606,Teófilo Otoni,MG,65.96,2024
2107704,Paraibano,MA,74.65,2024
5007935,Sonora,MS,78.58,2024
3513009,Cotia,SP,49.49,2024
4304408,Canela,RS,55.4,2024
4125308,São Jorge do Ivaí,PR,70.73,2024
4215208,Romelândia,SC,78.04,2024
3139706,Maravilhas,MG,76.79,2024
3304706,Santo Antônio de Pádua,RJ,73.82,2024
4128708,Vitorino,PR,70.19,2024
3551009,São Vicente,SP,48.22,2024
4307906,Farroupilha,RS,55.9,2024
3200169,Água Doce do Norte,ES,81.68,2024
4203956,Capivari de Baixo,SC,58.8,2024
4108304,Foz do Iguaçu,PR,72.01,2024
2512077,Poço de José de Moura,PB,57.57,2024
4212270,Passos Maia,SC,70.84,2024
4212254,Passo de Torres,SC,59.86,2024
4203600,Campos Novos,SC,63.67,2024
3551009,São Vicente,SP,47.93,2024
4311304,Lagoa Vermelha,RS,54.6,2024
4216305,São João Batista,SC,68.6,2024
2409506,Pedra Grande,RN,44.5,2024
3502309,Anhembi,SP,45.69,2024
3115508,Caxambu,MG,78.2,2024
2104628,Governador Luiz Rocha,MA,91.67,2024
2405603,Jardim de Piranhas,RN,63.05,2024
4306304,David Canabarro,RS,61.4,2024
4201406,Araranguá,SC,60.9,2024
2702504,Dois Riachos,AL,64.23,2024
3104908,Baependi,MG,77.43,2024
3139003,Machado,MG,87.02,2024
3526605,Lavrinhas,SP,46.14,2024
2408003,Mossoró,RN,40.97,2024
3135308,Japaraíba,MG,78.49,2024
4104600,Capitão Leônidas Marques,PR,78.04,2024
2511400,Picuí,PB,42.85,2024
5002951,Chapadão do Sul,MS,63.42,2024
4118402,Paranavaí,PR,74.3,2024
4115739,Mato Rico,PR,92.5,2024
1718303,Praia Norte,TO,38.49,2024
4313904,Panambi,RS,55.1,2024
4321436,Terra de Areia,RS,48.4,2024
3110509,Camanducaia,MG,58.56,2024
3118601,Contagem,MG,70.1,2024
4104808,Cascavel,PR,74.34,2024
3509957,Canas,SP,48.15,2024
3140001,Mariana,MG,65.6,2024
3300605,Bom Jesus do Itabapoana,RJ,70.64,2024
3113305,Carangola,MG,67.38,2024
2615409,Toritama,PE,63.95,2024
2605905,Gameleira,PE,77.37,2024
3117801,Conceição dos Ouros,MG,77.03,2024
3513801,Diadema,SP,48.02,2024
2804508,Nossa Senhora da Glória,SE,54.4,2024
2108009,Pastos Bons,MA,64.01,2024
3145356,Novo Oriente de Minas,MG,77.9,2024
3139250,Mamonas,MG,65.94,2024
1100205,Porto Velho,RO,69.36,2024
3302452,Macuco,RJ,77.99,2024
4207650,Iporã do Oeste,SC,92.28,2024
5007307,Rio Negro,MS,53.05,2024
2408201,Nísia Floresta,RN,49.76,2024
2507002,Itaporanga,PB,48.7,2024
2303709,Caucaia,CE,52.22,2024
3543402,Ribeirão Preto,SP,45.01,2024
3509304,Cajobi,SP,60.42,2024
4300109,Agudo,RS,56.9,2024
3131703,Itabira,MG,68.15,2024
2515971,Sobrado,PB,40.74,2024
4321352,Tavares,RS,37.0,2024
1720937,Taipas do Tocantins,TO,55.56,2024
4319406,São Pedro do Sul,RS,57.4,2024
4108551,Godoy Moreira,PR,74.07,2024
1707405,Esperantina,TO,47.82,2024
2401008,Apodi,RN,48.86,2024
3530102,Mirandópolis,SP,54.13,2024
4313201,Nova Petrópolis,RS,56.2,2024
4205456,Forquilhinha,SC,63.94,2024
4202909,Brusque,SC,65.9,2024
3202306,Guaçuí,ES,76.71,2024
1713809,Palmeiras do Tocantins,TO,49.53,2024
4103024,Boa Esperança do Iguaçu,PR,93.1,2024
3511904,Clementina,SP,54.12,2024
3138401,Leopoldina,MG,65.18,2024
2412005,São Gonçalo do Amarante,RN,44.4,2024
3516309,Francisco Morato,SP,63.29,2024
3170057,Ubaporanga,MG,69.73,2024
3161502,São Geraldo,MG,87.65,2024
4318804,São Lourenço do Sul,RS,57.2,2024
3153608,Prudente de Morais,MG,63.8,2024
3150604,Piracema,MG,76.35,2024
4201257,Apiúna,SC,70.88,2024
2408003,Mossoró,RN,43.7,2024
2403103,Currais Novos,RN,46.22,2024
2922300,Muritiba,BA,51.72,2024
3157906,Santa Margarida,MG,60.93,2024
3139201,Malacacheta,MG,75.44,2024
4312153,Mato Leitão,RS,58.4,2024
5105580,Marcelândia,MT,65.36,2024
4306809,Encantado,RS,56.4,2024
3170206,Uberlândia,MG,62.63,2024
2109403,Primeira Cruz,MA,68.97,2024
4312252,Minas do Leão,RS,69.6,2024
3151206,Pirapora,MG,69.43,2024
3148202,Patrocínio do Muriaé,MG,80.53,2024
4207106,Ilhota,SC,41.67,2024
3534401,Osasco,SP,49.13,2024
2708204,São Brás,AL,70.72,2024
5213806,Morrinhos,GO,65.87,2024
5006903,Porto Murtinho,MS,67.46,2024
4206504,Guaramirim,SC,64.09,2024
3109303,Buritis,MG,63.51,2024
4202404,Blumenau,SC,62.88,2024
4104006,Campina Grande do Sul,PR,66.84,2024
3106200,Belo Horizonte,MG,68.58,2024
1600303,Macapá,AP,44.85,2024
3516408,Franco da Rocha,SP,46.57,2024
1301902,Itacoatiara,AM,75.75,2024
4320263,Segredo,RS,76.2,2024
3157609,Santa Fé de Minas,MG,72.51,2024
2613602,São José do Egito,PE,73.38,2024
4203808,Canoinhas,SC,71.93,2024
4104907,Castro,PR,74.56,2024
4107009,Curiúva,PR,68.88,2024
4319505,São Sebastião do Caí,RS,55.9,2024
2105989,Lajeado Novo,MA,65.92,2024
2413904,Taipu,RN,68.22,2024
2504801,Coremas,PB,48.71,2024
4215703,Santo Amaro da Imperatriz,SC,71.68,2024
3170701,Varginha,MG,71.53,2024
3120904,Curvelo,MG,71.71,2024
2408003,Mossoró,RN,45.41,2024
2402303,Caraúbas,RN,41.75,2024
4206009,Governador Celso Ramos,SC,67.19,2024
3127206,Funilândia,MG,68.6,2024
4116703,Nova Aurora,PR,74.99,2024
2400208,Açu,RN,40.86,2024
4319901,Sapiranga,RS,56.3,2024
2603504,Camocim de São Félix,PE,68.51,2024
4215307,Salete,SC,64.68,2024
3144607,Nepomuceno,MG,77.99,2024
2508604,Lucena,PB,44.96,2024
3546009,Santa Branca,SP,49.71,2024
2612000,Sairé,PE,81.01,2024
4123402,Santa Fé,PR,64.71,2024
4206900,Ibirama,SC,71.81,2024
5105903,Nobres,MT,60.61,2024
3552809,Taboão da Serra,SP,49.2,2024
5219407,Santa Rita do Araguaia,GO,83.33,2024
4216305,São João Batista,SC,70.77,2024
4116059,Missal,PR,83.28,2024
3170305,Umburatiba,MG,52.43,2024
3542701,Restinga,SP,55.18,2024
3170503,Urucânia,MG,81.15,2024
3141702,Mesquita,MG,63.47,2024
3147006,Paracatu,MG,63.56,2024
4102109,Astorga,PR,75.21,2024
4110102,Imbituva,PR,78.04,2024
2103158,Centro do Guilherme,MA,87.93,2024
3108404,Botelhos,MG,81.65,2024
3518701,Guarujá,SP,48.38,2024
4307906,Farroupilha,RS,52.8,2024
4321667,Três Cachoeiras,RS,53.5,2024
2607307,Ipubi,PE,70.08,2024
4203956,Capivari de Baixo,SC,59.64,2024
4208450,Itapoá,SC,53.37,2024
4211207,Morro da Fumaça,SC,68.09,2024
3115458,Catuji,MG,67.78,2024
4209607,Lauro Muller,SC,63.54,2024
2404606,Ielmo Marinho,RN,30.13,2024
2512903,Rio Tinto,PB,46.3,2024
4314704,Planalto,RS,54.1,2024
2100055,Açailândia,MA,62.76,2024
4203006,Caçador,SC,65.72,2024
3122009,Divino,MG,73.55,2024
2408409,Olho-d'Água do Borges,RN,30.77,2024
4322558,Vanini,RS,69.2,2024
4300208,Ajuricaba,RS,53.9,2024
1717503,Pium,TO,43.07,2024
3503158,Arapeí,SP,37.41,2024
3160207,Santo Antônio do Itambé,MG,47.84,2024
4305405,Chiapetta,RS,84.6,2024
4208005,Itá,SC,30.77,2024
4318408,São Jerônimo,RS,56.7,2024
2911006,Floresta Azul,BA,41.03,2024
3204054,Pedro Canário,ES,92.31,2024
2412104,São João do Sabugi,RN,66.5,2024
3509007,Caieiras,SP,50.0,2024
4217758,Sul Brasil,SC,73.21,2024
3163300,São José do Divino,MG,54.62,2024
4215109,Rodeio,SC,61.54,2024
3122470,Dom Bosco,MG,84.62,2024
3170602,Vargem Bonita,MG,69.23,2024
4302659,Brochier,RS,53.9,2024
3127339,Gameleiras,MG,53.85,2024
4206207,Gravatal,SC,76.93,2024
5005681,Mundo Novo,MS,69.23,2024
4109302,Guaraniaçu,PR,71.17,2024
2206308,Miguel Leão,PI,84.62,2024
4312625,Muliterno,RS,69.2,2024
4318432,São João do Polêsine,RS,92.3,2024
2406601,Lagoa Salgada,RN,61.54,2024
3164100,São Pedro do Suaçuí,MG,84.62,2024
3537008,Pedregulho,SP,51.67,2024
3507456,Borebi,SP,53.42,2024
4201703,Ascurra,SC,48.83,2024
4211702,Orleans,SC,60.01,2024
3516408,Franco da Rocha,SP,48.3,2024
4306601,Dom Pedrito,RS,43.7,2024
2707800,Roteiro,AL,45.95,2024
2406106,Jucurutu,RN,43.69,2024
4316105,Ronda Alta,RS,52.8,2024
5006606,Ponta Porã,MS,71.07,2024
4214300,Rancho Queimado,SC,80.8,2024
4105508,Cianorte,PR,74.95,2024
5102504,Cáceres,MT,51.27,2024
4214003,Presidente Getúlio,SC,55.72,2024
4207809,Irani,SC,65.74,2024
3142700,Montalvânia,MG,66.9,2024
3170107,Uberaba,MG,69.47,2024
3169505,Tumiritinga,MG,74.58,2024
3552809,Taboão da Serra,SP,49.01,2024
3108107,Bonfim,MG,85.95,2024
4307203,Erval Grande,RS,38.8,2024
3148608,Peçanha,MG,74.72,2024
3151206,Pirapora,MG,69.81,2024
3113404,Caratinga,MG,67.42,2024
3124500,Estiva,MG,75.2,2024
5106307,Paranatinga,MT,60.98,2024
4211751,Otacílio Costa,SC,66.44,2024
3553807,Taquarituba,SP,56.67,2024
4218707,Tubarão,SC,55.11,2024
3162906,São João Nepomuceno,MG,69.83,2024
4322707,Vera Cruz,RS,55.6,2024
3136702,Juiz de Fora,MG,66.56,2024
1100288,Rolim de Moura,RO,64.22,2024
2919306,Lençóis,BA,37.66,2024
4204806,Curitibanos,SC,56.96,2024
1702307,Arapoema,TO,68.32,2024
3161650,São Geraldo do Baixio,MG,76.32,2024
4213609,Porto União,SC,67.7,2024
1100346,Alvorada D'Oeste,RO,77.36,2024
2414605,Upanema,RN,44.01,2024
3550308,São Paulo,SP,48.25,2024
2411403,Santana do Matos,RN,63.95,2024
4309605,Horizontina,RS,57.2,2024
2107100,Morros,MA,66.98,2024
1300201,Atalaia do Norte,AM,84.07,2024
4304689,Capela de Santana,RS,54.3,2024
2207504,Palmeirais,PI,46.19,2024
5003454,Deodápolis,MS,66.24,2024
3509452,Campina do Monte Alegre,SP,43.46,2024
3162948,São José da Barra,MG,75.22,2024
4123808,Santa Izabel do Oeste,PR,82.63,2024
2402501,Carnaubais,RN,48.37,2024
4126355,Serranópolis do Iguaçu,PR,82.66,2024
4319000,São Marcos,RS,44.4,2024
4309704,Humaitá,RS,60.8,2024
2404408,Grossos,RN,67.44,2024
4314076,Passo do Sobrado,RS,57.9,2024
2615102,Terezinha,PE,76.08,2024
3556206,Valinhos,SP,48.21,2024
4312450,Morro Redondo,RS,49.5,2024
4320404,Serafina Corrêa,RS,53.2,2024
3131703,Itabira,MG,69.81,2024
3162401,São João da Ponte,MG,63.51,2024
4110656,Iracema do Oeste,PR,85.71,2024
5103403,Cuiabá,MT,46.6,2024
3152402,Poté,MG,69.67,2024
3102852,Angelândia,MG,84.97,2024
4202909,Brusque,SC,67.18,2024
3163003,São José da Safira,MG,52.73,2024
4305702,Condor,RS,61.9,2024
2111789,Serrano do Maranhão,MA,53.62,2024
4320206,Seberi,RS,68.0,2024
4122404,Rolândia,PR,71.84,2024
2911253,Gavião,BA,47.37,2024
4304507,Canguçu,RS,51.7,2024
2929750,Saubara,BA,52.63,2024
4218707,Tubarão,SC,60.48,2024
4308201,Flores da Cunha,RS,59.4,2024
2409407,Pau dos Ferros,RN,41.08,2024
4313904,Panambi,RS,51.2,2024
5103403,Cuiabá,MT,46.56,2024
4322509,Vacaria,RS,47.4,2024
3168606,Teófilo Otoni,MG,64.88,2024
4218806,Turvo,SC,69.98,2024
3203809,Muqui,ES,75.56,2024
4312906,Nova Bassano,RS,61.1,2024
3301009,Campos dos Goytacazes,RJ,71.62,2024
3138005,Laranjal,MG,82.11,2024
3141009,Mato Verde,MG,71.71,2024
5108600,Vila Rica,MT,55.24,2024
4116901,Nova Esperança,PR,74.65,2024
3165206,São Thomé das Letras,MG,88.25,2024
2304004,Coreaú,CE,100.0,2024
3554904,Três Fronteiras,SP,69.58,2024
3149309,Pedro Leopoldo,MG,69.22,2024
3165552,Setubinha,MG,68.57,2024
3139201,Malacacheta,MG,74.46,2024
3135803,Jequitinhonha,MG,61.47,2024
5008008,Terenos,MS,68.25,2024
1302108,Japurá,AM,91.93,2024
3124807,Estrela do Sul,MG,75.81,2024
5106273,Novo Horizonte do Norte,MT,69.12,2024
5001003,Aparecida do Taboado,MS,57.5,2024
4204301,Concórdia,SC,71.3,2024
4116406,Nossa Senhora das Graças,PR,94.81,2024
5103379,Cotriguaçu,MT,62.71,2024
5107800,Santo Antônio do Leverger,MT,48.07,2024
3146107,Ouro Preto,MG,74.25,2024
4107736,Fernandes Pinheiro,PR,79.81,2024
2404507,Guamaré,RN,43.15,2024
2406106,Jucurutu,RN,46.3,2024
3105004,Baldim,MG,89.89,2024
2513851,Santo André,PB,35.81,2024
5006408,Pedro Gomes,MS,55.86,2024
3120904,Curvelo,MG,72.55,2024
5107156,Reserva do Cabaçal,MT,83.86,2024
3515152,Engenheiro Coelho,SP,47.86,2024
3509601,Campo Limpo Paulista,SP,48.77,2024
3526308,Lagoinha,SP,65.02,2024
4302402,Bom Retiro do Sul,RS,64.6,2024
3106200,Belo Horizonte,MG,70.13,2024
2904803,Caatiba,BA,50.0,2024
2207355,Pajeú do Piauí,PI,64.0,2024
4321501,Torres,RS,53.8,2024
3515657,Fernão,SP,44.0,2024
2413003,São Vicente,RN,52.0,2024
5106372,Pedra Preta,MT,65.1,2024
3111804,Canápolis,MG,52.0,2024
3171204,Vespasiano,MG,70.35,2024
3202405,Guarapari,ES,75.99,2024
3118809,Coração de Jesus,MG,68.05,2024
2707503,Porto Real do Colégio,AL,82.07,2024
3153103,Presidente Bernardes,MG,88.0,2024
3156908,Sacramento,MG,80.0,2024
3168051,Taparuba,MG,80.0,2024
4321402,Tenente Portela,RS,52.2,2024
4317400,Santiago,RS,58.5,2024
4321600,Tramandaí,RS,58.4,2024
3139508,Manhumirim,MG,68.84,2024
4207858,Irati,SC,87.82,2024
1721257,Tupirama,TO,66.67,2024
5003454,Deodápolis,MS,65.69,2024
4303509,Camaquã,RS,59.6,2024
3170206,Uberlândia,MG,64.57,2024
3140001,Mariana,MG,67.81,2024
2703304,Inhapi,AL,80.16,2024
3163508,São José do Jacuri,MG,81.45,2024
4202602,Bom Retiro,SC,44.68,2024
4218608,Trombudo Central,SC,63.31,2024
2608602,Lagoa do Ouro,PE,85.39,2024
4127502,Tibagi,PR,77.79,2024
4106803,Cruz Machado,PR,84.49,2024
2408904,Parelhas,RN,50.73,2024
2207959,Nova Santa Rita,PI,49.11,2024
2206100,Matias Olímpio,PI,52.06,2024
4317400,Santiago,RS,60.2,2024
4215703,Santo Amaro da Imperatriz,SC,62.84,2024
3171006,Vazante,MG,65.3,2024
4317400,Santiago,RS,61.2,2024
4205902,Gaspar,SC,65.16,2024
3136207,João Monlevade,MG,79.74,2024
4120150,Porto Barreiro,PR,86.29,2024
4218707,Tubarão,SC,68.26,2024
5201405,Aparecida de Goiânia,GO,69.22,2024
3200607,Aracruz,ES,74.36,2024
3129608,Ibiaí,MG,76.41,2024
2802403,Gararu,SE,36.4,2024
4304663,Capão do Leão,RS,39.4,2024
5106653,Pontal do Araguaia,MT,51.2,2024
4307609,Estância Velha,RS,43.4,2024
5211008,Itapirapuã,GO,73.21,2024
4121752,Reserva do Iguaçu,PR,83.13,2024
2201101,Avelino Lopes,PI,44.97,2024
4306403,Dois Irmãos,RS,57.8,2024
3138203,Lavras,MG,67.11,2024
2803500,Lagarto,SE,68.35,2024
5205307,Cavalcante,GO,84.5,2024
3109907,Caetanópolis,MG,72.48,2024
4200507,Águas de Chapecó,SC,75.76,2024
4201703,Ascurra,SC,61.66,2024
3130507,Ilicínea,MG,65.15,2024
4219507,Xanxerê,SC,66.51,2024
3167202,Sete Lagoas,MG,71.22,2024
5221809,Urutaí,GO,66.86,2024
4320263,Segredo,RS,84.9,2024
4216206,São Francisco do Sul,SC,59.18,2024
1707306,Dueré,TO,68.54,2024
4219358,Vitor Meireles,SC,76.12,2024
3506300,Bernardino de Campos,SP,47.5,2024
2505352,Damião,PB,50.86,2024
3550605,São Roque,SP,51.51,2024
3129806,Ibirité,MG,66.46,2024
3157807,Santa Luzia,MG,70.02,2024
5208301,Divinópolis de Goiás,GO,80.42,2024
2210938,Sussuapara,PI,55.84,2024
3137536,Lagoa Grande,MG,76.48,2024
4311809,Marau,RS,53.4,2024
1707108,Divinópolis do Tocantins,TO,60.78,2024
3147006,Paracatu,MG,68.16,2024
2502151,Boa Vista,PB,49.49,2024
2205706,Luís Correia,PI,51.6,2024
5007802,Selvíria,MS,59.83,2024
5006275,Paraíso das Águas,MS,78.5,2024
2201408,Barro Duro,PI,40.17,2024
4306932,Entre-Ijuís,RS,47.6,2024
3541000,Praia Grande,SP,51.25,2024
4304507,Canguçu,RS,56.4,2024
4310801,Ivoti,RS,56.9,2024
4215703,Santo Amaro da Imperatriz,SC,60.42,2024
4119004,Pérola d'Oeste,PR,88.78,2024
2401305,Campo Grande,RN,43.77,2024
4316600,Sananduva,RS,53.3,2024
2915007,Itaeté,BA,45.45,2024
4213500,Porto Belo,SC,62.57,2024
3153905,Raposos,MG,69.66,2024
3113206,Carandaí,MG,80.43,2024
3539806,Poá,SP,51.72,2024
5105101,Juara,MT,54.04,2024
2509396,Maturéia,PB,60.76,2024
2412401,São José do Seridó,RN,56.41,2024
4207502,Indaial,SC,66.7,2024
4316758,Santa Clara do Sul,RS,54.2,2024
2926707,Rio de Contas,BA,55.74,2024
3152006,Pompéu,MG,66.01,2024
3204500,Santa Leopoldina,ES,74.54,2024
2407807,Monte Alegre,RN,50.97,2024
3506003,Bauru,SP,50.56,2024
3152501,Pouso Alegre,MG,70.53,2024
3156007,Rio Vermelho,MG,64.55,2024
4216008,São Carlos,SC,80.35,2024
3114600,Carrancas,MG,89.76,2024
3522109,Itanhaém,SP,48.05,2024
3102605,Andradas,MG,75.04,2024
4219507,Xanxerê,SC,70.05,2024
2403103,Currais Novos,RN,46.77,2024
2414605,Upanema,RN,36.67,2024
2509305,Mataraca,PB,50.43,2024
5206206,Cristalina,GO,69.1,2024
4128658,Virmond,PR,81.54,2024
3510302,Capela do Alto,SP,47.64,2024
3525003,Jandira,SP,51.39,2024
2515500,Serra Branca,PB,54.35,2024
3131505,Ipuiúna,MG,63.82,2024
4207304,Imbituba,SC,61.53,2024
3141405,Medina,MG,64.77,2024
3300902,Cambuci,RJ,64.38,2024
3141405,Medina,MG,65.7,2024
3154200,Resende Costa,MG,82.11,2024
3523206,Itararé,SP,53.17,2024
4310504,Iraí,RS,59.4,2024
3131307,Ipatinga,MG,70.92,2024
3162005,São Gonçalo do Sapucaí,MG,76.14,2024
3166204,Senhora dos Remédios,MG,77.94,2024
4310207,Ijuí,RS,61.9,2024
3522901,Itapuí,SP,53.04,2024
5004304,Iguatemi,MS,60.02,2024
3525607,João Ramalho,SP,65.42,2024
4211751,Otacílio Costa,SC,70.95,2024
3547106,Santa Mercedes,SP,81.08,2024
3515004,Embu das Artes,SP,48.71,2024
4200507,Águas de Chapecó,SC,66.39,2024
4108809,Guaíra,PR,69.53,2024
3117108,Conceição da Aparecida,MG,78.53,2024
3508603,Cachoeira Paulista,SP,41.8,2024
4304713,Caraá,RS,62.4,2024
5203906,Buriti Alegre,GO,64.95,2024
4219507,Xanxerê,SC,72.14,2024
3138625,Limeira do Oeste,MG,59.7,2024
4207007,Içara,SC,68.01,2024
2104503,Governador Archer,MA,78.21,2024
2401107,Areia Branca,RN,41.2,2024
3147600,Passa Quatro,MG,83.78,2024
4311759,Manoel Viana,RS,50.0,2024
2400208,Açu,RN,40.37,2024
4302253,Boa Vista do Sul,RS,75.0,2024
4312179,Mato Queimado,RS,58.3,2024
4209805,Leoberto Leal,SC,62.5,2024
3132800,Itambé do Mato Dentro,MG,83.33,2024
5002605,Camapuã,MS,33.33,2024
4322806,Veranópolis,RS,57.0,2024
3158409,Santana de Cataguases,MG,73.26,2024
3141405,Medina,MG,50.0,2024
2403756,Fernando Pedroza,RN,66.67,2024
2414100,Tenente Ananias,RN,58.33,2024
4313037,Nova Esperança do Sul,RS,41.7,2024
2919405,Licínio de Almeida,BA,65.48,2024
2901502,Anguera,BA,55.95,2024
4308300,Fontoura Xavier,RS,75.0,2024
3150901,Piranguçu,MG,78.97,2024
4309753,Ibarama,RS,66.7,2024
3146750,Palmópolis,MG,75.0,2024
4320321,Senador Salgado Filho,RS,50.0,2024
4218756,Tunápolis,SC,91.67,2024
5218052,Porteirão,GO,75.38,2024
4102000,Assis Chateaubriand,PR,80.31,2024
4106852,Cruzmaltina,PR,94.52,2024
3102407,Alvorada de Minas,MG,83.33,2024
4305116,Centenário,RS,75.0,2024
4215687,Santa Terezinha do Progresso,SC,95.83,2024
4116950,Nova Esperança do Sudoeste,PR,88.59,2024
3160504,Santo Antônio do Rio Abaixo,MG,91.67,2024
4316709,Santa Bárbara do Sul,RS,75.0,2024
3111804,Canápolis,MG,70.31,2024
4128534,Ventania,PR,77.17,2024
3151800,Poços de Caldas,MG,68.93,2024
5208707,Goiânia,GO,69.49,2024
4208500,Ituporanga,SC,71.3,2024
4317202,Santa Rosa,RS,58.8,2024
4200507,Águas de Chapecó,SC,63.22,2024
4311734,Mampituba,RS,55.2,2024
4105904,Colorado,PR,78.22,2024
4207007,Içara,SC,69.13,2024
5000203,Água Clara,MS,77.03,2024
3136306,João Pinheiro,MG,74.07,2024
2201960,Brasileira,PI,42.58,2024
4207106,Ilhota,SC,46.23,2024
3159803,Santa Vitória,MG,59.6,2024
2114007,Zé Doca,MA,72.3,2024
4121604,Renascença,PR,82.55,2024
4300505,Alpestre,RS,66.5,2024
2604809,Cortês,PE,70.4,2024
4207007,Içara,SC,69.72,2024
4206306,Guabiruba,SC,73.93,2024
2707602,Quebrangulo,AL,61.05,2024
2603108,Cachoeirinha,PE,63.59,2024
4215000,Rio Negrinho,SC,67.56,2024
2105906,Lago Verde,MA,76.73,2024
1719004,Santa Tereza do Tocantins,TO,24.65,2024
3124401,Espírito Santo do Dourado,MG,66.53,2024
3113008,Caraí,MG,70.04,2024
4127304,Terra Rica,PR,81.46,2024
2108306,Penalva,MA,63.88,2024
3114006,Carmo da Mata,MG,68.1,2024
3107802,Bom Jesus do Galho,MG,77.48,2024
4106209,Contenda,PR,77.37,2024
3553856,Taquarivaí,SP,47.19,2024
4205605,Galvão,SC,70.47,2024
4321451,Teutônia,RS,62.9,2024
3149309,Pedro Leopoldo,MG,75.11,2024
3146404,Paineiras,MG,82.34,2024
3506706,Boa Esperança do Sul,SP,55.34,2024
2931053,Tanque Novo,BA,61.8,2024
4212205,Papanduva,SC,64.15,2024
2108058,Paulino Neves,MA,68.89,2024
4213807,Praia Grande,SC,71.88,2024
3171204,Vespasiano,MG,70.72,2024
2110500,São Bento,MA,79.26,2024
3107406,Bom Despacho,MG,73.33,2024
4103354,Braganey,PR,85.11,2024
4304804,Carlos Barbosa,RS,57.5,2024
3509007,Caieiras,SP,52.16,2024
3170404,Unaí,MG,67.21,2024
4203956,Capivari de Baixo,SC,61.32,2024
2703304,Inhapi,AL,83.03,2024
3111804,Canápolis,MG,76.49,2024
4205902,Gaspar,SC,69.02,2024
2206696,Murici dos Portelas,PI,65.17,2024
3138203,Lavras,MG,68.67,2024
4301701,Barão de Cotegipe,RS,76.6,2024
1302108,Japurá,AM,90.51,2024
3509007,Caieiras,SP,52.21,2024
3552205,Sorocaba,SP,52.43,2024
3125002,Ewbank da Câmara,MG,64.41,2024
4215356,Saltinho,SC,75.29,2024
4204301,Concórdia,SC,75.26,2024
1101476,Primavera de Rondônia,RO,57.63,2024
4103701,Cambé,PR,76.35,2024
4315107,Porto Xavier,RS,56.9,2024
1702208,Araguatins,TO,50.5,2024
1200104,Brasiléia,AC,53.63,2024
4311007,Jaguarão,RS,64.9,2024
2500775,Aparecida,PB,62.41,2024
3128709,Guaxupé,MG,66.93,2024
4111209,Itapejara d'Oeste,PR,75.37,2024
3129509,Ibiá,MG,78.1,2024
3107307,Bocaiúva,MG,68.42,2024
2609501,Nazaré da Mata,PE,56.96,2024
2513927,São Bentinho,PB,60.02,2024
4213351,Ponte Alta do Norte,SC,70.19,2024
4320404,Serafina Corrêa,RS,50.7,2024
4307609,Estância Velha,RS,44.4,2024
3548906,São Carlos,SP,50.27,2024
3534302,Orlândia,SP,57.15,2024
3305133,São José de Ubá,RJ,80.39,2024
3530607,Mogi das Cruzes,SP,47.88,2024
4321808,Três de Maio,RS,55.2,2024
4302352,Bom Princípio,RS,50.7,2024
3128303,Guaranésia,MG,65.21,2024
2612901,São Benedito do Sul,PE,71.07,2024
3540754,Potim,SP,46.58,2024
3117836,Cônego Marinho,MG,66.13,2024
2709152,Teotônio Vilela,AL,57.59,2024
3205101,Viana,ES,68.8,2024
2503555,Cacimbas,PB,47.9,2024
2612307,Saloá,PE,78.66,2024
2923035,Novo Horizonte,BA,73.17,2024
2411007,Rodolfo Fernandes,RN,41.06,2024
4207106,Ilhota,SC,47.17,2024
3552007,Silveiras,SP,47.27,2024
3103504,Araguari,MG,64.76,2024
3108305,Borda da Mata,MG,80.39,2024
3523800,Itobi,SP,69.34,2024
4310009,Ibirubá,RS,62.7,2024
4320800,Soledade,RS,63.1,2024
2401800,Brejinho,RN,40.29,2024
2211506,Vera Mendes,PI,48.57,2024
4306957,Entre Rios do Sul,RS,72.0,2024
3554003,Tatuí,SP,53.92,2024
3522307,Itapetininga,SP,50.81,2024
2211704,Wall Ferraz,PI,54.29,2024
2511905,Pitimbu,PB,51.59,2024
3138302,Leandro Ferreira,MG,74.29,2024
3204708,São Gabriel da Palha,ES,80.69,2024
3127370,Goiabeira,MG,91.43,2024
2101707,Barreirinhas,MA,78.52,2024
3143401,Monte Sião,MG,74.18,2024
4318804,São Lourenço do Sul,RS,58.7,2024
3162104,São Gotardo,MG,75.49,2024
4318408,São Jerônimo,RS,60.5,2024
2512002,Pocinhos,PB,54.09,2024
4304002,Campo Novo,RS,46.1,2024
5209952,Indiara,GO,82.75,2024
3205010,Sooretama,ES,70.81,2024
3157807,Santa Luzia,MG,72.16,2024
4204350,Cordilheira Alta,SC,65.36,2024
4121208,Quitandinha,PR,75.8,2024
4125209,São Jorge d'Oeste,PR,84.59,2024
4314456,Pinhal,RS,33.2,2024
3518800,Guarulhos,SP,49.23,2024
4316105,Ronda Alta,RS,53.7,2024
4302808,Caçapava do Sul,RS,56.8,2024
3165552,Setubinha,MG,69.31,2024
4210035,Luzerna,SC,79.74,2024
4111407,Ivaí,PR,82.65,2024
3133709,Itatiaiuçu,MG,79.41,2024
4212106,Palmitos,SC,64.02,2024
3501152,Alumínio,SP,53.68,2024
4215000,Rio Negrinho,SC,66.96,2024
5107305,São José do Rio Claro,MT,60.28,2024
1501758,Brejo Grande do Araguaia,PA,75.7,2024
4304671,Capivari do Sul,RS,43.9,2024
4117701,Palmeira,PR,65.93,2024
3116308,Cipotânea,MG,92.31,2024
1600550,Pracuúba,AP,30.66,2024
3508504,Caçapava,SP,44.26,2024
3524402,Jacareí,SP,51.48,2024
2612703,Santa Maria do Cambucá,PE,70.05,2024
3149200,Pedrinópolis,MG,79.95,2024
4117206,Nova Olímpia,PR,91.63,2024
3104700,Ataléia,MG,55.28,2024
4113007,Jussara,PR,66.03,2024
3539905,Poloni,SP,57.87,2024
2203909,Floriano,PI,53.36,2024
4305207,Cerro Largo,RS,54.0,2024
4205001,Dionísio Cerqueira,SC,66.23,2024
2406601,Lagoa Salgada,RN,63.42,2024
4201000,Anita Garibaldi,SC,77.33,2024
3110905,Campanha,MG,64.8,2024
2102705,Cantanhede,MA,70.83,2024
4303806,Campinas do Sul,RS,60.9,2024
5000252,Alcinópolis,MS,63.77,2024
4302600,Braga,RS,52.2,2024
4205001,Dionísio Cerqueira,SC,69.14,2024
4323507,Vista Alegre,RS,71.0,2024
2611101,Petrolina,PE,70.25,2024
4315008,Porto Lucena,RS,78.3,2024
4316436,Saldanha Marinho,RS,69.6,2024
2209450,Santo Antônio dos Milagres,PI,78.26,2024
3523305,Itariri,SP,43.36,2024
2204501,Guadalupe,PI,68.54,2024
2516409,Tacima,PB,77.72,2024
2501500,Bananeiras,PB,54.93,2024
3200359,Alto Rio Novo,ES,83.48,2024
4123501,Santa Helena,PR,79.37,2024
4208708,Jacinto Machado,SC,67.22,2024
3205200,Vila Velha,ES,67.75,2024
4201505,Armazém,SC,78.35,2024
1702109,Araguaína,TO,50.51,2024
4128500,Wenceslau Braz,PR,74.37,2024
2202554,Caridade do Piauí,PI,58.14,2024
5107909,Sinop,MT,54.01,2024
3514106,Dois Córregos,SP,57.41,2024
3549953,São Lourenço da Serra,SP,58.4,2024
2502409,Bonito de Santa Fé,PB,60.93,2024
3103504,Araguari,MG,65.37,2024
3143807,Munhoz,MG,82.36,2024
4117107,Nova Londrina,PR,74.05,2024
1200302,Feijó,AC,72.94,2024
1720259,São Salvador do Tocantins,TO,59.09,2024
4314159,Paverama,RS,47.5,2024
4305207,Cerro Largo,RS,49.2,2024
3154903,Rio Casca,MG,62.76,2024
4103909,Campina da Lagoa,PR,77.67,2024
4201604,Arroio Trinta,SC,76.24,2024
3162104,São Gotardo,MG,75.31,2024
3169901,Ubá,MG,78.84,2024
4107603,Faxinal,PR,71.76,2024
3155405,Rio Novo,MG,65.4,2024
4313706,Palmeira das Missões,RS,52.7,2024
3124203,Espera Feliz,MG,61.52,2024
5000609,Amambai,MS,69.72,2024
4205001,Dionísio Cerqueira,SC,82.33,2024
5004007,Glória de Dourados,MS,73.2,2024
5108907,Nova Maringá,MT,62.38,2024
3150802,Piranga,MG,82.58,2024
2510501,Olivedos,PB,41.57,2024
2507606,Juarez Távora,PB,35.79,2024
3515103,Embu-Guaçu,SP,45.34,2024
4112405,Japurá,PR,80.87,2024
3162807,São João Evangelista,MG,70.27,2024
3120870,Curral de Dentro,MG,80.36,2024
2310951,Pires Ferreira,CE,100.0,2024
5220702,Sítio d'Abadia,GO,79.41,2024
2400505,Alexandria,RN,58.98,2024
2407005,Luís Gomes,RN,38.98,2024
3524105,Ituverava,SP,49.94,2024
3127008,Fronteira,MG,76.16,2024
2205458,Joca Marques,PI,43.83,2024
3148707,Pedra Azul,MG,60.74,2024
4126603,Siqueira Campos,PR,82.88,2024
4305959,Cotiporã,RS,44.2,2024
3102902,Antônio Carlos,MG,71.47,2024
4217600,Siderópolis,SC,53.57,2024
5107909,Sinop,MT,54.33,2024
2924652,Pintadas,BA,55.7,2024
4102703,Barra do Jacaré,PR,72.41,2024
3552502,Suzano,SP,51.13,2024
3125952,Fervedouro,MG,76.31,2024
3533601,Nuporanga,SP,64.88,2024
3516309,Francisco Morato,SP,50.92,2024
2209377,Santa Rosa do Piauí,PI,51.64,2024
2205516,Juazeiro do Piauí,PI,71.43,2024
5208103,Formoso,GO,86.67,2024
4216107,São Domingos,SC,76.94,2024
5216452,Perolândia,GO,77.78,2024
3157658,Santa Helena de Minas,MG,90.81,2024
4316808,Santa Cruz do Sul,RS,54.1,2024
2600807,Altinho,PE,68.08,2024
2615300,Timbaúba,PE,77.57,2024
3172004,Visconde do Rio Branco,MG,74.81,2024
4122156,Rio Bonito do Iguaçu,PR,80.25,2024
4302907,Cacequi,RS,50.5,2024
4213807,Praia Grande,SC,69.36,2024
3116209,Chiador,MG,76.01,2024
3516309,Francisco Morato,SP,50.49,2024
3128006,Guanhães,MG,72.64,2024
3143906,Muriaé,MG,73.13,2024
2701407,Campo Alegre,AL,67.45,2024
2104701,Graça Aranha,MA,75.68,2024
2204402,Gilbués,PI,39.2,2024
1600600,Santana,AP,53.14,2024
3169901,Ubá,MG,79.09,2024
2103109,Cedral,MA,66.85,2024
3551801,Sete Barras,SP,52.1,2024
2208007,Picos,PI,54.93,2024
4209102,Joinville,SC,68.79,2024
4128401,Uraí,PR,66.07,2024
3117702,Conceição do Rio Verde,MG,78.17,2024
4306809,Encantado,RS,62.6,2024
3527603,Luís Antônio,SP,43.03,2024
2404408,Grossos,RN,65.35,2024
4103305,Borrazópolis,PR,75.03,2024
4103958,Campina do Simão,PR,84.25,2024
3538105,Pindorama,SP,63.37,2024
4209102,Joinville,SC,68.58,2024
1702554,Augustinópolis,TO,59.95,2024
4311106,Jaguari,RS,61.3,2024
1100122,Ji-Paraná,RO,72.81,2024
4119905,Ponta Grossa,PR,75.9,2024
1703206,Bernardo Sayão,TO,59.26,2024
5201702,Aragarças,GO,72.16,2024
3148509,Pavão,MG,83.75,2024
3547700,Santo Anastácio,SP,79.01,2024
5102678,Campo Verde,MT,48.53,2024
4103404,Cafeara,PR,63.42,2024
3111309,Campo do Meio,MG,76.54,2024
3148806,Pedra do Anta,MG,85.51,2024
4206702,Herval d'Oeste,SC,59.83,2024
3552403,Sumaré,SP,50.61,2024
3553906,Tarabai,SP,67.98,2024
3139805,Mar de Espanha,MG,73.79,2024
3138609,Lima Duarte,MG,69.51,2024
4125456,São José das Palmeiras,PR,74.36,2024
2605608,Flores,PE,68.28,2024
3135100,Janaúba,MG,67.7,2024
4121802,Ribeirão Claro,PR,85.68,2024
2916856,Itatim,BA,54.22,2024
3164605,São Sebastião do Oeste,MG,76.46,2024
3118908,Cordisburgo,MG,79.85,2024
4312807,Nova Araçá,RS,60.6,2024
4202404,Blumenau,SC,64.14,2024
4207502,Indaial,SC,67.83,2024
5106182,Nova Lacerda,MT,67.64,2024
4128005,Ubiratã,PR,77.6,2024
4312658,Não-Me-Toque,RS,58.2,2024
4215307,Salete,SC,67.36,2024
5220108,São Luís de Montes Belos,GO,76.27,2024
3144102,Muzambinho,MG,75.51,2024
3162005,São Gonçalo do Sapucaí,MG,76.3,2024
2101103,Axixá,MA,71.88,2024
5107701,Rosário Oeste,MT,56.37,2024
3147006,Paracatu,MG,76.68,2024
3127107,Frutal,MG,73.59,2024
4104501,Capanema,PR,79.5,2024
4114005,Mamborê,PR,74.68,2024
3164472,São Sebastião do Anta,MG,81.32,2024
3162658,São João do Pacuí,MG,86.4,2024
3159803,Santa Vitória,MG,62.91,2024
4304507,Canguçu,RS,71.9,2024
3529500,Mendonça,SP,77.56,2024
3135308,Japaraíba,MG,80.89,2024
4106407,Cornélio Procópio,PR,73.21,2024
4201703,Ascurra,SC,94.83,2024
4313490,Novo Barreiro,RS,36.4,2024
3515806,Flora Rica,SP,27.27,2024
4306304,David Canabarro,RS,45.5,2024
4314308,Pejuçara,RS,36.4,2024
4305207,Cerro Largo,RS,27.3,2024
3167301,Silveirânia,MG,86.36,2024
2414605,Upanema,RN,22.73,2024
3147808,Passa-Vinte,MG,77.27,2024
4312104,Mata,RS,45.5,2024
2512309,Princesa Isabel,PB,90.91,2024
2513968,São Domingos,PB,54.55,2024
2210805,Simplício Mendes,PI,67.45,2024
4211256,Morro Grande,SC,81.82,2024
4300554,Alto Alegre,RS,63.6,2024
3125903,Ferros,MG,70.78,2024
3145208,Nova Serrana,MG,72.47,2024
4208906,Jaraguá do Sul,SC,64.66,2024
3128501,Guarará,MG,72.73,2024
4313953,Pantano Grande,RS,63.6,2024
3146255,Padre Carvalho,MG,100.0,2024
3168408,Tarumirim,MG,77.47,2024
3122108,Divino das Laranjeiras,MG,85.45,2024
4219150,Vargem,SC,69.58,2024
3157377,Santa Cruz de Salinas,MG,72.73,2024
2406700,Lajes,RN,33.68,2024
5218391,Professor Jamil,GO,77.25,2024
2404101,Galinhos,RN,55.2,2024
2406601,Lagoa Salgada,RN,64.22,2024
4203600,Campos Novos,SC,61.86,2024
5105507,Vila Bela da Santíssima Trindade,MT,47.61,2024
4209102,Joinville,SC,67.15,2024
3160900,São Brás do Suaçuí,MG,81.31,2024
3521002,Iperó,SP,44.75,2024
4302402,Bom Retiro do Sul,RS,65.1,2024
3152204,Porteirinha,MG,71.77,2024
3203320,Marataízes,ES,69.4,2024
3142601,Monsenhor Paulo,MG,78.89,2024
3131604,Iraí de Minas,MG,77.81,2024
5206404,Crixás,GO,78.62,2024
4127700,Toledo,PR,81.69,2024
3518701,Guarujá,SP,56.08,2024
3105608,Barbacena,MG,81.97,2024
4320701,Sobradinho,RS,70.8,2024
3156809,Sabinópolis,MG,75.0,2024
2613909,Serra Talhada,PE,77.92,2024
3143450,Montezuma,MG,88.98,2024
4305702,Condor,RS,58.0,2024
5104609,Itiquira,MT,58.16,2024
4207700,Ipumirim,SC,62.84,2024
4217402,Schroeder,SC,64.58,2024
4207759,Iraceminha,SC,70.07,2024
1600303,Macapá,AP,49.14,2024
3106200,Belo Horizonte,MG,74.07,2024
3142403,Moema,MG,81.94,2024
4306056,Cristal,RS,50.8,2024
3507605,Bragança Paulista,SP,53.36,2024
2412104,São João do Sabugi,RN,71.7,2024
3537503,Pereiras,SP,66.7,2024
2706000,Olivença,AL,80.79,2024
4113429,Lidianópolis,PR,83.47,2024
3160702,Santos Dumont,MG,73.65,2024
4120358,Pranchita,PR,79.55,2024
2929107,São Felipe,BA,41.13,2024
2406809,Lajes Pintadas,RN,47.42,2024
3535903,Paranapuã,SP,82.89,2024
4317905,Santo Cristo,RS,57.7,2024
2513901,São Bento,PB,46.87,2024
2502805,Brejo do Cruz,PB,51.6,2024
3119500,Coronel Murta,MG,67.56,2024
3106309,Belo Oriente,MG,65.94,2024
2401107,Areia Branca,RN,39.95,2024
2709202,Traipu,AL,47.49,2024
4313706,Palmeira das Missões,RS,51.9,2024
3103504,Araguari,MG,66.97,2024
2700805,Belém,AL,64.57,2024
2211001,Teresina,PI,57.25,2024
2509909,Natuba,PB,47.23,2024
3124302,Espinosa,MG,72.28,2024
4110409,Indianópolis,PR,69.81,2024
2202059,Cabeceiras do Piauí,PI,52.34,2024
3204252,Ponto Belo,ES,80.01,2024
3117504,Conceição do Mato Dentro,MG,82.33,2024
3104007,Araxá,MG,75.35,2024
3155702,Rio Piracicaba,MG,76.96,2024
4113452,Lindoeste,PR,72.9,2024
4316006,Rolante,RS,66.6,2024
4305009,Catuípe,RS,77.1,2024
4212908,Pinhalzinho,SC,75.07,2024
3131109,Inimutaba,MG,77.8,2024
3507902,Brotas,SP,56.01,2024
2202539,Caraúbas do Piauí,PI,68.17,2024
3133105,Itanhandu,MG,84.24,2024
3507100,Bom Jesus dos Perdões,SP,53.92,2024
2202208,Campo Maior,PI,54.48,2024
2403301,Encanto,RN,67.02,2024
4219705,Xaxim,SC,59.72,2024
3133709,Itatiaiuçu,MG,80.42,2024
3534104,Oriente,SP,39.53,2024
3140159,Mário Campos,MG,74.09,2024
5214507,Nerópolis,GO,71.18,2024
3529401,Mauá,SP,46.04,2024
3534708,Ourinhos,SP,53.67,2024
3203403,Mimoso do Sul,ES,65.32,2024
2105203,Igarapé Grande,MA,89.11,2024
3519600,Ibitinga,SP,49.2,2024
4208302,Itapema,SC,68.62,2024
3168903,Tiros,MG,81.76,2024
4204707,Cunha Porã,SC,77.07,2024
3522208,Itapecerica da Serra,SP,54.9,2024
2109007,Porto Franco,MA,74.09,2024
4321451,Teutônia,RS,63.0,2024
3531506,Monte Azul Paulista,SP,55.38,2024
4205803,Garuva,SC,66.73,2024
4203907,Capinzal,SC,69.54,2024
3105905,Barroso,MG,83.24,2024
5105622,Mirassol d'Oeste,MT,57.5,2024
1709500,Gurupi,TO,54.37,2024
2211001,Teresina,PI,57.56,2024
2201200,Barras,PI,60.13,2024
4219705,Xaxim,SC,59.5,2024
2207306,Paes Landim,PI,45.31,2024
2403806,Florânia,RN,43.75,2024
2923050,Novo Triunfo,BA,39.06,2024
3519709,Ibiúna,SP,53.06,2024
4306403,Dois Irmãos,RS,56.9,2024
4318481,São José do Hortêncio,RS,43.8,2024
3169000,Tocantins,MG,71.46,2024
3146107,Ouro Preto,MG,79.37,2024
2707503,Porto Real do Colégio,AL,83.74,2024
2504702,Congo,PB,40.66,2024
5106232,Nova Olímpia,MT,57.29,2024
4309555,Harmonia,RS,67.5,2024
4217600,Siderópolis,SC,56.07,2024
3512803,Cosmópolis,SP,59.61,2024
5103502,Diamantino,MT,60.5,2024
5108857,Nova Marilândia,MT,80.62,2024
2605152,Dormentes,PE,83.37,2024
3157658,Santa Helena de Minas,MG,88.15,2024
2209203,Santa Filomena,PI,62.47,2024
2508307,Lagoa Seca,PB,46.71,2024
4309902,Ibiraiaras,RS,49.1,2024
4301701,Barão de Cotegipe,RS,75.9,2024
5217104,Piracanjuba,GO,71.69,2024
5217609,Planaltina,GO,75.11,2024
3157005,Salinas,MG,77.17,2024
2500908,Arara,PB,52.9,2024
3127701,Governador Valadares,MG,68.07,2024
2104651,Governador Newton Bello,MA,78.08,2024
3502507,Aparecida,SP,53.75,2024
3148756,Pedra Bonita,MG,79.15,2024
3168705,Timóteo,MG,70.28,2024
2613305,São Joaquim do Monte,PE,72.13,2024
5216007,Panamá,GO,84.18,2024
3118601,Contagem,MG,77.21,2024
3152105,Ponte Nova,MG,81.27,2024
1716505,Pedro Afonso,TO,56.7,2024
5207907,Flores de Goiás,GO,65.41,2024
4103008,Boa Esperança,PR,92.95,2024
5108808,Nova Guarita,MT,67.3,2024
1716653,Pequizeiro,TO,61.79,2024
3520426,Ilha Comprida,SP,67.6,2024
3141801,Minas Novas,MG,78.82,2024
3129905,Ibitiúra de Minas,MG,78.04,2024
4312658,Não-Me-Toque,RS,59.6,2024
3138708,Luminárias,MG,97.5,2024
3200805,Baixo Guandu,ES,74.59,2024
3141108,Matozinhos,MG,76.74,2024
3512001,Colina,SP,57.89,2024
3101607,Alfenas,MG,73.41,2024
2500502,Alagoinha,PB,53.1,2024
3510500,Caraguatatuba,SP,58.19,2024
2200707,Anísio de Abreu,PI,57.02,2024
3540002,Pompéia,SP,60.32,2024
5211909,Jataí,GO,69.92,2024
3149309,Pedro Leopoldo,MG,88.32,2024
4321667,Três Cachoeiras,RS,53.6,2024
3503901,Arujá,SP,60.67,2024
4314472,Pinhal Grande,RS,47.5,2024
3556008,Urupês,SP,65.68,2024
4122701,Sabáudia,PR,78.98,2024
3162500,São João del Rei,MG,74.0,2024
5108105,Tesouro,MT,52.38,2024
2910206,Dom Macedo Costa,BA,52.38,2024
3124609,Estrela Dalva,MG,66.67,2024
5103858,Gaúcha do Norte,MT,59.6,2024
2602506,Brejinho,PE,79.05,2024
3104452,Aricanduva,MG,90.48,2024
2505907,Emas,PB,38.1,2024
4312153,Mato Leitão,RS,62.1,2024
5107743,Santa Cruz do Xingu,MT,73.81,2024
4213906,Presidente Castello Branco,SC,61.9,2024
4110078,Imbaú,PR,70.26,2024
4322533,Vale do Sol,RS,61.9,2024
4315008,Porto Lucena,RS,85.7,2024
3140704,Mateus Leme,MG,75.26,2024
3170503,Urucânia,MG,81.2,2024
4304697,Capitão,RS,58.6,2024
3556503,Várzea Paulista,SP,53.24,2024
4215307,Salete,SC,68.23,2024
3543808,Rinópolis,SP,63.16,2024
3153608,Prudente de Morais,MG,60.98,2024
4115853,Mercedes,PR,93.06,2024
3167806,Soledade de Minas,MG,88.35,2024
4208708,Jacinto Machado,SC,70.16,2024
3120706,Cruzeiro da Fortaleza,MG,80.92,2024
4306734,Doutor Maurício Cardoso,RS,63.3,2024
1713304,Miranorte,TO,63.01,2024
3545209,Salto,SP,60.52,2024
3154408,Ressaquinha,MG,82.0,2024
4302006,Barros Cassal,RS,61.5,2024
3524006,Itupeva,SP,48.94,2024
3505500,Barretos,SP,58.42,2024
4209003,Joaçaba,SC,70.42,2024
2606903,Iguaraci,PE,83.67,2024
4215653,Santa Rosa do Sul,SC,74.56,2024
2504009,Campina Grande,PB,47.92,2024
3152402,Poté,MG,79.91,2024
3136306,João Pinheiro,MG,75.61,2024
2106409,Mata Roma,MA,76.86,2024
3522307,Itapetininga,SP,54.05,2024
3552205,Sorocaba,SP,54.67,2024
2207801,Paulistana,PI,50.47,2024
4113734,Luiziana,PR,86.61,2024
5104104,Guarantã do Norte,MT,54.22,2024
3115458,Catuji,MG,66.72,2024
3305901,Trajano de Moraes,RJ,79.23,2024
4320800,Soledade,RS,63.7,2024
3544301,Roseira,SP,67.2,2024
4114203,Mandaguari,PR,81.53,2024
3130556,Imbé de Minas,MG,88.46,2024
3522208,Itapecerica da Serra,SP,55.34,2024
3111507,Campos Altos,MG,65.27,2024
2112852,Vila Nova dos Martírios,MA,74.55,2024
3111101,Campina Verde,MG,75.03,2024
5105101,Juara,MT,59.61,2024
3544905,Sales Oliveira,SP,50.04,2024
3544103,Rio Grande da Serra,SP,61.8,2024
3519501,Ibirarema,SP,71.85,2024
5108501,Vera,MT,52.77,2024
4304309,Cândido Godói,RS,56.2,2024
4122172,Rio Branco do Ivaí,PR,73.84,2024
4306932,Entre-Ijuís,RS,51.0,2024
5105622,Mirassol d'Oeste,MT,60.12,2024
4207809,Irani,SC,71.4,2024
3123809,Engenheiro Navarro,MG,76.22,2024
3548708,São Bernardo do Campo,SP,54.16,2024
2515401,São Vicente do Seridó,PB,54.16,2024
4206108,Grão Pará,SC,70.23,2024
3528908,Mariápolis,SP,48.4,2024
2412500,São Miguel,RN,44.85,2024
4206702,Herval d'Oeste,SC,62.72,2024
5107958,Tangará da Serra,MT,58.95,2024
2900306,Acajutiba,BA,59.14,2024
3124906,Eugenópolis,MG,68.59,2024
2929602,Sapeaçu,BA,64.52,2024
2111953,Sucupira do Riachão,MA,80.65,2024
3534708,Ourinhos,SP,53.77,2024
3544004,Rio das Pedras,SP,58.5,2024
2111573,São Pedro dos Crentes,MA,59.47,2024
3203007,Iúna,ES,70.08,2024
3532603,Nhandeara,SP,67.47,2024
3515186,Espírito Santo do Pinhal,SP,61.16,2024
4308508,Frederico Westphalen,RS,64.1,2024
3160702,Santos Dumont,MG,72.65,2024
4120606,Prudentópolis,PR,82.91,2024
4201000,Anita Garibaldi,SC,78.85,2024
3170206,Uberlândia,MG,70.7,2024
4103800,Cambira,PR,83.63,2024
3115805,Centralina,MG,89.95,2024
1712405,Lizarda,TO,19.44,2024
2400604,Almino Afonso,RN,41.2,2024
3554102,Taubaté,SP,53.88,2024
3127701,Governador Valadares,MG,69.38,2024
3151503,Piumhi,MG,73.46,2024
4313201,Nova Petrópolis,RS,60.8,2024
4102505,Barbosa Ferraz,PR,77.65,2024
2511202,Pedras de Fogo,PB,48.58,2024
4204707,Cunha Porã,SC,74.18,2024
3522505,Itapevi,SP,55.46,2024
3154101,Recreio,MG,61.02,2024
3152170,Ponto dos Volantes,MG,67.71,2024
3158607,Santana do Deserto,MG,80.09,2024
4203006,Caçador,SC,66.32,2024
3139409,Manhuaçu,MG,75.92,2024
3137304,Lagoa dos Patos,MG,69.48,2024
3520103,Igarapava,SP,55.6,2024
3513603,Cunha,SP,58.09,2024
4212106,Palmitos,SC,64.28,2024
4114351,Manfrinópolis,PR,70.91,2024
3135357,Japonvar,MG,71.16,2024
3150703,Pirajuba,MG,76.8,2024
4200309,Agronômica,SC,70.41,2024
3100609,Água Boa,MG,78.2,2024
3509205,Cajamar,SP,53.17,2024
3116100,Chapada do Norte,MG,66.15,2024
4110508,Ipiranga,PR,82.28,2024
4208906,Jaraguá do Sul,SC,72.53,2024
3148103,Patrocínio,MG,71.67,2024
4214003,Presidente Getúlio,SC,58.58,2024
3130051,Icaraí de Minas,MG,73.34,2024
4211108,Monte Castelo,SC,68.09,2024
3119104,Corinto,MG,85.75,2024
2504009,Campina Grande,PB,48.79,2024
4320206,Seberi,RS,65.2,2024
3202652,Irupi,ES,81.49,2024
4304903,Casca,RS,77.3,2024
3504909,Bananal,SP,58.62,2024
5108402,Várzea Grande,MT,60.26,2024
4202404,Blumenau,SC,64.77,2024
3168804,Tiradentes,MG,68.34,2024
4210506,Maravilha,SC,75.87,2024
3152204,Porteirinha,MG,72.34,2024
5005251,Laguna Carapã,MS,77.47,2024
4125357,São Jorge do Patrocínio,PR,90.23,2024
2508109,Lagoa,PB,59.38,2024
3505609,Barrinha,SP,51.43,2024
3506102,Bebedouro,SP,55.75,2024
4200903,Angelina,SC,66.07,2024
3130051,Icaraí de Minas,MG,75.59,2024
1720499,São Valério,TO,46.24,2024
3516408,Franco da Rocha,SP,68.92,2024
4115408,Marmeleiro,PR,85.08,2024
4106506,Coronel Vivida,PR,74.6,2024
5106752,Pontes e Lacerda,MT,66.49,2024
5201108,Anápolis,GO,73.22,2024
4108403,Francisco Beltrão,PR,76.41,2024
4115200,Maringá,PR,78.37,2024
3143302,Montes Claros,MG,75.18,2024
2402907,Coronel João Pessoa,RN,47.83,2024
3538907,Pirajuí,SP,46.03,2024
3534906,Pacaembu,SP,53.27,2024
3159605,Santa Rita do Sapucaí,MG,72.16,2024
3134905,Jacutinga,MG,79.14,2024
4300570,Alto Feliz,RS,58.3,2024
3130051,Icaraí de Minas,MG,77.42,2024
2400109,Acari,RN,38.21,2024
2507903,Juripiranga,PB,45.74,2024
3548500,Santos,SP,52.77,2024
2516300,Sumé,PB,64.53,2024
2105450,Jatobá,MA,68.34,2024
4204905,Descanso,SC,64.35,2024
4215679,Santa Terezinha,SC,73.52,2024
4215802,São Bento do Sul,SC,76.73,2024
3157005,Salinas,MG,77.08,2024
2502508,Boqueirão,PB,37.65,2024
3529203,Martinópolis,SP,63.56,2024
4103453,Cafelândia,PR,78.14,2024
3123007,Dores de Campos,MG,76.43,2024
3554706,Torrinha,SP,66.43,2024
4303509,Camaquã,RS,56.4,2024
4117222,Nova Santa Rosa,PR,72.16,2024
3205002,Serra,ES,83.5,2024
3548500,Santos,SP,52.81,2024
4308904,Getúlio Vargas,RS,52.3,2024
5100409,Alto Garças,MT,52.91,2024
3152131,Ponto Chique,MG,76.36,2024
3143302,Montes Claros,MG,74.71,2024
3203502,Montanha,ES,80.21,2024
3546256,Santa Cruz da Esperança,SP,42.56,2024
3202801,Itapemirim,ES,75.32,2024
3138674,Luisburgo,MG,87.7,2024
3500303,Aguaí,SP,58.41,2024
4314001,Paraí,RS,64.8,2024
3114204,Carmo do Cajuru,MG,72.37,2024
3551702,Sertãozinho,SP,54.16,2024
3153509,Alto Jequitibá,MG,78.73,2024
3117504,Conceição do Mato Dentro,MG,79.7,2024
3158201,Santa Maria do Suaçuí,MG,83.52,2024
4124053,Santa Terezinha de Itaipu,PR,79.46,2024
4311700,Machadinho,RS,64.3,2024
3511607,Cesário Lange,SP,51.32,2024
4210100,Mafra,SC,69.85,2024
2203305,Demerval Lobão,PI,73.33,2024
4218509,Treze Tílias,SC,71.92,2024
4119103,Piên,PR,83.34,2024
4202701,Botuverá,SC,65.2,2024
2401800,Brejinho,RN,52.24,2024
3145307,Novo Cruzeiro,MG,75.07,2024
3146909,Papagaios,MG,88.48,2024
4213609,Porto União,SC,73.04,2024
3202553,Ibitirama,ES,79.56,2024
3113909,Carmo da Cachoeira,MG,78.88,2024
2616183,Vertente do Lério,PE,82.94,2024
4206108,Grão Pará,SC,70.75,2024
3556800,Viradouro,SP,60.23,2024
3521101,Ipeúna,SP,62.62,2024
3151701,Poço Fundo,MG,70.92,2024
4208906,Jaraguá do Sul,SC,75.11,2024
4210308,Major Vieira,SC,74.01,2024
3504701,Balbinos,SP,100.0,2024
5101209,Araguainha,MT,100.0,2024
2411106,Ruy Barbosa,RN,35.0,2024
2407906,Monte das Gameleiras,RN,32.92,2024
2409308,Patu,RN,30.0,2024
2501575,Barra de Santana,PB,49.18,2024
2503407,Cacimba de Areia,PB,52.5,2024
4211009,Mondaí,SC,70.0,2024
3157401,Santa Cruz do Escalvado,MG,70.0,2024
4217105,São Martinho,SC,70.0,2024
4315750,Riozinho,RS,100.0,2024
4310702,Itatiba do Sul,RS,40.0,2024
2202505,Caracol,PI,49.31,2024
3544103,Rio Grande da Serra,SP,61.98,2024
3160454,Santo Antônio do Retiro,MG,65.69,2024
4302659,Brochier,RS,56.7,2024
2205805,Luzilândia,PI,54.9,2024
5209804,Hidrolina,GO,72.5,2024
3143302,Montes Claros,MG,74.03,2024
4308433,Forquetinha,RS,55.2,2024
4321626,Travesseiro,RS,67.8,2024
3105202,Bandeira,MG,77.5,2024
4306320,Derrubadas,RS,80.0,2024
3157658,Santa Helena de Minas,MG,85.0,2024
3138682,Luislândia,MG,85.0,2024
3153806,Queluzito,MG,95.0,2024
3201001,Boa Esperança,ES,90.0,2024
3115102,Cássia,MG,90.0,2024
4315552,Rio dos Índios,RS,70.0,2024
2605400,Feira Nova,PE,83.27,2024
3204658,São Domingos do Norte,ES,84.74,2024
1701309,Aragominas,TO,52.57,2024
5220504,Serranópolis,GO,66.65,2024
4319406,São Pedro do Sul,RS,61.6,2024
3132404,Itajubá,MG,79.1,2024
4306007,Crissiumal,RS,57.4,2024
1716703,Colméia,TO,60.62,2024
3535507,Paraguaçu Paulista,SP,56.93,2024
5203203,Barro Alto,GO,77.88,2024
3143906,Muriaé,MG,75.48,2024
2616100,Verdejante,PE,68.84,2024
3134103,Itueta,MG,79.92,2024
3119807,Córrego Danta,MG,75.27,2024
3522406,Itapeva,SP,56.2,2024
3114105,Carmo de Minas,MG,71.02,2024
4115200,Maringá,PR,78.55,2024
5107040,Primavera do Leste,MT,57.79,2024
4111605,Ivatuba,PR,86.72,2024
5215603,Padre Bernardo,GO,69.56,2024
3104452,Aricanduva,MG,86.66,2024
3203346,Marechal Floriano,ES,86.57,2024
2507309,Jacaraú,PB,51.18,2024
3126000,Florestal,MG,85.73,2024
4107546,Espigão Alto do Iguaçu,PR,81.78,2024
3127701,Governador Valadares,MG,70.91,2024
4201901,Aurora,SC,76.43,2024
2507507,João Pessoa,PB,50.13,2024
3540200,Pontal,SP,64.47,2024
3545407,Salto Grande,SP,44.94,2024
4116307,Munhoz de Melo,PR,80.0,2024
3504008,Assis,SP,54.85,2024
2208601,Prata do Piauí,PI,47.93,2024
3554805,Tremembé,SP,54.73,2024
3533254,Novais,SP,63.99,2024
3130101,Igarapé,MG,73.84,2024
3131901,Itabirito,MG,80.39,2024
4107751,Figueira,PR,77.82,2024
5212105,Joviânia,GO,67.17,2024
3204005,Pancas,ES,85.86,2024
3112406,Capetinga,MG,79.03,2024
3166501,Serra Azul de Minas,MG,73.55,2024
2201606,Beneditinos,PI,68.49,2024
4205506,Fraiburgo,SC,77.47,2024
5210109,Ipameri,GO,74.13,2024
5206305,Cristianópolis,GO,82.2,2024
2503704,Cajazeiras,PB,50.91,2024
3133105,Itanhandu,MG,79.94,2024
3161502,São Geraldo,MG,92.77,2024
3131703,Itabira,MG,77.96,2024
3164308,São Roque de Minas,MG,77.02,2024
5221601,Uruaçu,GO,76.87,2024
4209003,Joaçaba,SC,72.15,2024
3520301,Iguape,SP,62.11,2024
2104099,Formosa da Serra Negra,MA,84.29,2024
1716208,Paranã,TO,68.45,2024
4216107,São Domingos,SC,78.82,2024
2702108,Colônia Leopoldina,AL,73.25,2024
5204102,Cachoeira Alta,GO,78.35,2024
3557204,Chavantes,SP,51.58,2024
3549805,São José do Rio Preto,SP,56.85,2024
3145604,Oliveira,MG,80.67,2024
5209150,Gouvelândia,GO,81.36,2024
2511608,Pilões,PB,61.18,2024
4101408,Apucarana,PR,78.78,2024
3134608,Jaboticatubas,MG,75.36,2024
4212205,Papanduva,SC,69.31,2024
3509254,Cajati,SP,57.52,2024
5004700,Ivinhema,MS,68.78,2024
4313391,Novo Cabrais,RS,77.0,2024
3526100,Juquiá,SP,55.18,2024
3532827,Nova Campina,SP,61.55,2024
3547809,Santo André,SP,56.5,2024
4204707,Cunha Porã,SC,70.77,2024
3163607,São José do Mantimento,MG,87.17,2024
5107776,Santa Terezinha,MT,40.74,2024
3506805,Bocaina,SP,49.59,2024
5108402,Várzea Grande,MT,61.76,2024
4321857,Três Palmeiras,RS,64.6,2024
3112802,Capitólio,MG,78.93,2024
3137809,Lambari,MG,55.96,2024
3513108,Cravinhos,SP,59.0,2024
3205036,Vargem Alta,ES,72.05,2024
4104451,Cantagalo,PR,71.81,2024
3146206,Ouro Verde de Minas,MG,78.41,2024
3541703,Quatá,SP,68.43,2024
3137809,Lambari,MG,70.13,2024
3120805,Cruzília,MG,76.02,2024
3137809,Lambari,MG,74.76,2024
2701100,Branquinha,AL,79.89,2024
5215009,Nova Veneza,GO,76.22,2024
4205175,Entre Rios,SC,65.16,2024
3108404,Botelhos,MG,84.86,2024
2408607,Paraná,RN,27.59,2024
3512506,Coroados,SP,72.95,2024
5210604,Itaguaru,GO,89.89,2024
3108206,Bonfinópolis de Minas,MG,71.88,2024
5101407,Aripuanã,MT,61.83,2024
2103406,Coelho Neto,MA,76.13,2024
5107602,Rondonópolis,MT,60.49,2024
3200508,Apiacá,ES,62.88,2024
3548054,Santo Antônio do Aracanguá,SP,62.22,2024
3536109,Pardinho,SP,56.51,2024
1600600,Santana,AP,55.32,2024
3165537,Sarzedo,MG,82.39,2024
3137700,Lajinha,MG,69.27,2024
4113908,Mallet,PR,87.79,2024
3104452,Aricanduva,MG,84.87,2024
4218806,Turvo,SC,72.95,2024
3113503,Carbonita,MG,70.78,2024
3170651,Vargem Grande do Rio Pardo,MG,89.89,2024
4212106,Palmitos,SC,64.41,2024
4314498,Pinheirinho do Vale,RS,73.0,2024
3504305,Avaí,SP,65.24,2024
3503208,Araraquara,SP,62.01,2024
2918902,Lajedão,BA,48.28,2024
5205109,Catalão,GO,76.88,2024
2602407,Brejão,PE,86.18,2024
4115002,Marilena,PR,75.36,2024
3170057,Ubaporanga,MG,68.75,2024
3122702,Dom Silvério,MG,92.48,2024
2409407,Pau dos Ferros,RN,38.9,2024
5107040,Primavera do Leste,MT,58.79,2024
3203007,Iúna,ES,67.97,2024
2614402,Solidão,PE,93.99,2024
3505906,Batatais,SP,70.05,2024
4306056,Cristal,RS,61.2,2024
4110201,Inácio Martins,PR,70.03,2024
3108305,Borda da Mata,MG,81.21,2024
3169307,Três Corações,MG,70.26,2024
3113008,Caraí,MG,69.39,2024
3145877,Orizânia,MG,75.97,2024
3119302,Coromandel,MG,78.77,2024
5215306,Orizona,GO,77.75,2024
3507407,Borborema,SP,70.83,2024
3537305,Penápolis,SP,61.01,2024
3144805,Nova Lima,MG,79.6,2024
3125705,Felixlândia,MG,75.1,2024
3527306,Louveira,SP,58.25,2024
3204104,Pinheiros,ES,97.26,2024
3525854,Jumirim,SP,50.81,2024
4124509,Santo Inácio,PR,80.07,2024
3116704,Coimbra,MG,83.5,2024
4127205,Terra Boa,PR,89.1,2024
5106000,Nortelândia,MT,65.5,2024
3203130,João Neiva,ES,77.28,2024
2501302,Aroeiras,PB,44.46,2024
4218202,Timbó,SC,70.41,2024
1712157,Lavandeira,TO,58.81,2024
3512209,Conchal,SP,55.54,2024
2921807,Mortugaba,BA,60.0,2024
3139003,Machado,MG,89.31,2024
3525805,Júlio Mesquita,SP,55.26,2024
4216909,São Lourenço do Oeste,SC,71.25,2024
3553104,Taiaçu,SP,38.71,2024
3202603,Iconha,ES,75.87,2024
3150539,Pingo-d'Água,MG,81.43,2024
3170529,Urucuia,MG,67.15,2024
2610509,Passira,PE,76.23,2024
4316006,Rolante,RS,66.5,2024
5101803,Barra do Garças,MT,47.35,2024
3543907,Rio Claro,SP,54.52,2024
5107404,São Pedro da Cipa,MT,76.26,2024
4203808,Canoinhas,SC,77.81,2024
4107207,Dois Vizinhos,PR,82.56,2024
3554300,Teodoro Sampaio,SP,100.0,2024
3123502,Douradoquara,MG,78.95,2024
4314027,Paraíso do Sul,RS,52.6,2024
3108602,Brasília de Minas,MG,76.32,2024
3202108,Ecoporanga,ES,89.47,2024
3123908,Entre Rios de Minas,MG,75.48,2024
2204709,Inhuma,PI,67.52,2024
4205506,Fraiburgo,SC,77.72,2024
3108602,Brasília de Minas,MG,76.29,2024
3108602,Brasília de Minas,MG,76.3,2024
4122909,Salto do Itararé,PR,73.64,2024
3137106,Lagamar,MG,56.25,2024
4211256,Morro Grande,SC,73.57,2024
3106002,Bela Vista de Minas,MG,73.01,2024
3131901,Itabirito,MG,80.44,2024
2500734,Amparo,PB,41.89,2024
4311601,Liberato Salzano,RS,73.9,2024
4313706,Palmeira das Missões,RS,49.5,2024
3556701,Vinhedo,SP,56.12,2024
4210001,Luiz Alves,SC,61.55,2024
4205159,Doutor Pedrinho,SC,79.1,2024
5100508,Alto Paraguai,MT,52.43,2024
3543907,Rio Claro,SP,54.59,2024
3546306,Santa Cruz das Palmeiras,SP,59.69,2024
4200200,Agrolândia,SC,76.03,2024
3135100,Janaúba,MG,71.74,2024
5214408,Nazário,GO,83.94,2024
2601300,Barra de Guabiraba,PE,86.54,2024
3546603,Santa Fé do Sul,SP,54.03,2024
3205309,Vitória,ES,73.2,2024
2603405,Calumbi,PE,86.03,2024
3164209,São Romão,MG,77.76,2024
3202801,Itapemirim,ES,75.42,2024
5203500,Bom Jesus de Goiás,GO,81.51,2024
2506707,Imaculada,PB,42.25,2024
3152600,Pouso Alto,MG,79.55,2024
3100708,Água Comprida,MG,55.3,2024
2111078,São João do Soter,MA,53.45,2024
2509008,Manaíra,PB,50.66,2024
3114501,Carmópolis de Minas,MG,81.68,2024
4211504,Nova Trento,SC,65.7,2024
4312450,Morro Redondo,RS,47.4,2024
1707553,Fátima,TO,57.84,2024
3131307,Ipatinga,MG,75.61,2024
3520301,Iguape,SP,61.67,2024
5214838,Nova Crixás,GO,71.87,2024
3524303,Jaboticabal,SP,57.94,2024
4302659,Brochier,RS,57.5,2024
3503000,Aramina,SP,72.03,2024
2406700,Lajes,RN,36.01,2024
5104559,Itaúba,MT,67.42,2024
4303202,Cacique Doble,RS,58.2,2024
5221601,Uruaçu,GO,77.83,2024
4207650,Iporã do Oeste,SC,89.65,2024
3143500,Morada Nova de Minas,MG,64.5,2024
4217204,São Miguel do Oeste,SC,69.47,2024
3504503,Avaré,SP,52.47,2024
3550308,São Paulo,SP,56.1,2024
4308607,Garibaldi,RS,71.7,2024
3204054,Pedro Canário,ES,81.35,2024
3200409,Anchieta,ES,88.41,2024
3162955,São José da Lapa,MG,75.09,2024
3143609,Morro da Garça,MG,67.59,2024
3535309,Palmital,SP,60.32,2024
2111631,São Raimundo do Doca Bezerra,MA,55.35,2024
2516201,Sousa,PB,53.57,2024
3520202,Igaratá,SP,50.61,2024
2210623,Sebastião Barros,PI,50.0,2024
5212600,Mairipotaba,GO,71.43,2024
5205455,Cezarina,GO,69.63,2024
3102506,Amparo do Serra,MG,73.86,2024
4206751,Ibiam,SC,96.17,2024
3107109,Boa Esperança,MG,74.5,2024
3155108,Rio do Prado,MG,76.19,2024
3113206,Carandaí,MG,82.73,2024
4304002,Campo Novo,RS,46.8,2024
3140530,Martins Soares,MG,83.69,2024
4125704,São Miguel do Iguaçu,PR,77.84,2024
3116308,Cipotânea,MG,80.5,2024
3523503,Itatinga,SP,54.18,2024
3541604,Promissão,SP,64.97,2024
3156007,Rio Vermelho,MG,59.95,2024
3153400,Presidente Olegário,MG,78.27,2024
3148608,Peçanha,MG,61.48,2024
2612208,Salgueiro,PE,75.13,2024
3511706,Charqueada,SP,62.5,2024
5215702,Palmeiras de Goiás,GO,81.01,2024
4205704,Garopaba,SC,75.75,2024
5204854,Campo Limpo de Goiás,GO,84.62,2024
2205557,Lagoa Alegre,PI,58.86,2024
1721000,Palmas,TO,56.97,2024
3538709,Piracicaba,SP,55.08,2024
3528007,Macatuba,SP,62.4,2024
3500303,Aguaí,SP,61.22,2024
3543253,Ribeirão Grande,SP,60.84,2024
3148103,Patrocínio,MG,76.21,2024
5105101,Juara,MT,64.06,2024
3510609,Carapicuíba,SP,57.57,2024
2208403,Piripiri,PI,54.59,2024
3552304,Sud Mennucci,SP,57.15,2024
3108701,Brás Pires,MG,81.16,2024
3121605,Diamantina,MG,70.61,2024
4210100,Mafra,SC,74.16,2024
3135803,Jequitinhonha,MG,72.3,2024
3116407,Claraval,MG,84.7,2024
2307650,Maracanaú,CE,62.16,2024
3550100,São Manuel,SP,60.53,2024
4312203,Maximiliano de Almeida,RS,43.2,2024
2920304,Malhada de Pedras,BA,70.27,2024
3204054,Pedro Canário,ES,80.91,2024
3158003,Santa Maria de Itabira,MG,77.79,2024
4215604,Santa Rosa de Lima,SC,86.49,2024
2209872,São João da Fronteira,PI,43.37,2024
2407708,Montanhas,RN,44.2,2024
3162500,São João del Rei,MG,77.27,2024
2608503,Lagoa de Itaenga,PE,79.42,2024
4115804,Medianeira,PR,79.1,2024
3529609,Meridiano,SP,67.31,2024
4307401,Esmeralda,RS,48.4,2024
3126752,Franciscópolis,MG,63.78,2024
3161304,São Francisco de Sales,MG,73.5,2024
4306452,Dois Lajeados,RS,53.0,2024
4314076,Passo do Sobrado,RS,64.5,2024
2402303,Caraúbas,RN,46.24,2024
3128907,Guimarânia,MG,85.1,2024
3501905,Amparo,SP,59.94,2024
3168705,Timóteo,MG,78.72,2024
4312658,Não-Me-Toque,RS,64.6,2024
5217401,Pires do Rio,GO,80.88,2024
4215802,São Bento do Sul,SC,79.21,2024
3508405,Cabreúva,SP,64.6,2024
2610301,Paranatama,PE,66.67,2024
5217708,Pontalina,GO,86.03,2024
3117009,Comercinho,MG,68.38,2024
3513405,Cruzeiro,SP,55.99,2024
3526407,Laranjal Paulista,SP,59.37,2024
3121605,Diamantina,MG,72.02,2024
3111903,Cana Verde,MG,93.33,2024
2503704,Cajazeiras,PB,54.07,2024
1716109,Paraíso do Tocantins,TO,63.45,2024
3126752,Franciscópolis,MG,70.75,2024
3131802,Itabirinha,MG,83.44,2024
5211305,Itarumã,GO,83.26,2024
3519071,Hortolândia,SP,55.05,2024
3105301,Bandeira do Sul,MG,94.51,2024
3131208,Ipanema,MG,77.67,2024
3543402,Ribeirão Preto,SP,55.59,2024
2509107,Mari,PB,70.06,2024
4202206,Benedito Novo,SC,70.47,2024
3141603,Mercês,MG,84.85,2024
2111300,São Luís,MA,63.2,2024
4217956,Tigrinhos,SC,91.64,2024
1600253,Itaubal,AP,43.57,2024
2506905,Itabaiana,PB,50.57,2024
4309506,Guarani das Missões,RS,67.5,2024
3121605,Diamantina,MG,72.96,2024
3125101,Extrema,MG,69.33,2024
3147105,Pará de Minas,MG,76.29,2024
2411908,São Francisco do Oeste,RN,68.97,2024
3155504,Rio Paranaíba,MG,60.21,2024
4214300,Rancho Queimado,SC,80.38,2024
4219002,Urussanga,SC,69.61,2024
3555000,Tupã,SP,61.5,2024
3531308,Monte Alto,SP,59.0,2024
2402709,Cerro Corá,RN,40.95,2024
2410801,Riacho de Santana,RN,53.36,2024
2302008,Barro,CE,63.94,2024
3537909,Pilar do Sul,SP,63.33,2024
3201506,Colatina,ES,77.5,2024
5204805,Campo Alegre de Goiás,GO,77.6,2024
3164001,São Pedro dos Ferros,MG,68.34,2024
3204005,Pancas,ES,86.3,2024
3101607,Alfenas,MG,76.61,2024
5105150,Juína,MT,56.58,2024
4308201,Flores da Cunha,RS,58.8,2024
3137502,Lagoa Formosa,MG,82.01,2024
3201506,Colatina,ES,78.24,2024
3145000,Nova Ponte,MG,78.86,2024
4301404,Arvorezinha,RS,76.1,2024
1101559,Teixeirópolis,RO,65.3,2024
3524907,Jambeiro,SP,56.89,2024
3519907,Iepê,SP,53.84,2024
3202553,Ibitirama,ES,81.82,2024
3159308,Santa Rita de Jacutinga,MG,77.68,2024
3118700,Coqueiral,MG,82.47,2024
1718402,Presidente Kennedy,TO,57.83,2024
4309951,Ibirapuitã,RS,59.7,2024
2607752,Itapissuma,PE,82.95,2024
3122306,Divinópolis,MG,73.79,2024
3160702,Santos Dumont,MG,69.94,2024
4124301,Santo Antônio do Paraíso,PR,81.17,2024
3541653,Quadra,SP,65.39,2024
3109709,Cachoeira de Minas,MG,81.11,2024
3141009,Mato Verde,MG,79.19,2024
4302352,Bom Princípio,RS,55.3,2024
4217907,Tangará,SC,74.88,2024
3129301,Iapu,MG,67.68,2024
3527801,Lupércio,SP,60.96,2024
2404853,Itajá,RN,40.01,2024
2411007,Rodolfo Fernandes,RN,45.23,2024
3503109,Arandu,SP,56.61,2024
2506905,Itabaiana,PB,53.73,2024
3503802,Artur Nogueira,SP,54.41,2024
4216800,São José do Cerrito,SC,52.61,2024
3159407,Santa Rita de Ibitipoca,MG,88.22,2024
4209201,Lacerdópolis,SC,75.0,2024
2201919,Bom Princípio do Piauí,PI,75.94,2024
3537305,Penápolis,SP,63.0,2024
3514908,Elias Fausto,SP,56.28,2024
3135506,Jequeri,MG,84.89,2024
2506905,Itabaiana,PB,54.38,2024
2608909,Limoeiro,PE,67.03,2024
4310009,Ibirubá,RS,67.4,2024
4101903,Assaí,PR,80.24,2024
2512788,Riacho de Santo Antônio,PB,55.56,2024
4314803,Portão,RS,44.4,2024
2404804,Ipueira,RN,22.22,2024
2210375,São Luis do Piauí,PI,61.11,2024
4300638,Amaral Ferrador,RS,55.6,2024
3515509,Fernandópolis,SP,55.56,2024
4201208,Antônio Carlos,SC,66.67,2024
2500809,Araçagi,PB,47.88,2024
2918209,Jiquiriçá,BA,46.67,2024
2405900,João Dias,RN,38.89,2024
3164803,São Sebastião do Rio Preto,MG,100.0,2024
2406106,Jucurutu,RN,77.78,2024
1302108,Japurá,AM,83.33,2024
3203908,Nova Venécia,ES,100.0,2024
4317004,Santana da Boa Vista,RS,66.7,2024
4211256,Morro Grande,SC,70.37,2024
3132503,Itamarandiba,MG,81.25,2024
3103207,Araçaí,MG,72.22,2024
3126752,Franciscópolis,MG,100.0,2024
4315008,Porto Lucena,RS,100.0,2024
2414100,Tenente Ananias,RN,52.97,2024
3543501,Riversul,SP,64.17,2024
4305009,Catuípe,RS,71.6,2024
3508009,Buri,SP,63.24,2024
3106903,Bicas,MG,70.71,2024
4124400,Santo Antônio do Sudoeste,PR,81.43,2024
3171006,Vazante,MG,71.85,2024
3507159,Bom Sucesso de Itararé,SP,55.46,2024
3547304,Santana de Parnaíba,SP,60.69,2024
3515350,Euclides da Cunha Paulista,SP,69.86,2024
3170909,Varzelândia,MG,63.77,2024
4219002,Urussanga,SC,70.73,2024
5201504,Aporé,GO,65.8,2024
2507507,João Pessoa,PB,55.14,2024
4307203,Erval Grande,RS,47.0,2024
3505906,Batatais,SP,58.95,2024
4109658,Honório Serpa,PR,73.2,2024
3105103,Bambuí,MG,80.48,2024
2609006,Macaparana,PE,81.95,2024
3159506,Santa Rita do Itueto,MG,87.19,2024
3140902,Matipó,MG,80.73,2024
4122107,Rio Bom,PR,69.55,2024
2615904,Tuparetama,PE,82.52,2024
4105300,Céu Azul,PR,84.56,2024
3159803,Santa Vitória,MG,72.85,2024
3500550,Águas de Santa Bárbara,SP,48.99,2024
5107206,Rio Branco,MT,81.6,2024
3551108,Sarapuí,SP,53.32,2024
2932507,Una,BA,58.16,2024
3540804,Potirendaba,SP,62.55,2024
2513406,Santa Luzia,PB,54.05,2024
4309803,Ibiaçá,RS,60.1,2024
3159704,Santa Rosa da Serra,MG,79.88,2024
2512903,Rio Tinto,PB,60.02,2024
2512705,Remígio,PB,49.27,2024
2206209,Miguel Alves,PI,60.79,2024
3117876,Confins,MG,69.15,2024
5203962,Buritinópolis,GO,85.08,2024
4304903,Casca,RS,76.0,2024
5106208,Nova Brasilândia,MT,81.37,2024
3170750,Varjão de Minas,MG,93.29,2024
3530805,Mogi Mirim,SP,57.7,2024
4101150,Ângulo,PR,86.15,2024
3200904,Barra de São Francisco,ES,87.1,2024
3136603,Nova União,MG,92.79,2024
5106174,Nova Nazaré,MT,85.25,2024
3167202,Sete Lagoas,MG,81.22,2024
2507507,João Pessoa,PB,55.87,2024
2615508,Tracunhaém,PE,73.31,2024
3532009,Morungaba,SP,47.32,2024
3508801,Cafelândia,SP,60.44,2024
1505908,Porto de Moz,PA,81.16,2024
2304350,Forquilha,CE,100.0,2024
3509403,Cajuru,SP,54.99,2024
3523107,Itaquaquecetuba,SP,64.61,2024
4215653,Santa Rosa do Sul,SC,73.62,2024
5213756,Montividiu,GO,78.69,2024
3134103,Itueta,MG,78.77,2024
2405702,Jardim do Seridó,RN,56.51,2024
3513801,Diadema,SP,59.37,2024
3540903,Pradópolis,SP,62.53,2024
4308904,Getúlio Vargas,RS,59.2,2024
3142106,Miradouro,MG,75.29,2024
2202851,Coronel José Dias,PI,61.36,2024
3542503,Reginópolis,SP,84.53,2024
3170404,Unaí,MG,74.51,2024
4219002,Urussanga,SC,71.86,2024
4318408,São Jerônimo,RS,71.9,2024
3163300,São José do Divino,MG,64.09,2024
1300904,Canutama,AM,95.45,2024
3136207,João Monlevade,MG,82.75,2024
5102678,Campo Verde,MT,64.36,2024
4216701,São José do Cedro,SC,82.26,2024
4201901,Aurora,SC,76.68,2024
4310405,Independência,RS,57.7,2024
5200852,Americano do Brasil,GO,78.87,2024
3505906,Batatais,SP,55.68,2024
2513802,Santa Teresinha,PB,42.77,2024
3100203,Abaeté,MG,78.3,2024
3140407,Marmelópolis,MG,84.57,2024
2300507,Alcântaras,CE,99.05,2024
4307104,Herval,RS,51.2,2024
4210100,Mafra,SC,77.41,2024
3124302,Espinosa,MG,77.97,2024
3201506,Colatina,ES,90.45,2024
3202009,Dores do Rio Preto,ES,81.34,2024
1707652,Figueirópolis,TO,51.74,2024
3507506,Botucatu,SP,57.09,2024
4126306,Sengés,PR,81.96,2024
3151800,Poços de Caldas,MG,78.32,2024
4117297,Novo Itacolomi,PR,97.3,2024
4215109,Rodeio,SC,67.61,2024
3525706,José Bonifácio,SP,54.93,2024
3200706,Atilio Vivacqua,ES,77.52,2024
3129806,Ibirité,MG,76.06,2024
3140001,Mariana,MG,79.18,2024
5102637,Campo Novo do Parecis,MT,67.19,2024
4217501,Seara,SC,51.32,2024
2414100,Tenente Ananias,RN,52.25,2024
3154101,Recreio,MG,64.51,2024
3143104,Monte Carmelo,MG,82.6,2024
3116308,Cipotânea,MG,76.35,2024
3534609,Osvaldo Cruz,SP,59.23,2024
3172004,Visconde do Rio Branco,MG,78.31,2024
4110706,Irati,PR,88.31,2024
4210605,Massaranduba,SC,77.07,2024
4204905,Descanso,SC,70.31,2024
4316600,Sananduva,RS,70.5,2024
5102678,Campo Verde,MT,65.32,2024
2516607,Tavares,PB,67.47,2024
2210409,São Miguel do Tapuio,PI,45.19,2024
5101258,Araputanga,MT,60.47,2024
3552700,Tabatinga,SP,62.05,2024
3159605,Santa Rita do Sapucaí,MG,77.94,2024
2210359,São Lourenço do Piauí,PI,73.08,2024
5106851,Porto Estrela,MT,77.75,2024
3550407,São Pedro,SP,58.16,2024
5103502,Diamantino,MT,65.08,2024
3200904,Barra de São Francisco,ES,87.39,2024
2210953,Tamboril do Piauí,PI,65.11,2024
4128609,Verê,PR,67.29,2024
4218202,Timbó,SC,74.84,2024
3101003,Águas Vermelhas,MG,74.46,2024
5210000,Inhumas,GO,87.57,2024
3133006,Itamonte,MG,81.86,2024
4120853,Quatro Pontes,PR,89.52,2024
3500105,Adamantina,SP,66.06,2024
5211701,Jandaia,GO,80.25,2024
3556909,Vista Alegre do Alto,SP,52.86,2024
3160108,Santo Antônio do Grama,MG,94.3,2024
3151404,Pitangui,MG,76.1,2024
3202256,Governador Lindenberg,ES,82.07,2024
4304804,Carlos Barbosa,RS,62.5,2024
4206801,Ibicaré,SC,54.41,2024
4112009,Jaguariaíva,PR,79.14,2024
5216908,Pilar de Goiás,GO,80.87,2024
5210208,Iporá,GO,83.04,2024
4109005,Guapirama,PR,75.09,2024
4124202,Santo Antônio do Caiuá,PR,88.04,2024
3131000,Inhaúma,MG,77.62,2024
2207207,Padre Marcos,PI,100.0,2024
4314308,Pejuçara,RS,55.8,2024
2900504,Érico Cardoso,BA,37.21,2024
3121100,Delfim Moreira,MG,93.02,2024
5215652,Palestina de Goiás,GO,74.42,2024
3170800,Várzea da Palma,MG,70.34,2024
3159902,Santo Antônio do Amparo,MG,80.3,2024
3162575,São João do Manteninha,MG,71.7,2024
4214904,Rio Fortuna,SC,68.78,2024
4125803,São Pedro do Ivaí,PR,85.66,2024
2507903,Juripiranga,PB,46.57,2024
4125753,São Pedro do Iguaçu,PR,80.66,2024
5221007,Taquaral de Goiás,GO,75.0,2024
3555000,Tupã,SP,55.04,2024
4214706,Rio dos Cedros,SC,68.59,2024
4309100,Gramado,RS,78.3,2024
3102100,Alto Rio Doce,MG,92.59,2024
3519402,Ibirá,SP,61.64,2024
3162104,São Gotardo,MG,72.47,2024
4312757,Nova Alvorada,RS,64.8,2024
5102603,Campinápolis,MT,44.13,2024
4300802,Antônio Prado,RS,55.9,2024
3500709,Agudos,SP,64.6,2024
3172202,Wenceslau Braz,MG,70.34,2024
4307559,Estação,RS,45.4,2024
3556404,Vargem Grande do Sul,SP,61.51,2024
3114105,Carmo de Minas,MG,75.57,2024
3107307,Bocaiúva,MG,78.27,2024
3131158,Ipaba,MG,77.71,2024
3142700,Montalvânia,MG,74.58,2024
4311601,Liberato Salzano,RS,62.2,2024
4320206,Seberi,RS,62.3,2024
5003900,Figueirão,MS,86.46,2024
2413300,Serra de São Bento,RN,42.09,2024
5215801,Palmelo,GO,64.71,2024
3163805,São Miguel do Anta,MG,78.02,2024
3522604,Itapira,SP,71.34,2024
4312427,Mormaço,RS,52.9,2024
3169356,Três Marias,MG,83.86,2024
3129657,Ibiracatu,MG,88.24,2024
3550902,São Simão,SP,76.47,2024
3127909,Grupiara,MG,94.12,2024
4315073,Porto Vera Cruz,RS,88.2,2024
3110608,Cambuí,MG,81.94,2024
4322004,Triunfo,RS,57.0,2024
3205176,Vila Valério,ES,76.41,2024
3122009,Divino,MG,68.51,2024
3500600,Águas de São Pedro,SP,80.89,2024
3125606,Felisburgo,MG,70.2,2024
5103361,Conquista D'Oeste,MT,69.46,2024
5105507,Vila Bela da Santíssima Trindade,MT,52.38,2024
3167004,Serranos,MG,82.14,2024
4321857,Três Palmeiras,RS,62.5,2024
3517604,Guapiara,SP,60.31,2024
3151800,Poços de Caldas,MG,79.39,2024
3126802,Frei Gaspar,MG,69.89,2024
3546405,Santa Cruz do Rio Pardo,SP,72.25,2024
3104106,Arceburgo,MG,82.63,2024
2502904,Brejo dos Santos,PB,64.03,2024
4316303,Roque Gonzales,RS,71.2,2024
3523107,Itaquaquecetuba,SP,57.48,2024
4309506,Guarani das Missões,RS,74.1,2024
2203503,Elesbão Veloso,PI,51.08,2024
3201407,Castelo,ES,82.7,2024
3149903,Perdões,MG,79.12,2024
2207553,Paquetá,PI,49.8,2024
2210607,São Raimundo Nonato,PI,73.25,2024
4203105,Caibi,SC,76.32,2024
3523107,Itaquaquecetuba,SP,57.19,2024
2504074,Caraúbas,PB,87.82,2024
3543006,Ribeirão Branco,SP,64.79,2024
3151404,Pitangui,MG,78.71,2024
3105608,Barbacena,MG,83.52,2024
3506607,Biritiba-Mirim,SP,52.19,2024
5101605,Barão de Melgaço,MT,55.02,2024
4321451,Teutônia,RS,63.2,2024
3203700,Muniz Freire,ES,82.24,2024
3548500,Santos,SP,54.77,2024
5209101,Goiatuba,GO,77.63,2024
2605004,Cupira,PE,88.96,2024
2508208,Lagoa de Dentro,PB,42.8,2024
1705102,Chapada da Natividade,TO,52.38,2024
4321006,Tapera,RS,68.4,2024
2514008,São João do Cariri,PB,60.71,2024
3546801,Santa Isabel,SP,67.17,2024
3500402,Águas da Prata,SP,61.82,2024
5221197,Terezópolis de Goiás,GO,71.39,2024
2512036,Poço Dantas,PB,81.67,2024
4215109,Rodeio,SC,68.35,2024
3510153,Canitar,SP,79.49,2024
5100250,Alta Floresta,MT,71.46,2024
3107406,Bom Despacho,MG,86.3,2024
3552403,Sumaré,SP,57.49,2024
3523909,Itu,SP,61.67,2024
4322004,Triunfo,RS,66.0,2024
4308508,Frederico Westphalen,RS,67.5,2024
5100607,Alto Taquari,MT,70.01,2024
4313375,Nova Santa Rita,RS,64.9,2024
2509800,Mulungu,PB,54.12,2024
3536802,Pedra Bela,SP,47.19,2024
5102686,Campos de Júlio,MT,65.76,2024
3557006,Votorantim,SP,54.69,2024
3202454,Ibatiba,ES,82.36,2024
3146909,Papagaios,MG,89.24,2024
3554508,Tietê,SP,62.5,2024
4322004,Triunfo,RS,68.5,2024
3156106,Ritápolis,MG,81.94,2024
3147907,Passos,MG,73.13,2024
5221403,Trindade,GO,77.21,2024
4208005,Itá,SC,72.01,2024
4217402,Schroeder,SC,73.98,2024
3515509,Fernandópolis,SP,60.91,2024
4307815,Estrela Velha,RS,60.0,2024
3133303,Itaobim,MG,76.0,2024
3515509,Fernandópolis,SP,61.01,2024
3109600,Cachoeira da Prata,MG,80.0,2024
3163409,São José do Goiabal,MG,86.0,2024
3552502,Suzano,SP,59.06,2024
5200308,Alexânia,GO,75.79,2024
5214606,Niquelândia,GO,80.22,2024
4121307,Rancho Alegre,PR,86.02,2024
4311254,Lagoão,RS,66.9,2024
3145109,Nova Resende,MG,86.57,2024
1600535,Porto Grande,AP,54.23,2024
3107802,Bom Jesus do Galho,MG,75.91,2024
4121901,Ribeirão do Pinhal,PR,84.51,2024
3508306,Cabrália Paulista,SP,78.11,2024
5106299,Paranaíta,MT,79.7,2024
3549102,São João da Boa Vista,SP,61.6,2024
3102308,Alvinópolis,MG,72.33,2024
2510105,Nova Floresta,PB,67.53,2024
3501608,Americana,SP,64.36,2024
3157104,Salto da Divisa,MG,59.15,2024
3504602,Bady Bassitt,SP,61.39,2024
4120655,Quarto Centenário,PR,61.75,2024
4314472,Pinhal Grande,RS,44.0,2024
2607109,Ingazeira,PE,89.89,2024
4315107,Porto Xavier,RS,52.9,2024
3532405,Nazaré Paulista,SP,62.5,2024
3531407,Monte Aprazível,SP,65.44,2024
3532405,Nazaré Paulista,SP,60.11,2024
3506904,Bofete,SP,69.75,2024
5200175,Água Fria de Goiás,GO,87.44,2024
4219200,Vidal Ramos,SC,83.76,2024
3169703,Turmalina,MG,89.01,2024
3549508,São José da Bela Vista,SP,50.38,2024
2404309,Governador Dix-Sept Rosado,RN,48.2,2024
5214861,Nova Glória,GO,87.68,2024
5210562,Itaguari,GO,77.71,2024
4124905,São João do Caiuá,PR,93.06,2024
3548005,Santo Antônio de Posse,SP,62.07,2024
3555000,Tupã,SP,51.23,2024
3532405,Nazaré Paulista,SP,55.33,2024
4214003,Presidente Getúlio,SC,61.82,2024
2604155,Casinhas,PE,84.85,2024
3139102,Madre de Deus de Minas,MG,71.05,2024
3156809,Sabinópolis,MG,83.69,2024
4110805,Iretama,PR,80.07,2024
3112307,Capelinha,MG,80.94,2024
1501725,Brasil Novo,PA,87.6,2024
3507308,Boracéia,SP,66.62,2024
3530300,Mirassol,SP,61.57,2024
5203401,Bom Jardim de Goiás,GO,73.26,2024
3537800,Piedade,SP,63.25,2024
3513207,Cristais Paulista,SP,49.46,2024
4307104,Herval,RS,57.1,2024
3130606,Inconfidentes,MG,86.18,2024
3547809,Santo André,SP,60.42,2024
2104008,Esperantinópolis,MA,81.48,2024
2508000,Juru,PB,47.76,2024
3102902,Antônio Carlos,MG,71.37,2024
3120201,Cristais,MG,86.07,2024
2509008,Manaíra,PB,59.62,2024
2105609,Joselândia,MA,75.31,2024
3118007,Congonhas,MG,74.01,2024
4200903,Angelina,SC,71.67,2024
2401800,Brejinho,RN,71.41,2024
4321956,Trindade do Sul,RS,57.3,2024
3533403,Nova Odessa,SP,57.96,2024
3145307,Novo Cruzeiro,MG,77.88,2024
3122603,Dom Joaquim,MG,76.4,2024
3145901,Ouro Branco,MG,81.33,2024
3545209,Salto,SP,67.33,2024
2100204,Alcântara,MA,70.97,2024
3542404,Regente Feijó,SP,61.09,2024
3168705,Timóteo,MG,86.92,2024
4309555,Harmonia,RS,71.4,2024
5200100,Abadiânia,GO,79.39,2024
3171303,Viçosa,MG,88.86,2024
3128105,Guapé,MG,80.4,2024
5102637,Campo Novo do Parecis,MT,69.9,2024
3525300,Jaú,SP,54.89,2024
3541406,Presidente Prudente,SP,61.12,2024
3552700,Tabatinga,SP,62.83,2024
4314027,Paraíso do Sul,RS,54.7,2024
4122008,Rio Azul,PR,89.22,2024
2203271,Curral Novo do Piauí,PI,48.34,2024
3552106,Socorro,SP,59.71,2024
3533007,Nova Granada,SP,59.94,2024
3505351,Barra do Chapéu,SP,65.29,2024
3510609,Carapicuíba,SP,61.61,2024
3162500,São João del Rei,MG,80.94,2024
5101605,Barão de Melgaço,MT,52.26,2024
3508801,Cafelândia,SP,61.51,2024
4318101,São Francisco de Assis,RS,84.2,2024
4215679,Santa Terezinha,SC,69.26,2024
3119302,Coromandel,MG,86.33,2024
3169703,Turmalina,MG,82.52,2024
4318499,São José do Inhacorá,RS,49.7,2024
3144706,Nova Era,MG,72.22,2024
5000856,Angélica,MS,84.52,2024
3552106,Socorro,SP,60.61,2024
3553005,Taguaí,SP,71.38,2024
4218202,Timbó,SC,77.99,2024
3106002,Bela Vista de Minas,MG,73.62,2024
4202578,Bom Jesus do Oeste,SC,95.99,2024
3502903,Araçoiaba da Serra,SP,56.16,2024
3203106,Jerônimo Monteiro,ES,77.2,2024
4306056,Cristal,RS,78.4,2024
2411809,São Fernando,RN,64.89,2024
2209351,Santana do Piauí,PI,68.1,2024
3503307,Araras,SP,59.68,2024
2207009,Oeiras,PI,72.5,2024
4201802,Atalanta,SC,72.58,2024
3526209,Juquitiba,SP,55.99,2024
3108404,Botelhos,MG,87.53,2024
3521309,Ipuã,SP,63.8,2024
4217808,Taió,SC,70.32,2024
4215752,São Bernardino,SC,69.54,2024
4216255,São João do Oeste,SC,92.42,2024
3502408,Anhumas,SP,57.39,2024
5106216,Nova Canaã do Norte,MT,68.51,2024
3122306,Divinópolis,MG,77.35,2024
4217808,Taió,SC,72.65,2024
4211603,Nova Veneza,SC,73.25,2024
2403400,Equador,RN,59.19,2024
5215504,Ouvidor,GO,90.09,2024
3135001,Jaguaraçu,MG,84.51,2024
3203700,Muniz Freire,ES,81.47,2024
3100302,Abre Campo,MG,84.72,2024
3532306,Natividade da Serra,SP,57.89,2024
4217808,Taió,SC,76.83,2024
2512408,Puxinanã,PB,62.11,2024
4301206,Arroio do Tigre,RS,64.7,2024
3518404,Guaratinguetá,SP,55.83,2024
3551900,Severínia,SP,61.65,2024
3138351,Leme do Prado,MG,92.39,2024
4303806,Campinas do Sul,RS,64.6,2024
4314308,Pejuçara,RS,62.5,2024
2409605,Pedra Preta,RN,37.5,2024
4301552,Áurea,RS,37.5,2024
3128204,Guaraciaba,MG,75.0,2024
4300109,Agudo,RS,56.3,2024
3133907,Itaverava,MG,90.54,2024
2400604,Almino Afonso,RN,62.5,2024
2210102,São José do Peixe,PI,75.0,2024
4215554,Santa Helena,SC,66.67,2024
2609709,Orobó,PE,91.54,2024
3123106,Dores de Guanhães,MG,72.49,2024
2505303,Curral Velho,PB,62.5,2024
5201207,Anhanguera,GO,81.25,2024
3111705,Canaã,MG,87.5,2024
4206652,Guatambú,SC,68.75,2024
3147956,Patis,MG,97.25,2024
4206108,Grão Pará,SC,75.0,2024
3169059,Tocos do Moji,MG,93.75,2024
3159209,Santa Rita de Caldas,MG,92.49,2024
3111705,Canaã,MG,85.85,2024
3548807,São Caetano do Sul,SP,66.12,2024
3106606,Bertópolis,MG,85.02,2024
3519303,Ibaté,SP,68.78,2024
3201159,Brejetuba,ES,89.78,2024
5213707,Montes Claros de Goiás,GO,75.02,2024
2111722,Satubinha,MA,79.32,2024
3111705,Canaã,MG,84.65,2024
3554953,Tuiuti,SP,55.64,2024
2515104,São Sebastião de Lagoa de Roça,PB,57.17,2024
3143005,Monte Belo,MG,80.85,2024
4217501,Seara,SC,62.5,2024
3149606,Pequi,MG,81.37,2024
2503209,Cabedelo,PB,57.26,2024
3107307,Bocaiúva,MG,80.84,2024
4208005,Itá,SC,77.62,2024
4217402,Schroeder,SC,75.91,2024
4213153,Planalto Alegre,SC,90.38,2024
1718501,Recursolândia,TO,50.29,2024
2200400,Altos,PI,61.82,2024
3538709,Piracicaba,SP,60.0,2024
4217204,São Miguel do Oeste,SC,75.64,2024
3532504,Neves Paulista,SP,74.47,2024
5103908,General Carneiro,MT,66.1,2024
3536505,Paulínia,SP,61.39,2024
4305405,Chiapetta,RS,78.0,2024
3121001,Datas,MG,90.32,2024
3151404,Pitangui,MG,85.71,2024
3550001,São Luís do Paraitinga,SP,59.66,2024
3160405,Santo Antônio do Monte,MG,81.35,2024
3169703,Turmalina,MG,73.78,2024
4204806,Curitibanos,SC,61.42,2024
3515004,Embu das Artes,SP,67.51,2024
5213087,Minaçu,GO,81.44,2024
4108205,Formosa do Oeste,PR,85.18,2024
3553500,Tapiraí,SP,57.45,2024
2206506,Monsenhor Hipólito,PI,97.7,2024
3509700,Campos do Jordão,SP,57.12,2024
2514503,São José de Piranhas,PB,55.77,2024
2603900,Carnaíba,PE,92.5,2024
2400802,Angicos,RN,51.81,2024
3137403,Lagoa Dourada,MG,87.23,2024
3144003,Mutum,MG,76.73,2024
5105176,Juruena,MT,73.66,2024
1705557,Combinado,TO,56.14,2024
4204509,Corupá,SC,79.7,2024
3538600,Piracaia,SP,57.46,2024
3502200,Angatuba,SP,59.71,2024
3138351,Leme do Prado,MG,82.62,2024
4311122,Jaquirana,RS,36.4,2024
4202206,Benedito Novo,SC,69.89,2024
3522604,Itapira,SP,63.24,2024
3166907,Serrania,MG,80.88,2024
3143104,Monte Carmelo,MG,83.18,2024
3539301,Pirassununga,SP,56.4,2024
3103751,Araporã,MG,73.61,2024
4101655,Arapuã,PR,76.31,2024
4308904,Getúlio Vargas,RS,65.9,2024
3204351,Rio Bananal,ES,83.06,2024
3112505,Capim Branco,MG,77.92,2024
3532207,Narandiba,SP,60.6,2024
3148004,Patos de Minas,MG,81.15,2024
3502754,Araçariguama,SP,54.04,2024
3170909,Varzelândia,MG,69.33,2024
4200051,Abdon Batista,SC,77.08,2024
3108206,Bonfinópolis de Minas,MG,68.81,2024
3203908,Nova Venécia,ES,83.55,2024
4311429,Lajeado do Bugre,RS,66.4,2024
3205176,Vila Valério,ES,79.61,2024
3506003,Bauru,SP,59.95,2024
3501905,Amparo,SP,62.39,2024
3522604,Itapira,SP,62.18,2024
3200102,Afonso Cláudio,ES,82.04,2024
3203056,Jaguaré,ES,80.31,2024
2111607,São Raimundo das Mangabeiras,MA,84.5,2024
5205901,Corumbaíba,GO,82.63,2024
3203908,Nova Venécia,ES,83.24,2024
3548906,São Carlos,SP,61.87,2024
3155801,Rio Pomba,MG,78.55,2024
3104700,Ataléia,MG,66.4,2024
5213103,Mineiros,GO,84.01,2024
3546405,Santa Cruz do Rio Pardo,SP,70.73,2024
3514601,Dumont,SP,64.5,2024
3108552,Brasilândia de Minas,MG,76.71,2024
4310652,Itati,RS,66.7,2024
3122009,Divino,MG,67.15,2024
2514404,São José de Espinharas,PB,44.79,2024
2503902,Camalaú,PB,68.64,2024
5203575,Bonópolis,GO,61.76,2024
3552106,Socorro,SP,67.74,2024
3135506,Jequeri,MG,85.23,2024
3155207,Rio Espera,MG,83.87,2024
3122207,Divinolândia de Minas,MG,87.1,2024
5210901,Itapaci,GO,85.28,2024
3109006,Brumadinho,MG,87.73,2024
3122108,Divino das Laranjeiras,MG,85.6,2024
3128204,Guaraciaba,MG,83.59,2024
3138807,Luz,MG,87.21,2024
3545605,Santa Adélia,SP,64.33,2024
3109105,Bueno Brandão,MG,82.56,2024
4208500,Ituporanga,SC,77.25,2024
3163102,São José da Varginha,MG,82.68,2024
3534203,Orindiúva,SP,48.15,2024
4215059,Rio Rufino,SC,76.32,2024
5211503,Itumbiara,GO,74.44,2024
4107405,Enéas Marques,PR,85.24,2024
5208806,Goianira,GO,81.01,2024
2513158,Santa Cecília,PB,48.11,2024
5219738,Santo Antônio de Goiás,GO,82.91,2024
2307205,Jati,CE,77.45,2024
3129707,Ibiraci,MG,73.86,2024
3128204,Guaraciaba,MG,84.73,2024
2608107,João Alfredo,PE,75.79,2024
4207908,Irineópolis,SC,79.25,2024
3556602,Vera Cruz,SP,50.96,2024
3542206,Rancharia,SP,60.02,2024
3169802,Turvolândia,MG,67.31,2024
3120805,Cruzília,MG,75.3,2024
4319802,São Vicente do Sul,RS,47.8,2024
4307104,Herval,RS,64.4,2024
3133105,Itanhandu,MG,65.22,2024
3164902,São Sebastião do Rio Verde,MG,91.3,2024
3541109,Presidente Alves,SP,60.87,2024
3138351,Leme do Prado,MG,65.22,2024
2927408,Salvador,BA,65.22,2024
4304804,Carlos Barbosa,RS,64.9,2024
2504033,Capim,PB,60.4,2024
3152006,Pompéu,MG,84.94,2024
3100807,Aguanil,MG,88.68,2024
3516705,Garça,SP,57.27,2024
3509908,Cananéia,SP,59.72,2024
3516200,Franca,SP,64.54,2024
3134806,Jacuí,MG,85.13,2024
3550308,São Paulo,SP,62.67,2024
4210605,Massaranduba,SC,76.77,2024
3148004,Patos de Minas,MG,79.64,2024
5203559,Bonfinópolis,GO,86.32,2024
3524600,Jacupiranga,SP,54.8,2024
3529005,Marília,SP,64.28,2024
3514403,Dracena,SP,62.74,2024
3170578,Vargem Alegre,MG,83.44,2024
2503209,Cabedelo,PB,57.38,2024
3201704,Conceição do Castelo,ES,84.19,2024
3110103,Caiana,MG,76.5,2024
3142205,Miraí,MG,78.13,2024
4122305,Rio Negro,PR,88.56,2024
3535606,Paraibuna,SP,58.56,2024
3537305,Penápolis,SP,69.11,2024
3112307,Capelinha,MG,82.5,2024
2506301,Guarabira,PB,59.62,2024
2200053,Acauã,PI,81.89,2024
3203353,Marilândia,ES,78.31,2024
2515930,Sertãozinho,PB,75.35,2024
2208205,Pio IX,PI,58.16,2024
3120409,Cristiano Otoni,MG,89.96,2024
3155702,Rio Piracicaba,MG,79.95,2024
4313359,Nova Roma do Sul,RS,83.3,2024
3138807,Luz,MG,86.87,2024
2502607,Igaracy,PB,79.06,2024
3204559,Santa Maria de Jetibá,ES,79.8,2024
3156908,Sacramento,MG,79.64,2024
3517208,Guaiçara,SP,60.0,2024
2400802,Angicos,RN,55.14,2024
3536604,Paulo de Faria,SP,80.89,2024
3112802,Capitólio,MG,84.65,2024
3544806,Sales,SP,68.37,2024
3204104,Pinheiros,ES,84.33,2024
3100104,Abadia dos Dourados,MG,96.07,2024
2703502,Jacuípe,AL,77.02,2024
3204609,Santa Teresa,ES,82.16,2024
2312601,São Luís do Curu,CE,65.1,2024
3204609,Santa Teresa,ES,82.52,2024
2404309,Governador Dix-Sept Rosado,RN,50.54,2024
5212808,Mara Rosa,GO,87.78,2024
3515103,Embu-Guaçu,SP,57.38,2024
3526209,Juquitiba,SP,64.05,2024
3112604,Capinópolis,MG,73.04,2024
3522000,Itaju,SP,44.34,2024
3132503,Itamarandiba,MG,82.8,2024
5107792,Santo Antônio do Leste,MT,75.82,2024
3164407,São Sebastião da Bela Vista,MG,90.92,2024
2304236,Croatá,CE,99.14,2024
5101803,Barra do Garças,MT,66.68,2024
4210506,Maravilha,SC,75.66,2024
3161908,São Gonçalo do Rio Abaixo,MG,91.6,2024
4313805,Palmitinho,RS,68.4,2024
4100301,Agudos do Sul,PR,87.51,2024
2413557,Serrinha dos Pintos,RN,60.0,2024
2412906,São Tomé,RN,86.67,2024
2414308,Timbaúba dos Batistas,RN,40.0,2024
4301701,Barão de Cotegipe,RS,73.3,2024
3524204,Jaborandi,SP,67.19,2024
2412302,São José do Campestre,RN,50.0,2024
4319752,São Vendelino,RS,60.0,2024
3156452,Rosário da Limeira,MG,78.18,2024
4311106,Jaguari,RS,80.0,2024
3555208,Turiúba,SP,93.33,2024
4311601,Liberato Salzano,RS,46.7,2024
3135308,Japaraíba,MG,86.67,2024
1304005,Silves,AM,80.0,2024
4306759,Doutor Ricardo,RS,80.0,2024
1704105,Centenário,TO,66.67,2024
3160603,Santo Hipólito,MG,93.33,2024
4319711,São Valentim do Sul,RS,73.3,2024
2503506,Cacimba de Dentro,PB,63.3,2024
3531209,Monte Alegre do Sul,SP,56.59,2024
3503307,Araras,SP,65.16,2024
3501608,Americana,SP,64.87,2024
3551207,Sarutaiá,SP,79.97,2024
3546207,Santa Cruz da Conceição,SP,73.36,2024
4217501,Seara,SC,70.92,2024
2402105,Campo Redondo,RN,39.72,2024
2607703,Itapetim,PE,89.12,2024
2504009,Campina Grande,PB,64.53,2024
3120607,Crucilândia,MG,90.23,2024
3520905,Ipaussu,SP,54.96,2024
2407252,Major Sales,RN,60.04,2024
3147303,Paraisópolis,MG,81.68,2024
3169356,Três Marias,MG,83.47,2024
3144003,Mutum,MG,79.68,2024
3155306,Rio Manso,MG,98.05,2024
3201902,Domingos Martins,ES,81.13,2024
3542909,Ribeirão Bonito,SP,53.4,2024
5204409,Caiapônia,GO,84.82,2024
3138807,Luz,MG,86.5,2024
4211652,Novo Horizonte,SC,86.57,2024
2704609,Maravilha,AL,74.38,2024
3545001,Salesópolis,SP,65.52,2024
4108908,Guairaçá,PR,80.71,2024
4213203,Pomerode,SC,70.85,2024
3133501,Itapecerica,MG,86.66,2024
4301008,Arroio do Meio,RS,63.6,2024
3105509,Barão de Monte Alto,MG,89.21,2024
4319000,São Marcos,RS,56.4,2024
5105200,Juscimeira,MT,67.06,2024
3152907,Pratápolis,MG,76.97,2024
2615706,Triunfo,PE,80.64,2024
2208650,Queimada Nova,PI,67.42,2024
3526902,Limeira,SP,62.75,2024
5218300,Posse,GO,80.95,2024
4124806,São João,PR,87.16,2024
4201208,Antônio Carlos,SC,73.55,2024
3132909,Itamogi,MG,80.11,2024
2402006,Caicó,RN,59.42,2024
3501806,Américo de Campos,SP,78.38,2024
3554409,Terra Roxa,SP,74.29,2024
3526902,Limeira,SP,62.93,2024
5101803,Barra do Garças,MT,68.34,2024
2102754,Capinzal do Norte,MA,91.14,2024
2907558,Caturama,BA,50.85,2024
4106555,Corumbataí do Sul,PR,87.98,2024
1718840,Sandolândia,TO,53.5,2024
2604908,Cumaru,PE,95.06,2024
1703602,Brasilândia do Tocantins,TO,68.9,2024
4201901,Aurora,SC,77.09,2024
3156908,Sacramento,MG,79.62,2024
2403202,Doutor Severiano,RN,53.06,2024
5103205,Colíder,MT,64.22,2024
3163706,São Lourenço,MG,85.37,2024
4214607,Rio do Oeste,SC,70.6,2024
3204104,Pinheiros,ES,82.38,2024
2202091,Caldeirão Grande do Piauí,PI,100.0,2024
2414407,Touros,RN,45.45,2024
2402501,Carnaubais,RN,63.64,2024
3168002,Taiobeiras,MG,72.73,2024
3171154,Vermelho Novo,MG,81.82,2024
3204609,Santa Teresa,ES,86.36,2024
4215695,Santiago do Sul,SC,81.82,2024
3165602,Senador Cortes,MG,81.82,2024
5207352,Edealina,GO,90.91,2024
3542602,Registro,SP,63.81,2024
3538006,Pindamonhangaba,SP,63.8,2024
2608701,Lagoa dos Gatos,PE,86.35,2024
3556453,Vargem Grande Paulista,SP,64.59,2024
4207650,Iporã do Oeste,SC,87.24,2024
1721109,Tocantínia,TO,51.16,2024
5222054,Vicentinópolis,GO,84.21,2024
3202900,Itarana,ES,82.15,2024
3526803,Lençóis Paulista,SP,63.65,2024
3171600,Virgem da Lapa,MG,85.1,2024
3549904,São José dos Campos,SP,63.47,2024
3102308,Alvinópolis,MG,80.55,2024
3100302,Abre Campo,MG,85.05,2024
3555802,Urânia,SP,76.63,2024
3538501,Piquete,SP,69.56,2024
3119708,Coronel Xavier Chaves,MG,92.31,2024
3148004,Patos de Minas,MG,76.9,2024
5218789,Rio Quente,GO,96.08,2024
3200300,Alfredo Chaves,ES,87.55,2024
2104107,Fortaleza dos Nogueiras,MA,78.25,2024
2612471,Santa Cruz da Baixa Verde,PE,87.09,2024
3511300,Cedral,SP,55.73,2024
3536307,Patrocínio Paulista,SP,67.0,2024
3122470,Dom Bosco,MG,79.34,2024
3202504,Ibiraçu,ES,81.16,2024
3168408,Tarumirim,MG,76.05,2024
4120705,Quatiguá,PR,90.26,2024
3530508,Mococa,SP,61.52,2024
3512902,Cosmorama,SP,56.46,2024
3171105,Veríssimo,MG,77.09,2024
3133204,Itanhomi,MG,85.64,2024
4107124,Diamante do Sul,PR,83.28,2024
2307304,Juazeiro do Norte,CE,59.48,2024
2506608,Ibiara,PB,58.62,2024
3543907,Rio Claro,SP,58.62,2024
3203700,Muniz Freire,ES,79.71,2024
3200201,Alegre,ES,83.48,2024
4121406,Realeza,PR,79.84,2024
2508406,Lastro,PB,82.76,2024
3500808,Alfredo Marcondes,SP,75.39,2024
2401503,Barcelona,RN,74.35,2024
5221601,Uruaçu,GO,83.66,2024
3554607,Timburi,SP,58.99,2024
5220405,São Simão,GO,82.29,2024
3530706,Mogi Guaçu,SP,63.47,2024
2408904,Parelhas,RN,63.68,2024
3161700,São Gonçalo do Abaeté,MG,82.95,2024
5219357,Santa Isabel,GO,77.97,2024
3145604,Oliveira,MG,85.46,2024
4212908,Pinhalzinho,SC,78.35,2024
3529005,Marília,SP,65.47,2024
3112653,Capitão Andrade,MG,77.02,2024
5101605,Barão de Melgaço,MT,41.67,2024
4214102,Presidente Nereu,SC,58.33,2024
3104304,Areado,MG,88.09,2024
5207253,Doverlândia,GO,83.34,2024
3117603,Conceição do Pará,MG,89.53,2024
3112307,Capelinha,MG,83.66,2024
3133402,Itapagipe,MG,77.3,2024
4200606,Águas Mornas,SC,79.3,2024
3162708,São João do Paraíso,MG,87.33,2024
5200555,Alto Horizonte,GO,72.47,2024
3148509,Pavão,MG,86.47,2024
3151008,Piranguinho,MG,85.01,2024
3139409,Manhuaçu,MG,80.42,2024
2605459,Fernando de Noronha,PE,86.01,2024
3534708,Ourinhos,SP,54.99,2024
3144003,Mutum,MG,82.08,2024
3122306,Divinópolis,MG,81.24,2024
3515608,Fernando Prestes,SP,85.99,2024
4201208,Antônio Carlos,SC,74.89,2024
3101904,Alpinópolis,MG,78.56,2024
3161205,São Francisco de Paula,MG,90.73,2024
3542107,Rafard,SP,70.8,2024
2400802,Angicos,RN,60.22,2024
3204559,Santa Maria de Jetibá,ES,85.41,2024
5205000,Carmo do Rio Verde,GO,85.78,2024
3165701,Senador Firmino,MG,91.79,2024
4208401,Itapiranga,SC,78.16,2024
4202131,Bela Vista do Toldo,SC,81.95,2024
2904209,Botuporã,BA,47.37,2024
3546702,Santa Gertrudes,SP,64.05,2024
3118304,Conselheiro Lafaiete,MG,82.19,2024
5100805,Apiacás,MT,74.17,2024
3144409,Natércia,MG,86.3,2024
3201803,Divino de São Lourenço,ES,82.15,2024
2300606,Altaneira,CE,88.52,2024
3123700,Engenheiro Caldas,MG,63.03,2024
3170909,Varzelândia,MG,73.78,2024
1720853,Sucupira,TO,58.97,2024
2508901,Mamanguape,PB,68.65,2024
3118304,Conselheiro Lafaiete,MG,83.19,2024
4303673,Campestre da Serra,RS,80.8,2024
5103056,Cláudia,MT,66.28,2024
3165305,São Vicente de Minas,MG,81.64,2024
3526209,Juquitiba,SP,71.9,2024
2312809,Senador Sá,CE,99.12,2024
3536208,Pariquera-Açu,SP,61.36,2024
3523305,Itariri,SP,64.57,2024
3516903,General Salgado,SP,67.35,2024
5208905,Goiás,GO,87.52,2024
4203808,Canoinhas,SC,84.99,2024
3516101,Florínia,SP,85.14,2024
3137205,Lagoa da Prata,MG,79.9,2024
5212204,Jussara,GO,79.77,2024
3201902,Domingos Martins,ES,82.13,2024
2413557,Serrinha dos Pintos,RN,61.75,2024
3557105,Votuporanga,SP,61.66,2024
3538303,Piquerobi,SP,45.2,2024
3503208,Araraquara,SP,65.95,2024
5200134,Acreúna,GO,81.48,2024
2509008,Manaíra,PB,71.43,2024
5221551,Turvelândia,GO,86.88,2024
4307831,Eugênio de Castro,RS,50.0,2024
3518008,Guarani d'Oeste,SP,57.14,2024
5205703,Córrego do Ouro,GO,100.0,2024
2514206,São José da Lagoa Tapada,PB,59.52,2024
2516904,Uiraúna,PB,50.0,2024
4314498,Pinheirinho do Vale,RS,74.2,2024
2200954,Aroeiras do Itaim,PI,80.95,2024
2405009,Jaçanã,RN,52.38,2024
3550506,São Pedro do Turvo,SP,71.42,2024
2211407,Várzea Grande,PI,76.19,2024
3134103,Itueta,MG,76.19,2024
4306072,Cristal do Sul,RS,92.9,2024
4305504,Ciríaco,RS,85.7,2024
4314027,Paraíso do Sul,RS,57.1,2024
4201000,Anita Garibaldi,SC,85.71,2024
4217600,Siderópolis,SC,78.57,2024
2514800,São José dos Cordeiros,PB,95.24,2024
4321329,Taquaruçu do Sul,RS,85.7,2024
4308250,Floriano Peixoto,RS,71.4,2024
3104403,Argirita,MG,89.33,2024
2407104,Macaíba,RN,33.91,2024
3543402,Ribeirão Preto,SP,65.86,2024
3136900,Juruaia,MG,82.69,2024
3118304,Conselheiro Lafaiete,MG,85.93,2024
2401701,Bom Jesus,RN,50.85,2024
3137205,Lagoa da Prata,MG,82.41,2024
4311759,Manoel Viana,RS,48.0,2024
3515202,Estrela d'Oeste,SP,58.91,2024
3157500,Santa Efigênia de Minas,MG,75.81,2024
3133907,Itaverava,MG,85.76,2024
4304309,Cândido Godói,RS,48.4,2024
3133758,Itaú de Minas,MG,89.46,2024
2503308,Cachoeira dos Índios,PB,52.23,2024
4212007,Palma Sola,SC,79.92,2024
3543303,Ribeirão Pires,SP,66.4,2024
4210209,Major Gercino,SC,76.42,2024
3127503,Gonzaga,MG,82.31,2024
3106507,Berilo,MG,89.12,2024
4205555,Frei Rogério,SC,94.95,2024
3129707,Ibiraci,MG,76.93,2024
4123105,Santa Amélia,PR,91.5,2024
2505105,Cuité,PB,62.2,2024
5209937,Inaciolândia,GO,87.01,2024
3171709,Virgínia,MG,74.66,2024
3167400,Silvianópolis,MG,87.91,2024
2201051,Assunção do Piauí,PI,69.88,2024
3202256,Governador Lindenberg,ES,84.48,2024
3545100,Salmourão,SP,61.69,2024
3552908,Taciba,SP,67.0,2024
3527702,Luiziânia,SP,54.95,2024
5103007,Chapada dos Guimarães,MT,69.0,2024
1707207,Dois Irmãos do Tocantins,TO,52.81,2024
3501004,Altinópolis,SP,67.78,2024
3522208,Itapecerica da Serra,SP,62.64,2024
2312502,São João do Jaguaribe,CE,95.98,2024
3533502,Novo Horizonte,SP,75.66,2024
3118809,Coração de Jesus,MG,79.4,2024
2109239,Presidente Médici,MA,74.73,2024
3526902,Limeira,SP,66.15,2024
2111706,São Vicente Ferrer,MA,76.82,2024
5103254,Colniza,MT,69.19,2024
4117271,Nova Tebas,PR,84.88,2024
5204706,Campinorte,GO,81.71,2024
3102100,Alto Rio Doce,MG,86.89,2024
3521408,Iracemápolis,SP,62.26,2024
4215802,São Bento do Sul,SC,88.42,2024
3154705,Ribeirão Vermelho,MG,80.2,2024
4117214,Nova Santa Bárbara,PR,79.18,2024
3130903,Inhapim,MG,84.81,2024
5220157,São Luíz do Norte,GO,85.76,2024
2105948,Lago dos Rodrigues,MA,92.3,2024
3170503,Urucânia,MG,81.32,2024
4214607,Rio do Oeste,SC,63.06,2024
3142205,Miraí,MG,79.2,2024
2313005,Solonópole,CE,98.96,2024
3505104,Barbosa,SP,65.05,2024
3115706,Central de Minas,MG,72.79,2024
3137205,Lagoa da Prata,MG,86.98,2024
5107065,Querência,MT,74.18,2024
2515906,Serraria,PB,74.71,2024
3515707,Ferraz de Vasconcelos,SP,65.07,2024
2203602,Eliseu Martins,PI,65.85,2024
4314001,Paraí,RS,70.3,2024
4208609,Jaborá,SC,77.67,2024
3553302,Tambaú,SP,59.74,2024
3520509,Indaiatuba,SP,62.82,2024
3204559,Santa Maria de Jetibá,ES,89.71,2024
2701001,Boca da Mata,AL,88.19,2024
3115474,Catuti,MG,75.75,2024
3131406,Ipiaçu,MG,76.42,2024
2208106,Pimenteiras,PI,61.41,2024
3501608,Americana,SP,65.38,2024
2506004,Esperança,PB,64.21,2024
3527900,Lutécia,SP,78.67,2024
2106003,Lima Campos,MA,90.91,2024
3165503,Sardoá,MG,85.12,2024
3149705,Perdigão,MG,80.71,2024
2511004,Pedra Branca,PB,69.89,2024
1600212,Cutias,AP,53.36,2024
3510005,Cândido Mota,SP,65.51,2024
2413557,Serrinha dos Pintos,RN,62.68,2024
2404002,Frutuoso Gomes,RN,47.06,2024
5000856,Angélica,MS,86.52,2024
3148756,Pedra Bonita,MG,91.18,2024
3164431,São Sebastião da Vargem Alegre,MG,93.1,2024
4315354,Quinze de Novembro,RS,85.1,2024
5211800,Jaraguá,GO,83.96,2024
3147956,Patis,MG,85.08,2024
3121803,Dionísio,MG,72.13,2024
3135357,Japonvar,MG,82.44,2024
3101409,Albertina,MG,92.62,2024
3161007,São Domingos do Prata,MG,84.25,2024
3205069,Venda Nova do Imigrante,ES,93.6,2024
3166808,Serra do Salitre,MG,72.87,2024
5108006,Tapurah,MT,68.81,2024
4215455,Sangão,SC,68.6,2024
3155603,Rio Pardo de Minas,MG,85.31,2024
2201739,Betânia do Piauí,PI,82.76,2024
2517100,Várzea,PB,62.96,2024
2707008,Pindoba,AL,48.15,2024
2505279,Curral de Cima,PB,55.56,2024
3161809,São Gonçalo do Pará,MG,78.82,2024
3150406,Piedade dos Gerais,MG,83.86,2024
2305407,Icó,CE,75.41,2024
3518800,Guarulhos,SP,67.09,2024
3201001,Boa Esperança,ES,85.45,2024
4310439,Ipê,RS,60.7,2024
3545803,Santa Bárbara d'Oeste,SP,64.2,2024
3539509,Pitangueiras,SP,67.24,2024
4210852,Mirim Doce,SC,74.06,2024
1709005,Goiatins,TO,38.49,2024
3551603,Serra Negra,SP,69.85,2024
3538808,Piraju,SP,71.36,2024
5203104,Baliza,GO,89.49,2024
4214508,Rio do Campo,SC,74.29,2024
3122801,Dom Viçoso,MG,84.85,2024
3504107,Atibaia,SP,65.46,2024
5100201,Água Boa,MT,79.49,2024
3143906,Muriaé,MG,86.05,2024
5204904,Campos Belos,GO,75.75,2024
4311155,Jóia,RS,54.2,2024
3523602,Itirapina,SP,69.9,2024
5218508,Quirinópolis,GO,80.29,2024
3532058,Motuca,SP,78.09,2024
3204401,Rio Novo do Sul,ES,77.38,2024
4211801,Ouro,SC,82.18,2024
3157252,Santa Bárbara do Leste,MG,70.45,2024
3526704,Leme,SP,61.7,2024
4315354,Quinze de Novembro,RS,89.7,2024
2208304,Piracuruca,PI,82.48,2024
4107553,Farol,PR,96.3,2024
1718881,Santa Maria do Tocantins,TO,39.73,2024
3205069,Venda Nova do Imigrante,ES,87.97,2024
3147907,Passos,MG,82.88,2024
4314472,Pinhal Grande,RS,40.0,2024
4305009,Catuípe,RS,60.0,2024
3533809,Óleo,SP,70.0,2024
3117504,Conceição do Mato Dentro,MG,60.0,2024
2112704,Vargem Grande,MA,96.58,2024
3109253,Bugre,MG,85.0,2024
3126406,Fortuna de Minas,MG,90.83,2024
4218806,Turvo,SC,78.73,2024
2310605,Penaforte,CE,63.67,2024
3116605,Cláudio,MG,82.99,2024
4215406,Salto Veloso,SC,72.08,2024
3204955,São Roque do Canaã,ES,89.65,2024
3525706,José Bonifácio,SP,59.52,2024
3504107,Atibaia,SP,65.26,2024
2408508,Ouro Branco,RN,73.61,2024
4321956,Trindade do Sul,RS,62.9,2024
3162252,São João da Lagoa,MG,77.83,2024
3158201,Santa Maria do Suaçuí,MG,95.51,2024
1718550,Riachinho,TO,54.32,2024
3102001,Alterosa,MG,85.54,2024
3166956,Serranópolis de Minas,MG,95.99,2024
3133808,Itaúna,MG,80.71,2024
3169406,Três Pontas,MG,81.66,2024
3543204,Ribeirão do Sul,SP,58.93,2024
3510807,Casa Branca,SP,61.98,2024
3540408,Populina,SP,79.69,2024
3168408,Tarumirim,MG,75.64,2024
3549904,São José dos Campos,SP,64.52,2024
2210656,Sigefredo Pacheco,PI,75.67,2024
5008305,Três Lagoas,MS,82.99,2024
3117900,Congonhal,MG,83.44,2024
2514909,São Mamede,PB,49.02,2024
4301404,Arvorezinha,RS,81.1,2024
3162922,São Joaquim de Bicas,MG,82.15,2024
3205069,Venda Nova do Imigrante,ES,82.2,2024
3503307,Araras,SP,75.89,2024
5215405,Ouro Verde de Goiás,GO,96.61,2024
2513703,Santa Rita,PB,57.55,2024
3507001,Boituva,SP,69.83,2024
3510401,Capivari,SP,66.48,2024
3140803,Matias Barbosa,MG,78.82,2024
4316204,Rondinha,RS,75.3,2024
2106672,Milagres do Maranhão,MA,96.86,2024
5210406,Itaberaí,GO,81.22,2024
3162609,São João do Oriente,MG,67.66,2024
5203609,Brazabrantes,GO,90.96,2024
4310439,Ipê,RS,60.1,2024
3159001,Santana do Riacho,MG,80.15,2024
2512101,Pombal,PB,65.57,2024
3124500,Estiva,MG,81.08,2024
3102100,Alto Rio Doce,MG,85.26,2024
3165909,Senador Modestino Gonçalves,MG,90.34,2024
4207684,Ipuaçu,SC,77.74,2024
3169406,Três Pontas,MG,81.67,2024
4307864,Fagundes Varela,RS,69.2,2024
3128006,Guanhães,MG,84.48,2024
5101902,Brasnorte,MT,69.06,2024
4309506,Guarani das Missões,RS,100.0,2024
3149408,Pedro Teixeira,MG,100.0,2024
2409100,Passa e Fica,RN,53.85,2024
3529906,Miracatu,SP,65.52,2024
3204005,Pancas,ES,88.46,2024
2516201,Sousa,PB,65.82,2024
3513850,Dirce Reis,SP,84.62,2024
2407005,Luís Gomes,RN,61.54,2024
3201001,Boa Esperança,ES,84.92,2024
3101631,Alfredo Vasconcelos,MG,78.08,2024
3165560,Sem-Peixe,MG,84.62,2024
4323507,Vista Alegre,RS,100.0,2024
4309803,Ibiaçá,RS,61.8,2024
4125555,São Manoel do Paraná,PR,73.08,2024
4214508,Rio do Campo,SC,80.05,2024
3158300,Santana da Vargem,MG,88.46,2024
4315354,Quinze de Novembro,RS,100.0,2024
4112603,Jardim Olinda,PR,92.31,2024
3511508,Cerquilho,SP,69.15,2024
3202702,Itaguaçu,ES,87.07,2024
3164704,São Sebastião do Paraíso,MG,81.09,2024
3145307,Novo Cruzeiro,MG,81.88,2024
3126109,Formiga,MG,85.91,2024
3171071,Veredinha,MG,77.02,2024
3165107,São Tomás de Aquino,MG,82.09,2024
4110953,Itaipulândia,PR,84.64,2024
2211001,Teresina,PI,73.95,2024
3115805,Centralina,MG,91.99,2024
3143104,Monte Carmelo,MG,84.51,2024
3549904,São José dos Campos,SP,64.75,2024
3138203,Lavras,MG,97.83,2024
2504900,Cruz do Espírito Santo,PB,47.63,2024
3121407,Desterro de Entre Rios,MG,79.93,2024
4122800,Salgado Filho,PR,93.11,2024
2702009,Coité do Nóia,AL,77.24,2024
3200201,Alegre,ES,86.32,2024
5208608,Goianésia,GO,82.28,2024
3154507,Riacho dos Machados,MG,70.0,2024
3523701,Itirapuã,SP,82.38,2024
2410603,Rafael Godeiro,RN,67.22,2024
2400703,Alto do Rodrigues,RN,52.52,2024
3554300,Teodoro Sampaio,SP,72.78,2024
3509502,Campinas,SP,65.69,2024
5106158,Nova Bandeirantes,MT,76.59,2024
4204400,Coronel Freitas,SC,86.74,2024
3522802,Itaporanga,SP,70.1,2024
3115102,Cássia,MG,77.7,2024
3145372,Novorizonte,MG,92.71,2024
5213855,Morro Agudo de Goiás,GO,96.88,2024
3510906,Cássia dos Coqueiros,SP,75.0,2024
2504355,Caturité,PB,76.68,2024
5108055,Terra Nova do Norte,MT,61.14,2024
3521200,Iporanga,SP,65.63,2024
2516201,Sousa,PB,66.52,2024
3110301,Caldas,MG,72.95,2024
5207535,Faina,GO,70.81,2024
3136108,Joanésia,MG,85.58,2024
4311791,Maratá,RS,59.8,2024
3534500,Oscar Bressane,SP,88.17,2024
3102308,Alvinópolis,MG,90.41,2024
4313805,Palmitinho,RS,72.2,2024
3118809,Coração de Jesus,MG,81.44,2024
3541307,Presidente Epitácio,SP,69.12,2024
3133808,Itaúna,MG,87.39,2024
3532603,Nhandeara,SP,70.29,2024
2509602,Monte Horebe,PB,93.4,2024
4108650,Goioxim,PR,90.42,2024
4217303,Saudades,SC,80.9,2024
4119707,Planaltina do Paraná,PR,80.42,2024
4302204,Boa Vista do Buricá,RS,67.3,2024
3546405,Santa Cruz do Rio Pardo,SP,66.42,2024
3520707,Indiaporã,SP,78.96,2024
4204004,Catanduvas,SC,72.43,2024
3151909,Pocrane,MG,85.77,2024
2410009,Pilões,RN,63.16,2024
4316006,Rolante,RS,65.8,2024
2510402,Olho d'Água,PB,94.74,2024
5221502,Turvânia,GO,80.7,2024
3132602,Itamarati de Minas,MG,73.68,2024
3524808,Jales,SP,70.53,2024
3203304,Mantenópolis,ES,95.06,2024
4206702,Herval d'Oeste,SC,89.47,2024
4305405,Chiapetta,RS,73.7,2024
3137908,Lamim,MG,94.74,2024
4209003,Joaçaba,SC,89.47,2024
4311908,Marcelino Ramos,RS,77.7,2024
3523305,Itariri,SP,70.98,2024
3140902,Matipó,MG,88.17,2024
3511102,Catanduva,SP,70.27,2024
3537156,Pedrinhas Paulista,SP,67.92,2024
3124005,Ervália,MG,85.0,2024
1200609,Tarauacá,AC,69.48,2024
3133808,Itaúna,MG,88.76,2024
3500303,Aguaí,SP,77.83,2024
3512407,Cordeirópolis,SP,69.6,2024
3505708,Barueri,SP,68.13,2024
2500536,Alcantil,PB,45.86,2024
3102050,Alto Caparaó,MG,87.17,2024
2209153,Santa Cruz dos Milagres,PI,68.18,2024
3149101,Pedralva,MG,85.5,2024
3122108,Divino das Laranjeiras,MG,85.71,2024
3519055,Holambra,SP,62.59,2024
3115102,Cássia,MG,76.99,2024
3155603,Rio Pardo de Minas,MG,87.03,2024
3145406,Olaria,MG,89.13,2024
2405702,Jardim do Seridó,RN,62.8,2024
2403004,Cruzeta,RN,60.81,2024
3105608,Barbacena,MG,85.85,2024
3528502,Mairiporã,SP,63.31,2024
3524709,Jaguariúna,SP,70.22,2024
3506409,Bilac,SP,74.74,2024
3525904,Jundiaí,SP,70.49,2024
5212303,Leopoldo de Bulhões,GO,75.41,2024
3545209,Salto,SP,76.93,2024
3151305,Piraúba,MG,85.01,2024
4303806,Campinas do Sul,RS,68.0,2024
2404309,Governador Dix-Sept Rosado,RN,56.0,2024
2509701,Monteiro,PB,61.09,2024
3115409,Catas Altas da Noruega,MG,80.0,2024
1700707,Alvorada,TO,72.02,2024
3519204,Iacri,SP,74.15,2024
3131307,Ipatinga,MG,86.31,2024
3147907,Passos,MG,86.17,2024
3554300,Teodoro Sampaio,SP,70.49,2024
4106100,Conselheiro Mairinck,PR,69.16,2024
3540606,Porto Feliz,SP,70.08,2024
4119806,Planalto,PR,78.93,2024
4208203,Itajaí,SC,77.94,2024
3536000,Parapuã,SP,73.38,2024
3202108,Ecoporanga,ES,94.08,2024
3543709,Rincão,SP,74.83,2024
3528601,Manduri,SP,65.64,2024
4202537,Bom Jesus,SC,55.49,2024
3127800,Grão Mogol,MG,86.04,2024
3550803,São Sebastião da Grama,SP,68.66,2024
3516200,Franca,SP,70.87,2024
3514304,Dourado,SP,71.85,2024
3101201,Aiuruoca,MG,85.71,2024
3145455,Olhos-d'Água,MG,90.16,2024
3544251,Rosana,SP,94.57,2024
2202802,Conceição do Canindé,PI,70.98,2024
3111002,Campestre,MG,81.73,2024
3507704,Braúna,SP,73.18,2024
3508900,Caiabu,SP,65.71,2024
2404002,Frutuoso Gomes,RN,53.24,2024
5222302,Vila Propício,GO,79.46,2024
3136207,João Monlevade,MG,87.09,2024
4212239,Paraíso,SC,83.86,2024
3510005,Cândido Mota,SP,68.07,2024
2205201,Jaicós,PI,58.67,2024
2501203,Areial,PB,70.75,2024
3543303,Ribeirão Pires,SP,67.0,2024
3148301,Paula Cândido,MG,89.89,2024
3527108,Lins,SP,76.82,2024
3201159,Brejetuba,ES,88.47,2024
3552205,Sorocaba,SP,67.74,2024
3502705,Apiaí,SP,64.51,2024
4211603,Nova Veneza,SC,79.48,2024
5219506,Santa Rosa de Goiás,GO,100.0,2024
3553708,Taquaritinga,SP,72.83,2024
3516853,Gavião Peixoto,SP,73.65,2024
4208401,Itapiranga,SC,81.61,2024
1720978,Talismã,TO,75.11,2024
3529302,Matão,SP,62.33,2024
5106224,Nova Mutum,MT,74.86,2024
3129103,Gurinhatã,MG,86.09,2024
3545308,Salto de Pirapora,SP,67.37,2024
1715150,Novo Alegre,TO,70.33,2024
4214201,Quilombo,SC,70.08,2024
5007976,Taquarussu,MS,85.45,2024
3135506,Jequeri,MG,85.87,2024
4322905,Viadutos,RS,86.9,2024
3517901,Guaraci,SP,73.02,2024
3545803,Santa Bárbara d'Oeste,SP,66.84,2024
4106571,Cruzeiro do Iguaçu,PR,86.52,2024
3156403,Romaria,MG,70.69,2024
3110707,Cambuquira,MG,81.89,2024
3523404,Itatiba,SP,73.47,2024
3126109,Formiga,MG,86.89,2024
2513000,Salgadinho,PB,83.93,2024
3515103,Embu-Guaçu,SP,65.86,2024
3152907,Pratápolis,MG,88.36,2024
3532801,Nova Aliança,SP,73.75,2024
5203939,Buriti de Goiás,GO,96.46,2024
4322905,Viadutos,RS,83.1,2024
2203206,Curimatá,PI,81.77,2024
5106265,Novo Mundo,MT,67.67,2024
3522703,Itápolis,SP,72.98,2024
4210001,Luiz Alves,SC,76.19,2024
3132008,Itacambira,MG,100.0,2024
3545704,Santa Albertina,SP,58.21,2024
5102694,Canabrava do Norte,MT,78.89,2024
1600535,Porto Grande,AP,68.7,2024
3547601,Santa Rosa de Viterbo,SP,75.32,2024
3530409,Mirassolândia,SP,55.96,2024
3132206,Itaguara,MG,90.91,2024
2511707,Pilõezinhos,PB,56.06,2024
2403004,Cruzeta,RN,58.31,2024
3541901,Queluz,SP,68.79,2024
4118451,Pato Bragado,PR,90.41,2024
3114303,Carmo do Paranaíba,MG,86.35,2024
3549706,São José do Rio Pardo,SP,72.13,2024
5106315,Novo Santo Antônio,MT,58.27,2024
5107198,Ribeirãozinho,MT,52.72,2024
3168002,Taiobeiras,MG,85.52,2024
3149804,Perdizes,MG,83.41,2024
4320305,Selbach,RS,50.0,2024
2303105,Cariré,CE,98.77,2024
4302220,Boa Vista do Cadeado,RS,66.7,2024
4108106,Flórida,PR,78.57,2024
2504108,Carrapateira,PB,91.67,2024
4300307,Alecrim,RS,33.3,2024
4308003,Faxinal do Soturno,RS,66.7,2024
3501707,Américo Brasiliense,SP,71.18,2024
2200806,Antônio Almeida,PI,73.81,2024
4321006,Tapera,RS,77.9,2024
1720002,Santa Terezinha do Tocantins,TO,57.14,2024
5219605,Santa Tereza de Goiás,GO,91.67,2024
4313003,Nova Bréscia,RS,94.4,2024
3162005,São Gonçalo do Sapucaí,MG,77.78,2024
3141306,Medeiros,MG,78.57,2024
4305132,Cerro Branco,RS,66.7,2024
3543238,Ribeirão dos Índios,SP,91.67,2024
4310439,Ipê,RS,58.3,2024
2302800,Canindé,CE,91.67,2024
5220009,São João d'Aliança,GO,89.53,2024
4322905,Viadutos,RS,75.0,2024
3507209,Borá,SP,58.33,2024
3127206,Funilândia,MG,66.67,2024
3125903,Ferros,MG,88.1,2024
4214508,Rio do Campo,SC,94.44,2024
3163300,São José do Divino,MG,77.78,2024
4312351,Montauri,RS,75.0,2024
4312153,Mato Leitão,RS,75.0,2024
5220058,São João da Paraúna,GO,87.5,2024
4320578,Sete de Setembro,RS,66.7,2024
5101001,Araguaiana,MT,91.53,2024
4311759,Manoel Viana,RS,47.2,2024
3111150,Campo Azul,MG,73.26,2024
3205176,Vila Valério,ES,91.65,2024
3549706,São José do Rio Pardo,SP,67.62,2024
3502101,Andradina,SP,65.48,2024
3108008,Bom Sucesso,MG,83.73,2024
4205431,Formosa do Sul,SC,76.76,2024
3506003,Bauru,SP,67.9,2024
3508108,Buritama,SP,67.83,2024
2209708,São Francisco do Piauí,PI,64.27,2024
3506359,Bertioga,SP,69.58,2024
2502706,Borborema,PB,67.57,2024
3549706,São José do Rio Pardo,SP,63.96,2024
3202108,Ecoporanga,ES,94.7,2024
2304657,Graça,CE,100.0,2024
3510203,Capão Bonito,SP,74.63,2024
4205100,Dona Emma,SC,88.51,2024
2110039,Santa Luzia do Paruá,MA,85.76,2024
3539004,Pirangi,SP,75.61,2024
3169406,Três Pontas,MG,81.7,2024
3518503,Guareí,SP,68.52,2024
3168002,Taiobeiras,MG,86.34,2024
2501534,Baraúna,PB,89.76,2024
2305506,Iguatu,CE,63.35,2024
3513801,Diadema,SP,75.04,2024
4316303,Roque Gonzales,RS,76.0,2024
5211206,Itapuranga,GO,85.1,2024
3138658,Lontra,MG,78.07,2024
5101852,Bom Jesus do Araguaia,MT,82.63,2024
4303301,Caibaté,RS,63.1,2024
3548906,São Carlos,SP,72.92,2024
3162203,São João Batista do Glória,MG,84.26,2024
3543105,Ribeirão Corrente,SP,74.51,2024
3159605,Santa Rita do Sapucaí,MG,96.81,2024
3133501,Itapecerica,MG,85.54,2024
4200804,Anchieta,SC,82.02,2024
4103156,Bom Jesus do Sul,PR,93.48,2024
3550902,São Simão,SP,67.73,2024
3202702,Itaguaçu,ES,87.99,2024
4321329,Taquaruçu do Sul,RS,82.9,2024
3551306,Sebastianópolis do Sul,SP,75.86,2024
2512200,Prata,PB,63.28,2024
3530508,Mococa,SP,70.42,2024
5107107,São José dos Quatro Marcos,MT,68.7,2024
2209807,São Gonçalo do Piauí,PI,64.04,2024
3513900,Divinolândia,SP,61.36,2024
3166303,Sericita,MG,84.85,2024
5103908,General Carneiro,MT,71.41,2024
4308706,Gaurama,RS,74.7,2024
3101300,Alagoa,MG,89.66,2024
3165008,São Tiago,MG,88.85,2024
5214101,Mutunópolis,GO,100.0,2024
3530003,Mira Estrela,SP,93.03,2024
3529005,Marília,SP,70.7,2024
5105259,Lucas do Rio Verde,MT,73.53,2024
3151305,Piraúba,MG,87.11,2024
2300408,Aiuaba,CE,75.83,2024
3129202,Heliodora,MG,67.59,2024
1715259,Novo Jardim,TO,61.24,2024
3549409,São Joaquim da Barra,SP,67.94,2024
4201802,Atalanta,SC,64.79,2024
3146008,Ouro Fino,MG,84.81,2024
3168309,Taquaraçu de Minas,MG,94.4,2024
3114303,Carmo do Paranaíba,MG,86.19,2024
2411205,Santa Cruz,RN,65.22,2024
3202553,Ibitirama,ES,95.65,2024
3125200,Fama,MG,86.96,2024
4317756,Santo Antônio do Planalto,RS,77.2,2024
2509800,Mulungu,PB,66.64,2024
5205471,Chapadão do Céu,GO,87.51,2024
2210631,Sebastião Leal,PI,76.86,2024
2308302,Milagres,CE,79.33,2024
3519006,Herculândia,SP,81.08,2024
3533205,Nova Independência,SP,88.79,2024
3543303,Ribeirão Pires,SP,67.42,2024
5205208,Caturaí,GO,87.17,2024
4301206,Arroio do Tigre,RS,65.2,2024
2513943,São Domingos do Cariri,PB,100.0,2024
3522703,Itápolis,SP,76.17,2024
3146552,Pai Pedro,MG,76.4,2024
3122900,Dona Eusébia,MG,95.71,2024
3158300,Santana da Vargem,MG,87.88,2024
3538204,Pinhalzinho,SP,78.79,2024
3136553,José Raydan,MG,77.36,2024
3523008,Itapura,SP,79.05,2024
3537404,Pereira Barreto,SP,83.47,2024
3139904,Maria da Fé,MG,78.16,2024
5220207,São Miguel do Araguaia,GO,91.4,2024
3201159,Brejetuba,ES,87.96,2024
4314464,Pinhal da Serra,RS,35.3,2024
2510808,Patos,PB,67.47,2024
3520608,Indiana,SP,70.59,2024
4200556,Águas Frias,SC,88.24,2024
4309951,Ibirapuitã,RS,70.6,2024
3521903,Itajobi,SP,82.74,2024
2507804,Junco do Seridó,PB,76.21,2024
2205904,Manoel Emídio,PI,82.38,2024
2206951,Novo Santo Antônio,PI,82.08,2024
3129707,Ibiraci,MG,84.15,2024
3125507,São Gonçalo do Rio Preto,MG,83.33,2024
3111200,Campo Belo,MG,85.57,2024
2103257,Cidelândia,MA,86.24,2024
3510708,Cardoso,SP,59.86,2024
3503208,Araraquara,SP,69.45,2024
3505203,Bariri,SP,72.3,2024
3133907,Itaverava,MG,76.97,2024
5210158,Ipiranga de Goiás,GO,96.55,2024
3158805,Santana do Jacaré,MG,86.67,2024
3540309,Pontes Gestal,SP,74.25,2024
5200829,Amaralina,GO,89.83,2024
3120508,Cristina,MG,81.73,2024
3527504,Lucianópolis,SP,75.0,2024
3203163,Laranja da Terra,ES,87.5,2024
3514502,Duartina,SP,77.0,2024
3522703,Itápolis,SP,77.38,2024
4201505,Armazém,SC,78.79,2024
4302006,Barros Cassal,RS,74.3,2024
4102208,Atalaia,PR,88.32,2024
4202156,Belmonte,SC,80.41,2024
3516507,Gabriel Monteiro,SP,85.45,2024
3541307,Presidente Epitácio,SP,72.17,2024
3127602,Gouveia,MG,91.11,2024
4117453,Ouro Verde do Oeste,PR,90.05,2024
3501202,Álvares Florence,SP,72.05,2024
3529807,Mineiros do Tietê,SP,68.18,2024
5105002,Jauru,MT,74.68,2024
2202711,Cocal de Telha,PI,59.56,2024
4311239,Lagoa Bonita do Sul,RS,54.2,2024
3508207,Buritizal,SP,56.29,2024
1600535,Porto Grande,AP,73.42,2024
3553401,Tanabi,SP,74.07,2024
2503704,Cajazeiras,PB,83.9,2024
2504603,Conde,PB,69.48,2024
3547502,Santa Rita do Passa Quatro,SP,67.97,2024
2305266,Ibaretama,CE,60.53,2024
3525706,José Bonifácio,SP,63.34,2024
5103601,Dom Aquino,MT,71.45,2024
3517505,Guapiaçu,SP,70.54,2024
3104601,Astolfo Dutra,MG,88.29,2024
5216809,Petrolina de Goiás,GO,85.41,2024
3544251,Rosana,SP,82.37,2024
2209559,São Braz do Piauí,PI,66.39,2024
3534757,Ouroeste,SP,89.21,2024
3509502,Campinas,SP,72.3,2024
4315404,Redentora,RS,81.8,2024
2409704,Pedro Avelino,RN,63.64,2024
2508703,Mãe d'Água,PB,63.64,2024
4314555,Pirapó,RS,72.7,2024
3168200,Tapiraí,MG,100.0,2024
3500501,Águas de Lindóia,SP,54.55,2024
2202251,Canavieira,PI,86.82,2024
4310553,Itacurubi,RS,42.9,2024
2514552,São José de Princesa,PB,81.82,2024
3100500,Açucena,MG,77.27,2024
2311264,Quiterianópolis,CE,90.91,2024
5220280,São Patrício,GO,86.36,2024
3152303,Porto Firme,MG,96.77,2024
4216107,São Domingos,SC,90.91,2024
3501301,Álvares Machado,SP,72.19,2024
3534807,Ouro Verde,SP,76.07,2024
3522307,Itapetininga,SP,81.28,2024
3539202,Pirapozinho,SP,69.44,2024
5108303,União do Sul,MT,68.93,2024
5202502,Aruanã,GO,90.33,2024
5107925,Sorriso,MT,81.05,2024
3502804,Araçatuba,SP,74.22,2024
3535002,Palestina,SP,72.03,2024
4201273,Arabutã,SC,96.31,2024
3204906,São Mateus,ES,83.36,2024
2309201,Nova Olinda,CE,99.53,2024
3147105,Pará de Minas,MG,84.48,2024
3148400,Paulistas,MG,90.14,2024
2507101,Itapororoca,PB,84.21,2024
3556354,Vargem,SP,65.34,2024
3550902,São Simão,SP,65.55,2024
2301604,Assaré,CE,98.08,2024
3504404,Avanhandava,SP,77.37,2024
3146503,Pains,MG,86.83,2024
5220603,Silvânia,GO,91.2,2024
1600055,Serra do Navio,AP,73.61,2024
5214051,Mundo Novo,GO,94.04,2024
3541505,Presidente Venceslau,SP,76.57,2024
5204250,Cachoeira Dourada,GO,79.19,2024
4315404,Redentora,RS,63.9,2024
4315404,Redentora,RS,60.0,2024
3201902,Domingos Martins,ES,87.27,2024
5204300,Caçu,GO,91.38,2024
2205599,Lagoa do Sítio,PI,62.96,2024
4321329,Taquaruçu do Sul,RS,81.5,2024
3540507,Porangaba,SP,60.38,2024
3123908,Entre Rios de Minas,MG,88.18,2024
3555505,Ubirajara,SP,56.25,2024
5101704,Barra do Bugres,MT,72.78,2024
3533908,Olímpia,SP,74.72,2024
3112802,Capitólio,MG,95.0,2024
3110707,Cambuquira,MG,85.08,2024
2210508,São Pedro do Piauí,PI,67.14,2024
3547908,Santo Antônio da Alegria,SP,67.18,2024
2308708,Morada Nova,CE,76.09,2024
3171402,Vieiras,MG,74.62,2024
4217303,Saudades,SC,82.27,2024
2202174,Campo Largo do Piauí,PI,64.31,2024
3106804,Bias Fortes,MG,100.0,2024
2403004,Cruzeta,RN,50.0,2024
2303709,Caucaia,CE,68.34,2024
3554201,Tejupá,SP,59.38,2024
4318424,São João da Urtiga,RS,81.3,2024
4302402,Bom Retiro do Sul,RS,68.8,2024
3122470,Dom Bosco,MG,75.0,2024
4315172,Protásio Alves,RS,75.0,2024
4300646,Ametista do Sul,RS,70.8,2024
3556305,Valparaíso,SP,70.44,2024
3544251,Rosana,SP,78.64,2024
3541059,Pratânia,SP,56.48,2024
3508702,Caconde,SP,70.02,2024
3103801,Arapuá,MG,92.02,2024
5106109,Nossa Senhora do Livramento,MT,68.24,2024
5205513,Cocalzinho de Goiás,GO,88.6,2024
3142304,Moeda,MG,90.58,2024
2202455,Capitão Gervásio Oliveira,PI,77.36,2024
3501905,Amparo,SP,69.94,2024
2603926,Carnaubeira da Penha,PE,100.0,2024
2300309,Acopiara,CE,64.59,2024
3132503,Itamarandiba,MG,86.77,2024
4304655,Capão do Cipó,RS,71.8,2024
2205003,Itainópolis,PI,73.67,2024
3552403,Sumaré,SP,74.04,2024
3532702,Nipoã,SP,80.24,2024
2510402,Olho d'Água,PB,91.23,2024
3150000,Pescador,MG,77.59,2024
2300903,Apuiarés,CE,74.45,2024
4212205,Papanduva,SC,95.56,2024
5107263,Santo Afonso,MT,76.83,2024
3107604,Bom Jesus da Penha,MG,87.21,2024
2406908,Lucrécia,RN,42.86,2024
3147956,Patis,MG,61.9,2024
4311254,Lagoão,RS,81.0,2024
2414902,Viçosa,RN,61.9,2024
5212253,Lagoa Santa,GO,76.19,2024
3102209,Alvarenga,MG,85.42,2024
4310900,Jacutinga,RS,61.9,2024
4312906,Nova Bassano,RS,85.7,2024
2611903,Rio Formoso,PE,90.91,2024
3503604,Areiópolis,SP,75.02,2024
2205300,Jerumenha,PI,75.31,2024
3531605,Monte Castelo,SP,94.29,2024
5204003,Cabeceiras,GO,93.81,2024
5209291,Guaraíta,GO,95.32,2024
2206605,Monte Alegre do Piauí,PI,57.85,2024
3555356,Ubarana,SP,74.44,2024
2307502,Lavras da Mangabeira,CE,74.29,2024
3146008,Ouro Fino,MG,85.47,2024
3103702,Araponga,MG,93.59,2024
2401701,Bom Jesus,RN,53.3,2024
2303709,Caucaia,CE,69.01,2024
3108909,Brazópolis,MG,79.14,2024
4313805,Palmitinho,RS,77.8,2024
3158300,Santana da Vargem,MG,87.45,2024
3114105,Carmo de Minas,MG,96.15,2024
3514205,Dolcinópolis,SP,65.38,2024
3531001,Monções,SP,80.77,2024
1721307,Tupiratins,TO,53.85,2024
3541208,Presidente Bernardes,SP,79.72,2024
3128402,Guarani,MG,77.84,2024
4202875,Brunópolis,SC,74.41,2024
4102752,Bela Vista da Caroba,PR,88.13,2024
2301257,Ararendá,CE,99.34,2024
2308203,Meruoca,CE,98.21,2024
5203807,Britânia,GO,92.82,2024
2305654,Ipaporanga,CE,99.16,2024
3542008,Quintana,SP,64.71,2024
3541604,Promissão,SP,73.51,2024
3529401,Mauá,SP,73.14,2024
3541307,Presidente Epitácio,SP,74.19,2024
3145851,Oratórios,MG,82.24,2024
2205276,Jatobá do Piauí,PI,95.24,2024
5218904,Rubiataba,GO,87.69,2024
3152709,Prados,MG,93.22,2024
5205059,Castelândia,GO,91.3,2024
4302204,Boa Vista do Buricá,RS,74.0,2024
1715754,Palmeirópolis,TO,77.41,2024
2408904,Parelhas,RN,76.51,2024
3550209,São Miguel Arcanjo,SP,73.78,2024
3512308,Conchas,SP,69.48,2024
2509339,Matinhas,PB,72.67,2024
3533304,Nova Luzitânia,SP,73.33,2024
2609105,Machados,PE,96.75,2024
3521705,Itaberá,SP,86.29,2024
2501807,Bayeux,PB,56.42,2024
4210555,Marema,SC,75.96,2024
2310506,Pedra Branca,CE,99.7,2024
3529401,Mauá,SP,73.8,2024
3504206,Auriflama,SP,77.87,2024
2306009,Iracema,CE,84.18,2024
2410207,Portalegre,RN,65.36,2024
5215256,Novo Planalto,GO,94.54,2024
5222005,Vianópolis,GO,89.5,2024
3157302,Santa Bárbara do Tugúrio,MG,90.92,2024
3166006,Senhora de Oliveira,MG,86.42,2024
3151909,Pocrane,MG,88.29,2024
3510005,Cândido Mota,SP,74.51,2024
2111748,Senador Alexandre Costa,MA,96.12,2024
3519808,Icém,SP,81.32,2024
3518602,Guariba,SP,78.67,2024
3130408,Ijaci,MG,82.9,2024
3514809,Eldorado,SP,75.19,2024
5104542,Itanhangá,MT,77.99,2024
2304400,Fortaleza,CE,100.0,2024
4214607,Rio do Oeste,SC,20.0,2024
3108206,Bonfinópolis de Minas,MG,60.0,2024
4312203,Maximiliano de Almeida,RS,33.3,2024
2211605,Vila Nova do Piauí,PI,100.0,2024
2404002,Frutuoso Gomes,RN,70.0,2024
4314050,Parobé,RS,46.7,2024
3530201,Mirante do Paranapanema,SP,86.67,2024
3165800,Senador José Bento,MG,70.0,2024
2411007,Rodolfo Fernandes,RN,60.0,2024
4211850,Ouro Verde,SC,66.67,2024
2301505,Arneiroz,CE,76.0,2024
2210383,São Miguel da Baixa Grande,PI,80.0,2024
3100302,Abre Campo,MG,86.67,2024
4311429,Lajeado do Bugre,RS,60.0,2024
3166600,Serra da Saudade,MG,90.0,2024
4200903,Angelina,SC,90.0,2024
4309258,Guabiju,RS,66.7,2024
3137601,Lagoa Santa,MG,96.0,2024
3124807,Estrela do Sul,MG,90.0,2024
3521507,Irapuã,SP,76.62,2024
3518206,Guararapes,SP,71.91,2024
2210003,São João do Piauí,PI,65.25,2024
3517307,Guaimbê,SP,83.39,2024
3517703,Guará,SP,76.27,2024
2413805,Taboleiro Grande,RN,73.08,2024
4310652,Itati,RS,71.4,2024
3121506,Desterro do Melo,MG,96.43,2024
2203701,Esperantina,PI,73.13,2024
2304400,Fortaleza,CE,75.03,2024
2304400,Fortaleza,CE,74.81,2024
3548104,Santo Antônio do Jardim,SP,72.45,2024
3104205,Arcos,MG,88.86,2024
3203163,Laranja da Terra,ES,89.86,2024
2611533,Quixaba,PE,87.04,2024
3529302,Matão,SP,71.72,2024
3502705,Apiaí,SP,74.62,2024
3515186,Espírito Santo do Pinhal,SP,75.49,2024
3103702,Araponga,MG,93.2,2024
2303006,Caridade,CE,98.73,2024
3108800,Braúnas,MG,63.3,2024
4315552,Rio dos Índios,RS,78.8,2024
2200103,Agricolândia,PI,60.23,2024
5103957,Glória D'Oeste,MT,83.78,2024
3520004,Igaraçu do Tietê,SP,77.29,2024
3508702,Caconde,SP,75.94,2024
3103009,Antônio Dias,MG,84.4,2024
2201176,Barra D'Alcântara,PI,93.18,2024
3200136,Águia Branca,ES,94.55,2024
2309706,Pacatuba,CE,78.36,2024
2311900,Saboeiro,CE,81.55,2024
3200201,Alegre,ES,94.37,2024
5212055,Jesúpolis,GO,100.0,2024
2312908,Sobral,CE,98.58,2024
3133501,Itapecerica,MG,84.46,2024
3547809,Santo André,SP,77.09,2024
2304301,Farias Brito,CE,96.0,2024
4210605,Massaranduba,SC,75.34,2024
3518305,Guararema,SP,76.97,2024
3156304,Rodeiro,MG,81.95,2024
2206001,Marcos Parente,PI,80.95,2024
2510402,Olho d'Água,PB,89.36,2024
2203230,Currais,PI,92.5,2024
3547007,Santa Maria da Serra,SP,86.98,2024
3501509,Alvinlândia,SP,91.84,2024
3119955,Córrego Fundo,MG,96.07,2024
3130804,Ingaí,MG,87.27,2024
3155603,Rio Pardo de Minas,MG,94.34,2024
3123908,Entre Rios de Minas,MG,91.72,2024
3506508,Birigui,SP,78.13,2024
3117603,Conceição do Pará,MG,92.75,2024
2512762,Riachão do Poço,PB,75.0,2024
4212601,Peritiba,SC,87.5,2024
3518909,Guzolândia,SP,79.92,2024
3130655,Indaiabira,MG,89.58,2024
3530904,Mombuca,SP,74.25,2024
2205250,Jardim do Mulato,PI,77.0,2024
3546504,Santa Ernestina,SP,92.26,2024
2311207,Potengi,CE,91.04,2024
3503406,Arealva,SP,79.38,2024
2517001,Umbuzeiro,PB,79.38,2024
2109908,Santa Inês,MA,95.92,2024
2205573,Lagoa de São Francisco,PI,76.74,2024
4200804,Anchieta,SC,91.81,2024
3545159,Saltinho,SP,64.45,2024
2702306,Coruripe,AL,92.03,2024
5211404,Itauçu,GO,94.51,2024
3113206,Carandaí,MG,92.1,2024
4215653,Santa Rosa do Sul,SC,68.42,2024
1715507,Oliveira de Fátima,TO,31.58,2024
3515400,Fartura,SP,82.78,2024
2204006,Francinópolis,PI,84.21,2024
5214804,Nova Aurora,GO,84.21,2024
3109808,Cachoeira Dourada,MG,94.74,2024
3536570,Paulistânia,SP,73.68,2024
2302909,Capistrano,CE,87.35,2024
3516606,Gália,SP,66.68,2024
2112233,Trizidela do Vale,MA,90.87,2024
2311702,Reriutaba,CE,98.5,2024
3116803,Coluna,MG,91.21,2024
5106802,Porto dos Gaúchos,MT,74.29,2024
3511201,Catiguá,SP,84.7,2024
5206602,Cumari,GO,72.73,2024
2101939,Bernardo do Mearim,MA,87.88,2024
5218706,Rianápolis,GO,100.0,2024
3148301,Paula Cândido,MG,91.23,2024
5107248,Santa Carmem,MT,93.91,2024
5204607,Campestre de Goiás,GO,93.62,2024
2313351,Tejuçuoca,CE,80.16,2024
3530508,Mococa,SP,81.57,2024
2103125,Central do Maranhão,MA,84.42,2024
3527108,Lins,SP,81.06,2024
5103452,Denise,MT,83.58,2024
2205409,Joaquim Pires,PI,81.27,2024
3556107,Valentim Gentil,SP,85.95,2024
2501708,Barra de São Miguel,PB,78.61,2024
3139003,Machado,MG,97.14,2024
3556958,Vitória Brasil,SP,100.0,2024
4307203,Erval Grande,RS,71.4,2024
2308807,Moraújo,CE,92.86,2024
2209609,São Félix do Piauí,PI,64.29,2024
3549409,São Joaquim da Barra,SP,75.03,2024
3149507,Pequeri,MG,69.05,2024
3544400,Rubiácea,SP,82.14,2024
3127354,Glaucilândia,MG,71.43,2024
3146602,Paiva,MG,92.86,2024
5219712,Santo Antônio da Barra,GO,91.64,2024
2307106,Jardim,CE,70.8,2024
3106408,Belo Vale,MG,97.32,2024
5107875,Sapezal,MT,84.38,2024
2311264,Quiterianópolis,CE,99.0,2024
4300802,Antônio Prado,RS,74.1,2024
2205151,Jacobina do Piauí,PI,84.31,2024
2512747,Riachão,PB,70.37,2024
2306603,Itatira,CE,99.06,2024
2304509,Frecheirinha,CE,98.18,2024
4126405,Sertaneja,PR,90.98,2024
3124708,Estrela do Indaiá,MG,100.0,2024
3514007,Dobrada,SP,93.4,2024
4323101,Vicente Dutra,RS,70.1,2024
3516200,Franca,SP,82.87,2024
2311264,Quiterianópolis,CE,99.49,2024
3120904,Curvelo,MG,100.0,2024
2515708,Serra Grande,PB,70.82,2024
2203404,Dom Expedito Lopes,PI,76.45,2024
5100300,Alto Araguaia,MT,75.59,2024
3506201,Bento de Abreu,SP,84.11,2024
4321006,Tapera,RS,88.1,2024
3505005,Barão de Antonina,SP,64.23,2024
2301307,Araripe,CE,77.22,2024
2203453,Dom Inocêncio,PI,87.27,2024
3200102,Afonso Cláudio,ES,91.7,2024
3125903,Ferros,MG,100.0,2024
5218805,Rio Verde,GO,89.88,2024
3526506,Lavínia,SP,59.08,2024
3526001,Junqueirópolis,SP,80.44,2024
2209500,Santo Inácio do Piauí,PI,85.37,2024
5221700,Uruana,GO,97.73,2024
5213509,Monte Alegre de Goiás,GO,81.87,2024
5213004,Maurilândia,GO,83.79,2024
2208700,Redenção do Gurguéia,PI,80.52,2024
5219456,Santa Rita do Novo Destino,GO,95.83,2024
4300646,Ametista do Sul,RS,72.9,2024
2310001,Palhano,CE,74.59,2024
2611606,Recife,PE,88.16,2024
2302206,Beberibe,CE,81.6,2024
3165008,São Tiago,MG,92.5,2024
2304806,Granjeiro,CE,91.59,2024
3522158,Itaóca,SP,51.85,2024
2302107,Baturité,CE,86.78,2024
2101350,Bacurituba,MA,100.0,2024
3527256,Lourdes,SP,72.22,2024
3103900,Araújos,MG,88.5,2024
3542305,Redenção da Serra,SP,84.33,2024
3549003,São Francisco,SP,83.33,2024
3532843,Nova Canaã Paulista,SP,72.22,2024
3145703,Oliveira Fortes,MG,83.33,2024
3500907,Altair,SP,62.85,2024
3504800,Bálsamo,SP,83.51,2024
2305209,Hidrolândia,CE,96.11,2024
3145604,Oliveira,MG,96.4,2024
2310902,Piquet Carneiro,CE,100.0,2024
3536406,Paulicéia,SP,75.86,2024
3100203,Abaeté,MG,88.08,2024
3169208,Tombos,MG,80.55,2024
5202353,Arenópolis,GO,83.64,2024
2202083,Cajueiro da Praia,PI,62.75,2024
5106190,Nova Santa Helena,MT,75.07,2024
3535101,Palmares Paulista,SP,77.46,2024
2209971,São João do Arraial,PI,87.8,2024
2314102,Viçosa do Ceará,CE,90.22,2024
1600709,Tartarugalzinho,AP,90.52,2024
3503703,Ariranha,SP,87.22,2024
2500700,São João do Rio do Peixe,PB,72.85,2024
3529302,Matão,SP,77.01,2024
3507407,Borborema,SP,85.16,2024
2304707,Granja,CE,97.78,2024
2311009,Poranga,CE,100.0,2024
4318424,São João da Urtiga,RS,73.5,2024
2301703,Aurora,CE,73.84,2024
4211876,Paial,SC,54.55,2024
4213104,Piratuba,SC,83.99,2024
3123304,Dores do Turvo,MG,95.99,2024
3170479,Uruana de Minas,MG,80.0,2024
2202737,Coivaras,PI,94.47,2024
2311405,Quixeramobim,CE,98.76,2024
2709301,União dos Palmares,AL,94.75,2024
2513208,Santa Cruz,PB,86.28,2024
2312007,Santana do Acaraú,CE,98.26,2024
3520442,Ilha Solteira,SP,80.76,2024
2308906,Morrinhos,CE,97.77,2024
4312757,Nova Alvorada,RS,53.9,2024
2400208,Açu,RN,30.77,2024
4306957,Entre Rios do Sul,RS,92.3,2024
4312385,Monte Belo do Sul,RS,76.9,2024
4314159,Paverama,RS,69.2,2024
4320305,Selbach,RS,67.0,2024
3109303,Buritis,MG,76.92,2024
4314498,Pinheirinho do Vale,RS,76.9,2024
3521606,Irapuru,SP,96.0,2024
2503605,Caiçara,PB,72.22,2024
3501103,Alto Alegre,SP,71.82,2024
2200301,Alto Longá,PI,82.41,2024
3129004,Guiricema,MG,82.89,2024
2202703,Cocal,PI,83.93,2024
5205406,Ceres,GO,94.51,2024
3532900,Nova Europa,SP,68.76,2024
4313037,Nova Esperança do Sul,RS,71.3,2024
2201945,Boqueirão do Piauí,PI,77.1,2024
2517209,Vieirópolis,PB,64.36,2024
2303931,Choró,CE,95.42,2024
3538709,Piracicaba,SP,89.33,2024
2513653,Joca Claudino,PB,90.09,2024
2309904,Pacujá,CE,100.0,2024
2202604,Castelo do Piauí,PI,82.63,2024
4323770,Westfalia,RS,61.5,2024
2202133,Campo Grande do Piauí,PI,95.8,2024
3169356,Três Marias,MG,81.09,2024
3110400,Camacho,MG,86.64,2024
3109501,Cabo Verde,MG,86.58,2024
2309003,Mucambo,CE,98.82,2024
2309805,Pacoti,CE,91.18,2024
3114907,Casa Grande,MG,94.12,2024
3544202,Riolândia,SP,84.72,2024
2300150,Acarape,CE,81.21,2024
2305357,Icapuí,CE,76.34,2024
2204600,Hugo Napoleão,PI,81.47,2024
2200277,Alegrete do Piauí,PI,55.26,2024
2204808,Ipiranga do Piauí,PI,95.83,2024
2310308,Parambu,CE,88.35,2024
5219001,Sanclerlândia,GO,91.82,2024
3534005,Onda Verde,SP,74.45,2024
2204154,Francisco Macedo,PI,95.24,2024
2206753,Nossa Senhora de Nazaré,PI,95.24,2024
2510709,Passagem,PB,66.67,2024
4107538,Entre Rios do Oeste,PR,96.25,2024
1600709,Tartarugalzinho,AP,94.21,2024
2305605,Independência,CE,98.62,2024
2506707,Imaculada,PB,50.17,2024
2308104,Mauriti,CE,84.55,2024
2708303,São José da Laje,AL,95.31,2024
3524501,Jaci,SP,68.06,2024
2208908,Ribeiro Gonçalves,PI,85.26,2024
2313955,Varjota,CE,98.06,2024
4201505,Armazém,SC,79.08,2024
2306256,Itaitinga,CE,85.11,2024
2307908,Martinópole,CE,99.24,2024
3141207,Matutina,MG,91.94,2024
5200159,Adelândia,GO,81.99,2024
4318424,São João da Urtiga,RS,70.3,2024
2703759,Jequiá da Praia,AL,95.65,2024
2210706,Simões,PI,86.03,2024
2308609,Monsenhor Tabosa,CE,99.36,2024
2106375,Maranhãozinho,MA,97.62,2024
2304459,Fortim,CE,93.28,2024
2300200,Acaraú,CE,97.71,2024
2708105,Santana do Mundaú,AL,97.67,2024
3513702,Descalvado,SP,80.62,2024
5106109,Nossa Senhora do Livramento,MT,80.17,2024
2313559,Tururu,CE,95.29,2024
2202729,Cocal dos Alves,PI,87.68,2024
2516706,Teixeira,PB,81.85,2024
4210902,Modelo,SC,94.86,2024
3112000,Candeias,MG,90.37,2024
5106455,Planalto da Serra,MT,90.32,2024
3545803,Santa Bárbara d'Oeste,SP,80.94,2024
3100401,Acaiaca,MG,73.93,2024
2508554,Logradouro,PB,94.6,2024
2301851,Banabuiú,CE,76.25,2024
2304954,Guaiúba,CE,79.83,2024
5214879,Nova Iguaçu de Goiás,GO,95.12,2024
2303402,Carnaubal,CE,83.8,2024
2313807,Uruburetama,CE,82.16,2024
2302602,Camocim,CE,94.08,2024
2308609,Monsenhor Tabosa,CE,97.2,2024
3500204,Adolfo,SP,85.8,2024
3158706,Santana do Garambéu,MG,87.26,2024
3135407,Jeceaba,MG,88.66,2024
2303501,Cascavel,CE,82.6,2024
3512100,Colômbia,SP,72.63,2024
2302701,Campos Sales,CE,82.79,2024
2303600,Catarina,CE,81.25,2024
4311718,Maçambará,RS,87.5,2024
3103702,Araponga,MG,91.67,2024
5219704,Santa Terezinha de Goiás,GO,96.08,2024
3548203,Santo Antônio do Pinhal,SP,73.68,2024
4320305,Selbach,RS,72.3,2024
2307700,Maranguape,CE,81.66,2024
3541604,Promissão,SP,79.12,2024
2309409,Novo Oriente,CE,100.0,2024
2310100,Palmácia,CE,94.31,2024
5102793,Carlinda,MT,98.95,2024
2301109,Aracati,CE,91.16,2024
2306306,Itapagé,CE,89.55,2024
2610202,Panelas,PE,94.53,2024
2300101,Abaiara,CE,91.49,2024
3200102,Afonso Cláudio,ES,95.4,2024
3553609,Tapiratiba,SP,79.51,2024
3505302,Barra Bonita,SP,80.01,2024
5106109,Nossa Senhora do Livramento,MT,82.05,2024
3165008,São Tiago,MG,94.92,2024
2511103,Pedra Lavrada,PB,83.68,2024
2612109,Salgadinho,PE,92.16,2024
2305308,Ibiapina,CE,97.38,2024
3150505,Pimenta,MG,94.39,2024
2307635,Madalena,CE,95.31,2024
3136520,José Gonçalves de Minas,MG,77.29,2024
2510303,Nova Palmeira,PB,76.75,2024
2312700,Senador Pompeu,CE,98.44,2024
3535408,Panorama,SP,92.54,2024
2509503,Montadas,PB,82.33,2024
2208858,Riacho Frio,PI,92.42,2024
2205953,Marcolândia,PI,89.66,2024
2308500,Mombaça,CE,93.51,2024
2307650,Maracanaú,CE,84.66,2024
3517000,Getulina,SP,68.1,2024
2308609,Monsenhor Tabosa,CE,91.38,2024
3119906,Córrego do Bom Jesus,MG,100.0,2024
3502705,Apiaí,SP,88.38,2024
2304202,Crato,CE,95.37,2024
2306702,Jaguaretama,CE,93.66,2024
2307650,Maracanaú,CE,84.92,2024
2300754,Amontada,CE,82.28,2024
2313302,Tauá,CE,92.01,2024
3135902,Jesuânia,MG,81.14,2024
2310407,Paramoti,CE,94.2,2024
2209955,São João da Varjota,PI,86.96,2024
1706258,Crixás do Tocantins,TO,82.61,2024
5221908,Varjão,GO,84.78,2024
5209457,Guarinos,GO,95.65,2024
2305803,Ipu,CE,86.66,2024
2311108,Porteiras,CE,92.09,2024
2201556,Bela Vista do Piauí,PI,89.26,2024
2513307,Santa Helena,PB,96.58,2024
3509809,Campos Novos Paulista,SP,86.59,2024
3517109,Glicério,SP,86.84,2024
2403905,Francisco Dantas,RN,78.95,2024
2313708,Umari,CE,88.49,2024
2300804,Antonina do Norte,CE,94.51,2024
2303204,Caririaçu,CE,82.61,2024
5104203,Guiratinga,MT,84.49,2024
2506251,Gado Bravo,PB,70.71,2024
2305001,Guaraciaba do Norte,CE,95.65,2024
5216304,Paranaiguara,GO,97.01,2024
2305233,Horizonte,CE,96.2,2024
4209706,Lebon Régis,SC,86.67,2024
4208401,Itapiranga,SC,97.83,2024
3148905,Pedra do Indaiá,MG,100.0,2024
5103437,Curvelândia,MT,92.97,2024
5206909,Davinópolis,GO,83.12,2024
2309102,Mulungu,CE,88.89,2024
2206902,Novo Oriente do Piauí,PI,89.56,2024
2302305,Bela Cruz,CE,97.83,2024
2301000,Aquiraz,CE,83.99,2024
2308401,Missão Velha,CE,82.37,2024
2914208,Irajuba,BA,65.38,2024
2509800,Mulungu,PB,88.46,2024
3514957,Embaúba,SP,73.08,2024
3533700,Ocauçu,SP,90.38,2024
2304103,Crateús,CE,97.31,2024
2304103,Crateús,CE,97.2,2024
5219100,Santa Bárbara de Goiás,GO,100.0,2024
2202752,Colônia do Gurguéia,PI,89.29,2024
2512309,Princesa Isabel,PB,86.55,2024
2516151,Sossêgo,PB,66.62,2024
2306405,Itapipoca,CE,88.58,2024
5206800,Damolândia,GO,97.08,2024
2304608,General Sampaio,CE,97.65,2024
2310209,Paracuru,CE,95.08,2024
3548401,Santópolis do Aguapeí,SP,77.36,2024
2313203,Tamboril,CE,98.31,2024
3512704,Corumbataí,SP,84.16,2024
2302057,Barroquinha,CE,95.7,2024
2313401,Tianguá,CE,86.1,2024
2312403,São Gonçalo do Amarante,CE,85.78,2024
2306553,Itarema,CE,92.49,2024
2306405,Itapipoca,CE,88.96,2024
2309458,Ocara,CE,84.77,2024
2305332,Ibicuitinga,CE,96.67,2024
2306900,Jaguaribe,CE,89.25,2024
5200506,Aloândia,GO,90.91,2024
3536901,Pedranópolis,SP,72.73,2024
2304103,Crateús,CE,90.91,2024
1600238,Ferreira Gomes,AP,72.09,2024
2501351,Assunção,PB,93.96,2024
3147501,Passabém,MG,90.91,2024
2203008,Cristalândia do Piauí,PI,79.55,2024
2313906,Uruoca,CE,99.01,2024
2311355,Quixelô,CE,88.46,2024
3514924,Elisiário,SP,85.34,2024
2301950,Barreira,CE,91.15,2024
2312205,Santa Quitéria,CE,95.08,2024
2510600,Ouro Velho,PB,100.0,2024
2313609,Ubajara,CE,95.13,2024
2302800,Canindé,CE,94.95,2024
2209906,São João da Serra,PI,93.97,2024
2304905,Groaíras,CE,96.95,2024
2209104,Santa Cruz do Piauí,PI,98.15,2024
2301802,Baixio,CE,91.67,2024
2305704,Ipaumirim,CE,88.89,2024
3159100,Santana dos Montes,MG,94.44,2024
2302800,Canindé,CE,95.0,2024
2313252,Tarrafas,CE,91.6,2024
2313500,Trairi,CE,91.78,2024
4313037,Nova Esperança do Sul,RS,80.7,2024
4308003,Faxinal do Soturno,RS,82.1,2024
2512309,Princesa Isabel,PB,86.29,2024
3539707,Platina,SP,84.61,2024
2307403,Jucás,CE,90.28,2024
2303907,Chaval,CE,91.5,2024
2202109,Campinas do Piauí,PI,100.0,2024
3124500,Estiva,MG,91.03,2024
2308005,Massapê,CE,95.03,2024
2310852,Pindoretama,CE,88.62,2024
3129400,Ibertioga,MG,87.87,2024
2205102,Itaueira,PI,85.9,2024
2304251,Cruz,CE,98.93,2024
2504405,Conceição,PB,96.17,2024
2207108,Olho D'Água do Piauí,PI,85.71,2024
5214705,Nova América,GO,95.24,2024
4315552,Rio dos Índios,RS,85.7,2024
3102209,Alvarenga,MG,87.5,2024
2302404,Boa Viagem,CE,90.36,2024
2312304,São Benedito,CE,95.11,2024
3502606,Aparecida d'Oeste,SP,86.16,2024
3115003,Cascalho Rico,MG,85.84,2024
2203420,Domingos Mourão,PI,82.22,2024
2313757,Umirim,CE,82.27,2024
2312304,São Benedito,CE,95.1,2024
2505709,Dona Inês,PB,96.29,2024
3203601,Mucurici,ES,84.09,2024
3115805,Centralina,MG,96.77,2024
3112208,Capela Nova,MG,77.37,2024
2305902,Ipueiras,CE,99.54,2024
2311231,Potiretama,CE,97.47,2024
2308351,Milhã,CE,97.92,2024
2309607,Pacajus,CE,87.91,2024
2301901,Barbalha,CE,87.92,2024
2201903,Bom Jesus,PI,98.95,2024
2310258,Paraipaba,CE,93.78,2024
2307254,Jijoca de Jericoacoara,CE,98.03,2024
2311603,Redenção,CE,92.45,2024
5107750,Salto do Céu,MT,97.49,2024
2314003,Várzea Alegre,CE,90.9,2024
2310704,Pentecoste,CE,91.29,2024
2306108,Irauçuba,CE,96.76,2024
2210201,São José do Piauí,PI,97.06,2024
4307054,Ernestina,RS,64.7,2024
4315131,Pouso Novo,RS,94.1,2024
5212006,Jaupaci,GO,100.0,2024
2201150,Baixa Grande do Ribeiro,PI,81.06,2024
1600238,Ferreira Gomes,AP,74.96,2024
2205532,Jurema,PI,98.36,2024
3528858,Marapoama,SP,100.0,2024
2512507,Queimadas,PB,92.65,2024
3155702,Rio Piracicaba,MG,92.59,2024
3528106,Macaubal,SP,96.3,2024
3163904,São Pedro da União,MG,97.05,2024
5218607,Rialma,GO,97.03,2024
2700904,Belo Monte,AL,98.82,2024
3539608,Planalto,SP,83.68,2024
4217550,Serra Alta,SC,97.43,2024
2301208,Aracoiaba,CE,90.87,2024
2311306,Quixadá,CE,92.49,2024
3504107,Atibaia,SP,50.0,2024
4323705,Vista Gaúcha,RS,100.0,2024
3549201,São João das Duas Pontes,SP,80.0,2024
2300705,Alto Santo,CE,94.16,2024
2305100,Guaramiranga,CE,95.86,2024
3537701,Piacatu,SP,76.68,2024
2304285,Eusébio,CE,93.91,2024
2513505,Santana de Mangueira,PB,100.0,2024
2504405,Conceição,PB,92.5,2024
5211602,Ivolândia,GO,73.91,2024
2200202,Água Branca,PI,91.98,2024
3507407,Borborema,SP,94.33,2024
3535705,Paraíso,SP,87.14,2024
3106705,Betim,MG,100.0,2024
2309300,Nova Russas,CE,99.64,2024
3537107,Pedreira,SP,94.25,2024
4323754,Vitória das Missões,RS,69.2,2024
2414753,Venha-Ver,RN,53.85,2024
2501104,Areia,PB,90.53,2024
3203163,Laranja da Terra,ES,100.0,2024
5207600,Fazenda Nova,GO,100.0,2024
3160959,São Domingos das Dores,MG,93.62,2024
2210052,São José do Divino,PI,92.65,2024
2307007,Jaguaruana,CE,88.24,2024
2307601,Limoeiro do Norte,CE,89.65,2024
2313104,Tabuleiro do Norte,CE,84.32,2024
2500403,Alagoa Nova,PB,89.39,2024
4208955,Jardinópolis,SC,77.08,2024
5106703,Ponte Branca,MT,96.88,2024
5202601,Aurilândia,GO,93.75,2024
2505006,Cubati,PB,97.47,2024
2311801,Russas,CE,94.59,2024
5201306,Anicuns,GO,98.09,2024
2201002,Arraial,PI,98.15,2024
2307809,Marco,CE,96.66,2024
2303303,Cariús,CE,95.26,2024
2405702,Jardim do Seridó,RN,84.21,2024
3126505,Francisco Badaró,MG,100.0,2024
4300646,Ametista do Sul,RS,79.0,2024
5107883,Serra Nova Dourada,MT,94.74,2024
3544509,Rubinéia,SP,75.0,2024
4207577,Iomerê,SC,97.09,2024
3151909,Pocrane,MG,95.65,2024
2308377,Miraíma,CE,85.6,2024
3130309,Iguatama,MG,94.08,2024
3503356,Arco-Íris,SP,77.27,2024
3519105,Iacanga,SP,97.67,2024
2303956,Chorozinho,CE,97.15,2024
5207501,Estrela do Norte,GO,98.0,2024
5108956,Nova Monte Verde,MT,92.37,2024
2301406,Aratuba,CE,80.42,2024
5213905,Mossâmedes,GO,100.0,2024
3555109,Tupi Paulista,SP,93.46,2024
2516508,Taperoá,PB,90.59,2024
2509156,Marizópolis,PB,98.16,2024
2302503,Brejo Santo,CE,95.4,2024
2207850,Pavussu,PI,90.0,2024
3528205,Macedônia,SP,72.5,2024
5201603,Araçu,GO,93.21,2024
2306801,Jaguaribara,CE,93.88,2024
2310803,Pereiro,CE,93.44,2024
2200608,Angical do Piauí,PI,95.88,2024
3545506,Sandovalina,SP,89.83,2024
3515186,Espírito Santo do Pinhal,SP,92.67,2024
2306504,Itapiúna,CE,92.57,2024
3515905,Floreal,SP,96.19,2024
2504850,Coxixola,PB,93.33,2024
3171204,Vespasiano,MG,91.67,2024
4301206,Arroio do Tigre,RS,66.7,2024
3533106,Nova Guataporanga,SP,83.33,2024
3528304,Magda,SP,93.95,2024
5219209,Santa Cruz de Goiás,GO,85.78,2024
2209856,São João da Canabrava,PI,96.34,2024
5106281,Novo São Joaquim,MT,94.16,2024
3528809,Maracaí,SP,91.17,2024
2202026,Buriti dos Montes,PI,98.33,2024
2502052,Bernardino Batista,PB,93.94,2024
3514700,Echaporã,SP,95.07,2024
2312106,Santana do Cariri,CE,96.45,2024
2304277,Ererê,CE,95.0,2024
2304269,Deputado Irapuan Pinheiro,CE,98.82,2024
2303659,Catunda,CE,100.0,2024
2204303,Fronteiras,PI,96.63,2024
2311504,Quixeré,CE,93.13,2024
3510104,Cândido Rodrigues,SP,92.31,2024
2306207,Itaiçaba,CE,96.74,2024
4308003,Faxinal do Soturno,RS,91.3,2024
3527108,Lins,SP,92.23,2024
2205540,Lagoinha do Piauí,PI,87.79,2024
3536257,Parisi,SP,90.72,2024
3553955,Tarumã,SP,91.72,2024
2303808,Cedro,CE,98.77,2024
3548302,Santo Expedito,SP,100.0,2024
4311122,Jaquirana,RS,64.3,2024
3515301,Estrela do Norte,SP,89.26,2024
2309508,Orós,CE,90.75,2024
2207405,Palmeira do Piauí,PI,72.22,2024
2504405,Conceição,PB,81.88,2024
3117603,Conceição do Pará,MG,100.0,2024
4202875,Brunópolis,SC,81.82,2024
3503950,Aspásia,SP,95.45,2024
3530201,Mirante do Paranapanema,SP,87.42,2024
2312304,São Benedito,CE,94.74,2024
3509106,Caiuá,SP,81.48,2024
2503100,Cabaceiras,PB,89.73,2024
5108204,Torixoréu,MT,88.61,2024
2504207,Catingueira,PB,96.08,2024
2311959,Salitre,CE,98.39,2024
2503209,Cabedelo,PB,62.5,2024
3555901,Uru,SP,100.0,2024
2205607,Landri Sales,PI,100.0,2024
3507753,Brejo Alegre,SP,100.0,2024
3555604,Uchoa,SP,87.56,2024
3155009,Rio Doce,MG,90.43,2024
2513984,São Francisco,PB,97.5,2024
5202809,Avelinópolis,GO,100.0,2024
3530201,Mirante do Paranapanema,SP,87.52,2024
2515005,São Miguel de Taipu,PB,100.0,2024
2201988,Brejo do Piauí,PI,95.35,2024
3540853,Pracinha,SP,80.0,2024
2205359,João Costa,PI,97.14,2024
3146909,Papagaios,MG,100.0,2024
3540101,Pongaí,SP,91.45,2024
3552601,Tabapuã,SP,98.83,2024
3547650,Santa Salete,SP,95.45,2024
3552551,Suzanápolis,SP,90.85,2024
3546108,Santa Clara d'Oeste,SP,100.0,2024
2205524,Júlio Borges,PI,100.0,2024
3549300,São João do Pau d'Alho,SP,100.0,2024
2210300,São Julião,PI,87.93,2024
4217303,Saudades,SC,93.75,2024
3557154,Zacarias,SP,80.0,2024
3532108,Murutinga do Sul,SP,100.0,2024
2201572,Belém do Piauí,PI,100.0,2024
2506509,Gurjão,PB,100.0,2024
3520806,Inúbia Paulista,SP,94.72,2024
3148301,Paula Cândido,MG,100.0,2024
3532603,Nhandeara,SP,88.89,2024
3544707,Sagres,SP,91.33,2024
4319364,São Pedro das Missões,RS,90.0,2024
3146008,Ouro Fino,MG,100.0,2024
3529104,Marinópolis,SP,100.0,2024
