municipio,uf,meta,resultado,diferenca,ano
Augusto Pestana,RS,80.0,10.0,-70.0,2024
Buerarema,BA,31.49,21.43,-10.059999999999999,2024
Pau Brasil,BA,50.35,10.0,-40.35,2024
Chapada de Areia,TO,54.93,6.25,-48.68,2024
Nova Castilho,SP,46.27,25.0,-21.270000000000003,2024
Riachuelo,RN,47.19,15.38,-31.809999999999995,2024
Glória,BA,42.59,4.76,-37.830000000000005,2024
Barra do Ribeiro,RS,70.43,8.8,-61.63000000000001,2024
Banzaê,BA,46.98,7.69,-39.29,2024
Itaguatins,TO,39.48,18.09,-21.389999999999997,2024
Mateiros,TO,34.77,9.09,-25.680000000000003,2024
Japi,RN,21.97,18.18,-3.789999999999999,2024
São Jorge,RS,77.17,66.7,-10.469999999999999,2024
Florânia,RN,42.91,33.33,-9.579999999999998,2024
Santa Clara do Sul,RS,80.0,22.2,-57.8,2024
Porto da Folha,SE,30.74,16.67,-14.069999999999997,2024
Euclides da Cunha,BA,39.98,5.88,-34.099999999999994,2024
Arataca,BA,23.69,13.11,-10.580000000000002,2024
Tartarugalzinho,AP,39.04,26.67,-12.369999999999997,2024
Três Arroios,RS,80.0,40.0,-40.0,2024
Rio Tinto,PB,78.16,16.68,-61.48,2024
São Nicolau,RS,61.56,7.1,-54.46,2024
Pureza,RN,42.59,21.43,-21.160000000000004,2024
Filadélfia,TO,18.04,12.63,-5.409999999999998,2024
Macururé,BA,8.39,12.5,4.109999999999999,2024
Carmópolis,SE,32.07,16.16,-15.91,2024
Divina Pastora,SE,45.68,19.53,-26.15,2024
Senador Georgino Avelino,RN,31.11,27.46,-3.6499999999999986,2024
Estância Velha,RS,69.31,24.3,-45.010000000000005,2024
Abaré,BA,35.44,18.24,-17.2,2024
Imigrante,RS,78.5,50.0,-28.5,2024
Itati,RS,52.69,58.3,5.609999999999999,2024
Mariano Moro,RS,80.0,58.3,-21.700000000000003,2024
Miravânia,MG,46.9,41.67,-5.229999999999997,2024
Gracho Cardoso,SE,27.09,16.67,-10.419999999999998,2024
Vale Real,RS,76.86,50.0,-26.86,2024
Campo do Brito,SE,45.54,8.33,-37.21,2024
Campos Borges,RS,33.67,25.0,-8.670000000000002,2024
Uarini,AM,19.75,11.25,-8.5,2024
Itaju do Colônia,BA,27.27,15.25,-12.02,2024
Rio da Conceição,TO,24.46,19.61,-4.850000000000001,2024
Santana da Boa Vista,RS,53.93,13.1,-40.83,2024
Pedro Avelino,RN,26.54,21.89,-4.649999999999999,2024
Jacinto Machado,SC,57.49,36.36,-21.130000000000003,2024
Mato Grosso,PB,46.27,18.18,-28.090000000000003,2024
Bonito de Minas,MG,66.87,27.27,-39.60000000000001,2024
Fortaleza dos Valos,RS,80.0,63.6,-16.4,2024
Babaçulândia,TO,27.6,19.17,-8.43,2024
Marcação,PB,70.7,15.43,-55.27,2024
Glória,BA,42.59,23.53,-19.060000000000002,2024
Curralinhos,PI,39.57,27.56,-12.010000000000002,2024
Morro Cabeça no Tempo,PI,30.91,19.39,-11.52,2024
Jardim de Piranhas,RN,37.47,35.0,-2.469999999999999,2024
Lajes,RN,36.25,20.0,-16.25,2024
Braga,RS,46.27,20.0,-26.270000000000003,2024
Muçum,RS,55.68,30.0,-25.68,2024
Sentinela do Sul,RS,74.77,23.5,-51.269999999999996,2024
Cajari,MA,57.7,34.1,-23.6,2024
Ilha das Flores,SE,34.17,16.26,-17.91,2024
Várzea Nova,BA,39.73,17.95,-21.779999999999998,2024
Luiz Alves,SC,80.0,35.56,-44.44,2024
Bom Jesus,PB,32.78,68.42,35.64,2024
Pedro Alexandre,BA,36.27,20.45,-15.820000000000004,2024
Pedro Régis,PB,52.73,23.99,-28.74,2024
Jericó,PB,57.85,23.83,-34.02,2024
Umburanas,BA,28.46,22.95,-5.510000000000002,2024
Almadina,BA,38.22,23.91,-14.309999999999999,2024
Amapá,AP,38.23,22.22,-16.009999999999998,2024
Vila Maria,RS,80.0,50.0,-30.0,2024
Sério,RS,80.0,11.1,-68.9,2024
São Martinho da Serra,RS,77.0,27.8,-49.2,2024
Borba,AM,35.51,22.82,-12.689999999999998,2024
Lagoa do Tocantins,TO,27.88,15.09,-12.79,2024
São José do Jacuípe,BA,30.39,28.41,-1.9800000000000004,2024
Espumoso,RS,80.0,39.1,-40.9,2024
Manaquiri,AM,52.37,20.56,-31.81,2024
Urupema,SC,80.0,29.41,-50.59,2024
Dirceu Arcoverde,PI,40.14,11.96,-28.18,2024
Presidente Dutra,BA,28.43,20.0,-8.43,2024
Itaporã do Tocantins,TO,66.76,24.0,-42.760000000000005,2024
Madre de Deus,BA,46.9,25.81,-21.09,2024
Itapebi,BA,21.57,23.44,1.870000000000001,2024
Riacho da Cruz,RN,32.22,37.5,5.280000000000001,2024
Erebango,RS,74.36,50.0,-24.36,2024
São José do Sul,RS,80.0,37.5,-42.5,2024
Glória,BA,42.59,29.69,-12.900000000000002,2024
Jaboticaba,RS,80.0,25.0,-55.0,2024
General Maynard,SE,27.09,21.91,-5.18,2024
São Vendelino,RS,80.0,25.0,-55.0,2024
Alvarenga,MG,45.84,81.25,35.41,2024
Santa Luzia,BA,40.34,28.42,-11.920000000000002,2024
São Martinho da Serra,RS,77.0,35.7,-41.3,2024
Itaporã,MS,70.79,32.03,-38.760000000000005,2024
Caiçara do Norte,RN,38.23,26.47,-11.759999999999998,2024
André da Rocha,RS,70.55,33.3,-37.25,2024
Martins,RN,47.7,60.0,12.299999999999997,2024
Antônio Prado de Minas,MG,78.78,86.67,7.890000000000001,2024
Nísia Floresta,RN,39.14,33.33,-5.810000000000002,2024
Santa Isabel do Rio Negro,AM,33.91,36.02,2.1100000000000065,2024
Muquém de São Francisco,BA,38.02,22.03,-15.990000000000002,2024
Mato Castelhano,RS,77.01,38.7,-38.31,2024
Arroio do Padre,RS,80.0,18.2,-61.8,2024
Conde,BA,46.79,28.14,-18.65,2024
Itapirapuã Paulista,SP,51.28,29.85,-21.43,2024
Cuitegi,PB,36.38,24.78,-11.600000000000001,2024
Careiro da Várzea,AM,44.52,27.35,-17.17,2024
Miraguaí,RS,79.13,38.1,-41.029999999999994,2024
Poxoréo,MT,52.47,50.0,-2.469999999999999,2024
Rio Grande da Serra,SP,38.67,57.14,18.47,2024
São Bento do Trairí,RN,40.24,33.62,-6.6200000000000045,2024
Nazaré,TO,51.46,34.23,-17.230000000000004,2024
Várzea Branca,PI,33.18,31.25,-1.9299999999999997,2024
São João das Missões,MG,47.08,33.42,-13.659999999999997,2024
Currais Novos,RN,47.33,40.74,-6.589999999999996,2024
Carrasco Bonito,TO,40.93,23.86,-17.07,2024
Alenquer,PA,43.05,45.0,1.9500000000000028,2024
Bocaina,PI,80.0,55.0,-25.0,2024
Juruti,PA,54.21,20.0,-34.21,2024
Santa Isabel do Rio Negro,AM,33.91,36.99,3.0800000000000054,2024
Cerro Negro,SC,36.07,49.84,13.770000000000003,2024
Jussiape,BA,39.08,33.33,-5.75,2024
Central,BA,37.9,25.64,-12.259999999999998,2024
São Martinho da Serra,RS,77.0,46.2,-30.799999999999997,2024
São José da Vitória,BA,38.32,27.27,-11.05,2024
Ibiquera,BA,27.17,15.62,-11.550000000000002,2024
Ataléia,MG,69.2,32.12,-37.080000000000005,2024
Chuí,RS,54.93,21.1,-33.83,2024
Lindolfo Collor,RS,69.56,47.4,-22.160000000000004,2024
Mascote,BA,29.51,26.73,-2.780000000000001,2024
Belo Campo,BA,52.89,33.06,-19.83,2024
Extremoz,RN,53.23,30.68,-22.549999999999997,2024
Barra dos Coqueiros,SE,29.32,28.65,-0.6700000000000017,2024
Malhada dos Bois,SE,46.27,37.63,-8.64,2024
Pedro Velho,RN,23.8,23.56,-0.240000000000002,2024
Vale de São Domingos,MT,53.92,23.86,-30.060000000000002,2024
Aurelino Leal,BA,48.61,33.61,-15.0,2024
Santa Isabel do Rio Negro,AM,33.91,37.7,3.7900000000000063,2024
Antônio Gonçalves,BA,39.52,25.32,-14.200000000000003,2024
São José dos Ramos,PB,62.36,27.36,-35.0,2024
Calçoene,AP,41.81,45.89,4.079999999999998,2024
São José do Bonfim,PB,18.06,29.62,11.560000000000002,2024
Milton Brandão,PI,44.03,33.33,-10.700000000000003,2024
Consolação,MG,65.38,38.89,-26.489999999999995,2024
Caranaíba,MG,71.59,83.33,11.739999999999995,2024
Tavares,RS,68.03,16.7,-51.33,2024
Itiruçu,BA,39.79,30.0,-9.79,2024
Ponte Alta,SC,47.14,44.44,-2.700000000000003,2024
Nova Cruz,RN,37.61,22.22,-15.39,2024
São Cristóvão,SE,59.87,37.5,-22.369999999999997,2024
Barra do Turvo,SP,80.0,34.89,-45.11,2024
Erebango,RS,74.36,45.2,-29.159999999999997,2024
São Domingos,SE,36.7,29.79,-6.910000000000004,2024
Catolândia,BA,16.24,25.71,9.470000000000002,2024
São Gabriel da Cachoeira,AM,43.12,31.59,-11.529999999999998,2024
Janduís,RN,30.69,37.93,7.239999999999998,2024
Bom Princípio,RS,74.68,35.0,-39.68000000000001,2024
Rondolândia,MT,36.18,45.52,9.340000000000003,2024
São Sebastião do Uatumã,AM,56.43,29.46,-26.97,2024
Pinheiro Machado,RS,69.19,34.8,-34.39,2024
Boa Vista do Incra,RS,72.67,26.6,-46.07,2024
Lavras do Sul,RS,61.56,45.7,-15.86,2024
Barra do Quaraí,RS,64.15,29.4,-34.75000000000001,2024
Inhacorá,RS,65.51,35.3,-30.210000000000008,2024
Muitos Capões,RS,70.55,29.4,-41.15,2024
Conceição do Araguaia,PA,45.08,52.94,7.859999999999999,2024
Japorã,MS,18.91,53.57,34.66,2024
Caibi,SC,76.16,27.3,-48.86,2024
Olho d'Água do Casado,AL,41.05,36.22,-4.829999999999998,2024
São Pedro do Sul,RS,77.57,45.7,-31.86999999999999,2024
Santana do Seridó,RN,56.91,40.91,-16.0,2024
Marcelino Vieira,RN,34.1,22.73,-11.370000000000001,2024
Taquaral,SP,75.76,27.27,-48.49000000000001,2024
Cambará do Sul,RS,63.31,63.6,0.28999999999999915,2024
Areia de Baraúnas,PB,32.22,36.36,4.140000000000001,2024
Mar Vermelho,AL,62.46,57.65,-4.810000000000002,2024
Quaraí,RS,58.95,36.3,-22.650000000000006,2024
Pratápolis,MG,65.46,25.0,-40.459999999999994,2024
Potiraguá,BA,35.06,27.54,-7.520000000000003,2024
Ibiracatu,MG,66.87,37.74,-29.130000000000003,2024
Cedro de São João,SE,29.4,45.3,15.899999999999999,2024
Mulungu do Morro,BA,29.66,28.83,-0.8300000000000018,2024
Socorro do Piauí,PI,70.3,30.86,-39.44,2024
Aparecida do Rio Negro,TO,37.16,35.78,-1.3799999999999955,2024
Maruim,SE,28.54,31.19,2.650000000000002,2024
Miravânia,MG,46.9,38.92,-7.979999999999997,2024
Santo Antônio do Tauá,PA,32.94,31.66,-1.2799999999999976,2024
Bocaina do Sul,SC,45.49,28.06,-17.430000000000003,2024
Santo Amaro das Brotas,SE,41.37,26.79,-14.579999999999998,2024
Matias Cardoso,MG,44.2,31.08,-13.120000000000005,2024
Japorã,MS,18.91,44.21,25.3,2024
Campo Belo do Sul,SC,47.83,53.29,5.460000000000001,2024
Ourolândia,BA,29.85,34.04,4.189999999999998,2024
Entre Rios do Sul,RS,79.55,60.0,-19.549999999999997,2024
Nova Belém,MG,54.93,48.0,-6.93,2024
Manoel Vitorino,BA,45.86,41.67,-4.189999999999998,2024
São José do Ouro,RS,65.42,40.0,-25.42,2024
Bodó,RN,67.45,60.0,-7.450000000000003,2024
Amparo de São Francisco,SE,47.31,50.0,2.6899999999999977,2024
Barra Funda,RS,70.55,50.0,-20.549999999999997,2024
Canelinha,SC,62.71,40.0,-22.71,2024
Formigueiro,RS,80.0,40.0,-40.0,2024
Unistalda,RS,62.33,80.0,17.67,2024
Itacuruba,PE,67.28,48.57,-18.71,2024
Itapipoca,CE,80.0,30.0,-50.0,2024
São João do Sabugi,RN,54.48,40.0,-14.479999999999997,2024
Pinhão,SE,22.98,40.26,17.279999999999998,2024
Japorã,MS,18.91,41.76,22.849999999999998,2024
Mar de Espanha,MG,59.0,49.4,-9.600000000000001,2024
Jaú do Tocantins,TO,64.21,62.32,-1.8899999999999935,2024
Vista Serrana,PB,49.87,58.31,8.440000000000005,2024
Esteio,RS,66.11,34.7,-31.409999999999997,2024
Janduís,RN,30.69,37.23,6.539999999999996,2024
São Domingos do Capim,PA,37.87,32.97,-4.899999999999999,2024
Boquim,SE,29.96,33.02,3.0600000000000023,2024
Condado,PB,60.18,46.13,-14.049999999999997,2024
Muçum,RS,55.68,47.3,-8.380000000000003,2024
Maçambará,RS,69.08,42.4,-26.68,2024
José Boiteux,SC,43.68,21.16,-22.52,2024
Nova Rosalândia,TO,39.14,55.38,16.240000000000002,2024
Unistalda,RS,62.33,55.6,-6.729999999999997,2024
Urupema,SC,80.0,33.19,-46.81,2024
Iguape,SP,60.97,71.43,10.460000000000008,2024
Rodelas,BA,30.48,50.0,19.52,2024
Silveira Martins,RS,68.83,35.7,-33.129999999999995,2024
Ipueiras,TO,34.46,21.43,-13.030000000000001,2024
Canhoba,SE,51.04,64.29,13.250000000000007,2024
São Roberto,MA,53.44,35.69,-17.75,2024
Pedra Mole,SE,52.91,47.76,-5.149999999999999,2024
Nova Palma,RS,80.0,35.9,-44.1,2024
Santa Rosa de Lima,SE,32.22,26.74,-5.48,2024
Boquim,SE,29.96,34.91,4.949999999999996,2024
Santo Expedito do Sul,RS,80.0,66.7,-13.299999999999997,2024
Vista Alegre,RS,80.0,33.3,-46.7,2024
Ielmo Marinho,RN,47.4,33.33,-14.07,2024
Unistalda,RS,62.33,38.1,-24.229999999999997,2024
Rafael Fernandes,RN,59.65,33.33,-26.32,2024
Cerrito,RS,75.82,39.8,-36.019999999999996,2024
Senador José Porfírio,PA,40.12,35.9,-4.219999999999999,2024
Itaúna do Sul,PR,77.77,40.32,-37.449999999999996,2024
Santa Cecília do Sul,RS,75.76,40.9,-34.86000000000001,2024
Fortaleza dos Valos,RS,80.0,68.2,-11.799999999999997,2024
Santa Filomena do Maranhão,MA,43.08,40.91,-2.1700000000000017,2024
Santo Antônio das Missões,RS,74.48,59.1,-15.380000000000003,2024
Dois Irmãos do Buriti,MS,44.63,39.87,-4.760000000000005,2024
Jaboticaba,RS,80.0,40.0,-40.0,2024
Santo Antônio do Palma,RS,73.44,34.6,-38.839999999999996,2024
Sertão Santana,RS,75.57,46.2,-29.36999999999999,2024
Erebango,RS,74.36,38.5,-35.86,2024
Morro Reuter,RS,56.24,76.9,20.660000000000004,2024
Barros Cassal,RS,55.82,46.9,-8.920000000000002,2024
Santana do Matos,RN,28.87,51.92,23.05,2024
Jandaíra,RN,37.5,23.53,-13.969999999999999,2024
Várzea do Poço,BA,50.5,43.64,-6.859999999999999,2024
Mirador,PR,71.89,56.0,-15.89,2024
Campo Grande,AL,56.21,37.4,-18.810000000000002,2024
Prado,BA,41.65,50.0,8.350000000000001,2024
Treviso,SC,70.42,56.3,-14.120000000000005,2024
Rio do Antônio,BA,65.42,43.82,-21.6,2024
Augusto Pestana,RS,80.0,46.0,-34.0,2024
Arantina,MG,75.76,57.09,-18.67,2024
Ortigueira,PR,65.49,33.33,-32.16,2024
Coqueiros do Sul,RS,80.0,41.7,-38.3,2024
Caxambu,MG,76.93,54.17,-22.760000000000005,2024
Barra de São Francisco,ES,78.66,75.0,-3.6599999999999966,2024
Recreio,MG,73.4,41.67,-31.730000000000004,2024
Mata Verde,MG,59.04,58.33,-0.7100000000000009,2024
Miravânia,MG,46.9,37.5,-9.399999999999999,2024
Muçum,RS,55.68,53.6,-2.0799999999999983,2024
Bonito de Minas,MG,66.87,44.78,-22.090000000000003,2024
Sede Nova,RS,80.0,36.1,-43.9,2024
Maria Helena,PR,67.2,49.96,-17.240000000000002,2024
Tamboara,PR,52.89,46.83,-6.060000000000002,2024
Nova Itaberaba,SC,69.44,71.17,1.730000000000004,2024
Quatipuru,PA,53.99,47.3,-6.690000000000005,2024
Juruá,AM,46.8,44.2,-2.5999999999999943,2024
Miraselva,PR,77.49,51.38,-26.109999999999992,2024
Ferreira Gomes,AP,74.45,36.36,-38.09,2024
Inhapi,AL,67.49,27.27,-40.22,2024
Mata,RS,67.91,54.6,-13.309999999999995,2024
São Pedro do Butiá,RS,80.0,63.6,-16.4,2024
Santa Maria do Salto,MG,52.64,36.36,-16.28,2024
Muitos Capões,RS,70.55,54.8,-15.75,2024
Morro Redondo,RS,74.06,55.6,-18.46,2024
Simão Pereira,MG,14.14,48.25,34.11,2024
Barão,RS,80.0,53.5,-26.5,2024
Irani,SC,74.83,43.13,-31.699999999999996,2024
Descanso,SC,80.0,28.57,-51.43,2024
Lagoão,RS,80.0,42.9,-37.1,2024
Janduís,RN,30.69,35.71,5.02,2024
Condor,RS,80.0,85.7,5.700000000000003,2024
Bonito de Minas,MG,66.87,49.15,-17.720000000000006,2024
Urupema,SC,80.0,36.34,-43.66,2024
Juripiranga,PB,55.28,41.18,-14.100000000000001,2024
Chapada,RS,76.02,47.5,-28.519999999999996,2024
Pau D'Arco do Piauí,PI,80.0,51.85,-28.15,2024
Paim Filho,RS,79.11,53.1,-26.009999999999998,2024
Roque Gonzales,RS,76.36,60.0,-16.36,2024
Caseiros,RS,80.0,40.0,-40.0,2024
Carmo do Paranaíba,MG,71.94,90.0,18.060000000000002,2024
Angico,TO,46.41,59.12,12.71,2024
Padre Paraíso,MG,54.04,48.96,-5.079999999999998,2024
Amapá do Maranhão,MA,30.17,43.0,12.829999999999998,2024
Itinga,MG,56.85,50.73,-6.1200000000000045,2024
Palestina do Pará,PA,40.66,44.75,4.090000000000003,2024
São Martinho,SC,69.93,43.48,-26.45000000000001,2024
Ilhéus,BA,39.22,43.48,4.259999999999998,2024
Rio Bonito do Iguaçu,PR,80.0,55.72,-24.28,2024
Comendador Gomes,MG,42.41,74.3,31.89,2024
São Valério do Sul,RS,72.78,46.2,-26.58,2024
Barra Funda,RS,70.55,52.2,-18.349999999999994,2024
São Miguel do Aleixo,SE,45.06,46.34,1.2800000000000011,2024
Sagrada Família,RS,78.98,43.8,-35.18000000000001,2024
Nova Aliança do Ivaí,PR,44.57,43.75,-0.8200000000000003,2024
São Félix de Balsas,MA,49.59,44.69,-4.900000000000006,2024
Pau D'Arco,PA,55.49,48.91,-6.580000000000005,2024
Novo Tiradentes,RS,72.78,47.4,-25.380000000000003,2024
Salinas,MG,74.1,78.95,4.8500000000000085,2024
Piraquê,TO,33.29,54.55,21.259999999999998,2024
Boquim,SE,29.96,50.0,20.04,2024
Nilo Peçanha,BA,42.73,50.52,7.790000000000006,2024
Cachoeirinha,TO,34.72,64.0,29.28,2024
Marques de Souza,RS,76.49,47.8,-28.689999999999998,2024
Riqueza,SC,80.0,72.07,-7.930000000000007,2024
Penedo,AL,47.02,59.12,12.099999999999994,2024
Boa Vista do Ramos,AM,33.37,67.74,34.37,2024
Cambará do Sul,RS,63.31,54.2,-9.11,2024
Terra Alta,PA,48.0,49.88,1.8800000000000026,2024
Uirapuru,GO,45.24,66.67,21.43,2024
Ourém,PA,53.68,38.89,-14.79,2024
Cândido Godói,RS,76.2,72.2,-4.0,2024
Tuparendi,RS,80.0,55.6,-24.4,2024
Capanema,PA,64.97,53.57,-11.399999999999999,2024
Ibiaçá,RS,71.87,55.6,-16.270000000000003,2024
Boa Vista do Buricá,RS,80.0,40.0,-40.0,2024
Carlos Gomes,RS,58.77,50.0,-8.770000000000003,2024
Três Palmeiras,RS,80.0,77.8,-2.200000000000003,2024
Itatiaiuçu,MG,73.57,66.67,-6.8999999999999915,2024
Cachoeira do Arari,PA,56.72,60.0,3.280000000000001,2024
Guaporema,PR,80.0,66.67,-13.329999999999998,2024
Cumbe,SE,49.89,54.53,4.640000000000001,2024
Borda da Mata,MG,67.91,76.61,8.700000000000003,2024
Gameleiras,MG,47.75,69.63,21.879999999999995,2024
Cuparaque,MG,80.0,69.0,-11.0,2024
Igarapé-Açu,PA,39.7,70.69,30.989999999999995,2024
Ciríaco,RS,80.0,82.4,2.4000000000000057,2024
Piedade de Ponte Nova,MG,41.95,80.01,38.06,2024
Palmeira,SC,69.23,57.22,-12.010000000000005,2024
Morrinhos do Sul,RS,80.0,50.0,-30.0,2024
Vicentina,MS,67.77,57.14,-10.629999999999995,2024
Pimenteiras do Oeste,RO,58.95,57.63,-1.3200000000000003,2024
Fortaleza dos Valos,RS,80.0,72.7,-7.299999999999997,2024
Bom Jardim,MA,80.0,36.36,-43.64,2024
Anastácio,MS,34.56,54.55,19.989999999999995,2024
Benevides,PA,63.8,63.64,-0.1599999999999966,2024
Rancho Queimado,SC,73.86,81.82,7.959999999999994,2024
Kaloré,PR,80.0,77.98,-2.019999999999996,2024
Quartel Geral,MG,48.47,63.55,15.079999999999998,2024
Santa Maria do Salto,MG,52.64,52.89,0.25,2024
Chalé,MG,80.0,70.09,-9.909999999999997,2024
Castanheiras,RO,71.71,65.42,-6.289999999999992,2024
Morrinhos do Sul,RS,80.0,64.4,-15.599999999999994,2024
Muitos Capões,RS,70.55,79.0,8.450000000000003,2024
Augusto Pestana,RS,80.0,63.2,-16.799999999999997,2024
Caldazinha,GO,73.27,60.87,-12.399999999999999,2024
Victor Graeff,RS,80.0,56.3,-23.700000000000003,2024
Itaú,RN,57.42,50.0,-7.420000000000002,2024
Morrinhos do Sul,RS,80.0,75.0,-5.0,2024
São Thomé das Letras,MG,80.0,100.0,20.0,2024
Santa Rita de Minas,MG,64.4,58.94,-5.460000000000008,2024
Barra Funda,RS,70.55,53.9,-16.65,2024
São José das Missões,RS,78.67,60.4,-18.270000000000003,2024
Barra Bonita,SC,54.93,66.67,11.740000000000002,2024
Senhora do Porto,MG,52.0,56.52,4.520000000000003,2024
Jutaí,AM,43.26,59.85,16.590000000000003,2024
Cambará do Sul,RS,63.31,50.0,-13.310000000000002,2024
Vespasiano Correa,RS,80.0,46.7,-33.3,2024
Itamarati,AM,72.11,86.67,14.560000000000002,2024
São João da Mata,MG,78.4,72.0,-6.400000000000006,2024
Conceição da Barra,ES,74.67,60.0,-14.670000000000002,2024
Setubinha,MG,53.85,60.0,6.149999999999999,2024
Piraúba,MG,75.54,60.0,-15.540000000000006,2024
Carvalhos,MG,80.0,72.5,-7.5,2024
Santa Maria do Salto,MG,52.64,60.65,8.009999999999998,2024
Itapemirim,ES,64.07,73.75,9.680000000000007,2024
Pedro Osório,RS,69.69,58.8,-10.89,2024
Joaquim Felício,MG,56.95,71.38,14.429999999999993,2024
Ribeira,SP,65.71,53.85,-11.859999999999992,2024
Ibituruna,MG,63.8,83.33,19.53,2024
Ribeirópolis,SE,40.54,59.52,18.980000000000004,2024
Itaguaçu,ES,74.88,78.57,3.6899999999999977,2024
Formoso,MG,64.21,100.0,35.790000000000006,2024
Vargem Bonita,SC,66.82,87.5,20.680000000000007,2024
Catuji,MG,42.58,72.0,29.42,2024
São José do Cerrito,SC,77.0,65.03,-11.969999999999999,2024
Rancho Alegre D'Oeste,PR,78.33,56.92,-21.409999999999997,2024
Monte Azul,MG,80.0,66.67,-13.329999999999998,2024
Jaboticaba,RS,80.0,72.7,-7.299999999999997,2024
Áurea,RS,80.0,81.8,1.7999999999999972,2024
Guajará-Mirim,RO,47.82,66.03,18.21,2024
Faria Lemos,MG,21.31,69.23,47.92,2024
Bom Sucesso do Sul,PR,80.0,71.33,-8.670000000000002,2024
Colorado,RS,66.33,82.4,16.070000000000007,2024
Quedas do Iguaçu,PR,73.0,54.17,-18.83,2024
Novo Horizonte do Sul,MS,52.69,78.44,25.75,2024
São Gabriel do Oeste,MS,56.9,66.67,9.770000000000003,2024
Bom Progresso,RS,60.19,71.4,11.210000000000008,2024
São Pedro do Paraná,PR,73.2,75.0,1.7999999999999972,2024
Ariranha do Ivaí,PR,76.27,69.82,-6.450000000000003,2024
Serra Redonda,PB,21.09,85.71,64.61999999999999,2024
Gentil,RS,80.0,85.7,5.700000000000003,2024
Fraiburgo,SC,68.73,71.43,2.700000000000003,2024
Passos Maia,SC,54.31,60.0,5.689999999999998,2024
Leópolis,PR,80.0,89.7,9.700000000000003,2024
Palma,MG,34.19,75.61,41.42,2024
Colorado,RS,66.33,85.2,18.870000000000005,2024
Iúna,ES,73.2,100.0,26.799999999999997,2024
Aracitaba,MG,80.0,86.96,6.959999999999994,2024
Fronteira dos Vales,MG,43.82,80.0,36.18,2024
Ubiretama,RS,80.0,55.6,-24.4,2024
Olímpio Noronha,MG,65.19,94.29,29.10000000000001,2024
Angélica,MS,80.0,74.18,-5.819999999999993,2024
Israelândia,GO,80.0,92.59,12.590000000000003,2024
Santa Cecília do Pavão,PR,80.0,80.09,0.09000000000000341,2024
Buriticupu,MA,45.58,100.0,54.42,2024
Colorado,RS,66.33,90.0,23.67,2024
Monte Formoso,MG,54.82,82.61,27.79,2024
Reduto,MG,45.77,100.0,54.23,2024
Altamira do Maranhão,MA,80.0,73.02,-6.980000000000004,2024
Poço Redondo,SE,23.75,26.61,2.8599999999999994,2024
Piranhas,AL,31.96,25.08,-6.880000000000003,2024
Curaçá,BA,36.77,22.94,-13.830000000000002,2024
Garrafão do Norte,PA,44.45,32.89,-11.560000000000002,2024
Catende,PE,50.3,21.83,-28.47,2024
Augusto Corrêa,PA,44.99,43.99,-1.0,2024
Santa Bárbara do Pará,PA,44.15,46.35,2.200000000000003,2024
Itiúba,BA,34.97,21.05,-13.919999999999998,2024
Itambé,BA,29.39,26.98,-2.41,2024
Santa Maria da Vitória,BA,39.29,26.29,-13.0,2024
Barra,BA,34.04,28.48,-5.559999999999999,2024
São João de Pirabas,PA,36.94,40.76,3.8200000000000003,2024
Guajará-Mirim,RO,47.82,45.65,-2.1700000000000017,2024
São Benedito do Rio Preto,MA,52.21,38.29,-13.920000000000002,2024
Cachoeira do Arari,PA,56.72,35.33,-21.39,2024
Uarini,AM,19.75,18.08,-1.6700000000000017,2024
Guajará-Mirim,RO,47.82,43.07,-4.75,2024
Cachoeira do Arari,PA,56.72,33.12,-23.6,2024
Santa Maria das Barreiras,PA,58.01,42.45,-15.559999999999995,2024
Cerro Azul,PR,58.95,49.89,-9.060000000000002,2024
Cardoso Moreira,RJ,38.93,34.97,-3.960000000000001,2024
Queimadas,BA,34.54,30.32,-4.219999999999999,2024
Teofilândia,BA,35.23,29.57,-5.659999999999997,2024
Faro,PA,55.82,51.79,-4.030000000000001,2024
Viseu,PA,41.1,38.21,-2.8900000000000006,2024
Juruá,AM,46.8,47.46,0.6600000000000037,2024
Maracanã,PA,69.99,47.51,-22.479999999999997,2024
Esplanada,BA,26.95,23.96,-2.9899999999999984,2024
São Francisco do Conde,BA,37.11,25.66,-11.45,2024
Jucati,PE,49.83,68.81,18.980000000000004,2024
Barcelos,AM,53.75,38.21,-15.54,2024
Rodelas,BA,30.48,28.4,-2.080000000000002,2024
Ribeira do Amparo,BA,35.87,33.95,-1.9199999999999946,2024
Japeri,RJ,45.46,36.88,-8.579999999999998,2024
Mangaratiba,RJ,52.84,40.95,-11.89,2024
Ourém,PA,53.68,53.67,-0.00999999999999801,2024
Moju,PA,39.09,34.29,-4.800000000000004,2024
Itabela,BA,38.14,24.92,-13.219999999999999,2024
Jacundá,PA,46.69,37.87,-8.82,2024
Mirinzal,MA,80.0,69.37,-10.629999999999995,2024
Ubaitaba,BA,36.89,31.13,-5.760000000000002,2024
Caldeirão Grande,BA,28.45,28.19,-0.259999999999998,2024
Maracaçumé,MA,61.61,41.67,-19.939999999999998,2024
Rodelas,BA,30.48,26.35,-4.129999999999999,2024
Primavera,PA,54.05,49.94,-4.109999999999999,2024
Conceição da Feira,BA,38.68,27.46,-11.219999999999999,2024
Sento Sé,BA,33.62,24.24,-9.379999999999999,2024
Brejo Grande,SE,34.46,34.6,0.14000000000000057,2024
Mesquita,RJ,44.32,35.09,-9.229999999999997,2024
Santo Amaro do Maranhão,MA,40.2,39.84,-0.35999999999999943,2024
Buerarema,BA,31.49,28.57,-2.919999999999998,2024
Novo Lino,AL,34.56,39.85,5.289999999999999,2024
Bela Vista do Paraíso,PR,64.18,54.88,-9.300000000000004,2024
Alenquer,PA,43.05,35.0,-8.049999999999997,2024
São Gabriel da Cachoeira,AM,43.12,41.25,-1.8699999999999974,2024
Ourém,PA,53.68,56.24,2.5600000000000023,2024
São Vicente Ferrer,PE,53.76,42.6,-11.159999999999997,2024
Santa Bárbara,BA,28.15,31.58,3.4299999999999997,2024
Alenquer,PA,43.05,34.75,-8.299999999999997,2024
Palmital,PR,75.15,69.5,-5.650000000000006,2024
Iaçu,BA,30.13,28.52,-1.6099999999999994,2024
Souto Soares,BA,32.71,31.82,-0.8900000000000006,2024
Pilão Arcado,BA,31.12,22.51,-8.61,2024
Santo Antônio do Içá,AM,63.05,37.94,-25.11,2024
Curralinho,PA,32.28,24.03,-8.25,2024
Ponte Nova,MG,57.17,71.59,14.420000000000002,2024
Buerarema,BA,31.49,29.37,-2.1199999999999974,2024
Campo do Brito,SE,45.54,34.96,-10.579999999999998,2024
Francisco Sá,MG,47.71,35.05,-12.660000000000004,2024
Amapá,AP,38.23,19.3,-18.929999999999996,2024
São João de Meriti,RJ,44.12,35.97,-8.149999999999999,2024
Jussara,BA,30.4,43.44,13.04,2024
Santa Luzia do Itanhy,SE,33.12,22.15,-10.969999999999999,2024
Barro Alto,BA,31.51,29.75,-1.7600000000000016,2024
São Sebastião do Uatumã,AM,56.43,44.12,-12.310000000000002,2024
Juruá,AM,46.8,49.17,2.3700000000000045,2024
Campo Florido,MG,76.57,52.14,-24.429999999999993,2024
Porto da Folha,SE,30.74,16.85,-13.889999999999997,2024
Pacatuba,SE,23.74,28.56,4.82,2024
Formosa do Rio Preto,BA,26.73,28.21,1.4800000000000004,2024
Porto de Pedras,AL,37.21,27.47,-9.740000000000002,2024
Fátima,BA,48.48,49.57,1.0900000000000034,2024
Novo Aripuanã,AM,80.0,50.99,-29.009999999999998,2024
Aporá,BA,24.7,16.52,-8.18,2024
Utinga,BA,40.69,33.04,-7.649999999999999,2024
Amapá,AP,38.23,19.03,-19.199999999999996,2024
Florestópolis,PR,66.94,63.48,-3.460000000000001,2024
Arauá,SE,38.07,28.6,-9.469999999999999,2024
Itarantim,BA,44.64,41.07,-3.5700000000000003,2024
Mairi,BA,46.99,23.42,-23.57,2024
Gravatá,PE,48.26,43.1,-5.159999999999997,2024
Tomé-Açu,PA,53.23,49.49,-3.739999999999995,2024
Porto da Folha,SE,30.74,16.87,-13.869999999999997,2024
Catanduvas,PR,68.32,56.16,-12.159999999999997,2024
Andorinha,BA,39.88,28.44,-11.440000000000001,2024
Coari,AM,45.17,32.72,-12.450000000000003,2024
Ribeirópolis,SE,40.54,42.2,1.6600000000000037,2024
Nova Iguaçu,RJ,40.13,33.42,-6.710000000000001,2024
Piaçabuçu,AL,38.74,42.39,3.6499999999999986,2024
Laranjeiras,SE,23.05,27.35,4.300000000000001,2024
Itaparica,BA,44.71,28.57,-16.14,2024
Chorrochó,BA,41.36,36.19,-5.170000000000002,2024
Cotegipe,BA,46.95,41.9,-5.050000000000004,2024
Nova Olinda do Norte,AM,56.11,48.02,-8.089999999999996,2024
Itororó,BA,52.72,28.85,-23.869999999999997,2024
São João do Araguaia,PA,40.49,35.42,-5.07,2024
Condado,PE,51.14,43.24,-7.899999999999999,2024
Conceição do Araguaia,PA,45.08,50.76,5.68,2024
Maraã,AM,28.09,48.41,20.319999999999997,2024
Ibirapitanga,BA,38.26,22.06,-16.2,2024
Tupanciretã,RS,73.19,44.4,-28.79,2024
Itacoatiara,AM,51.78,42.66,-9.120000000000005,2024
Bragança,PA,48.67,37.0,-11.670000000000002,2024
Campo do Brito,SE,45.54,41.74,-3.799999999999997,2024
Ibititá,BA,33.31,28.0,-5.310000000000002,2024
Boquira,BA,45.8,32.0,-13.799999999999997,2024
Pantano Grande,RS,73.69,25.7,-47.989999999999995,2024
Nova Mamoré,RO,65.81,45.3,-20.510000000000005,2024
Parintins,AM,56.53,51.36,-5.170000000000002,2024
Bodocó,PE,50.85,47.32,-3.530000000000001,2024
Conceição do Araguaia,PA,45.08,50.69,5.609999999999999,2024
Viamão,RS,62.36,24.2,-38.16,2024
Santo Antônio do Içá,AM,63.05,40.84,-22.209999999999994,2024
Tonantins,AM,51.45,30.02,-21.430000000000003,2024
Itaguaí,RJ,48.08,41.61,-6.469999999999999,2024
Jeremoabo,BA,34.24,29.53,-4.710000000000001,2024
Vigia,PA,36.87,37.71,0.8400000000000034,2024
Urbano Santos,MA,77.24,38.63,-38.60999999999999,2024
Afuá,PA,37.86,38.18,0.3200000000000003,2024
Pirapemas,MA,80.0,42.38,-37.62,2024
Igarapé-Açu,PA,39.7,45.59,5.890000000000001,2024
Itagibá,BA,43.51,44.21,0.7000000000000028,2024
Nova Olinda do Norte,AM,56.11,37.34,-18.769999999999996,2024
Maraã,AM,28.09,52.0,23.91,2024
Jutaí,AM,43.26,36.92,-6.339999999999996,2024
Barreirinha,AM,36.81,26.28,-10.530000000000001,2024
Riachuelo,RN,47.19,25.65,-21.54,2024
Delmiro Gouveia,AL,38.15,28.13,-10.02,2024
Alvorada do Norte,GO,67.1,64.99,-2.1099999999999994,2024
Apicum-Açu,MA,38.52,39.08,0.5599999999999952,2024
Miguel Calmon,BA,53.06,36.96,-16.1,2024
Boa Vista da Aparecida,PR,73.58,53.35,-20.229999999999997,2024
Perobal,PR,61.32,70.19,8.869999999999997,2024
Canavieiras,BA,36.12,28.68,-7.439999999999998,2024
Nova Olinda do Norte,AM,56.11,32.8,-23.310000000000002,2024
Colares,PA,58.64,37.22,-21.42,2024
Aquidabã,SE,28.59,20.53,-8.059999999999999,2024
Morpará,BA,38.78,28.89,-9.89,2024
Caraíbas,BA,52.02,35.56,-16.46,2024
Amaturá,AM,65.52,64.58,-0.9399999999999977,2024
Bonfim do Piauí,PI,55.47,35.96,-19.509999999999998,2024
Barro Preto,BA,45.64,24.72,-20.92,2024
Rio Real,BA,47.13,33.21,-13.920000000000002,2024
Cristinápolis,SE,31.96,34.73,2.769999999999996,2024
Centro Novo do Maranhão,MA,46.3,36.86,-9.439999999999998,2024
Belford Roxo,RJ,41.51,38.9,-2.6099999999999994,2024
Ribeirópolis,SE,40.54,38.48,-2.0600000000000023,2024
Rondon,PR,70.28,41.63,-28.65,2024
Igarapé-Miri,PA,43.33,41.34,-1.9899999999999949,2024
Sidrolândia,MS,42.85,39.84,-3.009999999999998,2024
Guajará,AM,64.85,54.66,-10.189999999999998,2024
Baixa Grande,BA,42.94,36.78,-6.159999999999997,2024
Baião,PA,34.71,38.16,3.4499999999999957,2024
Moita Bonita,SE,49.05,58.01,8.96,2024
Ponta de Pedras,PA,45.11,57.13,12.020000000000003,2024
Maiquinique,BA,36.93,32.56,-4.369999999999997,2024
Novo Aripuanã,AM,80.0,53.12,-26.880000000000003,2024
Nhamundá,AM,67.18,57.1,-10.080000000000005,2024
Conceição de Macabu,RJ,54.71,56.17,1.4600000000000009,2024
Maraã,AM,28.09,56.47,28.38,2024
Santana do São Francisco,SE,36.03,22.21,-13.82,2024
Taquari,RS,54.6,31.0,-23.6,2024
Pinheiro Machado,RS,69.19,45.7,-23.489999999999995,2024
Canarana,BA,36.34,33.73,-2.6100000000000065,2024
Frei Paulo,SE,26.27,37.21,10.940000000000001,2024
Itaporanga d'Ajuda,SE,31.53,39.49,7.960000000000001,2024
Melgaço,PA,44.48,28.64,-15.839999999999996,2024
Nossa Senhora do Socorro,SE,26.93,30.11,3.1799999999999997,2024
Ibicuí,BA,62.43,50.0,-12.43,2024
Uibaí,BA,40.0,27.71,-12.29,2024
Taquari,RS,54.6,25.6,-29.0,2024
Aracatu,BA,47.99,28.92,-19.07,2024
São Félix,BA,39.05,31.33,-7.719999999999999,2024
Araci,BA,27.37,24.47,-2.900000000000002,2024
Passo de Camaragibe,AL,48.06,32.59,-15.469999999999999,2024
Feira Nova,SE,36.69,26.0,-10.689999999999998,2024
Mocajuba,PA,38.95,37.29,-1.6600000000000037,2024
Poço das Trincheiras,AL,40.27,48.87,8.599999999999994,2024
Saúde,BA,21.63,20.73,-0.8999999999999986,2024
Muaná,PA,42.83,33.63,-9.199999999999996,2024
Escada,PE,58.74,30.48,-28.26,2024
São Geraldo do Araguaia,PA,51.94,52.06,0.12000000000000455,2024
Senhor do Bonfim,BA,27.01,24.02,-2.990000000000002,2024
São Fidélis,RJ,46.08,48.7,2.6200000000000045,2024
Senador Amaral,MG,71.75,55.11,-16.64,2024
Estância,SE,40.81,29.77,-11.040000000000003,2024
Japaratuba,SE,48.16,58.28,10.120000000000005,2024
Barcelos,AM,53.75,45.31,-8.439999999999998,2024
Barreirinha,AM,36.81,25.0,-11.810000000000002,2024
Dom Feliciano,RS,63.01,35.0,-28.009999999999998,2024
Queimados,RJ,44.56,37.63,-6.93,2024
Magé,RJ,51.74,46.66,-5.080000000000005,2024
Arinos,MG,50.89,50.99,0.10000000000000142,2024
Engenheiro Paulo de Frontin,RJ,65.8,55.56,-10.239999999999995,2024
Oriximiná,PA,41.32,30.61,-10.71,2024
Nossa Senhora do Socorro,SE,26.93,29.82,2.8900000000000006,2024
Igarapé-Açu,PA,39.7,40.43,0.7299999999999969,2024
Cachoeira do Sul,RS,61.21,40.6,-20.61,2024
General Carneiro,PR,79.19,55.52,-23.669999999999995,2024
Taquari,RS,54.6,13.2,-41.400000000000006,2024
Aramari,BA,28.9,17.95,-10.95,2024
Canudos,BA,25.86,30.13,4.27,2024
Nossa Senhora do Socorro,SE,26.93,29.8,2.870000000000001,2024
São Miguel do Oeste,SC,70.46,38.91,-31.549999999999997,2024
Estância,SE,40.81,31.09,-9.720000000000002,2024
Mirante,BA,56.77,46.15,-10.620000000000005,2024
Riacho das Almas,PE,66.6,68.11,1.5100000000000051,2024
Paratinga,BA,28.27,24.46,-3.8099999999999987,2024
Itabuna,BA,38.61,29.75,-8.86,2024
Careiro da Várzea,AM,44.52,32.97,-11.550000000000004,2024
Coronel Domingos Soares,PR,78.53,62.47,-16.060000000000002,2024
Wenceslau Guimarães,BA,44.82,31.17,-13.649999999999999,2024
Itapetinga,BA,45.94,32.22,-13.719999999999999,2024
Riachuelo,RN,47.19,27.78,-19.409999999999997,2024
Anajás,PA,34.01,33.83,-0.17999999999999972,2024
Mendes,RJ,61.95,56.89,-5.060000000000002,2024
Barra de Santo Antônio,AL,37.63,32.98,-4.650000000000006,2024
Ministro Andreazza,RO,73.67,69.17,-4.5,2024
Rio de Janeiro,RJ,60.14,84.73,24.590000000000003,2024
Santa Teresinha,BA,33.84,27.63,-6.210000000000004,2024
Maués,AM,57.61,45.97,-11.64,2024
Propriá,SE,26.71,29.59,2.879999999999999,2024
Japaratinga,AL,30.27,27.69,-2.5799999999999983,2024
Pauini,AM,45.33,48.43,3.1000000000000014,2024
Buenópolis,MG,80.0,75.91,-4.090000000000003,2024
Barreirinha,AM,36.81,24.4,-12.410000000000004,2024
Rio do Fogo,RN,21.44,31.56,10.119999999999997,2024
Jutaí,AM,43.26,30.91,-12.349999999999998,2024
Ibirapuã,BA,63.71,37.84,-25.869999999999997,2024
Abaetetuba,PA,46.03,35.85,-10.18,2024
Goianésia do Pará,PA,51.56,42.29,-9.270000000000003,2024
Querência do Norte,PR,50.89,50.32,-0.5700000000000003,2024
Itaiópolis,SC,67.88,57.23,-10.649999999999999,2024
Governador Nunes Freire,MA,76.8,60.92,-15.879999999999995,2024
Cametá,PA,46.63,39.08,-7.550000000000004,2024
Forquilhinha,SC,62.24,59.08,-3.1600000000000037,2024
Sítio do Quinto,BA,49.83,42.47,-7.359999999999999,2024
Tufilândia,MA,41.57,36.17,-5.399999999999999,2024
São Joaquim,SC,41.26,45.18,3.9200000000000017,2024
Campos dos Goytacazes,RJ,45.1,38.33,-6.770000000000003,2024
Duque de Caxias,RJ,52.5,45.37,-7.130000000000003,2024
Nova Fátima,PR,80.0,79.65,-0.3499999999999943,2024
Serrolândia,BA,39.77,25.69,-14.080000000000002,2024
Teodoro Sampaio,BA,47.18,30.56,-16.62,2024
Cristópolis,BA,50.23,43.75,-6.479999999999997,2024
Itabaiana,SE,33.84,41.79,7.949999999999996,2024
Matipó,MG,80.0,65.0,-15.0,2024
Casa Nova,BA,19.44,20.93,1.4899999999999984,2024
Rurópolis,PA,61.62,54.76,-6.859999999999999,2024
Cururupu,MA,68.14,66.32,-1.8200000000000074,2024
Ouricuri,PE,42.82,30.78,-12.04,2024
Itapitanga,BA,38.06,36.62,-1.4400000000000048,2024
Nova Olinda,PB,51.47,38.04,-13.43,2024
Santa Luzia do Norte,AL,38.86,38.52,-0.3399999999999963,2024
Capoeiras,PE,55.74,69.34,13.600000000000001,2024
Governador Mangabeira,BA,43.51,29.08,-14.43,2024
Barra dos Coqueiros,SE,29.32,28.1,-1.2199999999999989,2024
Marcionílio Souza,BA,28.29,18.57,-9.719999999999999,2024
Nonoai,RS,48.14,36.2,-11.939999999999998,2024
Boa Vista do Tupim,BA,40.29,32.14,-8.149999999999999,2024
Campos Lindos,TO,22.91,38.52,15.610000000000003,2024
Miranda,MS,33.82,38.78,4.960000000000001,2024
Almeirim,PA,37.74,38.92,1.1799999999999997,2024
Araçuaí,MG,50.02,50.75,0.7299999999999969,2024
Oeiras do Pará,PA,25.53,31.03,5.5,2024
Valença,BA,38.08,31.89,-6.189999999999998,2024
Matões,MA,73.54,34.52,-39.02,2024
Malhador,SE,41.11,36.75,-4.359999999999999,2024
Coari,AM,45.17,40.77,-4.399999999999999,2024
Irituia,PA,50.89,49.64,-1.25,2024
Parauapebas,PA,58.58,49.49,-9.089999999999996,2024
Paraty,RJ,55.55,48.89,-6.659999999999997,2024
São Gabriel da Cachoeira,AM,43.12,50.7,7.580000000000005,2024
Japoatã,SE,33.27,39.3,6.029999999999994,2024
Corguinho,MS,51.21,58.66,7.449999999999996,2024
Bagre,PA,52.12,53.31,1.1900000000000048,2024
Anajatuba,MA,73.92,41.33,-32.59,2024
Filadélfia,BA,25.25,36.76,11.509999999999998,2024
Gongogi,BA,34.92,50.0,15.079999999999998,2024
Matões do Norte,MA,66.46,57.42,-9.039999999999992,2024
Carmo,RJ,49.44,67.98,18.540000000000006,2024
Taipu,RN,43.17,17.68,-25.490000000000002,2024
São Gonçalo dos Campos,BA,43.04,24.63,-18.41,2024
Castro Alves,BA,49.79,30.54,-19.25,2024
Cafarnaum,BA,28.79,30.37,1.5800000000000018,2024
Ipiguá,SP,53.23,43.3,-9.93,2024
Tabatinga,AM,47.62,37.75,-9.869999999999997,2024
Campos dos Goytacazes,RJ,45.1,38.87,-6.230000000000004,2024
Olindina,BA,41.3,21.29,-20.009999999999998,2024
Jandaíra,RN,37.5,28.23,-9.27,2024
Igaci,AL,36.85,24.34,-12.510000000000002,2024
Pau Brasil,BA,50.35,32.84,-17.509999999999998,2024
Barrolândia,TO,62.85,49.74,-13.11,2024
Portelândia,GO,72.99,76.08,3.0900000000000034,2024
Crisólita,MG,57.46,48.66,-8.800000000000004,2024
Araguanã,MA,80.0,91.6,11.599999999999994,2024
Estrela de Alagoas,AL,41.35,36.15,-5.200000000000003,2024
Pacajá,PA,43.87,45.49,1.6200000000000045,2024
Quijingue,BA,44.9,34.85,-10.049999999999997,2024
Neópolis,SE,28.33,25.49,-2.84,2024
Curuçá,PA,37.86,33.48,-4.380000000000003,2024
Nossa Senhora das Dores,SE,39.64,28.39,-11.25,2024
Heliópolis,BA,38.42,36.36,-2.0600000000000023,2024
Iranduba,AM,50.85,34.35,-16.5,2024
Capela do Alto Alegre,BA,42.56,45.45,2.8900000000000006,2024
São João do Itaperiú,SC,59.22,64.01,4.790000000000006,2024
Jaguapitã,PR,76.81,62.26,-14.550000000000004,2024
Santo Antônio,RN,68.69,23.56,-45.129999999999995,2024
Marianópolis do Tocantins,TO,31.37,36.72,5.349999999999998,2024
Ubaíra,BA,52.71,38.93,-13.780000000000001,2024
Iranduba,AM,50.85,36.82,-14.030000000000001,2024
Novo Aripuanã,AM,80.0,55.73,-24.270000000000003,2024
Pedrinhas,SE,21.39,11.52,-9.870000000000001,2024
Santa Rita de Cássia,BA,52.33,32.05,-20.28,2024
Fortaleza do Tabocão,TO,54.03,51.71,-2.3200000000000003,2024
Matrinchã,GO,63.07,52.82,-10.25,2024
Itaboraí,RJ,56.04,50.45,-5.589999999999996,2024
Lagarto,SE,42.31,31.27,-11.040000000000003,2024
Acará,PA,45.4,41.73,-3.6700000000000017,2024
Carauari,AM,52.7,49.19,-3.510000000000005,2024
Maués,AM,57.61,51.72,-5.890000000000001,2024
Cerro Grande do Sul,RS,61.22,41.7,-19.519999999999996,2024
Poconé,MT,38.45,38.36,-0.09000000000000341,2024
Iranduba,AM,50.85,53.71,2.8599999999999994,2024
Fagundes,PB,63.9,41.67,-22.229999999999997,2024
Monção,MA,56.61,36.19,-20.42,2024
Santana do Maranhão,MA,80.0,54.17,-25.83,2024
Eldorado do Carajás,PA,57.37,50.59,-6.779999999999994,2024
Tabocas do Brejo Velho,BA,42.53,43.31,0.7800000000000011,2024
Bacabal,MA,51.22,51.38,0.1600000000000037,2024
Sambaíba,MA,80.0,77.94,-2.0600000000000023,2024
Barra dos Coqueiros,SE,29.32,28.04,-1.2800000000000011,2024
Araguanã,TO,44.23,37.81,-6.419999999999995,2024
Alvarães,AM,46.19,58.47,12.280000000000001,2024
Monte Santo,BA,37.95,27.49,-10.460000000000004,2024
Buriti,MA,50.62,28.95,-21.669999999999998,2024
Muniz Ferreira,BA,51.44,41.27,-10.169999999999995,2024
Campo Alegre de Lourdes,BA,43.29,28.04,-15.25,2024
Rondolândia,MT,36.18,51.28,15.100000000000001,2024
Água Doce do Maranhão,MA,69.35,63.75,-5.599999999999994,2024
Japi,RN,21.97,25.76,3.7900000000000027,2024
Alcobaça,BA,50.94,29.6,-21.339999999999996,2024
Tupanciretã,RS,73.19,42.9,-30.29,2024
Machacalis,MG,64.98,65.94,0.9599999999999937,2024
Presidente Dutra,MA,58.95,45.11,-13.840000000000003,2024
Jacobina,BA,37.79,28.49,-9.3,2024
Pau Brasil,BA,50.35,34.68,-15.670000000000002,2024
São Domingos do Azeitão,MA,29.51,36.83,7.319999999999997,2024
Rio Crespo,RO,80.0,62.81,-17.189999999999998,2024
Tracuateua,PA,53.63,37.16,-16.470000000000006,2024
Seringueiras,RO,65.81,66.06,0.25,2024
Retirolândia,BA,25.46,23.58,-1.8800000000000026,2024
Malta,PB,70.29,48.74,-21.550000000000004,2024
São José do Norte,RS,58.23,38.2,-20.029999999999994,2024
Cajueiro,AL,33.95,33.4,-0.5500000000000043,2024
Ribas do Rio Pardo,MS,41.16,42.87,1.7100000000000009,2024
Francisco Sá,MG,47.71,43.35,-4.359999999999999,2024
Rio Preto da Eva,AM,42.05,46.76,4.710000000000001,2024
Correia Pinto,SC,63.0,56.53,-6.469999999999999,2024
Parnamirim,PE,53.79,58.91,5.119999999999997,2024
Belém do São Francisco,PE,56.25,62.62,6.369999999999997,2024
Serrinha,BA,32.42,19.92,-12.5,2024
Bento Fernandes,RN,21.48,29.29,7.809999999999999,2024
Feliz Deserto,AL,44.08,45.9,1.8200000000000003,2024
Analândia,SP,50.32,68.65,18.330000000000005,2024
São Gonçalo,RJ,51.23,43.71,-7.519999999999996,2024
Teresina de Goiás,GO,60.67,62.3,1.6299999999999955,2024
Pinheiro Machado,RS,69.19,50.2,-18.989999999999995,2024
Brejo da Madre de Deus,PE,57.44,48.73,-8.71,2024
Chalé,MG,80.0,66.0,-14.0,2024
Cordeiros,BA,71.03,52.46,-18.57,2024
Nova Soure,BA,29.32,31.41,2.09,2024
Cordeiro,RJ,62.66,64.16,1.5,2024
Iaciara,GO,66.63,65.45,-1.1799999999999926,2024
Lapão,BA,32.3,25.25,-7.049999999999997,2024
São José do Norte,RS,58.23,41.4,-16.83,2024
Itaara,RS,62.43,38.5,-23.93,2024
Novo Repartimento,PA,59.65,47.88,-11.769999999999996,2024
Salinópolis,PA,49.14,50.44,1.2999999999999972,2024
Tibau do Sul,RN,24.51,24.98,0.46999999999999886,2024
Candiba,BA,52.13,41.67,-10.46,2024
Guatambú,SC,50.17,38.7,-11.469999999999999,2024
São Bento Abade,MG,61.84,76.67,14.829999999999998,2024
Canindé de São Francisco,SE,29.89,26.66,-3.2300000000000004,2024
São Vicente do Sul,RS,77.73,45.7,-32.03,2024
Canelinha,SC,62.71,41.17,-21.54,2024
Mansidão,BA,37.76,37.29,-0.46999999999999886,2024
Calçado,PE,61.11,40.68,-20.43,2024
Uruará,PA,67.88,60.84,-7.039999999999992,2024
Tanguá,RJ,59.49,54.46,-5.030000000000001,2024
Nordestina,BA,38.28,26.14,-12.14,2024
Pendências,RN,47.04,33.3,-13.740000000000002,2024
Codajás,AM,49.49,60.23,10.739999999999995,2024
Manicoré,AM,56.43,57.02,0.5900000000000034,2024
Santa Maria do Oeste,PR,76.81,70.26,-6.549999999999997,2024
Magalhães Barata,PA,58.32,60.05,1.7299999999999969,2024
Ramilândia,PR,80.0,77.23,-2.769999999999996,2024
Tucuruí,PA,43.83,44.7,0.8700000000000045,2024
Estância,SE,40.81,43.1,2.289999999999999,2024
São Francisco do Pará,PA,43.6,37.44,-6.160000000000004,2024
Orocó,PE,51.44,50.86,-0.5799999999999983,2024
Ibotirama,BA,48.37,32.87,-15.5,2024
Miraguaí,RS,79.13,46.8,-32.33,2024
Pantano Grande,RS,73.69,29.0,-44.69,2024
Vera Cruz,BA,45.5,38.27,-7.229999999999997,2024
Breu Branco,PA,38.27,50.55,12.279999999999994,2024
Alvorada D'Oeste,RO,36.33,65.35,29.019999999999996,2024
Cardeal da Silva,BA,33.87,33.04,-0.8299999999999983,2024
São Joaquim,SC,41.26,43.8,2.539999999999999,2024
São José do Norte,RS,58.23,51.2,-7.029999999999994,2024
Aiquara,BA,36.39,26.32,-10.07,2024
Aliança,PE,59.27,39.22,-20.050000000000004,2024
Jussari,BA,42.54,31.58,-10.96,2024
Cairu,BA,43.5,32.87,-10.630000000000003,2024
Poço Verde,SE,37.82,40.54,2.719999999999999,2024
Lobato,PR,64.86,54.92,-9.939999999999998,2024
Barra do Piraí,RJ,50.89,48.01,-2.8800000000000026,2024
Monte Carlo,SC,66.43,52.67,-13.760000000000005,2024
Ribamar Fiquene,MA,58.51,50.14,-8.369999999999997,2024
Tomar do Geru,SE,48.79,40.43,-8.36,2024
Vila Bela da Santíssima Trindade,MT,52.17,34.61,-17.560000000000002,2024
Chã Preta,AL,49.65,51.71,2.0600000000000023,2024
Vera Cruz,RS,68.66,41.9,-26.759999999999998,2024
Santa Luzia do Pará,PA,60.36,39.77,-20.589999999999996,2024
Caravelas,BA,47.08,49.78,2.700000000000003,2024
Presidente Sarney,MA,65.63,39.6,-26.029999999999994,2024
Guatapará,SP,67.08,33.82,-33.26,2024
Prado,BA,41.65,32.74,-8.909999999999997,2024
São Sebastião da Boa Vista,PA,53.3,47.41,-5.890000000000001,2024
Feira Nova do Maranhão,MA,80.0,65.38,-14.620000000000005,2024
Oiapoque,AP,33.3,21.03,-12.269999999999996,2024
Juazeiro,BA,38.21,29.31,-8.900000000000002,2024
Coronel João Sá,BA,35.85,36.04,0.18999999999999773,2024
Caseara,TO,23.89,31.53,7.640000000000001,2024
Pindobaçu,BA,41.0,39.19,-1.8100000000000023,2024
Douradina,PR,55.19,68.96,13.769999999999996,2024
Cansanção,BA,36.8,23.19,-13.609999999999996,2024
Ipixuna do Pará,PA,46.0,42.95,-3.049999999999997,2024
Moreno,PE,57.79,43.93,-13.86,2024
Três Barras,SC,54.77,47.98,-6.790000000000006,2024
Apuí,AM,60.64,49.25,-11.39,2024
Santana do Itararé,PR,78.52,54.43,-24.089999999999996,2024
Serra do Ramalho,BA,42.83,26.65,-16.18,2024
Pirambu,SE,33.03,37.68,4.649999999999999,2024
Igrapiúna,BA,37.38,43.64,6.259999999999998,2024
Cravolândia,BA,61.09,34.55,-26.540000000000006,2024
Cachoeiras de Macacu,RJ,55.43,49.28,-6.149999999999999,2024
Sucupira do Norte,MA,54.91,60.0,5.090000000000003,2024
Itacaré,BA,39.28,31.19,-8.09,2024
Angical,BA,44.53,28.44,-16.09,2024
Ponta Porã,MS,61.45,39.22,-22.230000000000004,2024
Italva,RJ,58.72,61.79,3.0700000000000003,2024
Gonçalves Dias,MA,50.85,66.96,16.109999999999992,2024
Nossa Senhora das Dores,SE,39.64,28.34,-11.3,2024
São Francisco de Assis,RS,61.82,45.6,-16.22,2024
Nova Timboteua,PA,55.21,51.68,-3.530000000000001,2024
Prado Ferreira,PR,77.14,73.85,-3.2900000000000063,2024
São Paulo de Olivença,AM,40.03,32.06,-7.969999999999999,2024
Erval Velho,SC,60.39,58.15,-2.240000000000002,2024
Tabatinga,AM,47.62,40.36,-7.259999999999998,2024
Sete Quedas,MS,58.52,53.09,-5.43,2024
Paraopeba,MG,53.95,75.74,21.789999999999992,2024
Camutanga,PE,60.07,66.81,6.740000000000002,2024
Massaranduba,PB,50.02,40.69,-9.330000000000005,2024
Cariri do Tocantins,TO,22.48,52.01,29.529999999999998,2024
Chapadinha,MA,52.46,41.58,-10.880000000000003,2024
Alto Paraíso,RO,64.58,60.45,-4.1299999999999955,2024
Macaíba,RN,36.28,30.13,-6.150000000000002,2024
Correntina,BA,43.32,26.64,-16.68,2024
Três Barras,SC,54.77,49.49,-5.280000000000001,2024
Aldeias Altas,MA,69.85,45.37,-24.479999999999997,2024
Maraial,PE,70.93,58.48,-12.45000000000001,2024
Araripina,PE,60.73,52.06,-8.669999999999995,2024
Ibipeba,BA,36.9,36.88,-0.01999999999999602,2024
Tailândia,PA,44.19,37.9,-6.289999999999999,2024
Curuá,PA,44.07,42.47,-1.6000000000000014,2024
Uarini,AM,19.75,37.98,18.229999999999997,2024
Dom Feliciano,RS,63.01,43.7,-19.309999999999995,2024
Coari,AM,45.17,47.75,2.5799999999999983,2024
Anapu,PA,53.88,48.45,-5.43,2024
Guaratinga,BA,29.89,22.64,-7.25,2024
Itabaiana,SE,33.84,40.82,6.979999999999997,2024
São Domingos do Araguaia,PA,51.56,40.37,-11.190000000000005,2024
São Joaquim,SC,41.26,43.26,2.0,2024
Caldas Brandão,PB,59.08,32.4,-26.68,2024
Itaguajé,PR,62.76,76.11,13.350000000000001,2024
Aveiro,PA,61.01,64.37,3.3600000000000065,2024
São Gabriel,BA,40.09,33.54,-6.550000000000004,2024
Luís Eduardo Magalhães,BA,36.53,35.72,-0.8100000000000023,2024
Carinhanha,BA,35.7,31.96,-3.740000000000002,2024
Xique-Xique,BA,38.06,32.25,-5.810000000000002,2024
Boca do Acre,AM,62.56,44.78,-17.78,2024
Goioerê,PR,72.0,63.77,-8.229999999999997,2024
Candeal,BA,37.97,30.77,-7.199999999999999,2024
Barcarena,PA,51.99,39.5,-12.490000000000002,2024
Taboão da Serra,SP,51.16,59.42,8.260000000000005,2024
Marabá,PA,56.17,50.68,-5.490000000000002,2024
Congonhinhas,PR,70.6,41.19,-29.409999999999997,2024
São Francisco de Itabapoana,RJ,49.36,47.47,-1.8900000000000006,2024
São João do Ivaí,PR,64.52,73.17,8.650000000000006,2024
Bertolínia,PI,62.88,43.42,-19.46,2024
Tenente Laurentino Cruz,RN,50.34,37.18,-13.160000000000004,2024
Santa Cruz do Arari,PA,54.82,52.31,-2.509999999999998,2024
Wanderlândia,TO,41.91,41.89,-0.01999999999999602,2024
Piancó,PB,53.95,38.92,-15.030000000000001,2024
Xinguara,PA,54.82,49.27,-5.549999999999997,2024
Rio Bonito,RJ,59.87,57.46,-2.4099999999999966,2024
Conceição do Almeida,BA,58.18,41.18,-17.0,2024
São Domingos,BA,32.49,52.94,20.449999999999996,2024
Encruzilhada,BA,47.92,37.25,-10.670000000000002,2024
Buriticupu,MA,45.58,43.21,-2.3699999999999974,2024
Silva Jardim,RJ,59.47,57.35,-2.1199999999999974,2024
Santo Amaro das Brotas,SE,41.37,37.62,-3.75,2024
Tucumã,PA,62.31,48.54,-13.770000000000003,2024
Igaporã,BA,60.96,42.57,-18.39,2024
Canelinha,SC,62.71,41.37,-21.340000000000003,2024
Douradina,MS,35.93,68.7,32.77,2024
Maués,AM,57.61,63.15,5.539999999999999,2024
Sobradinho,BA,33.65,34.44,0.7899999999999991,2024
Palmas de Monte Alto,BA,51.09,35.76,-15.330000000000005,2024
Crisópolis,BA,55.2,43.05,-12.150000000000006,2024
Piçarra,PA,61.89,57.18,-4.710000000000001,2024
Presidente Vargas,MA,50.02,47.82,-2.200000000000003,2024
Banzaê,BA,46.98,26.67,-20.309999999999995,2024
Buriticupu,MA,45.58,42.03,-3.549999999999997,2024
Redenção,PA,59.2,58.25,-0.9500000000000028,2024
Cacequi,RS,55.58,49.0,-6.579999999999998,2024
Gameleiras,MG,47.75,65.52,17.769999999999996,2024
Santaluz,BA,32.3,29.15,-3.1499999999999986,2024
Abreu e Lima,PE,52.75,46.4,-6.350000000000001,2024
Estrela,RS,69.6,54.8,-14.799999999999997,2024
Jandaíra,RN,37.5,29.91,-7.59,2024
Ruy Barbosa,BA,44.71,27.94,-16.77,2024
Neópolis,SE,28.33,30.98,2.650000000000002,2024
Boa Vista do Ramos,AM,33.37,37.21,3.8400000000000034,2024
Presidente Figueiredo,AM,41.0,35.31,-5.689999999999998,2024
Pareci Novo,RS,74.1,54.0,-20.099999999999994,2024
Santo Amaro,BA,49.62,36.96,-12.659999999999997,2024
Urandi,BA,62.68,40.54,-22.14,2024
Feira de Santana,BA,38.95,33.19,-5.760000000000005,2024
Oliveira dos Brejinhos,BA,44.58,39.29,-5.289999999999999,2024
São Paulo de Olivença,AM,40.03,36.71,-3.3200000000000003,2024
Nova Ibiá,BA,55.22,48.98,-6.240000000000002,2024
Concórdia do Pará,PA,46.82,54.24,7.420000000000002,2024
Macajuba,BA,25.55,30.14,4.59,2024
Barra do Choça,BA,42.76,30.6,-12.159999999999997,2024
Cassilândia,MS,44.23,54.38,10.150000000000006,2024
Ponta de Pedras,PA,45.11,58.0,12.89,2024
Nova Brasilândia D'Oeste,RO,75.6,75.61,0.010000000000005116,2024
Nova Iorque,MA,77.81,51.24,-26.57,2024
Marapanim,PA,35.89,45.42,9.530000000000001,2024
Maribondo,AL,52.02,41.5,-10.520000000000003,2024
Altamira,PA,52.09,45.32,-6.770000000000003,2024
Salvaterra,PA,56.58,49.47,-7.109999999999999,2024
Nova Ipixuna,PA,50.09,52.55,2.4599999999999937,2024
Euclides da Cunha,BA,39.98,31.34,-8.639999999999997,2024
Cachoeira,BA,32.07,33.06,0.990000000000002,2024
São Pedro da Aldeia,RJ,60.17,55.74,-4.43,2024
Prainha,PA,61.1,43.28,-17.82,2024
Niterói,RJ,56.56,51.2,-5.359999999999999,2024
Marzagão,GO,80.0,83.33,3.3299999999999983,2024
Camacan,BA,40.84,24.61,-16.230000000000004,2024
Belém,PA,53.42,46.08,-7.340000000000003,2024
Ponte Alta,SC,47.14,55.08,7.939999999999998,2024
Indiaroba,SE,44.78,34.31,-10.469999999999999,2024
Bela Vista,MS,49.58,48.18,-1.3999999999999986,2024
Vicentina,MS,67.77,54.36,-13.409999999999997,2024
Pedro Velho,RN,23.8,24.05,0.25,2024
Lauro de Freitas,BA,36.74,28.75,-7.990000000000002,2024
Messias,AL,37.86,41.87,4.009999999999998,2024
Tobias Barreto,SE,47.95,46.26,-1.6900000000000048,2024
Aracaju,SE,36.8,38.08,1.2800000000000011,2024
Cuiabá,MT,58.26,50.67,-7.589999999999996,2024
Brejo,MA,55.2,58.08,2.8799999999999955,2024
Serra Negra do Norte,RN,33.05,31.59,-1.4599999999999973,2024
Iuiú,BA,54.11,25.53,-28.58,2024
Mostardas,RS,56.1,39.2,-16.9,2024
Nossa Senhora Aparecida,SE,44.57,59.01,14.439999999999998,2024
Taperoá,BA,45.23,47.52,2.2900000000000063,2024
Altamira do Paraná,PR,79.21,74.47,-4.739999999999995,2024
Coribe,BA,52.66,30.71,-21.949999999999996,2024
Cumaru do Norte,PA,55.05,45.2,-9.849999999999994,2024
Manga,MG,31.24,42.75,11.510000000000002,2024
Portel,PA,49.51,40.72,-8.79,2024
Ponte Alta do Tocantins,TO,52.89,30.99,-21.900000000000002,2024
Vila Flor,RN,26.43,39.06,12.630000000000003,2024
Santa Inês,BA,52.67,47.31,-5.359999999999999,2024
Euclides da Cunha,BA,39.98,32.37,-7.609999999999999,2024
Cerro Grande do Sul,RS,61.22,42.8,-18.42,2024
Borba,AM,35.51,41.24,5.730000000000004,2024
Bataguassu,MS,44.18,52.31,8.130000000000003,2024
Casimiro de Abreu,RJ,59.09,58.33,-0.7600000000000051,2024
Pombos,PE,52.33,40.45,-11.879999999999995,2024
São Nicolau,RS,61.56,36.6,-24.96,2024
Bandeirantes do Tocantins,TO,42.34,36.96,-5.380000000000003,2024
Tabuleiro,MG,80.0,74.43,-5.569999999999993,2024
Barracão,RS,74.37,56.4,-17.970000000000006,2024
Salto do Jacuí,RS,80.0,63.6,-16.4,2024
Nhamundá,AM,67.18,59.5,-7.680000000000007,2024
Ilhéus,BA,39.22,26.63,-12.59,2024
Inhambupe,BA,36.61,30.13,-6.48,2024
Prado,BA,41.65,28.97,-12.68,2024
Mirador,MA,41.77,55.82,14.049999999999997,2024
Nova Esperança do Piriá,PA,42.35,50.02,7.670000000000002,2024
Olho d'Água das Cunhãs,MA,58.25,58.91,0.6599999999999966,2024
Japira,PR,76.34,64.46,-11.88000000000001,2024
Mãe do Rio,PA,51.07,46.97,-4.100000000000001,2024
Alvorada,RS,52.0,34.3,-17.700000000000003,2024
Bom Jesus da Lapa,BA,40.73,34.55,-6.18,2024
Limoeiro de Anadia,AL,49.3,44.61,-4.689999999999998,2024
Barrocas,BA,48.11,46.15,-1.9600000000000009,2024
Capanema,PA,64.97,59.24,-5.729999999999997,2024
Junco do Maranhão,MA,80.0,67.86,-12.14,2024
Marcação,PB,70.7,22.15,-48.550000000000004,2024
Ilhéus,BA,39.22,26.35,-12.869999999999997,2024
Planalto,BA,46.35,24.31,-22.040000000000003,2024
Serra Dourada,BA,36.13,33.09,-3.039999999999999,2024
Porto Rico do Maranhão,MA,74.78,34.42,-40.36,2024
Visconde do Rio Branco,MG,60.26,65.77,5.509999999999998,2024
Monteirópolis,AL,42.02,31.11,-10.910000000000004,2024
Serra Preta,BA,38.83,36.67,-2.1599999999999966,2024
Isaías Coelho,PI,35.03,34.44,-0.5900000000000034,2024
Igrejinha,RS,80.0,34.0,-46.0,2024
Almirante Tamandaré,PR,57.0,45.12,-11.880000000000003,2024
Maripá de Minas,MG,67.84,59.26,-8.580000000000005,2024
Ponte Alta do Bom Jesus,TO,15.03,44.56,29.53,2024
Cachoeira Grande,MA,47.28,56.05,8.769999999999996,2024
Três Barras,SC,54.77,58.1,3.3299999999999983,2024
Bonito,PA,43.59,32.2,-11.39,2024
Fronteira dos Vales,MG,43.82,65.19,21.369999999999997,2024
Tabaí,RS,63.05,24.7,-38.349999999999994,2024
Monte Alegre de Minas,MG,75.58,56.72,-18.86,2024
Dom Cavati,MG,75.54,73.35,-2.190000000000012,2024
Mirabela,MG,62.46,48.06,-14.399999999999999,2024
Angelim,PE,65.01,62.41,-2.6000000000000085,2024
Campo Formoso,BA,43.38,39.03,-4.350000000000001,2024
Novo Acordo,TO,45.59,36.09,-9.5,2024
Balsas,MA,46.12,39.54,-6.579999999999998,2024
Reduto,MG,45.77,85.67,39.9,2024
Sátiro Dias,BA,22.02,30.68,8.66,2024
Nantes,SP,62.7,36.18,-26.520000000000003,2024
Cambará,PR,65.41,58.04,-7.369999999999997,2024
Porto Velho,RO,67.5,50.84,-16.659999999999997,2024
Dom Pedro,MA,46.62,43.95,-2.6699999999999946,2024
Primeiro de Maio,PR,56.15,62.66,6.509999999999998,2024
Presidente Kubitschek,MG,76.39,79.86,3.469999999999999,2024
Santa Isabel do Pará,PA,46.98,34.18,-12.799999999999997,2024
Nova Viçosa,BA,60.29,37.21,-23.08,2024
Restinga Seca,RS,51.07,33.0,-18.07,2024
Tupanciretã,RS,73.19,41.2,-31.989999999999995,2024
Umbaúba,SE,32.62,39.34,6.720000000000006,2024
São Leopoldo,RS,60.83,38.8,-22.03,2024
Guajeru,BA,36.33,36.78,0.45000000000000284,2024
Salgado,SE,40.63,44.89,4.259999999999998,2024
Jaraguari,MS,44.9,45.19,0.28999999999999915,2024
Boa Hora,PI,62.26,47.16,-15.100000000000001,2024
Itacoatiara,AM,51.78,49.37,-2.4100000000000037,2024
Matozinhos,MG,52.79,57.88,5.090000000000003,2024
Capanema,PA,64.97,59.49,-5.479999999999997,2024
Alvarães,AM,46.19,60.89,14.700000000000003,2024
Ponto Novo,BA,30.38,36.99,6.610000000000003,2024
Rafael Jambeiro,BA,53.58,33.53,-20.049999999999997,2024
Soure,PA,65.61,52.41,-13.200000000000003,2024
Capela,SE,40.4,35.78,-4.619999999999997,2024
Itacajá,TO,63.69,41.1,-22.589999999999996,2024
Carangola,MG,55.64,52.42,-3.219999999999999,2024
Seropédica,RJ,51.95,50.53,-1.4200000000000017,2024
Nova União,RO,63.85,70.92,7.07,2024
Monte Negro,RO,73.41,69.92,-3.489999999999995,2024
Santarém,PA,59.08,51.29,-7.789999999999999,2024
Campina das Missões,RS,80.0,50.3,-29.700000000000003,2024
Cantagalo,RJ,59.77,52.0,-7.770000000000003,2024
Dias d'Ávila,BA,42.22,32.25,-9.969999999999999,2024
Itamaraju,BA,49.84,37.41,-12.430000000000007,2024
Frei Inocêncio,MG,57.56,64.71,7.1499999999999915,2024
Ourilândia do Norte,PA,53.81,53.11,-0.7000000000000028,2024
Nioaque,MS,58.26,60.98,2.719999999999999,2024
Caxingó,PI,27.47,46.21,18.740000000000002,2024
Ouriçangas,BA,42.62,50.59,7.970000000000006,2024
Tuneiras do Oeste,PR,72.81,68.12,-4.689999999999998,2024
Arroio dos Ratos,RS,46.7,35.0,-11.700000000000003,2024
Juti,MS,29.82,47.67,17.85,2024
Santa Rita do Pardo,MS,53.47,51.3,-2.1700000000000017,2024
Coração de Maria,BA,37.99,21.3,-16.69,2024
Juruti,PA,54.21,50.25,-3.960000000000001,2024
Bom Conselho,PE,63.29,60.74,-2.549999999999997,2024
Mundo Novo,MS,80.0,46.46,-33.54,2024
Itaguaçu da Bahia,BA,28.02,32.8,4.779999999999998,2024
Riachão do Dantas,SE,44.45,34.65,-9.800000000000004,2024
Conceição do Jacuípe,BA,41.12,37.5,-3.6199999999999974,2024
Primavera,PE,77.9,50.41,-27.49000000000001,2024
Guaraci,PR,73.88,72.67,-1.2099999999999937,2024
Aurora do Pará,PA,40.81,55.54,14.729999999999997,2024
Serra do Mel,RN,39.61,27.68,-11.93,2024
Ipirá,BA,37.07,34.46,-2.6099999999999994,2024
Boa Vista do Ramos,AM,33.37,31.41,-1.9599999999999973,2024
Rio Maria,PA,47.85,56.31,8.46,2024
Descoberto,MG,65.54,73.05,7.509999999999991,2024
Itupiranga,PA,48.62,44.08,-4.539999999999999,2024
Carauari,AM,52.7,61.24,8.54,2024
Olinda Nova do Maranhão,MA,80.0,37.64,-42.36,2024
José Boiteux,SC,43.68,43.47,-0.21000000000000085,2024
Mathias Lobato,MG,56.26,67.61,11.350000000000001,2024
Várzea da Roça,BA,39.52,20.73,-18.790000000000003,2024
Lindolfo Collor,RS,69.56,39.0,-30.560000000000002,2024
Barra de São Miguel,AL,38.79,39.04,0.25,2024
Juruti,PA,54.21,51.0,-3.210000000000001,2024
Inhangapi,PA,29.0,45.41,16.409999999999997,2024
Rubelita,MG,80.0,76.83,-3.1700000000000017,2024
Ipiaú,BA,40.51,25.15,-15.36,2024
Fênix,PR,67.58,61.86,-5.719999999999999,2024
Estrela do Sul,MG,52.24,69.36,17.119999999999997,2024
Propriá,SE,26.71,34.13,7.420000000000002,2024
Jataúba,PE,56.54,37.15,-19.39,2024
Manacapuru,AM,49.77,37.28,-12.490000000000002,2024
Alto Parnaíba,MA,52.17,51.99,-0.17999999999999972,2024
Capitão Enéas,MG,64.86,63.8,-1.0600000000000023,2024
Bela Vista de Goiás,GO,64.32,62.27,-2.04999999999999,2024
Palmeirândia,MA,48.1,70.09,21.990000000000002,2024
Governador Jorge Teixeira,RO,67.54,70.76,3.219999999999999,2024
Conceição do Coité,BA,35.73,30.94,-4.789999999999996,2024
Lagoa Nova,RN,41.52,35.61,-5.910000000000004,2024
Passagem Franca do Piauí,PI,80.0,64.51,-15.489999999999995,2024
Itaobim,MG,54.67,49.62,-5.050000000000004,2024
Cachoeirinha,RS,61.68,39.9,-21.78,2024
Nilópolis,RJ,50.1,47.32,-2.780000000000001,2024
Turuçu,RS,80.0,61.7,-18.299999999999997,2024
Turilândia,MA,60.34,49.69,-10.650000000000006,2024
Corumbá,MS,47.61,38.3,-9.310000000000002,2024
Atalaia,AL,39.32,44.27,4.950000000000003,2024
Fátima do Sul,MS,63.97,59.59,-4.3799999999999955,2024
Ananindeua,PA,62.51,55.23,-7.280000000000001,2024
Glória do Goitá,PE,72.07,66.22,-5.849999999999994,2024
Chaves,PA,50.48,74.09,23.610000000000007,2024
Itagimirim,BA,39.74,25.0,-14.740000000000002,2024
Campos Borges,RS,33.67,31.5,-2.1700000000000017,2024
Ituberá,BA,49.86,29.17,-20.689999999999998,2024
Ourizona,PR,80.0,57.5,-22.5,2024
Cabo Frio,RJ,58.8,55.08,-3.719999999999999,2024
São Sebastião do Uatumã,AM,56.43,73.45,17.020000000000003,2024
São José da Coroa Grande,PE,47.83,39.24,-8.589999999999996,2024
Belterra,PA,63.83,57.61,-6.219999999999999,2024
Porto Velho,RO,67.5,51.67,-15.829999999999998,2024
Novo Airão,AM,76.5,57.09,-19.409999999999997,2024
Mirangaba,BA,40.59,29.41,-11.180000000000003,2024
Itagi,BA,44.26,23.53,-20.729999999999997,2024
Natividade,RJ,63.56,56.91,-6.650000000000006,2024
Ouro Branco,AL,27.52,52.43,24.91,2024
Nossa Senhora dos Remédios,PI,66.78,45.57,-21.21,2024
Marituba,PA,61.1,48.97,-12.130000000000003,2024
Itaquitinga,PE,53.48,57.35,3.8700000000000045,2024
Manicoré,AM,56.43,61.53,5.100000000000001,2024
Coronel Ezequiel,RN,46.85,32.68,-14.170000000000002,2024
Sant'Ana do Livramento,RS,54.72,44.5,-10.219999999999999,2024
Itaituba,PA,64.14,59.22,-4.920000000000002,2024
Reduto,MG,45.77,83.87,38.1,2024
Nossa Senhora da Glória,SE,36.66,31.24,-5.419999999999998,2024
Mucuri,BA,54.16,47.96,-6.199999999999996,2024
Carneiros,AL,49.37,38.85,-10.519999999999996,2024
Brumado,BA,57.7,42.15,-15.550000000000004,2024
Abatiá,PR,60.05,57.74,-2.309999999999995,2024
Trairão,PA,72.29,62.19,-10.100000000000009,2024
Nova Laranjeiras,PR,77.85,68.33,-9.519999999999996,2024
Telha,SE,24.28,42.47,18.189999999999998,2024
Anapurus,MA,80.0,34.63,-45.37,2024
Girau do Ponciano,AL,42.43,39.96,-2.469999999999999,2024
São Geraldo,MG,80.0,78.32,-1.6800000000000068,2024
Ibema,PR,73.95,70.35,-3.6000000000000085,2024
Marajá do Sena,MA,80.0,39.77,-40.23,2024
Amarante,PI,29.44,32.94,3.4999999999999964,2024
Vicentina,MS,67.77,53.73,-14.04,2024
Guapimirim,RJ,55.1,47.75,-7.350000000000001,2024
Arraial do Cabo,RJ,55.35,58.05,2.6999999999999957,2024
Santa Brígida,BA,32.87,28.39,-4.479999999999997,2024
Bequimão,MA,39.93,59.75,19.82,2024
Tuparendi,RS,80.0,53.0,-27.0,2024
Cachoeira do Sul,RS,61.21,40.5,-20.71,2024
Rio Largo,AL,43.48,38.78,-4.699999999999996,2024
Ilha de Itamaracá,PE,57.61,50.6,-7.009999999999998,2024
Manaus,AM,56.8,50.13,-6.669999999999995,2024
Turiaçu,MA,46.7,64.42,17.72,2024
Catu,BA,49.32,39.39,-9.93,2024
Palmeira dos Índios,AL,39.15,39.19,0.03999999999999915,2024
São Sebastião do Passé,BA,54.89,46.1,-8.79,2024
Governador Eugênio Barros,MA,57.38,48.13,-9.25,2024
Itaperuçu,PR,60.35,52.37,-7.980000000000004,2024
Jacaré dos Homens,AL,44.64,54.66,10.019999999999996,2024
Montes Altos,MA,72.68,55.27,-17.410000000000004,2024
Chupinguaia,RO,80.0,71.99,-8.010000000000005,2024
Primavera do Leste,MT,54.21,33.91,-20.300000000000004,2024
Araças,BA,43.28,38.26,-5.020000000000003,2024
Anagé,BA,43.17,32.17,-11.0,2024
Morretes,PR,70.28,59.7,-10.579999999999998,2024
Barreiros,PE,64.79,53.05,-11.740000000000009,2024
Santa Cruz,PE,70.98,69.1,-1.8800000000000097,2024
Fortuna,MA,46.62,72.06,25.440000000000005,2024
Andirá,PR,67.47,64.82,-2.6500000000000057,2024
São Tomé,PR,80.0,69.88,-10.120000000000005,2024
Vale do Paraíso,RO,59.72,44.06,-15.659999999999997,2024
Lábrea,AM,66.9,66.7,-0.20000000000000284,2024
Barra do Ouro,TO,18.0,18.26,0.26000000000000156,2024
Caiçara do Rio do Vento,RN,44.52,32.54,-11.980000000000004,2024
Maetinga,BA,64.12,47.37,-16.750000000000007,2024
Campo Alegre do Fidalgo,PI,44.96,59.33,14.369999999999997,2024
Cantagalo,MG,63.46,65.99,2.529999999999994,2024
Ribeirão do Largo,BA,52.59,52.63,0.03999999999999915,2024
Palminópolis,GO,80.0,82.81,2.8100000000000023,2024
Paranapoema,PR,62.63,61.71,-0.9200000000000017,2024
Jaru,RO,65.65,83.66,18.00999999999999,2024
Aracaju,SE,36.8,44.28,7.480000000000004,2024
Davinópolis,MA,68.9,69.82,0.9199999999999875,2024
Lagarto,SE,42.31,37.5,-4.810000000000002,2024
Codajás,AM,49.49,48.37,-1.1200000000000045,2024
Botuverá,SC,71.04,63.97,-7.070000000000007,2024
Venturosa,PE,57.68,59.29,1.6099999999999994,2024
Itamarati,AM,72.11,82.76,10.650000000000006,2024
Barreiras,BA,44.47,36.09,-8.379999999999995,2024
Manacapuru,AM,49.77,39.48,-10.290000000000006,2024
Matinha,MA,66.6,46.67,-19.929999999999993,2024
Belém,PA,53.42,51.6,-1.8200000000000003,2024
Zortéa,SC,67.5,57.58,-9.920000000000002,2024
Bonito,BA,46.43,34.0,-12.43,2024
Tanquinho,BA,25.95,30.67,4.720000000000002,2024
Tramandaí,RS,58.64,36.7,-21.939999999999998,2024
Cabo de Santo Agostinho,PE,59.25,50.72,-8.530000000000001,2024
Parintins,AM,56.53,61.89,5.359999999999999,2024
Conselheiro Pena,MG,69.02,43.68,-25.339999999999996,2024
Princesa,SC,80.0,64.05,-15.950000000000003,2024
Carmolândia,TO,32.34,27.47,-4.8700000000000045,2024
Bom Jesus do Tocantins,PA,61.74,51.82,-9.920000000000002,2024
Santana dos Garrotes,PB,39.63,52.77,13.14,2024
Juarina,TO,42.09,49.1,7.009999999999998,2024
Salgado de São Félix,PB,80.0,40.52,-39.48,2024
Nova Redenção,BA,38.9,27.03,-11.869999999999997,2024
Palmas,PR,59.7,54.27,-5.43,2024
Pinheiro,MA,57.5,46.82,-10.68,2024
Porto Real do Colégio,AL,69.69,75.68,5.990000000000009,2024
Brasilândia do Sul,PR,75.19,77.7,2.510000000000005,2024
Miraguaí,RS,79.13,51.7,-27.429999999999993,2024
São Miguel do Guamá,PA,45.1,49.59,4.490000000000002,2024
Humberto de Campos,MA,64.63,59.22,-5.409999999999997,2024
Bayeux,PB,40.74,36.71,-4.030000000000001,2024
São José do Xingu,MT,56.04,35.26,-20.78,2024
Espumoso,RS,80.0,50.3,-29.700000000000003,2024
Santa Maria do Suaçuí,MG,64.62,66.73,2.1099999999999994,2024
São Félix de Minas,MG,70.01,67.09,-2.9200000000000017,2024
Iguaraçu,PR,55.71,58.96,3.25,2024
Itaquara,BA,41.17,34.25,-6.920000000000002,2024
Camaçari,BA,40.43,36.56,-3.8699999999999974,2024
Tanque d'Arca,AL,48.08,53.45,5.3700000000000045,2024
Carapebus,RJ,55.79,59.54,3.75,2024
Mozarlândia,GO,55.96,66.57,10.609999999999992,2024
Rio Claro,RJ,67.93,65.54,-2.3900000000000006,2024
Simão Dias,SE,40.09,30.35,-9.740000000000002,2024
Bagé,RS,64.98,36.6,-28.380000000000003,2024
Salvador,BA,45.52,36.75,-8.770000000000003,2024
Tamandaré,PE,50.56,57.18,6.619999999999997,2024
Diamantino,MT,56.72,46.32,-10.399999999999999,2024
Três Rios,RJ,57.88,51.43,-6.450000000000003,2024
Presidente Médici,RO,65.31,71.14,5.829999999999998,2024
Iguaí,BA,54.55,31.48,-23.069999999999997,2024
Conceição do Tocantins,TO,34.78,35.8,1.019999999999996,2024
Santo Antônio de Jesus,BA,40.35,40.9,0.5499999999999972,2024
Pariconha,AL,47.56,34.4,-13.160000000000004,2024
Camargo,RS,80.0,55.6,-24.4,2024
Arinos,MG,50.89,48.56,-2.3299999999999983,2024
Canguaretama,RN,44.21,32.26,-11.950000000000003,2024
Japi,RN,21.97,31.34,9.370000000000001,2024
Salvador,BA,45.52,36.85,-8.670000000000002,2024
Novo Airão,AM,76.5,59.26,-17.240000000000002,2024
Alvorada,RS,52.0,36.2,-15.799999999999997,2024
Presidente Jânio Quadros,BA,37.48,31.78,-5.699999999999996,2024
Jequié,BA,44.37,39.48,-4.890000000000001,2024
Jaguaripe,BA,33.07,46.85,13.780000000000001,2024
Terenos,MS,63.66,47.09,-16.569999999999993,2024
Prudente de Morais,MG,57.41,70.09,12.680000000000007,2024
Manari,PE,60.73,52.89,-7.839999999999996,2024
Paragominas,PA,65.34,56.72,-8.620000000000005,2024
Baianópolis,BA,46.14,35.92,-10.219999999999999,2024
Dois Irmãos,RS,78.68,61.2,-17.480000000000004,2024
Apuí,AM,60.64,64.17,3.530000000000001,2024
Jaru,RO,65.65,65.15,-0.5,2024
Ilha Grande,PI,46.17,34.84,-11.329999999999998,2024
Santo Antônio,RN,68.69,35.59,-33.099999999999994,2024
Poções,BA,49.79,42.93,-6.859999999999999,2024
Nova Palma,RS,80.0,62.7,-17.299999999999997,2024
Jaru,RO,65.65,63.99,-1.6600000000000037,2024
Santa Luz,PI,80.0,55.68,-24.32,2024
Ji-Paraná,RO,80.0,58.73,-21.270000000000003,2024
Rio Vermelho,MG,49.66,74.26,24.60000000000001,2024
Guaíba,RS,54.7,31.5,-23.200000000000003,2024
Sangão,SC,70.98,38.53,-32.45,2024
Itambacuri,MG,56.29,57.69,1.3999999999999986,2024
Santo Cristo,RS,76.62,60.5,-16.120000000000005,2024
Duas Estradas,PB,16.94,60.0,43.06,2024
Montividiu do Norte,GO,62.79,65.74,2.9499999999999957,2024
Ananindeua,PA,62.51,53.37,-9.14,2024
Joaquim Gomes,AL,40.35,27.93,-12.420000000000002,2024
Paulo Afonso,BA,32.01,30.51,-1.4999999999999964,2024
Sinimbu,RS,71.29,36.3,-34.99000000000001,2024
Macau,RN,34.46,32.94,-1.5200000000000031,2024
Varzedo,BA,49.91,40.0,-9.909999999999997,2024
Nova Candelária,RS,80.0,60.0,-20.0,2024
Ubatã,BA,38.45,41.9,3.4499999999999957,2024
Amélia Rodrigues,BA,44.02,47.14,3.1199999999999974,2024
Manaus,AM,56.8,51.37,-5.43,2024
Pinhal de São Bento,PR,80.0,97.14,17.14,2024
Pariconha,AL,47.56,56.98,9.419999999999995,2024
Antônio Carlos,MG,78.32,71.65,-6.6699999999999875,2024
Campo Belo do Sul,SC,47.83,45.29,-2.539999999999999,2024
Feliz,RS,73.9,51.1,-22.800000000000004,2024
Saudade do Iguaçu,PR,80.0,85.49,5.489999999999995,2024
Aracaju,SE,36.8,47.18,10.380000000000003,2024
Guaraçaí,SP,58.6,60.72,2.1199999999999974,2024
Bom Sucesso,PB,67.77,45.24,-22.529999999999994,2024
Pedra,PE,52.41,54.87,2.460000000000001,2024
Rosário,MA,60.53,57.6,-2.9299999999999997,2024
Moreira Sales,PR,79.43,78.01,-1.4200000000000017,2024
Capim Grosso,BA,33.41,29.34,-4.069999999999997,2024
Jacarezinho,PR,59.25,47.68,-11.57,2024
São Domingos do Maranhão,MA,47.88,50.11,2.229999999999997,2024
São Paulo de Olivença,AM,40.03,58.16,18.129999999999995,2024
Marcação,PB,70.7,24.23,-46.47,2024
Piritiba,BA,48.97,40.58,-8.39,2024
Pariconha,AL,47.56,68.76,21.200000000000003,2024
Monte Alegre dos Campos,RS,66.01,36.2,-29.810000000000002,2024
Macaíba,RN,36.28,30.44,-5.84,2024
Peixe,TO,51.92,42.93,-8.990000000000002,2024
Viamão,RS,62.36,36.7,-25.659999999999997,2024
São Félix do Araguaia,MT,41.62,33.38,-8.239999999999995,2024
Cachoeira do Piriá,PA,53.0,52.04,-0.9600000000000009,2024
Tuparendi,RS,80.0,52.7,-27.299999999999997,2024
Maricá,RJ,60.52,59.97,-0.5500000000000043,2024
Adrianópolis,PR,63.38,60.95,-2.4299999999999997,2024
Teixeira de Freitas,BA,56.5,35.04,-21.46,2024
Itaberaba,BA,48.23,41.07,-7.159999999999997,2024
Figueirópolis D'Oeste,MT,80.0,58.78,-21.22,2024
Capitão Poço,PA,55.77,48.98,-6.790000000000006,2024
Congonhas do Norte,MG,80.0,60.49,-19.509999999999998,2024
Pinhalzinho,SC,78.51,70.54,-7.969999999999999,2024
São Miguel das Matas,BA,35.91,36.76,0.8500000000000014,2024
Balneário Pinhal,RS,61.97,43.6,-18.369999999999997,2024
Alagoinhas,BA,40.44,36.64,-3.799999999999997,2024
Elísio Medrado,BA,37.06,35.29,-1.7700000000000031,2024
Valente,BA,39.21,37.25,-1.9600000000000009,2024
Itaíba,PE,62.9,58.6,-4.299999999999997,2024
Vila Maria,RS,80.0,57.4,-22.6,2024
Santo Antônio do Içá,AM,63.05,63.3,0.25,2024
Vera Cruz,RS,68.66,44.5,-24.159999999999997,2024
Rafael Fernandes,RN,59.65,39.27,-20.379999999999995,2024
Pinhão,PR,64.88,61.33,-3.549999999999997,2024
Heitoraí,GO,57.96,83.54,25.580000000000005,2024
Seabra,BA,53.8,34.98,-18.82,2024
Caparaó,MG,63.44,67.92,4.480000000000004,2024
Caetés,PE,51.32,57.25,5.93,2024
Camamu,BA,33.17,28.39,-4.780000000000001,2024
Guaíba,RS,54.7,32.7,-22.0,2024
Nova Itarana,BA,39.89,34.65,-5.240000000000002,2024
Ananindeua,PA,62.51,52.74,-9.769999999999996,2024
Campo Erê,SC,64.05,48.28,-15.769999999999996,2024
Abelardo Luz,SC,67.3,34.52,-32.779999999999994,2024
Marcelino Vieira,RN,34.1,26.79,-7.310000000000002,2024
Joaquim Gomes,AL,40.35,27.68,-12.670000000000002,2024
Frederico Westphalen,RS,65.99,53.8,-12.189999999999998,2024
Raposa,MA,69.98,48.35,-21.630000000000003,2024
Rio Grande do Piauí,PI,53.74,41.79,-11.950000000000003,2024
Ribeira do Pombal,BA,41.2,40.72,-0.480000000000004,2024
Icaraíma,PR,74.31,51.76,-22.550000000000004,2024
Boca do Acre,AM,62.56,49.61,-12.950000000000003,2024
Salinas da Margarida,BA,53.07,45.77,-7.299999999999997,2024
Breves,PA,49.78,55.58,5.799999999999997,2024
Palmares do Sul,RS,57.88,45.2,-12.68,2024
Palmeira dos Índios,AL,39.15,38.7,-0.44999999999999574,2024
Jaguarari,BA,37.63,40.77,3.1400000000000006,2024
Itamarati,AM,72.11,82.23,10.120000000000005,2024
Santo Estêvão,BA,39.59,31.86,-7.730000000000004,2024
Santa Fé do Araguaia,TO,23.48,31.33,7.849999999999998,2024
Canapi,AL,51.08,62.21,11.130000000000003,2024
Parnarama,MA,80.0,54.65,-25.35,2024
Cruzeiro do Sul,RS,70.11,35.2,-34.91,2024
Santa Maria,RS,67.72,39.7,-28.019999999999996,2024
Palmeira dos Índios,AL,39.15,38.67,-0.4799999999999969,2024
Coxim,MS,45.99,39.19,-6.800000000000004,2024
Mostardas,RS,56.1,40.3,-15.800000000000004,2024
Moreilândia,PE,49.94,56.94,7.0,2024
São João da Barra,RJ,56.73,58.22,1.490000000000002,2024
Quedas do Iguaçu,PR,73.0,61.62,-11.380000000000003,2024
Santa Fé de Goiás,GO,77.35,92.78,15.430000000000007,2024
Antônio Cardoso,BA,40.74,25.76,-14.98,2024
Paulista,PE,55.98,18.18,-37.8,2024
Álvaro de Carvalho,SP,58.95,58.33,-0.6200000000000045,2024
Alvorada,RS,52.0,37.0,-15.0,2024
Santo Antônio de Lisboa,PI,64.31,55.71,-8.600000000000001,2024
Chalé,MG,80.0,62.53,-17.47,2024
Abaíra,BA,41.37,42.42,1.0500000000000043,2024
Indiavaí,MT,50.4,67.61,17.21,2024
Paripueira,AL,57.82,35.8,-22.020000000000003,2024
Muricilândia,TO,24.82,49.28,24.46,2024
Correia Pinto,SC,63.0,56.97,-6.030000000000001,2024
Inajá,PR,74.7,69.71,-4.990000000000009,2024
São Félix do Coribe,BA,59.05,36.59,-22.459999999999994,2024
Simão Dias,SE,40.09,35.97,-4.1200000000000045,2024
Restinga Seca,RS,51.07,42.4,-8.670000000000002,2024
Padre Paraíso,MG,54.04,57.39,3.3500000000000014,2024
Vila Nova do Sul,RS,54.11,44.0,-10.11,2024
Banzaê,BA,46.98,36.73,-10.25,2024
Jitaúna,BA,31.37,40.82,9.45,2024
São Domingos,GO,51.24,65.94,14.699999999999996,2024
Montenegro,RS,68.22,39.8,-28.42,2024
Santa Maria,RS,67.72,40.3,-27.42,2024
Monte Alegre,PA,58.27,46.69,-11.580000000000005,2024
Piraquara,PR,61.92,50.54,-11.380000000000003,2024
Barra do Quaraí,RS,64.15,26.6,-37.550000000000004,2024
Itapé,BA,37.65,35.38,-2.269999999999996,2024
Ibirataia,BA,39.72,37.44,-2.280000000000001,2024
Tacaimbó,PE,51.45,43.99,-7.460000000000001,2024
Porciúncula,RJ,42.11,52.38,10.270000000000003,2024
Mundo Novo,MS,80.0,49.43,-30.57,2024
São Lourenço da Mata,PE,49.84,53.32,3.479999999999997,2024
Cândido Sales,BA,44.57,30.86,-13.71,2024
São João do Tigre,PB,43.34,48.38,5.039999999999999,2024
Chuí,RS,54.93,45.9,-9.030000000000001,2024
Rio Preto,MG,72.56,62.04,-10.520000000000003,2024
Alto Alegre do Maranhão,MA,71.78,51.5,-20.28,2024
São Bento do Una,PE,59.89,64.03,4.140000000000001,2024
União de Minas,MG,73.46,72.68,-0.7799999999999869,2024
Cipó,BA,35.07,31.09,-3.9800000000000004,2024
Glorinha,RS,67.53,34.3,-33.230000000000004,2024
Tupaciguara,MG,45.41,58.34,12.930000000000007,2024
Ariquemes,RO,65.22,65.62,0.4000000000000057,2024
Cabeceira Grande,MG,46.7,54.59,7.890000000000001,2024
Rio do Pires,BA,43.13,15.62,-27.510000000000005,2024
Maceió,AL,45.58,38.97,-6.609999999999999,2024
Tucano,BA,36.12,35.55,-0.5700000000000003,2024
Contendas do Sincorá,BA,31.22,40.62,9.399999999999999,2024
Neópolis,SE,28.33,43.18,14.850000000000001,2024
Chã de Alegria,PE,65.79,63.28,-2.510000000000005,2024
Humaitá,AM,55.15,60.51,5.359999999999999,2024
Esperança Nova,PR,48.13,71.04,22.910000000000004,2024
Doutor Camargo,PR,79.25,60.84,-18.409999999999997,2024
Senador Rui Palmeira,AL,56.54,57.08,0.5399999999999991,2024
Minador do Negrão,AL,37.11,27.99,-9.120000000000001,2024
Uruçuca,BA,37.1,26.42,-10.68,2024
Maceió,AL,45.58,40.58,-5.0,2024
Morro Reuter,RS,56.24,66.3,10.059999999999995,2024
Rubim,MG,80.0,63.6,-16.4,2024
Saquarema,RJ,66.24,62.51,-3.729999999999997,2024
Rosário do Catete,SE,45.54,39.01,-6.530000000000001,2024
Santa Maria,RS,67.72,41.4,-26.32,2024
Maceió,AL,45.58,40.95,-4.6299999999999955,2024
São Bernardo,MA,75.28,67.87,-7.409999999999997,2024
Campestre,AL,47.36,62.12,14.759999999999998,2024
Malhada,BA,32.45,33.68,1.2299999999999969,2024
Corumbiara,RO,61.82,72.68,10.860000000000007,2024
Ponte Alta,SC,47.14,60.53,13.39,2024
Anahy,PR,65.3,69.97,4.670000000000002,2024
Tabaí,RS,63.05,22.5,-40.55,2024
Francisco Ayres,PI,52.61,32.38,-20.229999999999997,2024
Mundo Novo,BA,33.82,33.33,-0.490000000000002,2024
Taquara,RS,66.57,45.8,-20.769999999999996,2024
Dourados,MS,46.65,48.21,1.5600000000000023,2024
São Miguel das Missões,RS,76.86,47.5,-29.36,2024
Carpina,PE,67.68,59.18,-8.500000000000007,2024
Machadinho D'Oeste,RO,56.12,64.75,8.630000000000003,2024
Godofredo Viana,MA,80.0,88.4,8.400000000000006,2024
Arapiraca,AL,45.77,43.75,-2.020000000000003,2024
Igreja Nova,AL,53.17,50.74,-2.4299999999999997,2024
Capão do Leão,RS,53.81,28.2,-25.610000000000003,2024
São Leopoldo,RS,60.83,37.5,-23.33,2024
Brejolândia,BA,47.23,40.43,-6.799999999999997,2024
Jaramataia,AL,42.72,40.27,-2.4499999999999957,2024
Guatambú,SC,50.17,42.94,-7.230000000000004,2024
Codó,MA,52.32,50.85,-1.4699999999999989,2024
Axixá do Tocantins,TO,37.42,40.2,2.780000000000001,2024
São Sebastião do Umbuzeiro,PB,80.0,69.29,-10.709999999999994,2024
Fronteira dos Vales,MG,43.82,58.66,14.839999999999996,2024
Erval Seco,RS,69.44,50.4,-19.04,2024
Quedas do Iguaçu,PR,73.0,62.11,-10.89,2024
Marliéria,MG,64.77,70.98,6.210000000000008,2024
Ribeira do Piauí,PI,61.44,54.84,-6.599999999999994,2024
Riachuelo,SE,17.27,31.48,14.21,2024
Dom Basílio,BA,53.52,42.74,-10.780000000000001,2024
Novo Brasil,GO,80.0,54.84,-25.159999999999997,2024
Amorinópolis,GO,72.21,80.65,8.440000000000012,2024
Macaé,RJ,63.19,59.46,-3.729999999999997,2024
Virgolândia,MG,80.0,70.97,-9.030000000000001,2024
Urucará,AM,60.83,73.95,13.120000000000005,2024
Cruz das Almas,BA,41.43,33.56,-7.869999999999997,2024
Uauá,BA,50.59,40.28,-10.310000000000002,2024
Barão de Grajaú,MA,47.68,51.56,3.8800000000000026,2024
Brejinho de Nazaré,TO,44.57,49.45,4.880000000000003,2024
Abel Figueiredo,PA,63.15,54.88,-8.269999999999996,2024
Bezerros,PE,56.18,56.84,0.6600000000000037,2024
Francisco Sá,MG,47.71,59.61,11.899999999999999,2024
Alvorada D'Oeste,RO,36.33,68.33,32.0,2024
Alto Alegre dos Parecis,RO,71.19,79.54,8.350000000000009,2024
Viamão,RS,62.36,38.9,-23.46,2024
Viana,MA,61.88,53.36,-8.520000000000003,2024
São Luís do Quitunde,AL,45.9,53.64,7.740000000000002,2024
Palmeirina,PE,63.78,59.45,-4.329999999999998,2024
Belém de Maria,PE,72.62,79.67,7.049999999999997,2024
Codajás,AM,49.49,40.59,-8.899999999999999,2024
Salvador do Sul,RS,80.0,70.4,-9.599999999999994,2024
Caetité,BA,54.21,39.02,-15.189999999999998,2024
Belém,PA,53.42,57.47,4.049999999999997,2024
Cidade Gaúcha,PR,67.22,63.42,-3.799999999999997,2024
Lindolfo Collor,RS,69.56,36.1,-33.46,2024
São José do Povo,MT,80.0,74.75,-5.25,2024
Água Branca,AL,52.49,48.8,-3.690000000000005,2024
Jesuítas,PR,80.0,89.98,9.980000000000004,2024
Abelardo Luz,SC,67.3,56.3,-11.0,2024
Cacoal,RO,65.39,65.81,0.4200000000000017,2024
Biquinhas,MG,80.0,58.22,-21.78,2024
Ibitiara,BA,65.11,37.36,-27.75,2024
Olho d'Água das Flores,AL,46.38,45.46,-0.9200000000000017,2024
Boa Ventura de São Roque,PR,75.58,60.49,-15.089999999999996,2024
Nova Cantu,PR,79.57,88.03,8.460000000000008,2024
João Câmara,RN,29.74,35.88,6.140000000000004,2024
Espigão D'Oeste,RO,80.0,62.76,-17.240000000000002,2024
Mirabela,MG,62.46,54.27,-8.189999999999998,2024
Grandes Rios,PR,67.46,61.6,-5.859999999999992,2024
Bacuri,MA,69.66,57.55,-12.11,2024
Urucará,AM,60.83,74.89,14.060000000000002,2024
Pedrão,BA,27.85,13.33,-14.520000000000001,2024
Aroazes,PI,61.39,30.0,-31.39,2024
Bom Jesus da Serra,BA,47.9,24.44,-23.459999999999997,2024
São José do Sabugi,PB,56.21,48.54,-7.670000000000002,2024
Ibarama,RS,72.44,41.4,-31.04,2024
Pindaí,BA,72.46,38.33,-34.129999999999995,2024
Mimoso de Goiás,GO,68.83,80.0,11.170000000000002,2024
Conceição das Pedras,MG,61.58,76.67,15.090000000000003,2024
Aperibé,RJ,62.76,68.41,5.649999999999999,2024
Lábrea,AM,66.9,68.07,1.1699999999999875,2024
Guaribas,PI,61.72,75.0,13.280000000000001,2024
Santa Vitória do Palmar,RS,59.99,47.2,-12.79,2024
Abelardo Luz,SC,67.3,59.88,-7.419999999999995,2024
Araruama,RJ,55.66,55.89,0.23000000000000398,2024
Senador Amaral,MG,71.75,63.76,-7.990000000000002,2024
Paranaguá,PR,64.89,61.71,-3.1799999999999997,2024
Presidente Médici,RO,65.31,67.81,2.5,2024
Itambé,PE,53.71,43.31,-10.399999999999999,2024
Nova Alvorada do Sul,MS,43.79,56.52,12.730000000000004,2024
Além Paraíba,MG,70.71,55.1,-15.609999999999992,2024
São Felipe D'Oeste,RO,57.76,78.36,20.6,2024
Lagoa do Piauí,PI,11.95,44.87,32.92,2024
Nossa Senhora de Lourdes,SE,26.18,58.77,32.59,2024
Chã Grande,PE,59.42,58.51,-0.9100000000000037,2024
Jataizinho,PR,65.3,60.93,-4.369999999999997,2024
Rosário do Sul,RS,41.94,38.4,-3.539999999999999,2024
Campo Magro,PR,63.18,57.97,-5.210000000000001,2024
Delfinópolis,MG,79.34,68.3,-11.040000000000006,2024
Pedro do Rosário,MA,68.13,57.92,-10.209999999999994,2024
Cacoal,RO,65.39,66.07,0.6799999999999926,2024
Guaíba,RS,54.7,36.9,-17.800000000000004,2024
São Lourenço do Sul,RS,79.22,51.6,-27.619999999999997,2024
Arroio dos Ratos,RS,46.7,40.8,-5.900000000000006,2024
Rosário do Sul,RS,41.94,36.7,-5.239999999999995,2024
Paraíba do Sul,RJ,54.89,51.96,-2.9299999999999997,2024
Carazinho,RS,66.52,42.0,-24.519999999999996,2024
Manacapuru,AM,49.77,47.46,-2.3100000000000023,2024
Itapecuru Mirim,MA,57.76,60.47,2.710000000000001,2024
Minas do Leão,RS,74.31,33.6,-40.71,2024
Canápolis,BA,43.85,29.55,-14.3,2024
São Leopoldo,RS,60.83,37.2,-23.629999999999995,2024
Piratini,RS,63.34,42.8,-20.540000000000006,2024
Itajuípe,BA,41.18,34.09,-7.089999999999996,2024
Cerro Grande do Sul,RS,61.22,45.0,-16.22,2024
Medicilândia,PA,54.08,48.44,-5.640000000000001,2024
Mariluz,PR,65.33,52.21,-13.119999999999997,2024
Pirapetinga,MG,65.52,66.15,0.6300000000000097,2024
Gurinhém,PB,41.85,27.02,-14.830000000000002,2024
Rosário do Sul,RS,41.94,34.1,-7.839999999999996,2024
Terenos,MS,63.66,49.64,-14.019999999999996,2024
Campos Borges,RS,33.67,33.9,0.22999999999999687,2024
Parobé,RS,61.51,37.8,-23.71,2024
Bujaru,PA,56.12,51.61,-4.509999999999998,2024
Tabatinga,AM,47.62,51.68,4.060000000000002,2024
São José do Vale do Rio Preto,RJ,72.76,76.78,4.019999999999996,2024
Mostardas,RS,56.1,40.8,-15.300000000000004,2024
Santa Cecília,SC,68.59,57.41,-11.180000000000007,2024
José Boiteux,SC,43.68,52.77,9.090000000000003,2024
Itaiópolis,SC,67.88,55.99,-11.889999999999993,2024
Zabelê,PB,80.0,64.73,-15.269999999999996,2024
Alagoa Grande,PB,38.31,28.48,-9.830000000000002,2024
Canela,RS,78.87,42.2,-36.67,2024
Pedra Bonita,MG,64.45,65.52,1.0699999999999932,2024
Grajaú,MA,48.35,45.8,-2.5500000000000043,2024
São Sebastião do Alto,RJ,66.38,49.68,-16.699999999999996,2024
São Nicolau,RS,61.56,53.9,-7.660000000000004,2024
São Francisco de Assis do Piauí,PI,40.51,36.86,-3.6499999999999986,2024
Diamante,PB,32.22,72.15,39.93000000000001,2024
Xangri-lá,RS,60.68,37.9,-22.78,2024
Paulo Lopes,SC,65.85,40.02,-25.82999999999999,2024
Ilópolis,RS,80.0,48.3,-31.700000000000003,2024
Sirinhaém,PE,63.56,74.49,10.929999999999993,2024
Antônio Olinto,PR,80.0,88.26,8.260000000000005,2024
Coronel Pacheco,MG,80.0,59.91,-20.090000000000003,2024
Benevides,PA,63.8,65.28,1.480000000000004,2024
Petrópolis,RJ,65.4,64.81,-0.5900000000000034,2024
Governador Edison Lobão,MA,80.0,67.46,-12.540000000000006,2024
Sertanópolis,PR,68.91,61.98,-6.93,2024
Santana,BA,37.01,38.7,1.6900000000000048,2024
Espumoso,RS,80.0,53.3,-26.700000000000003,2024
Quaraí,RS,58.95,46.6,-12.350000000000001,2024
Sombrio,SC,67.39,49.72,-17.67,2024
Manga,MG,31.24,41.78,10.540000000000003,2024
Colinas,MA,62.9,49.9,-13.0,2024
Monte Alegre de Sergipe,SE,31.99,35.07,3.080000000000002,2024
São José do Ouro,RS,65.42,38.3,-27.120000000000005,2024
Macarani,BA,54.13,44.74,-9.39,2024
Camaragibe,PE,62.2,57.57,-4.630000000000003,2024
Itinga,MG,56.85,58.55,1.6999999999999957,2024
Floresta,PE,40.31,51.67,11.36,2024
Benevides,PA,63.8,65.29,1.490000000000009,2024
Serra da Raiz,PB,24.28,48.92,24.64,2024
Taquara,RS,66.57,45.0,-21.569999999999993,2024
Jaçanã,RN,52.38,39.09,-13.29,2024
Carauari,AM,52.7,76.56,23.86,2024
Nova Olinda,TO,32.67,40.7,8.030000000000001,2024
Theobroma,RO,55.53,78.73,23.200000000000003,2024
Tramandaí,RS,58.64,40.2,-18.439999999999998,2024
Vitória da Conquista,BA,53.11,42.75,-10.36,2024
Penedo,AL,47.02,43.12,-3.9000000000000057,2024
Medeiros Neto,BA,56.17,46.9,-9.270000000000003,2024
Limoeiro do Ajuru,PA,52.92,47.82,-5.100000000000001,2024
Guia Lopes da Laguna,MS,52.3,64.58,12.280000000000001,2024
Nanuque,MG,56.6,57.67,1.0700000000000003,2024
Porto Amazonas,PR,71.41,76.84,5.430000000000007,2024
Itumirim,MG,62.66,73.75,11.090000000000003,2024
Alvarães,AM,46.19,65.06,18.870000000000005,2024
Santo Antônio do Jacinto,MG,65.75,65.72,-0.030000000000001137,2024
Rio Brilhante,MS,46.43,52.67,6.240000000000002,2024
São Caitano,PE,50.74,53.17,2.4299999999999997,2024
Jaíba,MG,48.75,63.5,14.75,2024
Candeias do Jamari,RO,54.05,51.63,-2.4199999999999946,2024
Lagoa de Velhos,RN,47.75,29.67,-18.08,2024
Passa e Fica,RN,31.79,41.07,9.280000000000001,2024
Abreulândia,TO,65.03,75.0,9.969999999999999,2024
Flores do Piauí,PI,52.23,43.3,-8.93,2024
Planaltino,BA,58.12,42.86,-15.259999999999998,2024
União do Oeste,SC,69.44,65.0,-4.439999999999998,2024
Caetanos,BA,32.08,46.43,14.350000000000001,2024
Nacip Raydan,MG,62.21,62.86,0.6499999999999986,2024
Barreiras do Piauí,PI,44.83,50.77,5.940000000000005,2024
Jateí,MS,68.83,58.4,-10.43,2024
Colinas do Sul,GO,65.56,58.9,-6.660000000000004,2024
São Gonçalo do Gurguéia,PI,77.0,60.71,-16.29,2024
Bom Jardim de Minas,MG,52.98,60.13,7.150000000000006,2024
Pio XII,MA,32.07,63.6,31.53,2024
Taquarana,AL,49.8,38.96,-10.839999999999996,2024
Tapes,RS,62.14,59.3,-2.8400000000000034,2024
Maripá,PR,80.0,76.69,-3.3100000000000023,2024
Poção de Pedras,MA,80.0,77.27,-2.730000000000004,2024
Peri Mirim,MA,42.07,61.02,18.950000000000003,2024
Santa Cruz de Minas,MG,66.51,43.82,-22.690000000000005,2024
Bodoquena,MS,50.32,46.43,-3.8900000000000006,2024
Vitória de Santo Antão,PE,51.59,50.66,-0.9300000000000068,2024
Águas Lindas de Goiás,GO,54.0,53.9,-0.10000000000000142,2024
Vila Pavão,ES,75.41,61.4,-14.009999999999998,2024
Lajedo,PE,52.98,57.42,4.440000000000005,2024
Bento Gonçalves,RS,77.77,44.3,-33.47,2024
Adustina,BA,50.37,42.45,-7.919999999999995,2024
Mutuípe,BA,61.96,48.92,-13.04,2024
Itabaianinha,SE,62.52,58.61,-3.9100000000000037,2024
Califórnia,PR,80.0,69.28,-10.719999999999999,2024
Ibicoara,BA,35.04,32.53,-2.509999999999998,2024
Vacaria,RS,68.24,38.1,-30.139999999999993,2024
Sant'Ana do Livramento,RS,54.72,47.9,-6.82,2024
Amargosa,BA,55.84,51.0,-4.840000000000003,2024
Floraí,PR,77.73,85.2,7.469999999999999,2024
Buriti Bravo,MA,38.42,57.18,18.759999999999998,2024
Santa Inês,MA,52.49,48.48,-4.010000000000005,2024
Bom Jesus do Norte,ES,69.22,67.33,-1.8900000000000006,2024
Ibimirim,PE,55.58,61.76,6.18,2024
Mato Verde,MG,70.78,61.37,-9.410000000000004,2024
Bom Jardim da Serra,SC,46.82,28.72,-18.1,2024
Carnaúba dos Dantas,RN,67.88,29.88,-38.0,2024
Humaitá,AM,55.15,57.65,2.5,2024
Encruzilhada do Sul,RS,66.52,39.4,-27.119999999999997,2024
Sobradinho,RS,80.0,55.0,-25.0,2024
Uruguaiana,RS,64.39,47.3,-17.090000000000003,2024
Feira Grande,AL,41.94,44.46,2.520000000000003,2024
Candói,PR,74.4,64.69,-9.710000000000008,2024
Matinhos,PR,71.91,63.15,-8.759999999999998,2024
Bocaina de Minas,MG,54.93,73.33,18.4,2024
Lajeado,TO,46.67,38.15,-8.520000000000003,2024
São Borja,RS,67.78,51.3,-16.480000000000004,2024
Orleans,SC,68.14,68.14,0.0,2024
Antas,BA,49.89,23.17,-26.72,2024
Santa Inês,PB,57.18,39.01,-18.17,2024
São Gabriel,RS,64.25,46.6,-17.65,2024
Jangada,MT,59.89,54.87,-5.020000000000003,2024
Viçosa,MG,65.52,72.11,6.590000000000003,2024
Conceição da Barra de Minas,MG,70.55,70.43,-0.11999999999999034,2024
Porto Calvo,AL,43.17,45.99,2.8200000000000003,2024
Irecê,BA,48.05,46.83,-1.2199999999999989,2024
Borba,AM,35.51,54.12,18.61,2024
Dom Eliseu,PA,62.75,69.24,6.489999999999995,2024
Itaipé,MG,61.22,55.18,-6.039999999999999,2024
Novo Hamburgo,RS,65.27,36.0,-29.269999999999996,2024
Novo Hamburgo,RS,65.27,37.0,-28.269999999999996,2024
Andaraí,BA,50.48,47.79,-2.6899999999999977,2024
Novo Hamburgo,RS,65.27,57.4,-7.869999999999997,2024
Ibiporã,PR,74.39,64.9,-9.489999999999995,2024
Pedro Osório,RS,69.69,34.3,-35.39,2024
Ladário,MS,32.39,33.36,0.9699999999999989,2024
Taquara,RS,66.57,44.6,-21.96999999999999,2024
Cachoeirinha,RS,61.68,40.5,-21.18,2024
Itaobim,MG,54.67,52.98,-1.6900000000000048,2024
Foz do Jordão,PR,80.0,78.1,-1.9000000000000057,2024
Santa Cruz da Vitória,BA,50.76,37.04,-13.719999999999999,2024
Cristália,MG,33.57,54.17,20.6,2024
Picada Café,RS,80.0,57.1,-22.9,2024
Porangatu,GO,56.34,49.92,-6.420000000000002,2024
São Francisco do Guaporé,RO,68.1,62.99,-5.109999999999992,2024
Itambacuri,MG,56.29,57.33,1.0399999999999991,2024
Gentio do Ouro,BA,50.71,54.32,3.6099999999999994,2024
Juramento,MG,65.99,55.56,-10.429999999999993,2024
Anamã,AM,40.16,77.78,37.620000000000005,2024
Lunardelli,PR,61.2,70.4,9.200000000000003,2024
Sertão,RS,63.15,47.2,-15.949999999999996,2024
Jequitibá,MG,57.0,65.96,8.959999999999994,2024
Humaitá,AM,55.15,57.23,2.0799999999999983,2024
Conceição do Lago-Açu,MA,49.69,54.26,4.57,2024
Santo Antônio do Aventureiro,MG,80.0,45.65,-34.35,2024
Alto Bela Vista,SC,80.0,85.18,5.180000000000007,2024
Santana do Ipanema,AL,41.57,44.16,2.5899999999999963,2024
Giruá,RS,76.85,61.1,-15.749999999999993,2024
Nova Bassano,RS,78.22,51.8,-26.42,2024
Serra dos Aimorés,MG,56.46,65.83,9.369999999999997,2024
Água Santa,RS,67.13,55.1,-12.029999999999994,2024
Laranjeiras do Sul,PR,73.37,68.0,-5.3700000000000045,2024
Candeias,BA,39.6,36.67,-2.9299999999999997,2024
Penedo,AL,47.02,42.23,-4.790000000000006,2024
Itaocara,RJ,67.71,70.09,2.3800000000000097,2024
Paulo Frontin,PR,80.0,84.51,4.510000000000005,2024
Tapes,RS,62.14,51.3,-10.840000000000003,2024
Iaras,SP,48.52,42.77,-5.75,2024
Constantina,RS,80.0,45.7,-34.3,2024
Palmeirante,TO,14.38,31.27,16.89,2024
Rio Acima,MG,46.93,72.91,25.979999999999997,2024
Ibirajuba,PE,45.68,62.42,16.740000000000002,2024
Araioses,MA,60.17,42.52,-17.65,2024
Barra do Ribeiro,RS,70.43,31.6,-38.830000000000005,2024
Lebon Régis,SC,47.04,56.41,9.369999999999997,2024
Barra da Estiva,BA,52.87,47.17,-5.699999999999996,2024
São Pedro da Serra,RS,80.0,58.8,-21.200000000000003,2024
Colombo,PR,67.38,60.67,-6.709999999999994,2024
Barcelos,AM,53.75,73.58,19.83,2024
União,PI,34.02,35.21,1.1899999999999977,2024
Valença,RJ,61.95,55.84,-6.109999999999999,2024
Cujubim,RO,77.84,67.6,-10.240000000000009,2024
Loanda,PR,73.6,73.8,0.20000000000000284,2024
Cacoal,RO,65.39,67.38,1.9899999999999949,2024
Joaquim Gomes,AL,40.35,26.12,-14.23,2024
Água Nova,RN,40.19,39.66,-0.5300000000000011,2024
Carneirinho,MG,56.8,64.51,7.710000000000008,2024
Eldorado,MS,76.1,56.45,-19.64999999999999,2024
Ibimirim,PE,55.58,63.13,7.550000000000004,2024
Caém,BA,42.1,36.71,-5.390000000000001,2024
Arroio dos Ratos,RS,46.7,43.2,-3.5,2024
Sarandi,PR,61.63,56.55,-5.080000000000005,2024
Itaú,RN,57.42,50.96,-6.460000000000001,2024
Bossoroca,RS,54.93,38.4,-16.53,2024
São José de Mipibu,RN,41.43,34.77,-6.659999999999997,2024
Parobé,RS,61.51,38.0,-23.509999999999998,2024
Areia Branca,SE,34.29,44.81,10.520000000000003,2024
Igrejinha,RS,80.0,47.7,-32.3,2024
Palmares do Sul,RS,57.88,50.3,-7.580000000000005,2024
Arapoti,PR,76.12,67.63,-8.490000000000009,2024
São Gabriel do Oeste,MS,56.9,62.23,5.329999999999998,2024
Xambrê,PR,74.79,55.19,-19.60000000000001,2024
Umuarama,PR,66.74,63.1,-3.6399999999999935,2024
Lages,SC,53.71,48.33,-5.380000000000003,2024
Arinos,MG,50.89,46.89,-4.0,2024
Tapauá,AM,54.31,51.81,-2.5,2024
Londrina,PR,74.82,65.33,-9.489999999999995,2024
Santa Luzia D'Oeste,RO,76.7,83.36,6.659999999999997,2024
Taipu,RN,43.17,37.29,-5.880000000000003,2024
Canarana,MT,39.4,42.06,2.6600000000000037,2024
Maragogi,AL,39.36,45.6,6.240000000000002,2024
Cândido Mendes,MA,64.65,49.53,-15.120000000000005,2024
Ouro Preto do Oeste,RO,73.58,66.4,-7.179999999999993,2024
Jaquirana,RS,70.35,25.6,-44.74999999999999,2024
Torre de Pedra,SP,40.22,30.77,-9.45,2024
Jaguaruna,SC,48.39,60.98,12.589999999999996,2024
Divinésia,MG,48.91,75.0,26.090000000000003,2024
Urucará,AM,60.83,80.77,19.939999999999998,2024
Novo Horizonte do Oeste,RO,73.7,70.67,-3.030000000000001,2024
Nhamundá,AM,67.18,63.46,-3.720000000000006,2024
Constantina,RS,80.0,48.5,-31.5,2024
Januária,MG,27.24,47.12,19.88,2024
Monte Santo de Minas,MG,48.17,61.59,13.420000000000002,2024
Nossa Senhora da Glória,SE,36.66,37.56,0.9000000000000057,2024
Telêmaco Borba,PR,65.96,61.71,-4.249999999999993,2024
Caputira,MG,62.8,83.3,20.5,2024
Apuí,AM,60.64,79.5,18.86,2024
Caiçara do Rio do Vento,RN,44.52,36.91,-7.6100000000000065,2024
Boa Nova,BA,49.97,46.51,-3.460000000000001,2024
Sombrio,SC,67.39,52.23,-15.160000000000004,2024
Santana do Araguaia,PA,58.75,58.51,-0.240000000000002,2024
Serrita,PE,58.07,59.7,1.6300000000000026,2024
Caraí,MG,48.07,71.52,23.449999999999996,2024
Vale do Sol,RS,80.0,51.6,-28.4,2024
Almas,TO,22.65,48.18,25.53,2024
Barão de Cocais,MG,62.28,62.71,0.4299999999999997,2024
Aceguá,RS,71.55,52.5,-19.049999999999997,2024
Itatuba,PB,30.53,36.64,6.109999999999999,2024
Tremedal,BA,54.5,42.86,-11.64,2024
Benedito Leite,MA,59.98,47.28,-12.699999999999996,2024
Porto Real,RJ,63.97,63.3,-0.6700000000000017,2024
Capão do Leão,RS,53.81,29.8,-24.01,2024
Bayeux,PB,40.74,38.08,-2.6600000000000037,2024
Laguna,SC,40.16,34.29,-5.869999999999997,2024
Pureza,RN,42.59,33.85,-8.740000000000002,2024
Natividade,TO,35.38,43.89,8.509999999999998,2024
Óbidos,PA,53.94,53.98,0.03999999999999915,2024
São José do Calçado,ES,75.36,62.35,-13.009999999999998,2024
Barracão,PR,73.73,73.99,0.2599999999999909,2024
Rio Verde de Mato Grosso,MS,52.63,49.11,-3.520000000000003,2024
Maracaju,MS,46.82,46.55,-0.2700000000000031,2024
Santa Cruz de Monte Castelo,PR,80.0,59.1,-20.9,2024
Canaã dos Carajás,PA,65.05,65.12,0.07000000000000739,2024
Dilermando de Aguiar,RS,69.35,53.6,-15.749999999999993,2024
Porto,PI,46.38,36.04,-10.340000000000003,2024
Calçoene,AP,41.81,40.24,-1.5700000000000003,2024
Boa Ventura,PB,35.73,47.71,11.980000000000004,2024
São Gabriel do Oeste,MS,56.9,62.1,5.200000000000003,2024
Eunápolis,BA,41.41,38.37,-3.039999999999999,2024
Matina,BA,47.77,42.52,-5.25,2024
São Borja,RS,67.78,48.2,-19.58,2024
Marechal Deodoro,AL,46.8,46.23,-0.5700000000000003,2024
São Miguel das Missões,RS,76.86,50.7,-26.159999999999997,2024
Itaipé,MG,61.22,60.31,-0.9099999999999966,2024
Itaperuna,RJ,70.46,65.26,-5.199999999999989,2024
Capela,AL,47.36,42.53,-4.829999999999998,2024
Armação dos Búzios,RJ,69.27,68.56,-0.7099999999999937,2024
Mambaí,GO,55.28,68.27,12.989999999999995,2024
Manoel Ribas,PR,69.69,71.98,2.2900000000000063,2024
Itumirim,MG,62.66,82.59,19.930000000000007,2024
José de Freitas,PI,54.78,42.98,-11.800000000000004,2024
Silvanópolis,TO,41.52,37.39,-4.130000000000003,2024
Sanharó,PE,47.86,65.85,17.989999999999995,2024
Pinheiral,RJ,56.08,63.28,7.200000000000003,2024
Tacaratu,PE,60.02,73.8,13.779999999999994,2024
Piranga,MG,63.43,75.27,11.839999999999996,2024
Ipanguaçu,RN,20.1,43.03,22.93,2024
Poção,PE,65.42,64.18,-1.2399999999999949,2024
Ortigueira,PR,65.49,57.28,-8.209999999999994,2024
Manicoré,AM,56.43,69.4,12.970000000000006,2024
Pintópolis,MG,53.21,64.82,11.609999999999992,2024
Colinas,RS,80.0,39.9,-40.1,2024
Costa Rica,MS,45.24,54.88,9.64,2024
Manaus,AM,56.8,56.52,-0.27999999999999403,2024
Macau,RN,34.46,32.43,-2.030000000000001,2024
Passagem,RN,52.73,50.69,-2.039999999999999,2024
Passagem Franca,MA,77.24,58.43,-18.809999999999995,2024
Tutóia,MA,44.16,57.61,13.450000000000003,2024
Nossa Senhora das Dores,SE,39.64,28.0,-11.64,2024
Nova Ramada,RS,80.0,28.0,-52.0,2024
Nazaré do Piauí,PI,52.31,39.0,-13.310000000000002,2024
Lagoa dos Três Cantos,RS,64.89,36.0,-28.89,2024
Wagner,BA,57.82,45.0,-12.82,2024
Lassance,MG,80.0,48.0,-32.0,2024
São Miguel dos Milagres,AL,41.31,50.67,9.36,2024
Poço das Antas,RS,80.0,66.3,-13.700000000000003,2024
Fartura do Piauí,PI,43.27,52.0,8.729999999999997,2024
Harmonia,RS,80.0,60.0,-20.0,2024
Arcoverde,PE,62.92,70.04,7.1200000000000045,2024
Clevelândia,PR,74.18,74.84,0.6599999999999966,2024
Novo Barreiro,RS,65.03,37.0,-28.03,2024
São José de Mipibu,RN,41.43,33.92,-7.509999999999998,2024
Tapes,RS,62.14,37.6,-24.54,2024
Belo Jardim,PE,54.67,43.93,-10.740000000000002,2024
Satuba,AL,48.85,55.11,6.259999999999998,2024
Iporã,PR,66.75,68.95,2.200000000000003,2024
São Luís Gonzaga do Maranhão,MA,75.6,70.44,-5.159999999999997,2024
Emilianópolis,SP,53.16,88.58,35.42,2024
São Gonçalo do Amarante,RN,56.91,32.48,-24.43,2024
Patu,RN,39.13,32.76,-6.3700000000000045,2024
Rio Pardo,RS,74.39,63.4,-10.990000000000002,2024
Curitibanos,SC,53.71,53.48,-0.23000000000000398,2024
Balneário Piçarras,SC,64.55,53.84,-10.709999999999994,2024
Carolina,MA,50.25,50.96,0.7100000000000009,2024
Canhotinho,PE,53.45,65.49,12.039999999999992,2024
Alta Floresta D'Oeste,RO,67.08,67.79,0.710000000000008,2024
Cachoeirinha,RS,61.68,40.6,-21.08,2024
Igrejinha,RS,80.0,49.6,-30.4,2024
Tasso Fragoso,MA,50.74,54.9,4.159999999999997,2024
Simonésia,MG,67.98,80.01,12.030000000000001,2024
Arês,RN,31.97,31.22,-0.75,2024
Santa Rosa,RS,73.6,43.2,-30.39999999999999,2024
Sant'Ana do Livramento,RS,54.72,49.2,-5.519999999999996,2024
Riacho de Santana,BA,48.17,52.53,4.359999999999999,2024
Coroatá,MA,47.59,55.72,8.129999999999995,2024
Paudalho,PE,65.79,66.03,0.23999999999999488,2024
Mandirituba,PR,79.47,64.48,-14.989999999999995,2024
Araruna,PR,76.65,77.54,0.8900000000000006,2024
Campanário,MG,64.52,47.62,-16.9,2024
Juiz de Fora,MG,49.46,49.55,0.0899999999999963,2024
Teixeiras,MG,76.18,75.97,-0.21000000000000796,2024
Barra Mansa,RJ,62.64,63.88,1.240000000000002,2024
Pitanga,PR,74.08,73.42,-0.6599999999999966,2024
Rio Sono,TO,35.01,26.8,-8.209999999999997,2024
Alto Piquiri,PR,75.54,64.66,-10.88000000000001,2024
Rondon do Pará,PA,63.45,68.8,5.349999999999994,2024
Ubatuba,SP,47.43,36.64,-10.79,2024
Parnaguá,PI,69.66,47.35,-22.309999999999995,2024
Jaíba,MG,48.75,59.64,10.89,2024
Paulista,PB,64.86,40.28,-24.58,2024
Simões Filho,BA,48.58,42.14,-6.439999999999998,2024
Antonina,PR,68.53,63.75,-4.780000000000001,2024
Padre Carvalho,MG,52.45,64.75,12.299999999999997,2024
Diamante D'Oeste,PR,69.28,74.32,5.039999999999992,2024
Cruzeiro do Sul,PR,72.78,71.42,-1.3599999999999994,2024
Novo Airão,AM,76.5,69.39,-7.109999999999999,2024
Aguiarnópolis,TO,32.42,40.89,8.469999999999999,2024
Chácara,MG,35.95,44.9,8.949999999999996,2024
Jardim,MS,42.02,53.84,11.82,2024
Conquista,MG,70.54,65.5,-5.040000000000006,2024
Salto do Jacuí,RS,80.0,58.1,-21.9,2024
Bom Jardim da Serra,SC,46.82,34.51,-12.310000000000002,2024
Santo Antônio do Descoberto,GO,48.66,53.64,4.980000000000004,2024
Santa Bárbara do Monte Verde,MG,56.62,67.82,11.199999999999996,2024
Chopinzinho,PR,80.0,70.85,-9.150000000000006,2024
Torres,RS,65.68,44.0,-21.680000000000007,2024
São Borja,RS,67.78,46.4,-21.380000000000003,2024
Paranapanema,SP,54.37,42.59,-11.779999999999994,2024
São José dos Basílios,MA,19.22,56.16,36.94,2024
Angra dos Reis,RJ,60.82,60.8,-0.020000000000003126,2024
Rio das Flores,RJ,63.05,67.73,4.680000000000007,2024
Mata Grande,AL,46.37,42.45,-3.9199999999999946,2024
São Pedro do Butiá,RS,80.0,64.0,-16.0,2024
Centenário do Sul,PR,58.53,74.15,15.620000000000005,2024
Campo Bonito,PR,73.98,78.31,4.329999999999998,2024
Nova Cruz,RN,37.61,27.74,-9.870000000000001,2024
Ipanguaçu,RN,20.1,40.91,20.809999999999995,2024
Uruguaiana,RS,64.39,45.7,-18.689999999999998,2024
Alto Paraná,PR,67.45,70.12,2.6700000000000017,2024
Canoas,RS,57.6,41.4,-16.200000000000003,2024
Palmares,PE,48.92,64.85,15.929999999999993,2024
Batalha,AL,40.06,45.96,5.899999999999999,2024
Rosário do Ivaí,PR,71.09,77.0,5.909999999999997,2024
Simão Dias,SE,40.09,57.12,17.029999999999994,2024
Trindade do Sul,RS,80.0,41.7,-38.3,2024
Tunas,RS,70.11,41.1,-29.009999999999998,2024
Nobres,MT,60.77,43.0,-17.770000000000003,2024
Macambira,SE,44.75,29.17,-15.579999999999998,2024
Maçambará,RS,69.08,49.9,-19.18,2024
Rochedo de Minas,MG,60.44,58.33,-2.1099999999999994,2024
São Valentim,RS,80.0,48.5,-31.5,2024
Flor do Sertão,SC,80.0,58.33,-21.67,2024
Jateí,MS,68.83,57.92,-10.909999999999997,2024
Ortigueira,PR,65.49,58.43,-7.059999999999995,2024
Nova Boa Vista,RS,80.0,66.7,-13.299999999999997,2024
Costa Marques,RO,80.0,59.63,-20.369999999999997,2024
São Miguel do Fidalgo,PI,59.81,64.42,4.609999999999999,2024
Guarani de Goiás,GO,39.09,64.58,25.489999999999995,2024
Cajazeiras do Piauí,PI,80.0,75.0,-5.0,2024
Bela Vista de Minas,MG,66.46,70.83,4.3700000000000045,2024
Senhora dos Remédios,MG,80.0,87.08,7.079999999999998,2024
Gravataí,RS,66.33,41.0,-25.33,2024
Caxias do Sul,RS,70.89,43.2,-27.689999999999998,2024
Tapauá,AM,54.31,50.55,-3.760000000000005,2024
Algodão de Jandaíra,PB,50.06,50.16,0.09999999999999432,2024
Teolândia,BA,52.65,44.76,-7.890000000000001,2024
Imperatriz,MA,50.82,54.73,3.9099999999999966,2024
Santana do Manhuaçu,MG,80.0,77.24,-2.760000000000005,2024
São Tomé,RN,27.18,37.72,10.54,2024
Terra Nova,BA,30.46,28.42,-2.039999999999999,2024
Porto Alegre do Tocantins,TO,12.49,37.89,25.4,2024
Jaborandi,BA,47.06,43.16,-3.9000000000000057,2024
Campo Alegre,SC,68.68,59.82,-8.860000000000007,2024
Guarujá do Sul,SC,80.0,59.9,-20.1,2024
Iguaba Grande,RJ,65.34,70.32,4.97999999999999,2024
Uruçuí,PI,34.96,31.55,-3.41,2024
Rafael Fernandes,RN,59.65,41.81,-17.839999999999996,2024
Livramento de Nossa Senhora,BA,44.87,38.06,-6.809999999999995,2024
Canoas,RS,57.6,42.9,-14.700000000000003,2024
Santo Antônio,RN,68.69,48.64,-20.049999999999997,2024
Itaporã,MS,70.79,54.29,-16.500000000000007,2024
Ipupiara,BA,68.9,59.15,-9.750000000000007,2024
São José dos Pinhais,PR,69.26,64.3,-4.960000000000008,2024
Matozinhos,MG,52.79,62.97,10.18,2024
Sabinópolis,MG,46.78,60.64,13.86,2024
Igarassu,PE,65.47,66.97,1.5,2024
Macau,RN,34.46,32.32,-2.1400000000000006,2024
Pinhais,PR,65.58,57.37,-8.21,2024
Volta Redonda,RJ,63.41,63.25,-0.1599999999999966,2024
Pedro Velho,RN,23.8,24.55,0.75,2024
Nova Fátima,BA,52.21,31.91,-20.3,2024
Barra do Quaraí,RS,64.15,25.5,-38.650000000000006,2024
Gravataí,RS,66.33,40.5,-25.83,2024
Bagé,RS,64.98,43.3,-21.680000000000007,2024
Paramirim,BA,52.28,48.94,-3.3400000000000034,2024
Novo Progresso,PA,64.5,56.8,-7.700000000000003,2024
Pouso Redondo,SC,68.69,60.13,-8.559999999999995,2024
Naque,MG,79.61,64.96,-14.650000000000006,2024
Itaipava do Grajaú,MA,80.0,72.99,-7.010000000000005,2024
Vale do Anari,RO,43.54,55.65,12.11,2024
Vassouras,RJ,67.8,60.33,-7.469999999999999,2024
Anastácio,MS,34.56,41.7,7.140000000000001,2024
Giruá,RS,76.85,52.3,-24.549999999999997,2024
Itaquiraí,MS,74.38,79.41,5.030000000000001,2024
São Gonçalo do Amarante,RN,56.91,33.42,-23.489999999999995,2024
Santo Expedito do Sul,RS,80.0,78.1,-1.9000000000000057,2024
Timbiras,MA,47.97,44.63,-3.3399999999999963,2024
Paverama,RS,66.28,40.7,-25.58,2024
Careaçu,MG,80.0,74.18,-5.819999999999993,2024
Osório,RS,69.76,44.5,-25.260000000000005,2024
Ibiracatu,MG,66.87,56.19,-10.680000000000007,2024
Três Ranchos,GO,79.54,84.05,4.509999999999991,2024
Campo do Tenente,PR,80.0,80.98,0.980000000000004,2024
Santana da Boa Vista,RS,53.93,33.9,-20.03,2024
Cafezal do Sul,PR,59.73,64.76,5.030000000000008,2024
Araguaçu,TO,50.21,40.54,-9.670000000000002,2024
São Francisco do Brejão,MA,65.51,42.73,-22.78000000000001,2024
Conceição de Ipanema,MG,80.0,74.88,-5.1200000000000045,2024
Alvorada de Minas,MG,47.88,57.56,9.68,2024
Vitorino Freire,MA,55.82,73.1,17.279999999999994,2024
Roncador,PR,80.0,76.32,-3.680000000000007,2024
Porto Mauá,RS,47.22,95.2,47.980000000000004,2024
Morro Agudo,SP,59.31,45.3,-14.010000000000005,2024
Presidente Lucena,RS,80.0,56.3,-23.700000000000003,2024
Floresta do Araguaia,PA,53.03,67.37,14.340000000000003,2024
Lamarão,BA,29.42,19.57,-9.850000000000001,2024
Água Fria,BA,28.14,30.43,2.289999999999999,2024
Regeneração,PI,47.06,31.32,-15.740000000000002,2024
São Vicente,RN,65.76,47.83,-17.930000000000007,2024
Portão,RS,60.02,39.7,-20.32,2024
Santa Vitória do Palmar,RS,59.99,46.0,-13.990000000000002,2024
Lafaiete Coutinho,BA,69.64,56.52,-13.119999999999997,2024
Jaíba,MG,48.75,57.52,8.770000000000003,2024
Miranda do Norte,MA,59.27,50.55,-8.720000000000006,2024
Grossos,RN,46.65,73.91,27.259999999999998,2024
Constantina,RS,80.0,60.9,-19.1,2024
Corumbá de Goiás,GO,73.34,80.7,7.359999999999999,2024
Água Limpa,GO,71.23,78.26,7.030000000000001,2024
Dom Feliciano,RS,63.01,78.3,15.29,2024
Santa Filomena,PE,62.41,53.14,-9.269999999999996,2024
Passo do Sobrado,RS,80.0,50.2,-29.799999999999997,2024
Teresópolis,RJ,63.09,64.17,1.0799999999999983,2024
Chapadão do Lageado,SC,57.0,65.91,8.909999999999997,2024
Santa Rita,PB,47.0,35.79,-11.21,2024
São João do Paraíso,MA,40.36,43.97,3.6099999999999994,2024
Porto Esperidião,MT,49.74,49.8,0.05999999999999517,2024
Itaipé,MG,61.22,68.78,7.560000000000002,2024
Restinga Seca,RS,51.07,58.8,7.729999999999997,2024
Chuvisca,RS,72.46,69.0,-3.4599999999999937,2024
Agrestina,PE,73.01,64.09,-8.920000000000002,2024
Santa Rosa do Tocantins,TO,27.99,36.92,8.930000000000003,2024
Nonoai,RS,48.14,44.6,-3.539999999999999,2024
Resplendor,MG,72.87,61.12,-11.750000000000007,2024
Santo Cristo,RS,76.62,59.8,-16.820000000000007,2024
Cachoeira do Sul,RS,61.21,40.2,-21.009999999999998,2024
Macaúbas,BA,49.35,31.5,-17.85,2024
Sapiranga,RS,73.9,41.1,-32.800000000000004,2024
Rochedo,MS,45.12,48.97,3.8500000000000014,2024
Laje do Muriaé,RJ,50.82,48.41,-2.4100000000000037,2024
Olinda,PE,62.95,62.29,-0.6600000000000037,2024
Santa Cruz do Capibaribe,PE,57.31,55.94,-1.3700000000000045,2024
Ulianópolis,PA,64.77,61.52,-3.249999999999993,2024
Cuité de Mamanguape,PB,16.05,22.16,6.109999999999999,2024
Araruna,PB,41.93,40.53,-1.3999999999999986,2024
São José da Tapera,AL,54.11,50.43,-3.6799999999999997,2024
Paraguaçu,MG,65.34,69.21,3.8699999999999903,2024
Porto União,SC,72.02,59.53,-12.489999999999995,2024
Sapé,PB,40.74,39.0,-1.740000000000002,2024
Butiá,RS,55.99,45.8,-10.190000000000005,2024
Santo Augusto,RS,78.05,59.1,-18.949999999999996,2024
Carutapera,MA,59.63,61.21,1.5799999999999983,2024
Buritirana,MA,64.45,54.91,-9.540000000000006,2024
Rio das Ostras,RJ,68.13,68.67,0.5400000000000063,2024
Itatiaia,RJ,67.45,67.6,0.14999999999999147,2024
Balneário Rincão,SC,55.22,39.68,-15.54,2024
Santo Amaro das Brotas,SE,41.37,51.11,9.740000000000002,2024
Sapucaia do Sul,RS,62.6,47.3,-15.300000000000004,2024
Tavares,RS,68.03,28.9,-39.13,2024
Viçosa,AL,46.3,49.91,3.6099999999999994,2024
São José da Boa Vista,PR,80.0,76.15,-3.8499999999999943,2024
Itapiratins,TO,41.84,53.53,11.689999999999998,2024
Piratini,RS,63.34,54.5,-8.840000000000003,2024
Aguiar,PB,70.54,61.96,-8.580000000000005,2024
Luislândia,MG,54.93,76.02,21.089999999999996,2024
Bossoroca,RS,54.93,46.9,-8.030000000000001,2024
Cícero Dantas,BA,37.98,36.31,-1.6699999999999946,2024
Passo Fundo,RS,62.1,38.5,-23.6,2024
Dário Meira,BA,44.31,41.07,-3.240000000000002,2024
Surubim,PE,59.49,58.71,-0.7800000000000011,2024
Coronel Sapucaia,MS,79.13,60.75,-18.379999999999995,2024
Teixeiras,MG,76.18,71.12,-5.060000000000002,2024
Bela Vista do Maranhão,MA,56.48,77.73,21.250000000000007,2024
Pojuca,BA,63.76,51.55,-12.21,2024
Santa Maria Madalena,RJ,67.06,65.02,-2.0400000000000063,2024
Santa Inês,MA,52.49,50.83,-1.6600000000000037,2024
Ibiassucê,BA,67.46,61.19,-6.269999999999996,2024
Esteio,RS,66.11,46.6,-19.509999999999998,2024
Ponte Serrada,SC,57.53,43.83,-13.700000000000003,2024
Palmeiras,BA,49.55,40.45,-9.099999999999994,2024
Geminiano,PI,26.56,53.59,27.030000000000005,2024
Calmon,SC,65.76,57.9,-7.8600000000000065,2024
Campo Grande,MS,47.69,51.76,4.07,2024
Maracajá,SC,62.07,61.81,-0.259999999999998,2024
Campo Grande,MS,47.69,51.59,3.9000000000000057,2024
Manga,MG,31.24,41.04,9.8,2024
Montalvânia,MG,53.65,60.75,7.100000000000001,2024
Guimarães,MA,80.0,86.95,6.950000000000003,2024
Anastácio,MS,34.56,40.97,6.409999999999997,2024
Conceição das Alagoas,MG,59.46,58.64,-0.8200000000000003,2024
Cacimbinhas,AL,37.62,54.19,16.57,2024
Vicência,PE,61.19,68.15,6.960000000000008,2024
Portão,RS,60.02,39.8,-20.220000000000006,2024
Martins,RN,47.7,54.91,7.209999999999994,2024
Nanuque,MG,56.6,60.09,3.490000000000002,2024
Bom Sucesso,PR,57.91,72.9,14.990000000000009,2024
Monte do Carmo,TO,71.56,19.71,-51.85,2024
Passo Fundo,RS,62.1,36.5,-25.6,2024
Mirante da Serra,RO,62.66,73.82,11.159999999999997,2024
Floresta do Piauí,PI,80.0,54.55,-25.450000000000003,2024
Pugmil,TO,27.85,40.91,13.059999999999995,2024
Bozano,RS,80.0,27.3,-52.7,2024
Quixabá,PB,70.95,45.45,-25.5,2024
Pedro Laurentino,PI,44.28,47.35,3.0700000000000003,2024
Tapiramutá,BA,39.97,41.82,1.8500000000000014,2024
Canoas,RS,57.6,49.0,-8.600000000000001,2024
Feira da Mata,BA,59.76,45.45,-14.309999999999995,2024
Campo Bom,RS,77.73,59.1,-18.630000000000003,2024
Mata,RS,67.91,50.0,-17.909999999999997,2024
Amaral Ferrador,RS,72.06,57.2,-14.86,2024
Vila Flores,RS,80.0,68.8,-11.200000000000003,2024
Presidente Juscelino,MG,80.0,54.55,-25.450000000000003,2024
Maximiliano de Almeida,RS,80.0,50.0,-30.0,2024
Progresso,RS,78.65,64.8,-13.850000000000009,2024
Diorama,GO,80.0,77.27,-2.730000000000004,2024
Itumirim,MG,62.66,95.45,32.790000000000006,2024
São Pedro de Alcântara,SC,74.91,63.64,-11.269999999999996,2024
Remanso,BA,32.32,35.26,2.9399999999999977,2024
Mojuí dos Campos,PA,59.31,43.72,-15.590000000000003,2024
Boca do Acre,AM,62.56,56.69,-5.8700000000000045,2024
Itambacuri,MG,56.29,56.95,0.6600000000000037,2024
Tijucas do Sul,PR,78.94,68.4,-10.539999999999992,2024
Rolim de Moura,RO,70.6,75.19,4.590000000000003,2024
Morro do Chapéu,BA,42.87,28.31,-14.559999999999999,2024
Itabaiana,SE,33.84,35.59,1.75,2024
Felipe Guerra,RN,58.61,51.71,-6.899999999999999,2024
Caxias do Sul,RS,70.89,43.6,-27.29,2024
Braço do Norte,SC,63.84,55.81,-8.030000000000001,2024
Paracambi,RJ,66.88,69.98,3.1000000000000085,2024
São Francisco do Glória,MG,62.82,78.59,15.770000000000003,2024
Quatis,RJ,54.03,60.05,6.019999999999996,2024
Fazenda Rio Grande,PR,70.65,64.69,-5.960000000000008,2024
Carlópolis,PR,74.67,66.18,-8.489999999999995,2024
Balneário Rincão,SC,55.22,51.64,-3.5799999999999983,2024
Formigueiro,RS,80.0,56.9,-23.1,2024
Senador La Rocque,MA,39.21,64.13,24.919999999999995,2024
Cajapió,MA,68.3,64.0,-4.299999999999997,2024
Bandeirante,SC,71.69,56.89,-14.799999999999997,2024
Goiana,PE,57.59,45.89,-11.700000000000003,2024
Aquidauana,MS,71.59,58.42,-13.170000000000002,2024
Afrânio,PE,58.8,59.87,1.0700000000000003,2024
São João do Manhuaçu,MG,77.22,71.72,-5.5,2024
Pinhalão,PR,74.89,76.88,1.9899999999999949,2024
Desterro,PB,59.88,45.8,-14.080000000000005,2024
Calçoene,AP,41.81,39.25,-2.5600000000000023,2024
Santo Antônio da Platina,PR,63.64,55.04,-8.600000000000001,2024
Sete Lagoas,MG,57.97,60.35,2.3800000000000026,2024
Espigão D'Oeste,RO,80.0,69.79,-10.209999999999994,2024
Claro dos Poções,MG,71.63,68.63,-3.0,2024
Alvorada do Gurguéia,PI,70.23,41.74,-28.490000000000002,2024
Ninheira,MG,54.31,77.17,22.86,2024
Esteio,RS,66.11,47.0,-19.11,2024
Feliz,RS,73.9,46.1,-27.800000000000004,2024
Balneário Rincão,SC,55.22,54.65,-0.5700000000000003,2024
Cruz Alta,RS,61.17,58.8,-2.3700000000000045,2024
Tomazina,PR,80.0,83.7,3.700000000000003,2024
Nova Cruz,RN,37.61,28.42,-9.189999999999998,2024
Gravataí,RS,66.33,37.3,-29.03,2024
Cocalinho,MT,78.9,52.39,-26.510000000000005,2024
Vertentes,PE,59.19,56.85,-2.3399999999999963,2024
Aliança do Tocantins,TO,80.0,76.09,-3.9099999999999966,2024
Pirapora do Bom Jesus,SP,49.33,40.79,-8.54,2024
Giruá,RS,76.85,46.3,-30.549999999999997,2024
Bandeirantes,MS,33.17,52.42,19.25,2024
Itacarambi,MG,54.5,59.28,4.780000000000001,2024
Santa Cruz do Sul,RS,67.32,43.8,-23.519999999999996,2024
Pureza,RN,42.59,36.22,-6.3700000000000045,2024
Meleiro,SC,58.99,48.04,-10.950000000000003,2024
João Lisboa,MA,41.8,55.83,14.030000000000001,2024
Paulista,PE,55.98,54.94,-1.0399999999999991,2024
Jenipapo dos Vieiras,MA,52.45,69.39,16.939999999999998,2024
Santarém Novo,PA,56.76,78.25,21.490000000000002,2024
Várzea Grande,MT,53.18,41.63,-11.549999999999997,2024
Garibaldi,RS,75.26,54.4,-20.860000000000007,2024
Pouso Redondo,SC,68.69,63.51,-5.18,2024
São Vicente do Sul,RS,77.73,46.3,-31.430000000000007,2024
Serra Azul,SP,31.16,44.65,13.489999999999998,2024
Alagoinha,PE,48.79,53.87,5.079999999999998,2024
Lago da Pedra,MA,80.0,79.18,-0.8199999999999932,2024
Duque Bacelar,MA,71.09,81.51,10.420000000000002,2024
Amarante do Maranhão,MA,51.2,41.33,-9.870000000000005,2024
América Dourada,BA,39.16,43.23,4.07,2024
Dourados,MS,46.65,53.18,6.530000000000001,2024
Paulista,PE,55.98,55.54,-0.4399999999999977,2024
Santa Bárbara,MG,71.52,66.55,-4.969999999999999,2024
Itinga do Maranhão,MA,79.93,60.13,-19.800000000000004,2024
Flor da Serra do Sul,PR,80.0,85.55,5.549999999999997,2024
Passo Fundo,RS,62.1,32.7,-29.4,2024
Montenegro,RS,68.22,43.0,-25.22,2024
Pilar,AL,44.11,45.81,1.7000000000000028,2024
Ladainha,MG,31.02,54.47,23.45,2024
Ipojuca,PE,70.24,64.15,-6.089999999999989,2024
Nova Friburgo,RJ,67.69,68.84,1.1500000000000057,2024
Tuntum,MA,45.32,66.43,21.110000000000007,2024
Hulha Negra,RS,71.75,20.3,-51.45,2024
Uruguaiana,RS,64.39,43.9,-20.490000000000002,2024
Vazante,MG,49.64,58.25,8.61,2024
Porto Alegre do Norte,MT,38.13,53.25,15.119999999999997,2024
Ituaçu,BA,61.25,43.98,-17.270000000000003,2024
Prata,MG,59.46,50.5,-8.96,2024
Paraopeba,MG,53.95,72.26,18.310000000000002,2024
Presidente Médici,RO,65.31,60.01,-5.300000000000004,2024
Vale Real,RS,76.86,40.0,-36.86,2024
Carira,SE,40.4,34.24,-6.159999999999997,2024
Cruz Alta,RS,61.17,54.7,-6.469999999999999,2024
Simonésia,MG,67.98,72.42,4.439999999999998,2024
Darcinópolis,TO,38.24,45.61,7.369999999999997,2024
Bonito,MS,57.78,58.78,1.0,2024
Funilândia,MG,56.12,69.2,13.080000000000005,2024
Castanheira,MT,65.88,64.87,-1.009999999999991,2024
Jaguaquara,BA,51.78,53.7,1.9200000000000017,2024
Piratini,RS,63.34,57.7,-5.640000000000001,2024
Timbé do Sul,SC,72.66,80.2,7.540000000000006,2024
São Sebastião do Caí,RS,61.4,37.1,-24.299999999999997,2024
Sombrio,SC,67.39,57.72,-9.670000000000002,2024
Coroaci,MG,60.17,73.42,13.25,2024
Tacuru,MS,56.3,56.62,0.3200000000000003,2024
Pavão,MG,80.0,81.4,1.4000000000000057,2024
Materlândia,MG,43.68,28.57,-15.11,2024
Macapá,AP,49.2,37.65,-11.550000000000004,2024
Doresópolis,MG,44.9,66.67,21.770000000000003,2024
Bom Jardim da Serra,SC,46.82,42.86,-3.960000000000001,2024
Nova Palma,RS,80.0,81.0,1.0,2024
Dourados,MS,46.65,53.43,6.780000000000001,2024
São José de Ribamar,MA,65.19,56.58,-8.61,2024
Quaraí,RS,58.95,50.4,-8.550000000000004,2024
Fernandes Tourinho,MG,66.17,52.38,-13.79,2024
Nova Roma,GO,64.38,71.43,7.050000000000011,2024
Tangará,RN,48.84,47.62,-1.220000000000006,2024
Santa Luzia,MA,58.67,58.7,0.030000000000001137,2024
São Félix do Tocantins,TO,80.0,61.9,-18.1,2024
Formoso,MG,64.21,80.63,16.42,2024
Igarapé do Meio,MA,62.41,77.64,15.230000000000004,2024
Nova Alvorada,RS,80.0,71.4,-8.599999999999994,2024
Porto Alegre do Piauí,PI,74.81,64.29,-10.519999999999996,2024
Águas Belas,PE,61.28,59.77,-1.509999999999998,2024
Nazarezinho,PB,43.11,63.86,20.75,2024
Formiga,MG,69.05,75.45,6.400000000000006,2024
Bituruna,PR,80.0,70.06,-9.939999999999998,2024
Canela,RS,78.87,46.8,-32.07000000000001,2024
Rio Branco do Sul,PR,65.21,61.35,-3.8599999999999923,2024
Pará de Minas,MG,57.9,69.52,11.619999999999997,2024
Doutor Ulysses,PR,76.87,69.45,-7.420000000000002,2024
Acorizal,MT,44.52,40.41,-4.1100000000000065,2024
Santo Antônio das Missões,RS,74.48,54.4,-20.080000000000005,2024
Itaporã,MS,70.79,57.29,-13.500000000000007,2024
Buenos Aires,PE,65.79,85.53,19.739999999999995,2024
Jaboti,PR,80.0,73.86,-6.140000000000001,2024
Itabi,SE,26.4,33.65,7.25,2024
Cruz Alta,RS,61.17,50.9,-10.270000000000003,2024
Rio de Janeiro,RJ,60.14,63.81,3.6700000000000017,2024
Salto do Lontra,PR,80.0,76.46,-3.5400000000000063,2024
Patu,RN,39.13,32.39,-6.740000000000002,2024
Porto Seguro,BA,52.13,45.5,-6.630000000000003,2024
Ibarama,RS,72.44,48.9,-23.54,2024
Ibirubá,RS,63.28,55.7,-7.579999999999998,2024
Mirandiba,PE,42.17,57.83,15.659999999999997,2024
Recife,PE,65.29,54.36,-10.930000000000007,2024
Rio de Janeiro,RJ,60.14,63.75,3.6099999999999994,2024
Pedras Altas,RS,67.21,55.9,-11.309999999999995,2024
Estiva Gerbi,SP,50.77,51.48,0.7099999999999937,2024
Touros,RN,31.91,38.35,6.440000000000001,2024
Santa Vitória do Palmar,RS,59.99,45.4,-14.590000000000003,2024
Pouso Redondo,SC,68.69,64.91,-3.780000000000001,2024
Piranga,MG,63.43,76.61,13.18,2024
Lábrea,AM,66.9,71.01,4.109999999999999,2024
Lambari D'Oeste,MT,80.0,51.5,-28.5,2024
Cabrobó,PE,70.14,61.21,-8.93,2024
Iturama,MG,59.85,69.61,9.759999999999998,2024
Magalhães de Almeida,MA,56.28,82.04,25.760000000000005,2024
Jaboatão dos Guararapes,PE,61.03,54.98,-6.050000000000004,2024
Espigão D'Oeste,RO,80.0,71.16,-8.840000000000003,2024
Paiçandu,PR,70.33,62.96,-7.369999999999997,2024
Rolim de Moura,RO,70.6,74.17,3.5700000000000074,2024
Ivaté,PR,80.0,77.24,-2.760000000000005,2024
Balneário Barra do Sul,SC,63.53,51.19,-12.340000000000003,2024
São Luís,MA,52.79,56.69,3.8999999999999986,2024
Peixoto de Azevedo,MT,42.73,41.77,-0.9599999999999937,2024
Cafelândia,SP,64.3,53.33,-10.969999999999999,2024
Venâncio Aires,RS,78.41,59.2,-19.209999999999994,2024
São José do Campestre,RN,25.0,49.42,24.42,2024
Madeiro,PI,65.01,55.88,-9.130000000000003,2024
Jacaraci,BA,66.43,56.86,-9.570000000000007,2024
Mondaí,SC,70.43,56.85,-13.580000000000005,2024
Jeriquara,SP,50.82,49.55,-1.2700000000000031,2024
Rio Grande,RS,58.45,43.2,-15.25,2024
Taiúva,SP,70.03,57.37,-12.660000000000004,2024
Estrela,RS,69.6,50.4,-19.199999999999996,2024
Recife,PE,65.29,54.55,-10.740000000000009,2024
São Luís,MA,52.79,56.74,3.950000000000003,2024
Buritizeiro,MG,44.21,62.63,18.42,2024
Areia Branca,RN,56.82,45.82,-11.0,2024
Santana do Matos,RN,28.87,59.53,30.66,2024
Messias Targino,RN,23.97,26.32,2.3500000000000014,2024
Caaporã,PB,44.29,29.81,-14.48,2024
Jaguaruna,SC,48.39,57.64,9.25,2024
Triunfo,PB,55.0,63.35,8.350000000000001,2024
Januária,MG,27.24,57.52,30.280000000000005,2024
Quipapá,PE,53.33,58.1,4.770000000000003,2024
São Marcos,RS,80.0,38.3,-41.7,2024
Santa Cruz Cabrália,BA,46.67,37.36,-9.310000000000002,2024
São Francisco de Paula,RS,60.65,37.7,-22.949999999999996,2024
Sapiranga,RS,73.9,43.8,-30.10000000000001,2024
Pedras de Maria da Cruz,MG,35.81,46.09,10.280000000000001,2024
Alto Alegre do Pindaré,MA,42.71,56.29,13.579999999999998,2024
Goianorte,TO,57.94,40.0,-17.939999999999998,2024
Wanderley,BA,58.33,55.37,-2.960000000000001,2024
Conselheiro Pena,MG,69.02,54.72,-14.299999999999997,2024
Sítio Novo,MA,48.38,54.44,6.059999999999995,2024
Araçuaí,MG,50.02,62.93,12.909999999999997,2024
Mandaguaçu,PR,63.44,62.29,-1.1499999999999986,2024
Extremoz,RN,53.23,34.18,-19.049999999999997,2024
Altônia,PR,71.92,78.17,6.25,2024
Belém,PB,60.65,34.72,-25.93,2024
Campo Novo do Parecis,MT,65.16,44.21,-20.949999999999996,2024
Flexeiras,AL,41.5,49.34,7.840000000000003,2024
São Pedro da Água Branca,MA,39.87,55.64,15.770000000000003,2024
São José do Brejo do Cruz,PB,46.27,30.0,-16.270000000000003,2024
Ipanguaçu,RN,20.1,30.0,9.899999999999999,2024
Coxilha,RS,66.14,52.3,-13.840000000000003,2024
Pau D'Arco,TO,11.05,37.96,26.91,2024
Coronel Bicaco,RS,79.32,50.8,-28.519999999999996,2024
Paulo Bento,RS,65.38,50.0,-15.379999999999995,2024
Tanque do Piauí,PI,61.92,50.0,-11.920000000000002,2024
Arambaré,RS,61.27,55.0,-6.270000000000003,2024
Morro Reuter,RS,56.24,60.0,3.759999999999998,2024
Tapejara,RS,71.34,54.8,-16.540000000000006,2024
Ronda Alta,RS,76.01,50.0,-26.010000000000005,2024
Cristino Castro,PI,55.47,85.0,29.53,2024
São Martinho,SC,69.93,56.74,-13.190000000000005,2024
Gameleira de Goiás,GO,80.0,79.76,-0.23999999999999488,2024
Junqueiro,AL,57.72,56.66,-1.0600000000000023,2024
Lagoa do Mato,MA,80.0,78.44,-1.5600000000000023,2024
Seritinga,MG,66.62,75.0,8.379999999999995,2024
Campo Novo,RS,65.72,45.0,-20.72,2024
Ubaí,MG,71.8,73.33,1.5300000000000011,2024
Porto Vitória,PR,80.0,75.0,-5.0,2024
Bagé,RS,64.98,46.6,-18.380000000000003,2024
Terra Santa,PA,72.19,65.58,-6.609999999999999,2024
Aratiba,RS,80.0,39.2,-40.8,2024
Coronel Bicaco,RS,79.32,43.4,-35.919999999999995,2024
João Pinheiro,MG,63.39,69.87,6.480000000000004,2024
Maracás,BA,57.02,43.58,-13.440000000000005,2024
Mariópolis,PR,76.94,66.98,-9.959999999999994,2024
Vargeão,SC,80.0,52.72,-27.28,2024
Taguatinga,TO,44.76,42.45,-2.309999999999995,2024
Coronel Bicaco,RS,79.32,36.0,-43.31999999999999,2024
Taquaritinga do Norte,PE,63.02,59.64,-3.3800000000000026,2024
Vitória do Mearim,MA,54.07,60.19,6.119999999999997,2024
Monte Azul,MG,80.0,67.01,-12.989999999999995,2024
Santa Cruz,RN,28.5,32.73,4.229999999999997,2024
Rio Grande,RS,58.45,43.6,-14.850000000000001,2024
Guarda-Mor,MG,79.19,51.62,-27.57,2024
Pouso Alegre,MG,62.41,65.25,2.8400000000000034,2024
Nanuque,MG,56.6,61.37,4.769999999999996,2024
Ribeirão das Neves,MG,59.14,64.3,5.159999999999997,2024
Vitória do Xingu,PA,63.83,70.18,6.3500000000000085,2024
Parintins,AM,56.53,76.97,20.439999999999998,2024
Lagoa do Barro do Piauí,PI,59.71,59.52,-0.18999999999999773,2024
São Caetano de Odivelas,PA,40.26,69.85,29.589999999999996,2024
Santa Quitéria do Maranhão,MA,80.0,80.19,0.18999999999999773,2024
Rebouças,PR,80.0,77.0,-3.0,2024
Araricá,RS,76.34,43.5,-32.84,2024
São Sebastião,AL,43.27,42.43,-0.8400000000000034,2024
Laguna,SC,40.16,52.91,12.75,2024
Simonésia,MG,67.98,68.54,0.5600000000000023,2024
Cataguases,MG,42.67,60.22,17.549999999999997,2024
Camapuã,MS,39.17,60.41,21.239999999999995,2024
Padre Carvalho,MG,52.45,71.68,19.230000000000004,2024
Sebastião Laranjeiras,BA,62.51,42.37,-20.14,2024
Lagoa de Pedras,RN,52.99,28.89,-24.1,2024
Cacequi,RS,55.58,49.6,-5.979999999999997,2024
Espera Feliz,MG,72.95,56.44,-16.510000000000005,2024
Aparecida do Rio Doce,GO,62.97,87.09,24.120000000000005,2024
Cachoeira de Pajeú,MG,63.57,77.96,14.389999999999993,2024
Passa e Fica,RN,31.79,42.72,10.93,2024
Venâncio Aires,RS,78.41,61.1,-17.309999999999995,2024
Terra de Areia,RS,69.02,60.3,-8.719999999999999,2024
Aratiba,RS,80.0,40.2,-39.8,2024
Paripiranga,BA,56.5,39.8,-16.700000000000003,2024
Vacaria,RS,68.24,41.3,-26.939999999999998,2024
Francisco Santos,PI,49.73,48.78,-0.9499999999999957,2024
Riacho dos Cavalos,PB,70.92,44.22,-26.700000000000003,2024
Buíque,PE,57.08,55.5,-1.5799999999999983,2024
Januária,MG,27.24,59.05,31.81,2024
Planura,MG,51.44,65.98,14.540000000000006,2024
Campo Bom,RS,77.73,45.9,-31.830000000000005,2024
Passa Quatro,MG,80.0,75.75,-4.25,2024
Solânea,PB,78.77,45.73,-33.04,2024
Pirpirituba,PB,41.41,41.49,0.0800000000000054,2024
Anamã,AM,40.16,63.84,23.680000000000007,2024
Edéia,GO,80.0,72.29,-7.709999999999994,2024
Campo Bom,RS,77.73,45.4,-32.330000000000005,2024
Osório,RS,69.76,42.3,-27.460000000000008,2024
Dom Pedrito,RS,61.19,51.7,-9.489999999999995,2024
Tapauá,AM,54.31,47.26,-7.050000000000004,2024
Rio dos Bois,TO,24.42,46.58,22.159999999999997,2024
Pato Branco,PR,78.48,71.14,-7.340000000000003,2024
Japonvar,MG,75.72,60.75,-14.969999999999999,2024
Águas de Lindóia,SP,64.46,43.65,-20.809999999999995,2024
Erechim,RS,64.31,45.9,-18.410000000000004,2024
Poté,MG,47.81,53.42,5.609999999999999,2024
Gandu,BA,40.16,47.2,7.040000000000006,2024
Sítio Novo,RN,35.88,48.74,12.86,2024
Caruaru,PE,59.11,58.37,-0.740000000000002,2024
Raul Soares,MG,69.16,81.91,12.75,2024
Jandaíra,BA,55.37,36.08,-19.29,2024
Salto de Pirapora,SP,49.9,45.12,-4.780000000000001,2024
Carangola,MG,55.64,60.84,5.200000000000003,2024
Paraúna,GO,64.83,67.88,3.049999999999997,2024
Pinheiro Preto,SC,62.71,79.31,16.6,2024
Barra de Santa Rosa,PB,60.31,45.83,-14.480000000000004,2024
Lajeado,RS,75.49,50.7,-24.789999999999992,2024
Água Preta,PE,64.26,55.57,-8.690000000000005,2024
Bocaiúva do Sul,PR,54.2,57.37,3.1699999999999946,2024
Sapucaia,RJ,67.94,65.37,-2.569999999999993,2024
Santo Ângelo,RS,66.92,41.5,-25.42,2024
Sapucaia do Sul,RS,62.6,47.9,-14.700000000000003,2024
Lajedo do Tabocal,BA,59.2,43.1,-16.1,2024
Piraí,RJ,62.31,60.43,-1.8800000000000026,2024
Afonso Cunha,MA,73.36,93.1,19.739999999999995,2024
Lagoa da Canoa,AL,51.14,44.19,-6.950000000000003,2024
Pão de Açúcar,AL,52.93,55.26,2.3299999999999983,2024
Lagoa Grande,PE,58.93,67.55,8.619999999999997,2024
Água Azul do Norte,PA,34.94,51.4,16.46,2024
Itaí,SP,52.73,46.71,-6.019999999999996,2024
Mata de São João,BA,58.32,56.92,-1.3999999999999986,2024
Fernando Falcão,MA,36.99,77.76,40.77,2024
Uberaba,MG,51.32,57.68,6.359999999999999,2024
Cedro,PE,52.32,63.12,10.799999999999997,2024
Alagoinha do Piauí,PI,50.17,74.63,24.459999999999994,2024
Vitória do Jari,AP,35.85,35.39,-0.46000000000000085,2024
Unaí,MG,60.33,59.06,-1.269999999999996,2024
Santo Antônio da Patrulha,RS,77.72,54.8,-22.92,2024
Coaraci,BA,43.8,39.13,-4.669999999999995,2024
Juiz de Fora,MG,49.46,54.86,5.399999999999999,2024
Divisa Nova,MG,66.86,67.64,0.7800000000000011,2024
Santa Helena,MA,60.93,72.74,11.809999999999995,2024
Nova Módica,MG,80.0,89.37,9.370000000000005,2024
Luís Gomes,RN,33.44,26.6,-6.839999999999996,2024
Goianinha,RN,29.73,35.33,5.599999999999998,2024
Lagoa da Confusão,TO,33.23,35.66,2.4299999999999997,2024
Valença do Piauí,PI,56.58,42.13,-14.449999999999996,2024
São Luiz Gonzaga,RS,80.0,42.3,-37.7,2024
Riachão do Jacuípe,BA,44.85,38.37,-6.480000000000004,2024
Nova Porteirinha,MG,47.65,51.93,4.280000000000001,2024
Paulo Ramos,MA,76.82,90.57,13.75,2024
Cabixi,RO,70.85,75.88,5.030000000000001,2024
Major Isidoro,AL,46.33,37.84,-8.489999999999995,2024
Severiano Melo,RN,72.95,47.88,-25.07,2024
Ribeirão das Neves,MG,59.14,60.14,1.0,2024
Cubatão,SP,53.65,45.43,-8.219999999999999,2024
Ampére,PR,67.87,70.06,2.1899999999999977,2024
Joaíma,MG,48.92,47.37,-1.5500000000000043,2024
Trabiju,SP,80.0,47.37,-32.63,2024
Biritinga,BA,29.4,29.82,0.4200000000000017,2024
Ponte Preta,RS,63.31,57.9,-5.410000000000004,2024
Nova Pádua,RS,80.0,57.9,-22.1,2024
São Miguel da Boa Vista,SC,80.0,84.21,4.209999999999994,2024
Aratiba,RS,80.0,42.1,-37.9,2024
Porto Xavier,RS,73.05,60.5,-12.549999999999997,2024
São Francisco de Paula,RS,60.65,44.0,-16.65,2024
Milagres,BA,40.72,46.05,5.329999999999998,2024
Itatiba do Sul,RS,80.0,36.8,-43.2,2024
Riozinho,RS,76.61,42.1,-34.51,2024
Anchieta,SC,77.89,52.63,-25.259999999999998,2024
Minduri,MG,56.53,76.32,19.789999999999992,2024
Faxinalzinho,RS,78.45,51.9,-26.550000000000004,2024
Bom Jesus do Tocantins,TO,33.34,28.56,-4.780000000000005,2024
Jardim de Angicos,RN,23.43,31.58,8.149999999999999,2024
São Sepé,RS,80.0,49.7,-30.299999999999997,2024
Estreito,MA,59.05,59.79,0.740000000000002,2024
Petrolândia,PE,56.52,66.17,9.649999999999999,2024
Palmeira d'Oeste,SP,69.6,83.91,14.310000000000002,2024
Liberdade,MG,60.12,71.21,11.089999999999996,2024
Livramento,PB,49.62,55.32,5.700000000000003,2024
Ribeirão das Neves,MG,59.14,59.36,0.21999999999999886,2024
Miguelópolis,SP,66.88,29.09,-37.78999999999999,2024
Santa Juliana,MG,65.71,58.13,-7.579999999999991,2024
Volta Grande,MG,55.59,76.28,20.689999999999998,2024
Nova Prata do Iguaçu,PR,80.0,72.83,-7.170000000000002,2024
Jaguarão,RS,53.41,33.6,-19.809999999999995,2024
São Gabriel,RS,64.25,39.1,-25.15,2024
Amaraji,PE,70.55,55.29,-15.259999999999998,2024
Cocos,BA,53.76,51.69,-2.0700000000000003,2024
Pérola,PR,78.63,62.28,-16.349999999999994,2024
Sapucaí-Mirim,MG,57.41,75.07,17.659999999999997,2024
Carazinho,RS,66.52,46.5,-20.019999999999996,2024
Baía da Traição,PB,28.9,44.76,15.86,2024
Lajeado,RS,75.49,48.2,-27.289999999999992,2024
Santo Augusto,RS,78.05,65.1,-12.950000000000003,2024
Caracol,MS,54.48,55.67,1.1900000000000048,2024
Cidade Ocidental,GO,56.04,61.82,5.780000000000001,2024
Siriri,SE,52.43,52.4,-0.030000000000001137,2024
Maurilândia do Tocantins,TO,26.36,20.67,-5.689999999999998,2024
Mondaí,SC,70.43,57.95,-12.480000000000004,2024
Venâncio Aires,RS,78.41,63.1,-15.309999999999995,2024
Camapuã,MS,39.17,58.24,19.07,2024
Mata Verde,MG,59.04,67.41,8.369999999999997,2024
Guamiranga,PR,79.6,71.55,-8.049999999999997,2024
Encruzilhada do Sul,RS,66.52,50.5,-16.019999999999996,2024
Ubaí,MG,71.8,61.54,-10.259999999999998,2024
São José do Belmonte,PE,52.12,60.42,8.300000000000004,2024
Miguel Pereira,RJ,61.15,70.49,9.339999999999996,2024
Arari,MA,69.51,72.37,2.8599999999999994,2024
Parnaíba,PI,38.04,38.42,0.38000000000000256,2024
Sarandi,RS,72.81,47.7,-25.11,2024
Braço do Norte,SC,63.84,58.11,-5.730000000000004,2024
Alhandra,PB,61.09,30.75,-30.340000000000003,2024
Sapucaia do Sul,RS,62.6,48.0,-14.600000000000001,2024
Uiraúna,PB,80.0,44.45,-35.55,2024
Damianópolis,GO,72.05,83.93,11.88000000000001,2024
Caxias,MA,49.57,55.15,5.579999999999998,2024
Correntes,PE,56.47,71.97,15.5,2024
Divisópolis,MG,48.44,72.43,23.99000000000001,2024
Camaquã,RS,62.16,64.1,1.9399999999999977,2024
Cerejeiras,RO,62.09,66.81,4.719999999999999,2024
São José do Cerrito,SC,77.0,59.02,-17.979999999999997,2024
Tabira,PE,74.03,69.1,-4.930000000000007,2024
Pedra Branca do Amapari,AP,68.48,44.22,-24.260000000000005,2024
Porto do Mangue,RN,61.94,42.47,-19.47,2024
Lajeado,RS,75.49,47.5,-27.989999999999995,2024
Laguna,SC,40.16,57.76,17.6,2024
Jaguaruna,SC,48.39,56.28,7.890000000000001,2024
Marquinho,PR,74.92,82.18,7.260000000000005,2024
São Sepé,RS,80.0,51.9,-28.1,2024
Maragogipe,BA,52.74,54.49,1.75,2024
Ubaporanga,MG,70.32,70.42,0.10000000000000853,2024
Caçapava do Sul,RS,58.95,43.8,-15.150000000000006,2024
Almenara,MG,45.59,55.06,9.469999999999999,2024
Quissamã,RJ,68.46,70.11,1.6500000000000057,2024
Trombas,GO,80.0,94.47,14.469999999999999,2024
Ingá,PB,61.08,37.97,-23.11,2024
Cubatão,SP,53.65,45.16,-8.490000000000002,2024
Apuarema,BA,43.58,43.24,-0.3399999999999963,2024
Periquito,MG,50.92,44.47,-6.450000000000003,2024
Tabaporã,MT,56.15,62.36,6.210000000000001,2024
Ponte Serrada,SC,57.53,53.62,-3.9100000000000037,2024
Diogo de Vasconcelos,MG,78.65,76.25,-2.4000000000000057,2024
Martinho Campos,MG,60.0,87.37,27.370000000000005,2024
Sulina,PR,66.92,74.93,8.010000000000005,2024
Caicó,RN,42.3,44.58,2.280000000000001,2024
Sarandi,RS,72.81,49.9,-22.910000000000004,2024
Soledade,PB,40.39,47.26,6.869999999999997,2024
Ubaí,MG,71.8,58.55,-13.25,2024
Martins,RN,47.7,53.91,6.209999999999994,2024
Monte Azul,MG,80.0,67.03,-12.969999999999999,2024
Nova Petrópolis,RS,80.0,52.3,-27.700000000000003,2024
Palmares do Sul,RS,57.88,60.6,2.719999999999999,2024
Chapada Gaúcha,MG,54.23,69.39,15.160000000000004,2024
Marumbi,PR,61.37,75.85,14.479999999999997,2024
Vera Cruz,RN,62.26,43.56,-18.699999999999996,2024
Brejões,BA,57.86,47.62,-10.240000000000002,2024
Mauá da Serra,PR,80.0,80.48,0.480000000000004,2024
Lages,SC,53.71,52.3,-1.4100000000000037,2024
Loreto,MA,45.2,66.12,20.92,2024
Bandeirantes,PR,76.11,72.78,-3.3299999999999983,2024
Mendes Pimentel,MG,79.7,60.0,-19.700000000000003,2024
Ivaiporã,PR,68.76,72.39,3.6299999999999955,2024
Boa Vista do Gurupi,MA,63.3,80.0,16.700000000000003,2024
Piedade do Rio Grande,MG,36.5,63.16,26.659999999999997,2024
Jupi,PE,63.87,68.61,4.740000000000002,2024
Espinosa,MG,66.83,62.4,-4.43,2024
Belém do Brejo do Cruz,PB,61.23,40.07,-21.159999999999997,2024
Lagoa Vermelha,RS,64.16,51.0,-13.159999999999997,2024
São Francisco de Paula,RS,60.65,48.1,-12.549999999999997,2024
Garanhuns,PE,56.86,69.75,12.89,2024
Jatobá,PE,76.72,68.05,-8.670000000000002,2024
Conselheiro Pena,MG,69.02,57.14,-11.879999999999995,2024
Galiléia,MG,52.6,62.07,9.469999999999999,2024
Pedro Osório,RS,69.69,22.3,-47.39,2024
Santa Maria do Herval,RS,78.55,59.3,-19.25,2024
Santana de Pirapama,MG,50.29,64.47,14.18,2024
Orleans,SC,68.14,64.43,-3.7099999999999937,2024
Brasilândia,MS,56.39,60.76,4.369999999999997,2024
Janiópolis,PR,80.0,77.3,-2.700000000000003,2024
Extremoz,RN,53.23,34.55,-18.68,2024
Bento Gonçalves,RS,77.77,49.0,-28.769999999999996,2024
João Dourado,BA,41.43,53.15,11.719999999999999,2024
Matriz de Camaragibe,AL,41.99,48.77,6.780000000000001,2024
Serra,ES,62.54,57.12,-5.420000000000002,2024
Paraopeba,MG,53.95,71.27,17.319999999999993,2024
Santana,AP,47.82,47.59,-0.22999999999999687,2024
Itapicuru,BA,35.25,51.23,15.979999999999997,2024
Nova Veneza,SC,71.23,61.85,-9.380000000000003,2024
Curitiba,PR,71.93,65.96,-5.970000000000013,2024
Touros,RN,31.91,38.9,6.989999999999998,2024
Formoso do Araguaia,TO,66.36,45.42,-20.939999999999998,2024
Carnaubais,RN,34.58,42.31,7.730000000000004,2024
Ijuí,RS,77.0,46.9,-30.1,2024
Riachão do Bacamarte,PB,50.27,46.23,-4.040000000000006,2024
Nina Rodrigues,MA,57.54,46.83,-10.71,2024
Rio Pardo,RS,74.39,60.9,-13.490000000000002,2024
Água Doce,SC,67.24,72.41,5.170000000000002,2024
São Francisco,MG,51.71,58.24,6.530000000000001,2024
Palotina,PR,70.79,74.33,3.539999999999992,2024
Santa Terezinha,SC,80.0,81.02,1.019999999999996,2024
Rio Grande,RS,58.45,44.8,-13.650000000000006,2024
Estrela,RS,69.6,49.4,-20.199999999999996,2024
Belágua,MA,64.24,72.29,8.050000000000011,2024
Curionópolis,PA,55.58,72.88,17.299999999999997,2024
Tabaí,RS,63.05,16.7,-46.349999999999994,2024
Alegria,RS,80.0,55.6,-24.4,2024
Ipiranga do Sul,RS,80.0,44.4,-35.6,2024
São João de Iracema,SP,49.78,44.44,-5.340000000000003,2024
Bossoroca,RS,54.93,61.1,6.170000000000002,2024
Salvador das Missões,RS,80.0,44.4,-35.6,2024
Tabatinga,SP,65.32,55.56,-9.759999999999991,2024
Ingá,PB,61.08,47.24,-13.839999999999996,2024
Peabiru,PR,71.16,74.24,3.0799999999999983,2024
Salvador das Missões,RS,80.0,60.2,-19.799999999999997,2024
Turvo,PR,80.0,84.81,4.810000000000002,2024
Cambuquira,MG,71.0,66.67,-4.329999999999998,2024
Atalanta,SC,72.52,83.33,10.810000000000002,2024
Santa Cruz do Escalvado,MG,58.77,78.33,19.559999999999995,2024
Salvador das Missões,RS,80.0,77.8,-2.200000000000003,2024
Novo Barreiro,RS,65.03,36.8,-28.230000000000004,2024
São Francisco,MG,51.71,61.46,9.75,2024
Riachinho,MG,71.24,72.81,1.5700000000000074,2024
Tapejara,PR,71.09,61.07,-10.020000000000003,2024
Pirapora,MG,54.52,66.61,12.089999999999996,2024
Pedro Avelino,RN,26.54,34.73,8.189999999999998,2024
Campo Belo do Sul,SC,47.83,37.71,-10.119999999999997,2024
Nova Xavantina,MT,72.93,45.12,-27.81000000000001,2024
Ituporanga,SC,66.76,67.75,0.9899999999999949,2024
Peixe-Boi,PA,58.11,84.31,26.200000000000003,2024
Guaraciama,MG,48.04,80.7,32.660000000000004,2024
Muribeca,SE,15.64,22.01,6.370000000000001,2024
Bom Jesus,RS,73.75,40.2,-33.55,2024
Cristalândia,TO,52.25,61.42,9.170000000000002,2024
Abaeté,MG,56.9,73.11,16.21,2024
Rodeio Bonito,RS,80.0,59.1,-20.9,2024
Caculé,BA,56.48,47.96,-8.519999999999996,2024
Itaiópolis,SC,67.88,54.7,-13.179999999999993,2024
Cariacica,ES,60.94,64.57,3.6299999999999955,2024
Guaratuba,PR,69.4,66.9,-2.5,2024
Pimenta Bueno,RO,71.37,81.06,9.689999999999998,2024
Jardim de Piranhas,RN,37.47,56.61,19.14,2024
Caibi,SC,76.16,50.58,-25.58,2024
São Francisco,MG,51.71,66.14,14.43,2024
Marilândia do Sul,PR,73.34,84.99,11.649999999999991,2024
São Jerônimo da Serra,PR,80.0,71.33,-8.670000000000002,2024
Campo Grande,MS,47.69,32.02,-15.669999999999995,2024
Cruzília,MG,80.0,77.21,-2.7900000000000063,2024
Torres,RS,65.68,47.9,-17.78000000000001,2024
Santo Ângelo,RS,66.92,42.8,-24.120000000000005,2024
Campestre do Maranhão,MA,67.22,61.7,-5.519999999999996,2024
Antônio João,MS,58.37,56.2,-2.1699999999999946,2024
Três Passos,RS,80.0,57.0,-23.0,2024
Fazenda Vilanova,RS,80.0,65.0,-15.0,2024
Sarandi,RS,72.81,57.6,-15.21,2024
Sertânia,PE,62.6,56.65,-5.950000000000003,2024
Trindade,PE,63.05,69.13,6.079999999999998,2024
Virginópolis,MG,49.9,65.62,15.720000000000006,2024
Terra Roxa,PR,70.39,76.19,5.799999999999997,2024
Vereda,BA,69.8,35.85,-33.949999999999996,2024
Rodeio Bonito,RS,80.0,54.2,-25.799999999999997,2024
Barra do Rocha,BA,44.61,39.62,-4.990000000000002,2024
Peruíbe,SP,45.94,46.81,0.8700000000000045,2024
São João,PE,63.98,54.47,-9.509999999999998,2024
Três Passos,RS,80.0,56.9,-23.1,2024
Quixabeira,BA,45.13,75.47,30.339999999999996,2024
Alvorada de Minas,MG,47.88,66.15,18.270000000000003,2024
Pompéu,MG,67.62,56.14,-11.480000000000004,2024
Senador Canedo,GO,53.68,60.34,6.660000000000004,2024
Urupá,RO,72.36,61.28,-11.079999999999998,2024
Alvorada do Sul,PR,71.09,72.48,1.3900000000000006,2024
Mantena,MG,54.88,71.17,16.29,2024
Nova Ubiratã,MT,74.28,58.41,-15.870000000000005,2024
Inocência,MS,40.51,51.7,11.190000000000005,2024
São Miguel dos Campos,AL,55.0,57.17,2.1700000000000017,2024
Pescaria Brava,SC,46.6,45.95,-0.6499999999999986,2024
Juranda,PR,63.12,63.48,0.35999999999999943,2024
Bom Jardim,RJ,55.3,66.67,11.370000000000005,2024
Vilhena,RO,67.96,71.66,3.700000000000003,2024
Itambaracá,PR,79.25,80.58,1.3299999999999983,2024
Canto do Buriti,PI,20.06,36.45,16.390000000000004,2024
São José do Ouro,RS,65.42,37.2,-28.22,2024
Braga,RS,46.27,41.1,-5.170000000000002,2024
Governador Lindenberg,ES,66.72,77.12,10.400000000000006,2024
Poxoréo,MT,52.47,46.27,-6.199999999999996,2024
Rodeio Bonito,RS,80.0,48.8,-31.200000000000003,2024
Itajá,GO,80.0,82.86,2.8599999999999994,2024
Itutinga,MG,56.09,76.33,20.239999999999995,2024
Pedra Dourada,MG,58.09,80.0,21.909999999999997,2024
Nova Colinas,MA,80.0,77.14,-2.8599999999999994,2024
Tenório,PB,65.1,48.73,-16.369999999999997,2024
Fontoura Xavier,RS,65.01,60.0,-5.010000000000005,2024
Sampaio,TO,49.44,43.25,-6.189999999999998,2024
Nova Erechim,SC,70.89,72.86,1.9699999999999989,2024
Pau dos Ferros,RN,45.25,43.0,-2.25,2024
Santo Antônio da Patrulha,RS,77.72,58.8,-18.92,2024
Vargem Bonita,SC,66.82,71.51,4.690000000000012,2024
Pitangueiras,PR,80.0,83.19,3.1899999999999977,2024
Santa Margarida do Sul,RS,48.4,25.7,-22.7,2024
Matupá,MT,67.95,52.57,-15.380000000000003,2024
Água Branca,PB,52.91,52.67,-0.23999999999999488,2024
Piúma,ES,65.36,70.65,5.290000000000006,2024
Firminópolis,GO,77.31,70.8,-6.510000000000005,2024
Anaurilândia,MS,67.61,80.11,12.5,2024
Nova Prata,RS,78.96,57.5,-21.459999999999994,2024
Paço do Lumiar,MA,55.54,55.55,0.00999999999999801,2024
Nazareno,MG,80.0,85.36,5.359999999999999,2024
Duas Barras,RJ,61.52,65.4,3.8800000000000026,2024
Paranhos,MS,50.56,66.43,15.870000000000005,2024
Cerqueira César,SP,49.79,39.99,-9.799999999999997,2024
Mazagão,AP,36.5,44.22,7.719999999999999,2024
Barra do Ribeiro,RS,70.43,43.6,-26.830000000000005,2024
Santa Cruz,RN,28.5,34.65,6.149999999999999,2024
Patrocínio,MG,64.83,53.93,-10.899999999999999,2024
São João dos Patos,MA,57.94,55.16,-2.780000000000001,2024
Campo Largo,PR,74.37,69.19,-5.180000000000007,2024
Três Passos,RS,80.0,55.7,-24.299999999999997,2024
Braço do Norte,SC,63.84,59.36,-4.480000000000004,2024
Terra de Areia,RS,69.02,56.6,-12.419999999999995,2024
Ituiutaba,MG,65.79,66.72,0.9299999999999926,2024
São Sebastião do Caí,RS,61.4,44.1,-17.299999999999997,2024
Aimorés,MG,53.9,57.63,3.730000000000004,2024
Guanambi,BA,53.73,46.39,-7.339999999999996,2024
Jundiá,AL,41.39,44.34,2.950000000000003,2024
Lontras,SC,63.17,58.41,-4.760000000000005,2024
Lago do Junco,MA,80.0,97.1,17.099999999999994,2024
Ilhabela,SP,49.92,43.27,-6.649999999999999,2024
Esperança do Sul,RS,80.0,80.1,0.09999999999999432,2024
Ipecaetá,BA,41.61,46.51,4.899999999999999,2024
Florânia,RN,42.91,39.8,-3.1099999999999994,2024
Dianópolis,TO,56.47,61.27,4.800000000000004,2024
Cataguases,MG,42.67,64.07,21.39999999999999,2024
Indaial,SC,59.31,63.55,4.239999999999995,2024
Santa Tereza do Oeste,PR,74.35,77.75,3.4000000000000057,2024
Várzea,RN,24.12,45.68,21.56,2024
Águas de Lindóia,SP,64.46,44.23,-20.229999999999997,2024
Gramado,RS,79.21,55.3,-23.909999999999997,2024
Fundão,ES,64.41,62.28,-2.1299999999999955,2024
Tamarana,PR,74.8,65.46,-9.340000000000003,2024
São Francisco do Maranhão,MA,56.04,83.35,27.309999999999995,2024
São Mateus do Sul,PR,80.0,70.57,-9.430000000000007,2024
São José de Mipibu,RN,41.43,25.89,-15.54,2024
Arroio do Sal,RS,69.49,46.5,-22.989999999999995,2024
Manhuaçu,MG,53.58,71.73,18.150000000000006,2024
Anori,AM,76.6,70.42,-6.179999999999993,2024
Vale Verde,RS,80.0,47.1,-32.9,2024
São Desidério,BA,50.38,54.07,3.6899999999999977,2024
Passos Maia,SC,54.31,68.75,14.439999999999998,2024
São Sepé,RS,80.0,59.7,-20.299999999999997,2024
Londrina,PR,74.82,72.91,-1.9099999999999966,2024
Alambari,SP,72.91,61.45,-11.459999999999994,2024
Aragoiânia,GO,59.12,62.84,3.720000000000006,2024
Reserva,PR,73.98,81.08,7.099999999999994,2024
Linha Nova,RS,80.0,41.2,-38.8,2024
Santa Rita d'Oeste,SP,63.62,52.94,-10.68,2024
Caconde,SP,71.78,23.53,-48.25,2024
Toropi,RS,80.0,38.7,-41.3,2024
Engenho Velho,RS,77.38,41.2,-36.17999999999999,2024
Vila Lângaro,RS,72.6,52.9,-19.699999999999996,2024
Couto de Magalhães de Minas,MG,53.63,77.52,23.889999999999993,2024
Mucugê,BA,47.73,38.82,-8.909999999999997,2024
Itamari,BA,63.04,36.76,-26.28,2024
Tio Hugo,RS,80.0,69.1,-10.900000000000006,2024
Minas do Leão,RS,74.31,55.5,-18.810000000000002,2024
Flórida Paulista,SP,80.0,54.56,-25.439999999999998,2024
Itapuca,RS,80.0,76.5,-3.5,2024
Piripá,BA,66.84,56.47,-10.370000000000005,2024
Fernando Pedroza,RN,39.77,58.82,19.049999999999997,2024
Cruzália,SP,80.0,47.06,-32.94,2024
Mirabela,MG,62.46,69.21,6.749999999999993,2024
Miracema,RJ,69.57,69.51,-0.05999999999998806,2024
Turmalina,SP,51.04,70.59,19.550000000000004,2024
Cordislândia,MG,52.49,73.53,21.04,2024
Monsenhor Gil,PI,63.58,42.48,-21.1,2024
Paraí,RS,80.0,60.0,-20.0,2024
Santa Luzia,MG,56.2,59.99,3.789999999999999,2024
Londrina,PR,74.82,72.99,-1.8299999999999983,2024
São José do Barreiro,SP,44.38,52.78,8.399999999999999,2024
São Francisco de Assis,RS,61.82,60.6,-1.2199999999999989,2024
Uberaba,MG,51.32,60.98,9.659999999999997,2024
São Paulo das Missões,RS,78.07,61.1,-16.96999999999999,2024
Hulha Negra,RS,71.75,36.4,-35.35,2024
Itacarambi,MG,54.5,69.5,15.0,2024
Pontal do Paraná,PR,72.58,61.28,-11.299999999999997,2024
Araguacema,TO,45.04,49.27,4.230000000000004,2024
Novo Gama,GO,56.87,57.35,0.480000000000004,2024
Craíbas,AL,51.26,67.43,16.17000000000001,2024
Sapucaia,PA,79.9,71.84,-8.060000000000002,2024
Durandé,MG,78.46,71.43,-7.029999999999987,2024
Garibaldi,RS,75.26,58.0,-17.260000000000005,2024
Bom Jardim,MA,80.0,68.58,-11.420000000000002,2024
Quatro Barras,PR,68.92,67.24,-1.6800000000000068,2024
Rio Negrinho,SC,63.42,73.72,10.299999999999997,2024
Iraquara,BA,45.26,44.24,-1.019999999999996,2024
Valparaíso de Goiás,GO,60.56,64.23,3.6700000000000017,2024
Guarapuava,PR,75.27,67.0,-8.269999999999996,2024
São José do Alegre,MG,77.75,86.26,8.510000000000005,2024
Três Coroas,RS,59.55,42.2,-17.349999999999994,2024
Caraúbas,RN,32.45,39.56,7.109999999999999,2024
Bom Retiro,SC,39.4,47.34,7.940000000000005,2024
Lebon Régis,SC,47.04,59.3,12.259999999999998,2024
Araucária,PR,71.19,69.02,-2.1700000000000017,2024
Resende,RJ,70.45,72.48,2.030000000000001,2024
Bastos,SP,56.53,46.89,-9.64,2024
Serrana,SP,51.47,43.97,-7.5,2024
Três de Maio,RS,79.17,51.2,-27.97,2024
Linhares,ES,66.76,77.2,10.439999999999998,2024
Gravatal,SC,57.16,62.78,5.6200000000000045,2024
Rio Pardo,RS,74.39,60.2,-14.189999999999998,2024
Anadia,AL,57.84,45.26,-12.580000000000005,2024
Ingá,PB,61.08,73.71,12.629999999999995,2024
Floresta,PR,76.93,74.01,-2.9200000000000017,2024
Nova América da Colina,PR,65.42,78.8,13.379999999999995,2024
Imbuia,SC,67.27,79.52,12.25,2024
Piatã,BA,48.21,45.33,-2.8800000000000026,2024
Bom Jardim,PE,64.09,69.15,5.060000000000002,2024
Guapó,GO,66.78,70.28,3.5,2024
Salto de Pirapora,SP,49.9,46.83,-3.0700000000000003,2024
Caxias do Sul,RS,70.89,45.2,-25.689999999999998,2024
Alto Boa Vista,MT,80.0,48.84,-31.159999999999997,2024
Nova Prata,RS,78.96,59.8,-19.159999999999997,2024
Três Barras do Paraná,PR,79.46,75.42,-4.039999999999992,2024
Erechim,RS,64.31,46.7,-17.61,2024
Pedras Grandes,SC,80.0,69.2,-10.799999999999997,2024
Videira,SC,61.06,63.2,2.1400000000000006,2024
Alegria,RS,80.0,63.2,-16.799999999999997,2024
Santo Augusto,RS,78.05,69.9,-8.149999999999991,2024
Ituiutaba,MG,65.79,63.63,-2.1600000000000037,2024
Concórdia,SC,76.94,56.95,-19.989999999999995,2024
Guaraciaba,SC,80.0,83.69,3.6899999999999977,2024
Lajedinho,BA,54.93,21.21,-33.72,2024
Jangada,MT,59.89,54.88,-5.009999999999998,2024
Mogeiro,PB,74.26,60.61,-13.650000000000006,2024
Josenópolis,MG,80.0,90.91,10.909999999999997,2024
Itapuã do Oeste,RO,80.0,70.62,-9.379999999999995,2024
Apodi,RN,43.46,27.15,-16.310000000000002,2024
Botuverá,SC,71.04,64.54,-6.5,2024
Poxoréo,MT,52.47,46.03,-6.439999999999998,2024
Jaciara,MT,60.83,55.26,-5.57,2024
Serra,ES,62.54,60.51,-2.030000000000001,2024
São Gabriel,RS,64.25,35.6,-28.65,2024
São Sebastião do Tocantins,TO,33.77,58.96,25.189999999999998,2024
Ajuricaba,RS,80.0,81.9,1.9000000000000057,2024
Buritis,RO,54.78,72.32,17.539999999999992,2024
Anori,AM,76.6,75.32,-1.2800000000000011,2024
Laranjal do Jari,AP,45.64,39.8,-5.840000000000003,2024
Bom Jesus das Selvas,MA,66.3,63.18,-3.1199999999999974,2024
Timon,MA,69.77,75.74,5.969999999999999,2024
Roca Sales,RS,76.28,45.0,-31.28,2024
Butiá,RS,55.99,45.1,-10.89,2024
Santo Antônio da Patrulha,RS,77.72,61.7,-16.019999999999996,2024
Bacabeira,MA,56.2,53.73,-2.470000000000006,2024
Abadia de Goiás,GO,63.18,64.46,1.279999999999994,2024
Marialva,PR,74.29,73.09,-1.2000000000000028,2024
Luislândia,MG,54.93,78.7,23.770000000000003,2024
Campos Verdes,GO,66.38,82.8,16.42,2024
Carapicuíba,SP,50.83,44.8,-6.030000000000001,2024
Lagoa Vermelha,RS,64.16,52.3,-11.86,2024
Guidoval,MG,64.83,58.58,-6.25,2024
Santo Ângelo,RS,66.92,44.1,-22.82,2024
Sinop,MT,60.84,46.83,-14.010000000000005,2024
Planalto,RS,73.65,60.4,-13.250000000000007,2024
São Rafael,RN,26.88,25.47,-1.4100000000000001,2024
Jequitaí,MG,46.21,70.71,24.499999999999993,2024
Bom Jardim,MA,80.0,69.64,-10.36,2024
Serafina Corrêa,RS,80.0,60.1,-19.9,2024
Pedro II,PI,32.31,41.98,9.669999999999995,2024
Ferreiros,PE,61.78,41.36,-20.42,2024
Itabirito,MG,63.29,79.92,16.630000000000003,2024
Augusto de Lima,MG,53.39,48.8,-4.590000000000003,2024
Nova Prata,RS,78.96,61.1,-17.859999999999992,2024
Afogados da Ingazeira,PE,68.77,70.19,1.4200000000000017,2024
Araçuaí,MG,50.02,67.03,17.009999999999998,2024
Martinho Campos,MG,60.0,78.23,18.230000000000004,2024
Parazinho,RN,52.37,28.27,-24.099999999999998,2024
Santa Rita,PB,47.0,39.39,-7.609999999999999,2024
Anamã,AM,40.16,53.48,13.32,2024
Carlos Chagas,MG,60.36,55.83,-4.530000000000001,2024
Campos Novos,SC,66.86,64.77,-2.0900000000000034,2024
Formoso,MG,64.21,74.9,10.690000000000012,2024
Itambé,PR,80.0,86.9,6.900000000000006,2024
Corrente,PI,53.03,37.78,-15.25,2024
Pratinha,MG,80.0,52.8,-27.200000000000003,2024
Soledade,RS,68.48,61.9,-6.580000000000005,2024
Tanhaçu,BA,62.26,47.42,-14.839999999999996,2024
Ji-Paraná,RO,80.0,66.41,-13.590000000000003,2024
Anori,AM,76.6,77.45,0.8500000000000085,2024
Ponta de Pedras,PA,45.11,62.01,16.9,2024
Tupandi,RS,80.0,55.1,-24.9,2024
Santo Antônio das Missões,RS,74.48,53.0,-21.480000000000004,2024
Tapejara,RS,71.34,47.3,-24.040000000000006,2024
Pesqueira,PE,63.02,64.38,1.3599999999999923,2024
São Vicente,RN,65.76,49.95,-15.810000000000002,2024
Vale do Sol,RS,80.0,55.9,-24.1,2024
Natalândia,MG,54.28,64.21,9.929999999999993,2024
Tocantinópolis,TO,41.22,35.44,-5.780000000000001,2024
Simolândia,GO,80.0,77.79,-2.2099999999999937,2024
Lagoa Santa,MG,64.72,72.24,7.519999999999996,2024
Urubici,SC,63.46,76.9,13.440000000000005,2024
Imaculada,PB,69.22,39.64,-29.58,2024
Campinas,SP,47.76,41.49,-6.269999999999996,2024
São Luiz Gonzaga,RS,80.0,49.3,-30.700000000000003,2024
Sananduva,RS,75.28,43.2,-32.08,2024
Pindaré-Mirim,MA,47.1,51.09,3.990000000000002,2024
São Pedro de Alcântara,SC,74.91,61.13,-13.779999999999994,2024
Nova Andradina,MS,61.97,69.44,7.469999999999999,2024
São Bento do Tocantins,TO,49.76,52.93,3.1700000000000017,2024
São Mateus,ES,69.26,69.53,0.269999999999996,2024
Caxambu,MG,76.93,74.74,-2.190000000000012,2024
São João do Triunfo,PR,78.79,79.45,0.6599999999999966,2024
Marcelino Vieira,RN,34.1,31.25,-2.8500000000000014,2024
Segredo,RS,75.76,56.3,-19.460000000000008,2024
Macieira,SC,80.0,56.25,-23.75,2024
Nova Hartz,RS,73.32,43.8,-29.519999999999996,2024
Espírito Santo do Turvo,SP,62.12,56.14,-5.979999999999997,2024
Santa Rosa,RS,73.6,51.2,-22.39999999999999,2024
Candelária,RS,76.07,52.4,-23.669999999999995,2024
Bento Gonçalves,RS,77.77,50.8,-26.97,2024
Passa Sete,RS,80.0,75.0,-5.0,2024
Boninal,BA,50.69,48.96,-1.7299999999999969,2024
Francisco Dumont,MG,38.49,37.5,-0.990000000000002,2024
Mesópolis,SP,41.56,56.25,14.689999999999998,2024
Aratuípe,BA,53.15,60.0,6.850000000000001,2024
Nova Canaã,BA,36.6,50.0,13.399999999999999,2024
Teixeiras,MG,76.18,50.0,-26.180000000000007,2024
Jateí,MS,68.83,56.25,-12.579999999999998,2024
Xexéu,PE,65.51,81.33,15.819999999999993,2024
Corbélia,PR,75.44,85.26,9.820000000000007,2024
São Francisco,SE,41.56,81.25,39.69,2024
Brunópolis,SC,68.83,68.75,-0.0799999999999983,2024
Leopoldina,MG,62.21,64.99,2.779999999999994,2024
Aimorés,MG,53.9,61.99,8.090000000000003,2024
Paty do Alferes,RJ,68.68,75.96,7.279999999999987,2024
Matelândia,PR,74.52,71.4,-3.1199999999999903,2024
Raul Soares,MG,69.16,83.91,14.75,2024
Presidente Kennedy,ES,70.22,69.85,-0.37000000000000455,2024
Colorado do Oeste,RO,65.67,71.69,6.019999999999996,2024
Lupionópolis,PR,80.0,77.71,-2.2900000000000063,2024
Bom Repouso,MG,60.44,68.27,7.829999999999998,2024
Gonçalves,MG,65.09,77.02,11.929999999999993,2024
Faxinal dos Guedes,SC,57.2,66.52,9.319999999999993,2024
Itacarambi,MG,54.5,72.78,18.28,2024
Jardim Alegre,PR,64.31,77.74,13.429999999999993,2024
Vera Cruz do Oeste,PR,56.94,76.11,19.17,2024
Aral Moreira,MS,74.85,73.43,-1.4199999999999875,2024
São João do Carú,MA,67.59,70.68,3.0900000000000034,2024
Parnamirim,RN,50.04,35.27,-14.769999999999996,2024
Catolé do Rocha,PB,59.32,45.82,-13.5,2024
Ibateguara,AL,80.0,54.43,-25.57,2024
Itinga,MG,56.85,64.84,7.990000000000002,2024
Campo Mourão,PR,77.95,76.77,-1.1800000000000068,2024
Lauro Muller,SC,66.04,72.59,6.549999999999997,2024
São Tomé,RN,27.18,49.16,21.979999999999997,2024
Propriá,SE,26.71,49.74,23.03,2024
Uiraúna,PB,80.0,45.07,-34.93,2024
Brejo de Areia,MA,40.15,49.3,9.149999999999999,2024
Panambi,RS,76.0,61.8,-14.200000000000003,2024
Peçanha,MG,67.16,80.78,13.620000000000005,2024
Bonito,PE,60.58,79.75,19.17,2024
Laje,BA,52.04,45.45,-6.589999999999996,2024
Luzinópolis,TO,32.22,48.91,16.689999999999998,2024
Elói Mendes,MG,61.57,64.98,3.4100000000000037,2024
São Sebastião,SP,45.57,44.38,-1.1899999999999977,2024
Tapejara,RS,71.34,46.2,-25.14,2024
Jandaia do Sul,PR,77.44,68.64,-8.799999999999997,2024
Jurema,PE,57.86,60.64,2.780000000000001,2024
Guaraqueçaba,PR,71.7,57.18,-14.520000000000003,2024
Hulha Negra,RS,71.75,42.8,-28.950000000000003,2024
Embu das Artes,SP,39.54,40.5,0.9600000000000009,2024
Cubatão,SP,53.65,43.53,-10.119999999999997,2024
Miracema do Tocantins,TO,47.63,46.42,-1.2100000000000009,2024
Dom Pedrito,RS,61.19,47.8,-13.39,2024
Ibipitanga,BA,49.93,46.81,-3.1199999999999974,2024
Gravatal,SC,57.16,66.2,9.040000000000006,2024
União da Vitória,PR,75.71,73.17,-2.539999999999992,2024
Santa Mariana,PR,74.63,83.73,9.100000000000009,2024
Nazária,PI,78.0,52.15,-25.85,2024
Monteiro Lobato,SP,68.77,50.9,-17.869999999999997,2024
Gramado,RS,79.21,57.5,-21.709999999999994,2024
Charqueadas,RS,66.43,51.4,-15.030000000000008,2024
Caçapava do Sul,RS,58.95,47.9,-11.050000000000004,2024
Charqueadas,RS,66.43,51.3,-15.13000000000001,2024
Jequitinhonha,MG,49.76,55.65,5.890000000000001,2024
Carambeí,PR,75.84,69.2,-6.640000000000001,2024
Balsa Nova,PR,76.46,75.18,-1.279999999999987,2024
Paulo Jacinto,AL,43.67,38.46,-5.210000000000001,2024
Paranaíba,MS,37.71,55.2,17.490000000000002,2024
Teófilo Otoni,MG,55.57,67.28,11.71,2024
Antônio Martins,RN,32.45,37.67,5.219999999999999,2024
Santa Clara do Sul,RS,80.0,47.3,-32.7,2024
Jaçanã,RN,52.38,42.68,-9.700000000000003,2024
Entre Folhas,MG,78.84,77.45,-1.3900000000000006,2024
Palmópolis,MG,45.12,69.41,24.29,2024
Areias,SP,62.9,56.95,-5.949999999999996,2024
Piau,MG,36.74,75.58,38.839999999999996,2024
Marilac,MG,65.87,56.14,-9.730000000000004,2024
Araguapaz,GO,49.16,68.98,19.820000000000007,2024
Porto Nacional,TO,60.65,44.11,-16.54,2024
Brodowski,SP,58.03,54.27,-3.759999999999998,2024
Lindóia,SP,77.54,61.13,-16.410000000000004,2024
Granito,PE,57.04,68.11,11.07,2024
São Vicente,SP,49.01,63.27,14.260000000000005,2024
Lagoa do Carro,PE,53.55,59.78,6.230000000000004,2024
Paraíso do Norte,PR,75.67,67.76,-7.909999999999997,2024
Bom Despacho,MG,48.79,65.88,17.089999999999996,2024
Lapa,PR,80.0,74.83,-5.170000000000002,2024
Lindóia do Sul,SC,80.0,84.61,4.609999999999999,2024
São Vendelino,RS,80.0,41.9,-38.1,2024
Itaú,RN,57.42,51.63,-5.789999999999999,2024
Alpercata,MG,51.63,70.83,19.199999999999996,2024
Santa Maria da Boa Vista,PE,51.17,64.37,13.200000000000003,2024
Carmésia,MG,36.86,62.5,25.64,2024
Betânia,PE,71.97,76.97,5.0,2024
Paula Freitas,PR,77.91,74.56,-3.3499999999999943,2024
Amaporã,PR,73.16,76.71,3.549999999999997,2024
Coronel Martins,SC,74.66,90.43,15.77000000000001,2024
Jundiaí do Sul,PR,60.68,55.42,-5.259999999999998,2024
Colinas do Tocantins,TO,55.79,55.82,0.030000000000001137,2024
Cândido de Abreu,PR,80.0,85.54,5.540000000000006,2024
São Carlos do Ivaí,PR,78.54,73.36,-5.180000000000007,2024
Pedro de Toledo,SP,41.87,45.97,4.100000000000001,2024
Pedreiras,MA,70.02,64.51,-5.509999999999991,2024
Novo Oriente de Minas,MG,50.62,62.37,11.75,2024
Coronel Barros,RS,80.0,67.8,-12.200000000000003,2024
Coromandel,MG,47.93,63.22,15.29,2024
Bom Jesus,RS,73.75,41.6,-32.15,2024
Sítio Novo do Tocantins,TO,45.85,50.64,4.789999999999999,2024
Ubá,MG,67.05,75.69,8.64,2024
Malacacheta,MG,77.62,77.47,-0.15000000000000568,2024
Batayporã,MS,51.26,67.77,16.509999999999998,2024
Morro do Chapéu do Piauí,PI,35.98,40.04,4.060000000000002,2024
Tangará,RN,48.84,39.88,-8.96,2024
Ribeirão Cascalheira,MT,66.14,70.87,4.730000000000004,2024
Ajuricaba,RS,80.0,74.3,-5.700000000000003,2024
Patos do Piauí,PI,80.0,63.04,-16.96,2024
Cataguases,MG,42.67,67.69,25.019999999999996,2024
Cajuri,MG,66.8,69.57,2.769999999999996,2024
Erechim,RS,64.31,47.2,-17.11,2024
Chapecó,SC,60.17,56.25,-3.9200000000000017,2024
Córrego Novo,MG,52.11,62.81,10.700000000000003,2024
São João Batista,MA,36.65,58.4,21.75,2024
Ituiutaba,MG,65.79,57.75,-8.040000000000006,2024
Lagoa Grande do Maranhão,MA,80.0,97.12,17.120000000000005,2024
Belmonte,BA,42.49,33.93,-8.560000000000002,2024
Comodoro,MT,61.46,47.59,-13.869999999999997,2024
Três de Maio,RS,79.17,52.1,-27.07,2024
Santa Cruz do Sul,RS,67.32,48.4,-18.919999999999995,2024
Forquilhinha,SC,62.24,63.24,1.0,2024
Chapecó,SC,60.17,58.47,-1.7000000000000028,2024
Senador Amaral,MG,71.75,76.97,5.219999999999999,2024
Ibaiti,PR,73.99,71.64,-2.3499999999999943,2024
Vila Boa,GO,80.0,78.69,-1.3100000000000023,2024
Alfenas,MG,62.52,67.22,4.699999999999996,2024
Bom Jesus do Galho,MG,80.0,78.28,-1.7199999999999989,2024
Candelária,RS,76.07,53.0,-23.069999999999993,2024
Capitão de Campos,PI,58.04,54.01,-4.030000000000001,2024
Caarapó,MS,57.41,46.28,-11.129999999999995,2024
São Miguel do Guaporé,RO,69.73,69.13,-0.6000000000000085,2024
Joaquim Távora,PR,80.0,85.12,5.1200000000000045,2024
Salto do Jacuí,RS,80.0,50.9,-29.1,2024
Palestina,AL,40.59,51.18,10.589999999999996,2024
Peritoró,MA,61.07,70.53,9.46,2024
Formosa,GO,66.03,64.02,-2.010000000000005,2024
Campinaçu,GO,71.97,81.73,9.760000000000005,2024
Chapecó,SC,60.17,63.59,3.4200000000000017,2024
Conceição da Barra,ES,74.67,67.91,-6.760000000000005,2024
Quinta do Sol,PR,77.24,74.15,-3.089999999999989,2024
Tapira,PR,80.0,77.42,-2.5799999999999983,2024
Montenegro,RS,68.22,46.8,-21.42,2024
Piedade de Caratinga,MG,57.33,74.09,16.760000000000005,2024
Otacílio Costa,SC,59.2,56.58,-2.6200000000000045,2024
Santo Antônio dos Lopes,MA,57.23,72.56,15.330000000000005,2024
Celso Ramos,SC,77.74,75.67,-2.069999999999993,2024
Santa Lúcia,SP,68.96,70.68,1.720000000000013,2024
Videira,SC,61.06,63.83,2.769999999999996,2024
Piranhas,GO,78.38,68.65,-9.72999999999999,2024
Itapeva,MG,56.63,67.89,11.259999999999998,2024
Marau,RS,68.78,43.6,-25.18,2024
Batalha,PI,49.49,46.97,-2.520000000000003,2024
Areal,RJ,65.34,63.64,-1.7000000000000028,2024
Ponte Serrada,SC,57.53,66.76,9.230000000000004,2024
Gastão Vidigal,SP,57.58,54.3,-3.280000000000001,2024
Candelária,RS,76.07,53.2,-22.86999999999999,2024
Carmo do Rio Claro,MG,65.96,68.35,2.3900000000000006,2024
Paranacity,PR,80.0,80.03,0.030000000000001137,2024
Joanópolis,SP,73.15,57.3,-15.850000000000009,2024
Antônio Martins,RN,32.45,51.06,18.61,2024
Treze de Maio,SC,73.15,62.38,-10.770000000000003,2024
São Francisco de Goiás,GO,62.43,75.57,13.139999999999993,2024
Esmeraldas,MG,55.55,67.38,11.829999999999998,2024
Alegria,RS,80.0,73.3,-6.700000000000003,2024
Quatro Irmãos,RS,57.42,40.0,-17.42,2024
Dona Francisca,RS,80.0,26.7,-53.3,2024
Santa Rita do Tocantins,TO,65.92,43.12,-22.800000000000004,2024
Ananás,TO,46.22,46.69,0.46999999999999886,2024
São Pedro do Suaçuí,MG,69.13,90.0,20.870000000000005,2024
Caiçara do Rio do Vento,RN,44.52,46.67,2.1499999999999986,2024
Coqueiro Seco,AL,41.33,54.67,13.340000000000003,2024
Capão Bonito do Sul,RS,58.18,60.0,1.8200000000000003,2024
Casca,RS,80.0,80.0,0.0,2024
Uniflor,PR,63.5,73.33,9.829999999999998,2024
Miraí,MG,80.0,73.33,-6.670000000000002,2024
São Geraldo da Piedade,MG,70.95,70.0,-0.9500000000000028,2024
Ibimirim,PE,55.58,86.67,31.090000000000003,2024
Xaxim,SC,68.78,66.67,-2.1099999999999994,2024
Santa Inês,PR,80.0,100.0,20.0,2024
Vila Maria,RS,80.0,66.7,-13.299999999999997,2024
Caarapó,MS,57.41,64.68,7.27000000000001,2024
Brusque,SC,70.5,63.82,-6.68,2024
Lajeado Grande,SC,78.78,66.07,-12.710000000000008,2024
Ipiranga do Norte,MT,64.83,59.46,-5.369999999999997,2024
Caarapó,MS,57.41,66.23,8.820000000000007,2024
Encantado,RS,80.0,53.2,-26.799999999999997,2024
Delta,MG,55.77,47.77,-8.0,2024
Sobradinho,RS,80.0,63.8,-16.200000000000003,2024
Jaguarão,RS,53.41,47.3,-6.109999999999999,2024
Luziânia,GO,66.66,66.27,-0.39000000000000057,2024
Deodápolis,MS,80.0,69.0,-11.0,2024
Braço do Trombudo,SC,65.11,64.21,-0.9000000000000057,2024
Coronel Fabriciano,MG,52.71,64.1,11.389999999999993,2024
Antônio Prado,RS,68.22,46.6,-21.619999999999997,2024
Tenente Portela,RS,69.61,65.0,-4.609999999999999,2024
Tupanatinga,PE,70.41,68.38,-2.030000000000001,2024
Janaúba,MG,54.63,61.68,7.049999999999997,2024
Careiro da Várzea,AM,44.52,56.73,12.209999999999994,2024
Xambioá,TO,29.18,42.82,13.64,2024
Baía Formosa,RN,33.22,35.36,2.1400000000000006,2024
Lorena,SP,48.46,47.82,-0.6400000000000006,2024
Criciúma,SC,62.54,60.43,-2.1099999999999994,2024
Betim,MG,58.25,66.62,8.370000000000005,2024
Lagoa Santa,MG,64.72,73.13,8.409999999999997,2024
Campo Novo de Rondônia,RO,62.75,71.94,9.189999999999998,2024
Mongaguá,SP,53.74,41.39,-12.350000000000001,2024
Porto Ferreira,SP,54.0,50.08,-3.9200000000000017,2024
Feliz,RS,73.9,39.9,-34.00000000000001,2024
São Bento do Sapucaí,SP,64.92,57.89,-7.030000000000001,2024
Fontoura Xavier,RS,65.01,65.9,0.8900000000000006,2024
Presidente Castelo Branco,PR,76.81,62.98,-13.830000000000005,2024
Novo Oriente de Minas,MG,50.62,67.04,16.42000000000001,2024
Francisco Alves,PR,70.52,80.22,9.700000000000003,2024
Santa Mônica,PR,78.86,80.22,1.3599999999999994,2024
Bom Retiro,SC,39.4,46.31,6.910000000000004,2024
Buriti dos Lopes,PI,47.6,61.68,14.079999999999998,2024
Conceição da Barra,ES,74.67,68.12,-6.549999999999997,2024
Aimorés,MG,53.9,66.66,12.759999999999998,2024
Sapopema,PR,74.36,83.01,8.650000000000006,2024
Mirassol d'Oeste,MT,56.36,34.02,-22.339999999999996,2024
Pindorama do Tocantins,TO,52.73,33.88,-18.849999999999994,2024
São Cristóvão,SE,59.87,67.6,7.729999999999997,2024
Arame,MA,76.81,74.44,-2.3700000000000045,2024
Santa Terezinha,PE,70.19,79.68,9.490000000000009,2024
Esmeraldas,MG,55.55,68.41,12.86,2024
Martinho Campos,MG,60.0,70.72,10.719999999999999,2024
Passa Tempo,MG,80.0,78.42,-1.5799999999999983,2024
Guanhães,MG,61.34,68.68,7.340000000000003,2024
Viçosa,MG,65.52,78.22,12.700000000000003,2024
Bom Lugar,MA,80.0,95.28,15.280000000000001,2024
Sangão,SC,70.98,48.46,-22.520000000000003,2024
Joaíma,MG,48.92,61.92,13.0,2024
São Mateus do Maranhão,MA,67.09,66.16,-0.9300000000000068,2024
Coronel Macedo,SP,51.76,38.69,-13.07,2024
Monte Mor,SP,54.58,46.98,-7.600000000000001,2024
Indianópolis,MG,49.02,53.9,4.8799999999999955,2024
Buritis,MG,56.75,62.9,6.149999999999999,2024
Caldas Novas,GO,62.34,62.94,0.5999999999999943,2024
Witmarsum,SC,79.97,77.27,-2.700000000000003,2024
Murici,AL,57.6,84.41,26.809999999999995,2024
Catas Altas,MG,69.4,71.35,1.9499999999999886,2024
Guarujá,SP,53.43,44.13,-9.299999999999997,2024
Pirenópolis,GO,74.01,64.06,-9.950000000000003,2024
São Martinho,RS,80.0,64.5,-15.5,2024
Palmópolis,MG,45.12,70.64,25.520000000000003,2024
Hidrolândia,GO,70.74,65.56,-5.179999999999993,2024
Confresa,MT,42.31,54.24,11.93,2024
Putinga,RS,80.0,82.8,2.799999999999997,2024
Naviraí,MS,63.53,59.87,-3.6600000000000037,2024
Encruzilhada do Sul,RS,66.52,60.4,-6.119999999999997,2024
Arvoredo,SC,76.36,77.94,1.5799999999999983,2024
Juatuba,MG,52.87,68.53,15.660000000000004,2024
Divisa Alegre,MG,55.72,62.69,6.969999999999999,2024
Mangueirinha,PR,73.44,66.1,-7.340000000000003,2024
Guarulhos,SP,45.75,44.19,-1.5600000000000023,2024
Raul Soares,MG,69.16,84.96,15.799999999999997,2024
Baraúna,RN,38.99,44.48,5.489999999999995,2024
Pilar,PB,74.43,38.07,-36.36000000000001,2024
Santa Rita do Trivelato,MT,67.26,62.63,-4.630000000000003,2024
Carvalhópolis,MG,77.41,100.0,22.590000000000003,2024
Felício dos Santos,MG,80.0,79.38,-0.6200000000000045,2024
Dores do Indaiá,MG,68.1,85.44,17.340000000000003,2024
Butiá,RS,55.99,44.8,-11.190000000000005,2024
Lages,SC,53.71,55.85,2.1400000000000006,2024
Flores da Cunha,RS,79.15,59.6,-19.550000000000004,2024
Videira,SC,61.06,64.11,3.049999999999997,2024
Porecatu,PR,75.21,87.25,12.040000000000006,2024
Santa Bárbara do Sul,RS,68.31,37.9,-30.410000000000004,2024
Jardinópolis,SP,61.9,45.42,-16.479999999999997,2024
Caicó,RN,42.3,47.28,4.980000000000004,2024
Riozinho,RS,76.61,62.1,-14.509999999999998,2024
Casserengue,PB,53.21,58.51,5.299999999999997,2024
Marabá Paulista,SP,72.78,48.33,-24.450000000000003,2024
Cromínia,GO,59.88,72.38,12.499999999999993,2024
Cacaulândia,RO,58.84,78.84,20.0,2024
Piratininga,SP,54.01,44.37,-9.64,2024
Joaquim Nabuco,PE,54.58,47.34,-7.239999999999995,2024
São Ludgero,SC,68.15,68.64,0.4899999999999949,2024
Mata Verde,MG,59.04,70.1,11.059999999999995,2024
Lauro Muller,SC,66.04,68.71,2.6699999999999875,2024
Jarinu,SP,53.9,44.07,-9.829999999999998,2024
Mar de Espanha,MG,59.0,68.1,9.099999999999994,2024
São Thomé das Letras,MG,80.0,89.73,9.730000000000004,2024
São Miguel do Passa Quatro,GO,80.0,67.1,-12.900000000000006,2024
Couto Magalhães,TO,53.39,49.04,-4.350000000000001,2024
São José de Caiana,PB,53.39,52.39,-1.0,2024
General Carneiro,MT,80.0,59.62,-20.380000000000003,2024
Piraí do Sul,PR,74.08,74.06,-0.01999999999999602,2024
Santa Cruz do Escalvado,MG,58.77,75.73,16.96,2024
Guarantã,SP,69.04,47.49,-21.550000000000004,2024
Nobres,MT,60.77,57.19,-3.5800000000000054,2024
Santa Rita,MA,62.92,56.53,-6.390000000000001,2024
Goianá,MG,75.76,80.51,4.75,2024
Porto Rico,PR,63.64,71.94,8.299999999999997,2024
Passa Quatro,MG,80.0,80.38,0.37999999999999545,2024
Caçador,SC,71.48,65.51,-5.969999999999999,2024
Linhares,ES,66.76,67.84,1.0799999999999983,2024
Sobrália,MG,68.72,75.93,7.210000000000008,2024
Espera Feliz,MG,72.95,59.04,-13.910000000000004,2024
Nova Olinda do Maranhão,MA,60.95,62.23,1.279999999999994,2024
São Cristóvão,SE,59.87,68.53,8.660000000000004,2024
Igaratinga,MG,70.67,79.48,8.810000000000002,2024
Aurora do Tocantins,TO,57.4,41.94,-15.46,2024
Betim,MG,58.25,66.97,8.719999999999999,2024
Linhares,ES,66.76,67.59,0.8299999999999983,2024
São Pedro do Suaçuí,MG,69.13,88.29,19.16000000000001,2024
Arapongas,PR,76.59,70.97,-5.6200000000000045,2024
Praia Grande,SC,67.96,79.44,11.480000000000004,2024
Diamante do Norte,PR,74.08,78.26,4.180000000000007,2024
Sabino,SP,58.64,46.98,-11.660000000000004,2024
Serrinha,RN,60.14,48.08,-12.060000000000002,2024
Alto Paraíso de Goiás,GO,80.0,60.2,-19.799999999999997,2024
Criciúma,SC,62.54,59.81,-2.729999999999997,2024
Santana do Paraíso,MG,71.41,69.95,-1.4599999999999937,2024
Caxambu do Sul,SC,71.21,60.13,-11.079999999999991,2024
Caeté,MG,74.49,70.95,-3.539999999999992,2024
Terra Nova,PE,64.99,71.07,6.079999999999998,2024
Santa Lúcia,PR,79.57,85.71,6.140000000000001,2024
Amaral Ferrador,RS,72.06,56.6,-15.46,2024
Laurentino,SC,66.86,60.32,-6.539999999999999,2024
Tenente Portela,RS,69.61,62.2,-7.409999999999997,2024
Jacinto,MG,50.97,55.44,4.469999999999999,2024
Comendador Levy Gasparian,RJ,56.32,66.11,9.79,2024
Santa Isabel do Ivaí,PR,80.0,75.13,-4.8700000000000045,2024
Marau,RS,68.78,46.2,-22.58,2024
Monte Santo do Tocantins,TO,36.45,44.77,8.32,2024
Criciúma,SC,62.54,59.75,-2.789999999999999,2024
Joaíma,MG,48.92,64.1,15.179999999999993,2024
Contagem,MG,58.08,69.05,10.969999999999999,2024
Cruzeiro do Oeste,PR,74.97,73.47,-1.5,2024
Iati,PE,68.56,82.26,13.700000000000003,2024
São Sebastião da Amoreira,PR,80.0,87.77,7.769999999999996,2024
Pederneiras,SP,43.06,46.77,3.710000000000001,2024
Guaraí,TO,42.74,48.16,5.419999999999995,2024
São Pedro de Alcântara,SC,74.91,59.93,-14.979999999999997,2024
Itatiba do Sul,RS,80.0,38.0,-42.0,2024
Exu,PE,60.53,55.21,-5.32,2024
Arenápolis,MT,65.24,58.62,-6.619999999999997,2024
Fernando Pedroza,RN,39.77,62.51,22.739999999999995,2024
Formigueiro,RS,80.0,65.9,-14.099999999999994,2024
Nísia Floresta,RN,39.14,49.02,9.880000000000003,2024
Massapê do Piauí,PI,51.46,60.66,9.199999999999996,2024
Araçoiaba,PE,51.26,53.49,2.230000000000004,2024
Marechal Cândido Rondon,PR,76.01,76.44,0.4299999999999926,2024
Frei Miguelinho,PE,69.96,70.68,0.7200000000000131,2024
Leopoldina,MG,62.21,65.12,2.9100000000000037,2024
Vale Real,RS,76.86,35.0,-41.86,2024
Nova Hartz,RS,73.32,45.1,-28.21999999999999,2024
Arraias,TO,41.11,61.2,20.090000000000003,2024
Esmeraldas,MG,55.55,70.85,15.299999999999997,2024
Ponte Nova,MG,57.17,78.64,21.47,2024
Colônia do Piauí,PI,63.22,42.87,-20.35,2024
Santa Bárbara do Sul,RS,68.31,42.8,-25.510000000000005,2024
Maravilha,SC,80.0,76.03,-3.969999999999999,2024
Custódia,PE,80.0,84.57,4.569999999999993,2024
Teixeira Soares,PR,77.71,88.2,10.490000000000009,2024
Ponta Porã,MS,61.45,67.74,6.289999999999992,2024
Cachoeiro de Itapemirim,ES,67.7,71.69,3.989999999999995,2024
Vargem Bonita,SC,66.82,67.69,0.8700000000000045,2024
Tupãssi,PR,72.18,79.06,6.8799999999999955,2024
Tunas do Paraná,PR,66.18,75.01,8.829999999999998,2024
Senhora dos Remédios,MG,80.0,80.52,0.519999999999996,2024
Correia Pinto,SC,63.0,58.24,-4.759999999999998,2024
Porteirinha,MG,66.24,70.05,3.8100000000000023,2024
Icatu,MA,68.75,68.98,0.23000000000000398,2024
Parecis,RO,64.17,70.6,6.429999999999993,2024
São José do Campestre,RN,25.0,49.57,24.57,2024
São Luiz Gonzaga,RS,80.0,55.5,-24.5,2024
Rio Bonito do Iguaçu,PR,80.0,75.32,-4.680000000000007,2024
Tapira,MG,60.07,79.68,19.610000000000007,2024
Ielmo Marinho,RN,47.4,30.36,-17.04,2024
Barra do Corda,MA,67.82,64.05,-3.769999999999996,2024
Pouso Alegre,MG,62.41,68.72,6.310000000000002,2024
Jaqueira,PE,61.36,81.67,20.310000000000002,2024
Inajá,PE,58.6,79.7,21.1,2024
Benedito Novo,SC,64.47,71.71,7.239999999999995,2024
Engenheiro Beltrão,PR,80.0,82.06,2.0600000000000023,2024
Luciara,MT,44.17,46.43,2.259999999999998,2024
Almino Afonso,RN,17.02,21.43,4.41,2024
São Pedro do Butiá,RS,80.0,64.3,-15.700000000000003,2024
Cachoeira de Goiás,GO,67.45,64.29,-3.1599999999999966,2024
Santo Expedito do Sul,RS,80.0,85.7,5.700000000000003,2024
Feliz Natal,MT,67.6,51.15,-16.449999999999996,2024
Frei Martinho,PB,45.11,71.43,26.320000000000007,2024
Cruzaltense,RS,78.11,64.3,-13.810000000000002,2024
Dom Pedro de Alcântara,RS,80.0,57.1,-22.9,2024
Pontalinda,SP,50.33,51.66,1.3299999999999983,2024
Xavantina,SC,72.9,80.95,8.049999999999997,2024
Planalto,RS,73.65,56.3,-17.35000000000001,2024
Áurea,RS,80.0,56.5,-23.5,2024
Rondolândia,MT,36.18,71.43,35.25000000000001,2024
Nonoai,RS,48.14,52.4,4.259999999999998,2024
Presidente Juscelino,MA,43.48,57.94,14.46,2024
Ciríaco,RS,80.0,84.0,4.0,2024
Berizal,MG,70.18,83.33,13.149999999999991,2024
Chuí,RS,54.93,78.6,23.669999999999995,2024
Vista Alegre do Prata,RS,80.0,85.7,5.700000000000003,2024
São Miguel das Missões,RS,76.86,64.3,-12.560000000000002,2024
Antônio Martins,RN,32.45,78.57,46.11999999999999,2024
Olho d'Água Grande,AL,80.0,82.14,2.1400000000000006,2024
São Bento do Norte,RN,61.45,32.17,-29.28,2024
Osório,RS,69.76,37.0,-32.760000000000005,2024
Jaguari,RS,67.37,53.4,-13.970000000000006,2024
Ipira,SC,80.0,84.43,4.430000000000007,2024
Farroupilha,RS,80.0,56.7,-23.299999999999997,2024
Sabará,MG,60.94,71.68,10.740000000000009,2024
Castilho,SP,53.1,45.42,-7.68,2024
Carazinho,RS,66.52,50.8,-15.719999999999999,2024
Nova Hartz,RS,73.32,45.3,-28.019999999999996,2024
São Joaquim da Barra,SP,51.12,50.24,-0.8799999999999955,2024
Ibirité,MG,56.29,63.66,7.369999999999997,2024
Ouro Preto,MG,59.55,71.36,11.810000000000002,2024
Goiandira,GO,50.36,72.17,21.810000000000002,2024
São Miguel do Tocantins,TO,34.18,36.9,2.719999999999999,2024
Suzano,SP,48.1,46.82,-1.2800000000000011,2024
Guaíra,SP,59.03,53.49,-5.539999999999999,2024
Campos Gerais,MG,67.91,71.94,4.030000000000001,2024
Tangará,RN,48.84,36.85,-11.990000000000002,2024
Bom Jesus,RS,73.75,42.6,-31.15,2024
Apodi,RN,43.46,45.18,1.7199999999999989,2024
Goianápolis,GO,75.26,68.02,-7.240000000000009,2024
Padre Paraíso,MG,54.04,68.84,14.800000000000004,2024
Luís Domingues,MA,77.39,84.97,7.579999999999998,2024
Juazeirinho,PB,55.74,45.45,-10.29,2024
Ijuí,RS,77.0,56.1,-20.9,2024
Ribeirão,PE,64.61,65.68,1.0700000000000074,2024
Barra do Mendes,BA,45.6,32.43,-13.170000000000002,2024
Lucélia,SP,67.06,68.26,1.2000000000000028,2024
Toledo,MG,65.89,89.2,23.310000000000002,2024
São Mateus,ES,69.26,70.65,1.3900000000000006,2024
Teófilo Otoni,MG,55.57,65.96,10.389999999999993,2024
Paraibano,MA,79.02,74.65,-4.36999999999999,2024
Sonora,MS,52.8,78.58,25.78,2024
Cotia,SP,55.5,49.49,-6.009999999999998,2024
Canela,RS,78.87,55.4,-23.470000000000006,2024
São Jorge do Ivaí,PR,80.0,70.73,-9.269999999999996,2024
Romelândia,SC,56.69,78.04,21.35000000000001,2024
Maravilhas,MG,71.64,76.79,5.150000000000006,2024
Santo Antônio de Pádua,RJ,68.58,73.82,5.239999999999995,2024
Vitorino,PR,72.74,70.19,-2.549999999999997,2024
São Vicente,SP,49.01,48.22,-0.7899999999999991,2024
Farroupilha,RS,80.0,55.9,-24.1,2024
Água Doce do Norte,ES,77.74,81.68,3.940000000000012,2024
Foz do Iguaçu,PR,74.1,72.01,-2.089999999999989,2024
Passos Maia,SC,54.31,70.84,16.53,2024
Campos Novos,SC,66.86,63.67,-3.1899999999999977,2024
São Vicente,SP,49.01,47.93,-1.0799999999999983,2024
Lagoa Vermelha,RS,64.16,54.6,-9.559999999999995,2024
Pedra Grande,RN,51.07,44.5,-6.57,2024
Anhembi,SP,44.99,45.69,0.6999999999999957,2024
Caxambu,MG,76.93,78.2,1.269999999999996,2024
Governador Luiz Rocha,MA,80.0,91.67,11.670000000000002,2024
Jardim de Piranhas,RN,37.47,63.05,25.58,2024
Dois Riachos,AL,51.92,64.23,12.310000000000002,2024
Baependi,MG,71.83,77.43,5.6000000000000085,2024
Machado,MG,63.26,87.02,23.759999999999998,2024
Lavrinhas,SP,57.18,46.14,-11.04,2024
Mossoró,RN,44.54,40.97,-3.5700000000000003,2024
Japaraíba,MG,72.45,78.49,6.039999999999992,2024
Capitão Leônidas Marques,PR,74.06,78.04,3.980000000000004,2024
Picuí,PB,57.06,42.85,-14.21,2024
Chapadão do Sul,MS,49.18,63.42,14.240000000000002,2024
Paranavaí,PR,80.0,74.3,-5.700000000000003,2024
Praia Norte,TO,25.02,38.49,13.470000000000002,2024
Panambi,RS,76.0,55.1,-20.9,2024
Terra de Areia,RS,69.02,48.4,-20.619999999999997,2024
Camanducaia,MG,58.85,58.56,-0.28999999999999915,2024
Contagem,MG,58.08,70.1,12.019999999999996,2024
Cascavel,PR,80.0,74.34,-5.659999999999997,2024
Canas,SP,57.95,48.15,-9.800000000000004,2024
Mariana,MG,58.12,65.6,7.479999999999997,2024
Bom Jesus do Itabapoana,RJ,61.57,70.64,9.07,2024
Carangola,MG,55.64,67.38,11.739999999999995,2024
Toritama,PE,55.11,63.95,8.840000000000003,2024
Gameleira,PE,62.1,77.37,15.270000000000003,2024
Conceição dos Ouros,MG,64.92,77.03,12.11,2024
Diadema,SP,47.05,48.02,0.970000000000006,2024
Nossa Senhora da Glória,SE,36.66,54.4,17.740000000000002,2024
Pastos Bons,MA,75.06,64.01,-11.049999999999997,2024
Novo Oriente de Minas,MG,50.62,77.9,27.28000000000001,2024
Mamonas,MG,46.38,65.94,19.559999999999995,2024
Porto Velho,RO,67.5,69.36,1.8599999999999994,2024
Macuco,RJ,66.31,77.99,11.679999999999993,2024
Iporã do Oeste,SC,80.0,92.28,12.280000000000001,2024
Rio Negro,MS,57.54,53.05,-4.490000000000002,2024
Nísia Floresta,RN,39.14,49.76,10.619999999999997,2024
Itaporanga,PB,24.9,48.7,23.800000000000004,2024
Caucaia,CE,69.14,52.22,-16.92,2024
Ribeirão Preto,SP,45.48,45.01,-0.46999999999999886,2024
Cajobi,SP,64.32,60.42,-3.8999999999999915,2024
Agudo,RS,60.08,56.9,-3.1799999999999997,2024
Itabira,MG,60.96,68.15,7.190000000000005,2024
Sobrado,PB,63.31,40.74,-22.57,2024
Tavares,RS,68.03,37.0,-31.03,2024
Taipas do Tocantins,TO,59.86,55.56,-4.299999999999997,2024
São Pedro do Sul,RS,77.57,57.4,-20.169999999999995,2024
Godoy Moreira,PR,80.0,74.07,-5.930000000000007,2024
Esperantina,TO,47.0,47.82,0.8200000000000003,2024
Apodi,RN,43.46,48.86,5.399999999999999,2024
Mirandópolis,SP,57.82,54.13,-3.6899999999999977,2024
Nova Petrópolis,RS,80.0,56.2,-23.799999999999997,2024
Forquilhinha,SC,62.24,63.94,1.6999999999999957,2024
Brusque,SC,70.5,65.9,-4.599999999999994,2024
Guaçuí,ES,74.96,76.71,1.75,2024
Palmeiras do Tocantins,TO,25.06,49.53,24.470000000000002,2024
Boa Esperança do Iguaçu,PR,75.76,93.1,17.33999999999999,2024
Clementina,SP,55.83,54.12,-1.7100000000000009,2024
Leopoldina,MG,62.21,65.18,2.970000000000006,2024
São Gonçalo do Amarante,RN,56.91,44.4,-12.509999999999998,2024
Francisco Morato,SP,55.48,63.29,7.810000000000002,2024
Ubaporanga,MG,70.32,69.73,-0.5899999999999892,2024
São Geraldo,MG,80.0,87.65,7.650000000000006,2024
São Lourenço do Sul,RS,79.22,57.2,-22.019999999999996,2024
Prudente de Morais,MG,57.41,63.8,6.390000000000001,2024
Piracema,MG,69.08,76.35,7.269999999999996,2024
Apiúna,SC,66.35,70.88,4.530000000000001,2024
Mossoró,RN,44.54,43.7,-0.8399999999999963,2024
Currais Novos,RN,47.33,46.22,-1.1099999999999994,2024
Muritiba,BA,30.55,51.72,21.169999999999998,2024
Santa Margarida,MG,73.24,60.93,-12.309999999999995,2024
Malacacheta,MG,77.62,75.44,-2.180000000000007,2024
Mato Leitão,RS,80.0,58.4,-21.6,2024
Marcelândia,MT,65.23,65.36,0.12999999999999545,2024
Encantado,RS,80.0,56.4,-23.6,2024
Uberlândia,MG,55.71,62.63,6.920000000000002,2024
Primeira Cruz,MA,76.22,68.97,-7.25,2024
Minas do Leão,RS,74.31,69.6,-4.710000000000008,2024
Pirapora,MG,54.52,69.43,14.910000000000004,2024
Patrocínio do Muriaé,MG,73.79,80.53,6.739999999999995,2024
Osasco,SP,51.47,49.13,-2.3399999999999963,2024
São Brás,AL,69.26,70.72,1.4599999999999937,2024
Morrinhos,GO,65.2,65.87,0.6700000000000017,2024
Porto Murtinho,MS,37.55,67.46,29.909999999999997,2024
Guaramirim,SC,71.87,64.09,-7.780000000000001,2024
Buritis,MG,56.75,63.51,6.759999999999998,2024
Blumenau,SC,66.53,62.88,-3.6499999999999986,2024
Campina Grande do Sul,PR,71.94,66.84,-5.099999999999994,2024
Belo Horizonte,MG,61.33,68.58,7.25,2024
Macapá,AP,49.2,44.85,-4.350000000000001,2024
Franco da Rocha,SP,55.69,46.57,-9.119999999999997,2024
Itacoatiara,AM,51.78,75.75,23.97,2024
Segredo,RS,75.76,76.2,0.4399999999999977,2024
Santa Fé de Minas,MG,40.26,72.51,32.25000000000001,2024
São José do Egito,PE,69.54,73.38,3.839999999999989,2024
Canoinhas,SC,74.87,71.93,-2.9399999999999977,2024
Castro,PR,75.14,74.56,-0.5799999999999983,2024
Curiúva,PR,80.0,68.88,-11.120000000000005,2024
São Sebastião do Caí,RS,61.4,55.9,-5.5,2024
Lajeado Novo,MA,63.83,65.92,2.0900000000000034,2024
Taipu,RN,43.17,68.22,25.049999999999997,2024
Coremas,PB,69.16,48.71,-20.449999999999996,2024
Santo Amaro da Imperatriz,SC,61.81,71.68,9.870000000000005,2024
Varginha,MG,55.51,71.53,16.020000000000003,2024
Curvelo,MG,67.73,71.71,3.9799999999999898,2024
Mossoró,RN,44.54,45.41,0.8699999999999974,2024
Caraúbas,RN,32.45,41.75,9.299999999999997,2024
Funilândia,MG,56.12,68.6,12.479999999999997,2024
Nova Aurora,PR,80.0,74.99,-5.010000000000005,2024
Açu,RN,48.18,40.86,-7.32,2024
Sapiranga,RS,73.9,56.3,-17.60000000000001,2024
Camocim de São Félix,PE,59.74,68.51,8.770000000000003,2024
Salete,SC,78.29,64.68,-13.61,2024
Nepomuceno,MG,58.03,77.99,19.959999999999994,2024
Lucena,PB,52.54,44.96,-7.579999999999998,2024
Santa Branca,SP,46.96,49.71,2.75,2024
Sairé,PE,69.69,81.01,11.320000000000007,2024
Santa Fé,PR,62.22,64.71,2.489999999999995,2024
Ibirama,SC,69.5,71.81,2.3100000000000023,2024
Nobres,MT,60.77,60.61,-0.1600000000000037,2024
Taboão da Serra,SP,51.16,49.2,-1.9599999999999937,2024
Santa Rita do Araguaia,GO,78.93,83.33,4.3999999999999915,2024
Missal,PR,80.0,83.28,3.280000000000001,2024
Umburatiba,MG,66.38,52.43,-13.949999999999996,2024
Restinga,SP,71.82,55.18,-16.639999999999993,2024
Urucânia,MG,59.62,81.15,21.53000000000001,2024
Mesquita,MG,57.61,63.47,5.859999999999999,2024
Paracatu,MG,68.02,63.56,-4.459999999999994,2024
Astorga,PR,79.63,75.21,-4.420000000000002,2024
Imbituva,PR,80.0,78.04,-1.9599999999999937,2024
Centro do Guilherme,MA,80.0,87.93,7.930000000000007,2024
Botelhos,MG,67.86,81.65,13.790000000000006,2024
Guarujá,SP,53.43,48.38,-5.049999999999997,2024
Farroupilha,RS,80.0,52.8,-27.200000000000003,2024
Três Cachoeiras,RS,80.0,53.5,-26.5,2024
Ipubi,PE,73.25,70.08,-3.1700000000000017,2024
Morro da Fumaça,SC,69.95,68.09,-1.8599999999999994,2024
Catuji,MG,42.58,67.78,25.200000000000003,2024
Lauro Muller,SC,66.04,63.54,-2.500000000000007,2024
Ielmo Marinho,RN,47.4,30.13,-17.27,2024
Rio Tinto,PB,78.16,46.3,-31.86,2024
Planalto,RS,73.65,54.1,-19.550000000000004,2024
Açailândia,MA,45.9,62.76,16.86,2024
Caçador,SC,71.48,65.72,-5.760000000000005,2024
Divino,MG,54.23,73.55,19.32,2024
Olho-d'Água do Borges,RN,31.39,30.77,-0.620000000000001,2024
Vanini,RS,80.0,69.2,-10.799999999999997,2024
Ajuricaba,RS,80.0,53.9,-26.1,2024
Pium,TO,29.05,43.07,14.02,2024
Arapeí,SP,53.27,37.41,-15.860000000000007,2024
Santo Antônio do Itambé,MG,52.34,47.84,-4.5,2024
Chiapetta,RS,78.78,84.6,5.819999999999993,2024
Itá,SC,70.81,30.77,-40.040000000000006,2024
São Jerônimo,RS,80.0,56.7,-23.299999999999997,2024
Floresta Azul,BA,21.74,41.03,19.290000000000003,2024
Pedro Canário,ES,70.99,92.31,21.320000000000007,2024
São João do Sabugi,RN,54.48,66.5,12.020000000000003,2024
Caieiras,SP,49.69,50.0,0.3100000000000023,2024
Sul Brasil,SC,76.76,73.21,-3.5500000000000114,2024
São José do Divino,MG,50.96,54.62,3.6599999999999966,2024
Rodeio,SC,60.87,61.54,0.6700000000000017,2024
Dom Bosco,MG,59.62,84.62,25.000000000000007,2024
Vargem Bonita,MG,62.33,69.23,6.900000000000006,2024
Brochier,RS,67.29,53.9,-13.390000000000008,2024
Gameleiras,MG,47.75,53.85,6.100000000000001,2024
Gravatal,SC,57.16,76.93,19.77000000000001,2024
Mundo Novo,MS,80.0,69.23,-10.769999999999996,2024
Guaraniaçu,PR,80.0,71.17,-8.829999999999998,2024
Miguel Leão,PI,52.65,84.62,31.970000000000006,2024
Lagoa Salgada,RN,30.02,61.54,31.52,2024
São Pedro do Suaçuí,MG,69.13,84.62,15.490000000000009,2024
Pedregulho,SP,64.02,51.67,-12.349999999999994,2024
Borebi,SP,64.23,53.42,-10.810000000000002,2024
Ascurra,SC,80.0,48.83,-31.17,2024
Orleans,SC,68.14,60.01,-8.130000000000003,2024
Franco da Rocha,SP,55.69,48.3,-7.390000000000001,2024
Dom Pedrito,RS,61.19,43.7,-17.489999999999995,2024
Roteiro,AL,66.92,45.95,-20.97,2024
Jucurutu,RN,34.74,43.69,8.949999999999996,2024
Ronda Alta,RS,76.01,52.8,-23.210000000000008,2024
Ponta Porã,MS,61.45,71.07,9.61999999999999,2024
Rancho Queimado,SC,73.86,80.8,6.939999999999998,2024
Cianorte,PR,79.62,74.95,-4.670000000000002,2024
Cáceres,MT,52.83,51.27,-1.5599999999999952,2024
Presidente Getúlio,SC,65.13,55.72,-9.409999999999997,2024
Irani,SC,74.83,65.74,-9.090000000000003,2024
Montalvânia,MG,53.65,66.9,13.250000000000007,2024
Uberaba,MG,51.32,69.47,18.15,2024
Tumiritinga,MG,50.96,74.58,23.619999999999997,2024
Taboão da Serra,SP,51.16,49.01,-2.1499999999999986,2024
Bonfim,MG,70.99,85.95,14.960000000000008,2024
Erval Grande,RS,80.0,38.8,-41.2,2024
Peçanha,MG,67.16,74.72,7.560000000000002,2024
Pirapora,MG,54.52,69.81,15.29,2024
Caratinga,MG,55.16,67.42,12.260000000000005,2024
Estiva,MG,73.63,75.2,1.5700000000000074,2024
Paranatinga,MT,50.99,60.98,9.989999999999995,2024
Otacílio Costa,SC,59.2,66.44,7.239999999999995,2024
Taquarituba,SP,57.07,56.67,-0.3999999999999986,2024
Tubarão,SC,71.86,55.11,-16.75,2024
São João Nepomuceno,MG,70.39,69.83,-0.5600000000000023,2024
Vera Cruz,RS,68.66,55.6,-13.059999999999995,2024
Juiz de Fora,MG,49.46,66.56,17.1,2024
Rolim de Moura,RO,70.6,64.22,-6.3799999999999955,2024
Lençóis,BA,42.83,37.66,-5.170000000000002,2024
Curitibanos,SC,53.71,56.96,3.25,2024
Arapoema,TO,43.86,68.32,24.459999999999994,2024
São Geraldo do Baixio,MG,72.56,76.32,3.759999999999991,2024
Porto União,SC,72.02,67.7,-4.319999999999993,2024
Alvorada D'Oeste,RO,36.33,77.36,41.03,2024
São Paulo,SP,44.37,48.25,3.8800000000000026,2024
Santana do Matos,RN,28.87,63.95,35.08,2024
Horizontina,RS,72.61,57.2,-15.409999999999997,2024
Morros,MA,80.0,66.98,-13.019999999999996,2024
Atalaia do Norte,AM,58.48,84.07,25.589999999999996,2024
Capela de Santana,RS,69.65,54.3,-15.350000000000009,2024
Palmeirais,PI,55.7,46.19,-9.510000000000005,2024
Deodápolis,MS,80.0,66.24,-13.760000000000005,2024
Campina do Monte Alegre,SP,51.32,43.46,-7.859999999999999,2024
São José da Barra,MG,80.0,75.22,-4.780000000000001,2024
Santa Izabel do Oeste,PR,80.0,82.63,2.6299999999999955,2024
Carnaubais,RN,34.58,48.37,13.79,2024
Serranópolis do Iguaçu,PR,80.0,82.66,2.6599999999999966,2024
São Marcos,RS,80.0,44.4,-35.6,2024
Humaitá,RS,80.0,60.8,-19.200000000000003,2024
Grossos,RN,46.65,67.44,20.79,2024
Passo do Sobrado,RS,80.0,57.9,-22.1,2024
Terezinha,PE,70.15,76.08,5.929999999999993,2024
Valinhos,SP,55.55,48.21,-7.339999999999996,2024
Morro Redondo,RS,74.06,49.5,-24.560000000000002,2024
Serafina Corrêa,RS,80.0,53.2,-26.799999999999997,2024
Itabira,MG,60.96,69.81,8.850000000000001,2024
São João da Ponte,MG,67.96,63.51,-4.449999999999996,2024
Iracema do Oeste,PR,80.0,85.71,5.709999999999994,2024
Cuiabá,MT,58.26,46.6,-11.659999999999997,2024
Poté,MG,47.81,69.67,21.86,2024
Angelândia,MG,63.08,84.97,21.89,2024
Brusque,SC,70.5,67.18,-3.319999999999993,2024
São José da Safira,MG,73.69,52.73,-20.96,2024
Condor,RS,80.0,61.9,-18.1,2024
Serrano do Maranhão,MA,69.93,53.62,-16.31000000000001,2024
Seberi,RS,80.0,68.0,-12.0,2024
Rolândia,PR,74.42,71.84,-2.5799999999999983,2024
Gavião,BA,63.7,47.37,-16.330000000000005,2024
Canguçu,RS,79.74,51.7,-28.039999999999992,2024
Saubara,BA,49.07,52.63,3.5600000000000023,2024
Tubarão,SC,71.86,60.48,-11.380000000000003,2024
Flores da Cunha,RS,79.15,59.4,-19.750000000000007,2024
Pau dos Ferros,RN,45.25,41.08,-4.170000000000002,2024
Panambi,RS,76.0,51.2,-24.799999999999997,2024
Cuiabá,MT,58.26,46.56,-11.699999999999996,2024
Vacaria,RS,68.24,47.4,-20.839999999999996,2024
Teófilo Otoni,MG,55.57,64.88,9.309999999999995,2024
Turvo,SC,62.69,69.98,7.290000000000006,2024
Muqui,ES,66.19,75.56,9.370000000000005,2024
Nova Bassano,RS,78.22,61.1,-17.119999999999997,2024
Campos dos Goytacazes,RJ,45.1,71.62,26.520000000000003,2024
Laranjal,MG,46.49,82.11,35.62,2024
Mato Verde,MG,70.78,71.71,0.9299999999999926,2024
Vila Rica,MT,53.14,55.24,2.1000000000000014,2024
Nova Esperança,PR,75.03,74.65,-0.37999999999999545,2024
São Thomé das Letras,MG,80.0,88.25,8.25,2024
Coreaú,CE,80.0,100.0,20.0,2024
Três Fronteiras,SP,80.0,69.58,-10.420000000000002,2024
Pedro Leopoldo,MG,62.5,69.22,6.719999999999999,2024
Setubinha,MG,53.85,68.57,14.719999999999992,2024
Malacacheta,MG,77.62,74.46,-3.160000000000011,2024
Jequitinhonha,MG,49.76,61.47,11.71,2024
Terenos,MS,63.66,68.25,4.590000000000003,2024
Japurá,AM,77.7,91.93,14.230000000000004,2024
Estrela do Sul,MG,52.24,75.81,23.57,2024
Novo Horizonte do Norte,MT,65.77,69.12,3.3500000000000085,2024
Aparecida do Taboado,MS,56.16,57.5,1.3400000000000034,2024
Concórdia,SC,76.94,71.3,-5.640000000000001,2024
Nossa Senhora das Graças,PR,79.27,94.81,15.540000000000006,2024
Cotriguaçu,MT,61.94,62.71,0.7700000000000031,2024
Ouro Preto,MG,59.55,74.25,14.700000000000003,2024
Fernandes Pinheiro,PR,80.0,79.81,-0.18999999999999773,2024
Jucurutu,RN,34.74,46.3,11.559999999999995,2024
Baldim,MG,75.13,89.89,14.760000000000005,2024
Santo André,PB,50.76,35.81,-14.949999999999996,2024
Pedro Gomes,MS,40.53,55.86,15.329999999999998,2024
Curvelo,MG,67.73,72.55,4.819999999999993,2024
Reserva do Cabaçal,MT,76.82,83.86,7.040000000000006,2024
Engenheiro Coelho,SP,57.75,47.86,-9.89,2024
Campo Limpo Paulista,SP,54.81,48.77,-6.039999999999999,2024
Lagoinha,SP,53.85,65.02,11.169999999999995,2024
Bom Retiro do Sul,RS,78.46,64.6,-13.86,2024
Belo Horizonte,MG,61.33,70.13,8.799999999999997,2024
Caatiba,BA,53.62,50.0,-3.6199999999999974,2024
Pajeú do Piauí,PI,68.29,64.0,-4.290000000000006,2024
Torres,RS,65.68,53.8,-11.88000000000001,2024
Fernão,SP,80.0,44.0,-36.0,2024
São Vicente,RN,65.76,52.0,-13.760000000000005,2024
Pedra Preta,MT,60.59,65.1,4.509999999999991,2024
Canápolis,MG,51.07,52.0,0.9299999999999997,2024
Vespasiano,MG,58.37,70.35,11.979999999999997,2024
Guarapari,ES,73.1,75.99,2.8900000000000006,2024
Coração de Jesus,MG,67.95,68.05,0.09999999999999432,2024
Porto Real do Colégio,AL,69.69,82.07,12.379999999999995,2024
Presidente Bernardes,MG,60.93,88.0,27.07,2024
Sacramento,MG,66.63,80.0,13.370000000000005,2024
Taparuba,MG,49.89,80.0,30.11,2024
Tenente Portela,RS,69.61,52.2,-17.409999999999997,2024
Santiago,RS,73.95,58.5,-15.450000000000003,2024
Tramandaí,RS,58.64,58.4,-0.240000000000002,2024
Manhumirim,MG,70.43,68.84,-1.5900000000000034,2024
Irati,SC,80.0,87.82,7.819999999999993,2024
Tupirama,TO,43.0,66.67,23.67,2024
Deodápolis,MS,80.0,65.69,-14.310000000000002,2024
Camaquã,RS,62.16,59.6,-2.559999999999995,2024
Uberlândia,MG,55.71,64.57,8.859999999999992,2024
Mariana,MG,58.12,67.81,9.690000000000005,2024
Inhapi,AL,67.49,80.16,12.670000000000002,2024
São José do Jacuri,MG,59.37,81.45,22.080000000000005,2024
Bom Retiro,SC,39.4,44.68,5.280000000000001,2024
Trombudo Central,SC,70.04,63.31,-6.730000000000004,2024
Lagoa do Ouro,PE,73.78,85.39,11.61,2024
Tibagi,PR,78.09,77.79,-0.29999999999999716,2024
Cruz Machado,PR,80.0,84.49,4.489999999999995,2024
Parelhas,RN,49.2,50.73,1.529999999999994,2024
Nova Santa Rita,PI,53.26,49.11,-4.149999999999999,2024
Matias Olímpio,PI,31.65,52.06,20.410000000000004,2024
Santiago,RS,73.95,60.2,-13.75,2024
Santo Amaro da Imperatriz,SC,61.81,62.84,1.0300000000000011,2024
Vazante,MG,49.64,65.3,15.659999999999997,2024
Santiago,RS,73.95,61.2,-12.75,2024
João Monlevade,MG,64.07,79.74,15.670000000000002,2024
Porto Barreiro,PR,80.0,86.29,6.290000000000006,2024
Tubarão,SC,71.86,68.26,-3.5999999999999943,2024
Aparecida de Goiânia,GO,63.87,69.22,5.350000000000001,2024
Aracruz,ES,72.36,74.36,2.0,2024
Ibiaí,MG,60.78,76.41,15.629999999999995,2024
Gararu,SE,26.47,36.4,9.93,2024
Capão do Leão,RS,53.81,39.4,-14.410000000000004,2024
Pontal do Araguaia,MT,71.32,51.2,-20.11999999999999,2024
Estância Velha,RS,69.31,43.4,-25.910000000000004,2024
Itapirapuã,GO,41.17,73.21,32.03999999999999,2024
Reserva do Iguaçu,PR,78.22,83.13,4.909999999999997,2024
Avelino Lopes,PI,47.14,44.97,-2.1700000000000017,2024
Dois Irmãos,RS,78.68,57.8,-20.88000000000001,2024
Lavras,MG,60.18,67.11,6.93,2024
Lagarto,SE,42.31,68.35,26.039999999999992,2024
Cavalcante,GO,63.47,84.5,21.03,2024
Caetanópolis,MG,59.24,72.48,13.240000000000002,2024
Águas de Chapecó,SC,73.48,75.76,2.280000000000001,2024
Ascurra,SC,80.0,61.66,-18.340000000000003,2024
Ilicínea,MG,51.49,65.15,13.660000000000004,2024
Xanxerê,SC,68.79,66.51,-2.280000000000001,2024
Sete Lagoas,MG,57.97,71.22,13.25,2024
Urutaí,GO,78.38,66.86,-11.519999999999996,2024
Segredo,RS,75.76,84.9,9.14,2024
Dueré,TO,41.72,68.54,26.820000000000007,2024
Vitor Meireles,SC,50.26,76.12,25.860000000000007,2024
Bernardino de Campos,SP,70.21,47.5,-22.709999999999994,2024
Damião,PB,44.24,50.86,6.619999999999997,2024
São Roque,SP,56.9,51.51,-5.390000000000001,2024
Ibirité,MG,56.29,66.46,10.169999999999995,2024
Santa Luzia,MG,56.2,70.02,13.819999999999993,2024
Divinópolis de Goiás,GO,79.92,80.42,0.5,2024
Sussuapara,PI,34.28,55.84,21.560000000000002,2024
Lagoa Grande,MG,80.0,76.48,-3.519999999999996,2024
Marau,RS,68.78,53.4,-15.380000000000003,2024
Divinópolis do Tocantins,TO,45.46,60.78,15.32,2024
Paracatu,MG,68.02,68.16,0.14000000000000057,2024
Boa Vista,PB,70.41,49.49,-20.919999999999995,2024
Luís Correia,PI,65.03,51.6,-13.43,2024
Selvíria,MS,33.87,59.83,25.96,2024
Paraíso das Águas,MS,76.92,78.5,1.5799999999999983,2024
Barro Duro,PI,44.76,40.17,-4.589999999999996,2024
Praia Grande,SP,55.55,51.25,-4.299999999999997,2024
Canguçu,RS,79.74,56.4,-23.339999999999996,2024
Ivoti,RS,77.79,56.9,-20.890000000000008,2024
Santo Amaro da Imperatriz,SC,61.81,60.42,-1.3900000000000006,2024
Pérola d'Oeste,PR,80.0,88.78,8.780000000000001,2024
Campo Grande,RN,42.79,43.77,0.980000000000004,2024
Sananduva,RS,75.28,53.3,-21.980000000000004,2024
Itaeté,BA,47.43,45.45,-1.9799999999999969,2024
Raposos,MG,53.57,69.66,16.089999999999996,2024
Carandaí,MG,73.09,80.43,7.340000000000003,2024
Poá,SP,58.69,51.72,-6.969999999999999,2024
Juara,MT,57.76,54.04,-3.719999999999999,2024
Maturéia,PB,55.48,60.76,5.280000000000001,2024
São José do Seridó,RN,42.95,56.41,13.459999999999994,2024
Indaial,SC,59.31,66.7,7.390000000000001,2024
Santa Clara do Sul,RS,80.0,54.2,-25.799999999999997,2024
Rio de Contas,BA,55.31,55.74,0.4299999999999997,2024
Pompéu,MG,67.62,66.01,-1.6099999999999994,2024
Santa Leopoldina,ES,80.0,74.54,-5.459999999999994,2024
Monte Alegre,RN,62.63,50.97,-11.660000000000004,2024
Bauru,SP,49.57,50.56,0.990000000000002,2024
Pouso Alegre,MG,62.41,70.53,8.120000000000005,2024
Rio Vermelho,MG,49.66,64.55,14.89,2024
Carrancas,MG,71.89,89.76,17.870000000000005,2024
Itanhaém,SP,58.59,48.05,-10.540000000000006,2024
Andradas,MG,60.22,75.04,14.820000000000007,2024
Xanxerê,SC,68.79,70.05,1.259999999999991,2024
Currais Novos,RN,47.33,46.77,-0.5599999999999952,2024
Mataraca,PB,80.0,50.43,-29.57,2024
Cristalina,GO,69.87,69.1,-0.7700000000000102,2024
Virmond,PR,78.88,81.54,2.660000000000011,2024
Capela do Alto,SP,52.82,47.64,-5.18,2024
Jandira,SP,50.54,51.39,0.8500000000000014,2024
Serra Branca,PB,61.29,54.35,-6.939999999999998,2024
Ipuiúna,MG,57.35,63.82,6.469999999999999,2024
Medina,MG,71.82,64.77,-7.049999999999997,2024
Cambuci,RJ,70.76,64.38,-6.38000000000001,2024
Medina,MG,71.82,65.7,-6.11999999999999,2024
Resende Costa,MG,61.52,82.11,20.589999999999996,2024
Itararé,SP,59.9,53.17,-6.729999999999997,2024
Iraí,RS,69.28,59.4,-9.880000000000003,2024
Ipatinga,MG,67.17,70.92,3.75,2024
São Gonçalo do Sapucaí,MG,76.83,76.14,-0.6899999999999977,2024
Senhora dos Remédios,MG,80.0,77.94,-2.0600000000000023,2024
Ijuí,RS,77.0,61.9,-15.100000000000001,2024
Itapuí,SP,41.78,53.04,11.259999999999998,2024
Iguatemi,MS,44.73,60.02,15.290000000000006,2024
João Ramalho,SP,80.0,65.42,-14.579999999999998,2024
Otacílio Costa,SC,59.2,70.95,11.75,2024
Santa Mercedes,SP,80.0,81.08,1.0799999999999983,2024
Embu das Artes,SP,39.54,48.71,9.170000000000002,2024
Águas de Chapecó,SC,73.48,66.39,-7.090000000000003,2024
Guaíra,PR,65.99,69.53,3.5400000000000063,2024
Conceição da Aparecida,MG,72.31,78.53,6.219999999999999,2024
Cachoeira Paulista,SP,55.01,41.8,-13.21,2024
Caraá,RS,80.0,62.4,-17.6,2024
Buriti Alegre,GO,70.78,64.95,-5.829999999999998,2024
Xanxerê,SC,68.79,72.14,3.3499999999999943,2024
Limeira do Oeste,MG,67.61,59.7,-7.909999999999997,2024
Içara,SC,71.39,68.01,-3.3799999999999955,2024
Governador Archer,MA,80.0,78.21,-1.7900000000000063,2024
Areia Branca,RN,56.82,41.2,-15.619999999999997,2024
Passa Quatro,MG,80.0,83.78,3.780000000000001,2024
Manoel Viana,RS,35.72,50.0,14.280000000000001,2024
Açu,RN,48.18,40.37,-7.810000000000002,2024
Boa Vista do Sul,RS,74.36,75.0,0.6400000000000006,2024
Mato Queimado,RS,80.0,58.3,-21.700000000000003,2024
Leoberto Leal,SC,75.76,62.5,-13.260000000000005,2024
Itambé do Mato Dentro,MG,78.11,83.33,5.219999999999999,2024
Camapuã,MS,39.17,33.33,-5.840000000000003,2024
Veranópolis,RS,77.57,57.0,-20.569999999999993,2024
Santana de Cataguases,MG,80.0,73.26,-6.739999999999995,2024
Medina,MG,71.82,50.0,-21.819999999999993,2024
Fernando Pedroza,RN,39.77,66.67,26.9,2024
Tenente Ananias,RN,48.81,58.33,9.519999999999996,2024
Nova Esperança do Sul,RS,80.0,41.7,-38.3,2024
Licínio de Almeida,BA,75.76,65.48,-10.280000000000001,2024
Anguera,BA,45.15,55.95,10.800000000000004,2024
Fontoura Xavier,RS,65.01,75.0,9.989999999999995,2024
Piranguçu,MG,68.5,78.97,10.469999999999999,2024
Ibarama,RS,72.44,66.7,-5.739999999999995,2024
Palmópolis,MG,45.12,75.0,29.880000000000003,2024
Senador Salgado Filho,RS,80.0,50.0,-30.0,2024
Porteirão,GO,80.0,75.38,-4.6200000000000045,2024
Assis Chateaubriand,PR,80.0,80.31,0.3100000000000023,2024
Cruzmaltina,PR,80.0,94.52,14.519999999999996,2024
Alvorada de Minas,MG,47.88,83.33,35.449999999999996,2024
Santa Terezinha do Progresso,SC,58.41,95.83,37.42,2024
Nova Esperança do Sudoeste,PR,80.0,88.59,8.590000000000003,2024
Santo Antônio do Rio Abaixo,MG,63.31,91.67,28.36,2024
Santa Bárbara do Sul,RS,68.31,75.0,6.689999999999998,2024
Canápolis,MG,51.07,70.31,19.240000000000002,2024
Ventania,PR,75.01,77.17,2.1599999999999966,2024
Poços de Caldas,MG,61.73,68.93,7.20000000000001,2024
Goiânia,GO,68.74,69.49,0.75,2024
Ituporanga,SC,66.76,71.3,4.539999999999992,2024
Santa Rosa,RS,73.6,58.8,-14.799999999999997,2024
Águas de Chapecó,SC,73.48,63.22,-10.260000000000005,2024
Mampituba,RS,68.47,55.2,-13.269999999999996,2024
Colorado,PR,80.0,78.22,-1.7800000000000011,2024
Içara,SC,71.39,69.13,-2.260000000000005,2024
Água Clara,MS,71.75,77.03,5.280000000000001,2024
João Pinheiro,MG,63.39,74.07,10.679999999999993,2024
Brasileira,PI,40.07,42.58,2.509999999999998,2024
Santa Vitória,MG,72.24,59.6,-12.639999999999993,2024
Zé Doca,MA,80.0,72.3,-7.700000000000003,2024
Renascença,PR,72.28,82.55,10.269999999999996,2024
Alpestre,RS,75.71,66.5,-9.209999999999994,2024
Cortês,PE,64.81,70.4,5.590000000000003,2024
Içara,SC,71.39,69.72,-1.6700000000000017,2024
Guabiruba,SC,71.73,73.93,2.200000000000003,2024
Quebrangulo,AL,61.22,61.05,-0.1700000000000017,2024
Cachoeirinha,PE,60.56,63.59,3.030000000000001,2024
Rio Negrinho,SC,63.42,67.56,4.140000000000001,2024
Lago Verde,MA,65.07,76.73,11.66000000000001,2024
Santa Tereza do Tocantins,TO,53.31,24.65,-28.660000000000004,2024
Espírito Santo do Dourado,MG,68.68,66.53,-2.1500000000000057,2024
Caraí,MG,48.07,70.04,21.970000000000006,2024
Terra Rica,PR,70.78,81.46,10.679999999999993,2024
Penalva,MA,59.53,63.88,4.350000000000001,2024
Carmo da Mata,MG,79.19,68.1,-11.090000000000003,2024
Bom Jesus do Galho,MG,80.0,77.48,-2.519999999999996,2024
Contenda,PR,78.62,77.37,-1.25,2024
Taquarivaí,SP,65.02,47.19,-17.83,2024
Galvão,SC,80.0,70.47,-9.530000000000001,2024
Teutônia,RS,80.0,62.9,-17.1,2024
Pedro Leopoldo,MG,62.5,75.11,12.61,2024
Paineiras,MG,79.1,82.34,3.240000000000009,2024
Boa Esperança do Sul,SP,48.12,55.34,7.220000000000006,2024
Tanque Novo,BA,66.17,61.8,-4.3700000000000045,2024
Papanduva,SC,72.03,64.15,-7.8799999999999955,2024
Paulino Neves,MA,67.34,68.89,1.5499999999999972,2024
Praia Grande,SC,67.96,71.88,3.9200000000000017,2024
Vespasiano,MG,58.37,70.72,12.350000000000001,2024
São Bento,MA,80.0,79.26,-0.7399999999999949,2024
Bom Despacho,MG,48.79,73.33,24.54,2024
Braganey,PR,80.0,85.11,5.109999999999999,2024
Carlos Barbosa,RS,69.44,57.5,-11.939999999999998,2024
Caieiras,SP,49.69,52.16,2.469999999999999,2024
Unaí,MG,60.33,67.21,6.8799999999999955,2024
Inhapi,AL,67.49,83.03,15.540000000000006,2024
Canápolis,MG,51.07,76.49,25.419999999999995,2024
Murici dos Portelas,PI,69.05,65.17,-3.8799999999999955,2024
Lavras,MG,60.18,68.67,8.490000000000002,2024
Barão de Cotegipe,RS,80.0,76.6,-3.4000000000000057,2024
Japurá,AM,77.7,90.51,12.810000000000002,2024
Caieiras,SP,49.69,52.21,2.520000000000003,2024
Sorocaba,SP,53.15,52.43,-0.7199999999999989,2024
Ewbank da Câmara,MG,42.36,64.41,22.049999999999997,2024
Saltinho,SC,80.0,75.29,-4.709999999999994,2024
Concórdia,SC,76.94,75.26,-1.6799999999999926,2024
Primavera de Rondônia,RO,80.0,57.63,-22.369999999999997,2024
Cambé,PR,79.24,76.35,-2.8900000000000006,2024
Porto Xavier,RS,73.05,56.9,-16.15,2024
Araguatins,TO,41.9,50.5,8.600000000000001,2024
Jaguarão,RS,53.41,64.9,11.490000000000009,2024
Aparecida,PB,48.47,62.41,13.939999999999998,2024
Guaxupé,MG,57.85,66.93,9.080000000000005,2024
Itapejara d'Oeste,PR,76.17,75.37,-0.7999999999999972,2024
Ibiá,MG,57.07,78.1,21.029999999999994,2024
Bocaiúva,MG,70.61,68.42,-2.1899999999999977,2024
Nazaré da Mata,PE,58.93,56.96,-1.9699999999999989,2024
São Bentinho,PB,68.26,60.02,-8.240000000000002,2024
Ponte Alta do Norte,SC,66.7,70.19,3.489999999999995,2024
Serafina Corrêa,RS,80.0,50.7,-29.299999999999997,2024
Estância Velha,RS,69.31,44.4,-24.910000000000004,2024
São Carlos,SP,56.26,50.27,-5.989999999999995,2024
Orlândia,SP,50.6,57.15,6.549999999999997,2024
São José de Ubá,RJ,75.86,80.39,4.530000000000001,2024
Mogi das Cruzes,SP,52.01,47.88,-4.1299999999999955,2024
Três de Maio,RS,79.17,55.2,-23.97,2024
Bom Princípio,RS,74.68,50.7,-23.980000000000004,2024
Guaranésia,MG,74.61,65.21,-9.400000000000006,2024
São Benedito do Sul,PE,41.36,71.07,29.709999999999994,2024
Potim,SP,47.02,46.58,-0.44000000000000483,2024
Teotônio Vilela,AL,57.03,57.59,0.5600000000000023,2024
Viana,ES,71.71,68.8,-2.9099999999999966,2024
Cacimbas,PB,39.49,47.9,8.409999999999997,2024
Saloá,PE,61.72,78.66,16.939999999999998,2024
Novo Horizonte,BA,63.79,73.17,9.380000000000003,2024
Rodolfo Fernandes,RN,38.22,41.06,2.8400000000000034,2024
Silveiras,SP,51.4,47.27,-4.1299999999999955,2024
Araguari,MG,53.17,64.76,11.590000000000003,2024
Borda da Mata,MG,67.91,80.39,12.480000000000004,2024
Ibirubá,RS,63.28,62.7,-0.5799999999999983,2024
Soledade,RS,68.48,63.1,-5.380000000000003,2024
Vera Mendes,PI,80.0,48.57,-31.43,2024
Entre Rios do Sul,RS,79.55,72.0,-7.549999999999997,2024
Tatuí,SP,55.87,53.92,-1.9499999999999957,2024
Itapetininga,SP,48.17,50.81,2.6400000000000006,2024
Wall Ferraz,PI,44.12,54.29,10.170000000000002,2024
Pitimbu,PB,76.57,51.59,-24.97999999999999,2024
São Gabriel da Palha,ES,73.64,80.69,7.049999999999997,2024
Goiabeira,MG,69.73,91.43,21.700000000000003,2024
Barreirinhas,MA,55.23,78.52,23.29,2024
Monte Sião,MG,58.25,74.18,15.930000000000007,2024
São Lourenço do Sul,RS,79.22,58.7,-20.519999999999996,2024
São Gotardo,MG,57.5,75.49,17.989999999999995,2024
São Jerônimo,RS,80.0,60.5,-19.5,2024
Pocinhos,PB,48.17,54.09,5.920000000000002,2024
Campo Novo,RS,65.72,46.1,-19.619999999999997,2024
Indiara,GO,69.23,82.75,13.519999999999996,2024
Sooretama,ES,69.28,70.81,1.5300000000000011,2024
Santa Luzia,MG,56.2,72.16,15.959999999999994,2024
Quitandinha,PR,73.05,75.8,2.75,2024
São Jorge d'Oeste,PR,80.0,84.59,4.590000000000003,2024
Pinhal,RS,60.36,33.2,-27.159999999999997,2024
Guarulhos,SP,45.75,49.23,3.479999999999997,2024
Ronda Alta,RS,76.01,53.7,-22.310000000000002,2024
Caçapava do Sul,RS,58.95,56.8,-2.1500000000000057,2024
Setubinha,MG,53.85,69.31,15.46,2024
Luzerna,SC,74.01,79.74,5.72999999999999,2024
Ivaí,PR,80.0,82.65,2.6500000000000057,2024
Itatiaiuçu,MG,73.57,79.41,5.840000000000003,2024
Palmitos,SC,61.82,64.02,2.1999999999999957,2024
Alumínio,SP,53.71,53.68,-0.030000000000001137,2024
Rio Negrinho,SC,63.42,66.96,3.539999999999992,2024
São José do Rio Claro,MT,74.23,60.28,-13.950000000000003,2024
Brejo Grande do Araguaia,PA,64.62,75.7,11.079999999999998,2024
Capivari do Sul,RS,47.38,43.9,-3.480000000000004,2024
Palmeira,PR,72.95,65.93,-7.019999999999996,2024
Cipotânea,MG,74.17,92.31,18.14,2024
Pracuúba,AP,43.05,30.66,-12.389999999999997,2024
Caçapava,SP,57.51,44.26,-13.25,2024
Jacareí,SP,51.14,51.48,0.3399999999999963,2024
Santa Maria do Cambucá,PE,80.0,70.05,-9.950000000000003,2024
Pedrinópolis,MG,63.06,79.95,16.89,2024
Nova Olímpia,PR,79.33,91.63,12.299999999999997,2024
Ataléia,MG,69.2,55.28,-13.920000000000002,2024
Jussara,PR,73.48,66.03,-7.450000000000003,2024
Floriano,PI,54.22,53.36,-0.8599999999999994,2024
Cerro Largo,RS,75.82,54.0,-21.819999999999993,2024
Dionísio Cerqueira,SC,63.02,66.23,3.210000000000001,2024
Lagoa Salgada,RN,30.02,63.42,33.400000000000006,2024
Anita Garibaldi,SC,68.32,77.33,9.010000000000005,2024
Campanha,MG,48.0,64.8,16.799999999999997,2024
Cantanhede,MA,57.5,70.83,13.329999999999998,2024
Campinas do Sul,RS,80.0,60.9,-19.1,2024
Alcinópolis,MS,77.19,63.77,-13.419999999999995,2024
Braga,RS,46.27,52.2,5.93,2024
Dionísio Cerqueira,SC,63.02,69.14,6.119999999999997,2024
Vista Alegre,RS,80.0,71.0,-9.0,2024
Petrolina,PE,68.42,70.25,1.8299999999999983,2024
Porto Lucena,RS,78.78,78.3,-0.480000000000004,2024
Saldanha Marinho,RS,48.79,69.6,20.809999999999995,2024
Santo Antônio dos Milagres,PI,80.0,78.26,-1.7399999999999949,2024
Itariri,SP,64.65,43.36,-21.290000000000006,2024
Guadalupe,PI,54.0,68.54,14.540000000000006,2024
Tacima,PB,59.92,77.72,17.799999999999997,2024
Bananeiras,PB,55.82,54.93,-0.8900000000000006,2024
Alto Rio Novo,ES,67.16,83.48,16.320000000000007,2024
Santa Helena,PR,79.32,79.37,0.05000000000001137,2024
Jacinto Machado,SC,57.49,67.22,9.729999999999997,2024
Vila Velha,ES,70.0,67.75,-2.25,2024
Armazém,SC,72.02,78.35,6.329999999999998,2024
Araguaína,TO,42.16,50.51,8.350000000000001,2024
Wenceslau Braz,PR,80.0,74.37,-5.6299999999999955,2024
Caridade do Piauí,PI,64.49,58.14,-6.349999999999994,2024
Sinop,MT,60.84,54.01,-6.830000000000005,2024
Dois Córregos,SP,64.5,57.41,-7.090000000000003,2024
São Lourenço da Serra,SP,64.46,58.4,-6.059999999999995,2024
Bonito de Santa Fé,PB,47.04,60.93,13.89,2024
Araguari,MG,53.17,65.37,12.200000000000003,2024
Munhoz,MG,78.23,82.36,4.1299999999999955,2024
Nova Londrina,PR,78.01,74.05,-3.960000000000008,2024
São Salvador do Tocantins,TO,52.91,59.09,6.180000000000007,2024
Paverama,RS,66.28,47.5,-18.78,2024
Cerro Largo,RS,75.82,49.2,-26.61999999999999,2024
Rio Casca,MG,63.0,62.76,-0.240000000000002,2024
Campina da Lagoa,PR,80.0,77.67,-2.3299999999999983,2024
Arroio Trinta,SC,80.0,76.24,-3.760000000000005,2024
São Gotardo,MG,57.5,75.31,17.810000000000002,2024
Ubá,MG,67.05,78.84,11.790000000000006,2024
Faxinal,PR,80.0,71.76,-8.239999999999995,2024
Rio Novo,MG,45.41,65.4,19.99000000000001,2024
Palmeira das Missões,RS,53.85,52.7,-1.1499999999999986,2024
Espera Feliz,MG,72.95,61.52,-11.43,2024
Amambai,MS,48.04,69.72,21.68,2024
Dionísio Cerqueira,SC,63.02,82.33,19.309999999999995,2024
Glória de Dourados,MS,79.07,73.2,-5.86999999999999,2024
Nova Maringá,MT,64.76,62.38,-2.3800000000000026,2024
Piranga,MG,63.43,82.58,19.15,2024
Olivedos,PB,58.53,41.57,-16.96,2024
Juarez Távora,PB,36.0,35.79,-0.21000000000000085,2024
Embu-Guaçu,SP,51.94,45.34,-6.599999999999994,2024
Japurá,PR,74.44,80.87,6.430000000000007,2024
São João Evangelista,MG,80.0,70.27,-9.730000000000004,2024
Curral de Dentro,MG,79.36,80.36,1.0,2024
Pires Ferreira,CE,80.0,100.0,20.0,2024
Sítio d'Abadia,GO,61.35,79.41,18.059999999999995,2024
Alexandria,RN,24.68,58.98,34.3,2024
Luís Gomes,RN,33.44,38.98,5.539999999999999,2024
Ituverava,SP,53.56,49.94,-3.6200000000000045,2024
Fronteira,MG,57.36,76.16,18.799999999999997,2024
Joca Marques,PI,44.75,43.83,-0.9200000000000017,2024
Pedra Azul,MG,60.83,60.74,-0.0899999999999963,2024
Siqueira Campos,PR,80.0,82.88,2.8799999999999955,2024
Cotiporã,RS,74.92,44.2,-30.72,2024
Antônio Carlos,MG,78.32,71.47,-6.849999999999994,2024
Siderópolis,SC,64.7,53.57,-11.130000000000003,2024
Sinop,MT,60.84,54.33,-6.510000000000005,2024
Pintadas,BA,50.59,55.7,5.109999999999999,2024
Barra do Jacaré,PR,65.76,72.41,6.6499999999999915,2024
Suzano,SP,48.1,51.13,3.030000000000001,2024
Fervedouro,MG,68.38,76.31,7.930000000000007,2024
Nuporanga,SP,71.14,64.88,-6.260000000000005,2024
Francisco Morato,SP,55.48,50.92,-4.559999999999995,2024
Santa Rosa do Piauí,PI,64.16,51.64,-12.519999999999996,2024
Juazeiro do Piauí,PI,70.51,71.43,0.9200000000000017,2024
Formoso,GO,72.26,86.67,14.409999999999997,2024
São Domingos,SC,78.68,76.94,-1.740000000000009,2024
Perolândia,GO,77.97,77.78,-0.18999999999999773,2024
Santa Helena de Minas,MG,62.75,90.81,28.060000000000002,2024
Santa Cruz do Sul,RS,67.32,54.1,-13.219999999999992,2024
Altinho,PE,61.99,68.08,6.089999999999996,2024
Timbaúba,PE,75.02,77.57,2.549999999999997,2024
Visconde do Rio Branco,MG,60.26,74.81,14.550000000000004,2024
Rio Bonito do Iguaçu,PR,80.0,80.25,0.25,2024
Cacequi,RS,55.58,50.5,-5.079999999999998,2024
Praia Grande,SC,67.96,69.36,1.4000000000000057,2024
Chiador,MG,77.9,76.01,-1.8900000000000006,2024
Francisco Morato,SP,55.48,50.49,-4.989999999999995,2024
Guanhães,MG,61.34,72.64,11.299999999999997,2024
Muriaé,MG,62.06,73.13,11.069999999999993,2024
Campo Alegre,AL,67.86,67.45,-0.4099999999999966,2024
Graça Aranha,MA,73.9,75.68,1.7800000000000011,2024
Gilbués,PI,38.32,39.2,0.8800000000000026,2024
Santana,AP,47.82,53.14,5.32,2024
Ubá,MG,67.05,79.09,12.040000000000006,2024
Cedral,MA,71.43,66.85,-4.5800000000000125,2024
Sete Barras,SP,68.93,52.1,-16.830000000000005,2024
Picos,PI,57.43,54.93,-2.5,2024
Joinville,SC,68.23,68.79,0.5600000000000023,2024
Uraí,PR,77.07,66.07,-11.0,2024
Conceição do Rio Verde,MG,80.0,78.17,-1.8299999999999983,2024
Encantado,RS,80.0,62.6,-17.4,2024
Luís Antônio,SP,47.62,43.03,-4.589999999999996,2024
Grossos,RN,46.65,65.35,18.699999999999996,2024
Borrazópolis,PR,80.0,75.03,-4.969999999999999,2024
Campina do Simão,PR,80.0,84.25,4.25,2024
Pindorama,SP,51.97,63.37,11.399999999999999,2024
Joinville,SC,68.23,68.58,0.3499999999999943,2024
Augustinópolis,TO,54.94,59.95,5.010000000000005,2024
Jaguari,RS,67.37,61.3,-6.070000000000007,2024
Ji-Paraná,RO,80.0,72.81,-7.189999999999998,2024
Ponta Grossa,PR,76.43,75.9,-0.5300000000000011,2024
Bernardo Sayão,TO,57.3,59.26,1.9600000000000009,2024
Aragarças,GO,66.26,72.16,5.8999999999999915,2024
Pavão,MG,80.0,83.75,3.75,2024
Santo Anastácio,SP,79.99,79.01,-0.9799999999999898,2024
Campo Verde,MT,60.16,48.53,-11.629999999999995,2024
Cafeara,PR,80.0,63.42,-16.58,2024
Campo do Meio,MG,69.55,76.54,6.990000000000009,2024
Pedra do Anta,MG,80.0,85.51,5.510000000000005,2024
Herval d'Oeste,SC,57.65,59.83,2.1799999999999997,2024
Sumaré,SP,57.39,50.61,-6.780000000000001,2024
Tarabai,SP,78.69,67.98,-10.709999999999994,2024
Mar de Espanha,MG,59.0,73.79,14.790000000000006,2024
Lima Duarte,MG,51.94,69.51,17.570000000000007,2024
São José das Palmeiras,PR,80.0,74.36,-5.640000000000001,2024
Flores,PE,75.14,68.28,-6.859999999999999,2024
Janaúba,MG,54.63,67.7,13.07,2024
Ribeirão Claro,PR,75.41,85.68,10.27000000000001,2024
Itatim,BA,56.29,54.22,-2.0700000000000003,2024
São Sebastião do Oeste,MG,72.84,76.46,3.6199999999999903,2024
Cordisburgo,MG,70.99,79.85,8.86,2024
Nova Araçá,RS,80.0,60.6,-19.4,2024
Blumenau,SC,66.53,64.14,-2.3900000000000006,2024
Indaial,SC,59.31,67.83,8.519999999999996,2024
Nova Lacerda,MT,59.29,67.64,8.350000000000001,2024
Ubiratã,PR,80.0,77.6,-2.4000000000000057,2024
Não-Me-Toque,RS,68.38,58.2,-10.179999999999993,2024
Salete,SC,78.29,67.36,-10.930000000000007,2024
São Luís de Montes Belos,GO,68.7,76.27,7.569999999999993,2024
Muzambinho,MG,49.23,75.51,26.28000000000001,2024
São Gonçalo do Sapucaí,MG,76.83,76.3,-0.5300000000000011,2024
Axixá,MA,80.0,71.88,-8.120000000000005,2024
Rosário Oeste,MT,58.02,56.37,-1.6500000000000057,2024
Paracatu,MG,68.02,76.68,8.66000000000001,2024
Frutal,MG,58.24,73.59,15.350000000000001,2024
Capanema,PR,78.69,79.5,0.8100000000000023,2024
Mamborê,PR,80.0,74.68,-5.319999999999993,2024
São Sebastião do Anta,MG,61.81,81.32,19.50999999999999,2024
São João do Pacuí,MG,75.08,86.4,11.320000000000007,2024
Santa Vitória,MG,72.24,62.91,-9.329999999999998,2024
Canguçu,RS,79.74,71.9,-7.839999999999989,2024
Mendonça,SP,71.55,77.56,6.010000000000005,2024
Japaraíba,MG,72.45,80.89,8.439999999999998,2024
Cornélio Procópio,PR,77.26,73.21,-4.050000000000011,2024
Ascurra,SC,80.0,94.83,14.829999999999998,2024
Novo Barreiro,RS,65.03,36.4,-28.630000000000003,2024
Flora Rica,SP,37.09,27.27,-9.820000000000004,2024
Pejuçara,RS,64.52,36.4,-28.119999999999997,2024
Cerro Largo,RS,75.82,27.3,-48.519999999999996,2024
Silveirânia,MG,80.0,86.36,6.359999999999999,2024
Passa-Vinte,MG,64.23,77.27,13.039999999999992,2024
Mata,RS,67.91,45.5,-22.409999999999997,2024
Princesa Isabel,PB,80.0,90.91,10.909999999999997,2024
São Domingos,PB,80.0,54.55,-25.450000000000003,2024
Simplício Mendes,PI,80.0,67.45,-12.549999999999997,2024
Morro Grande,SC,72.78,81.82,9.039999999999992,2024
Ferros,MG,44.57,70.78,26.21,2024
Nova Serrana,MG,59.11,72.47,13.36,2024
Jaraguá do Sul,SC,73.91,64.66,-9.25,2024
Guarará,MG,80.0,72.73,-7.269999999999996,2024
Pantano Grande,RS,73.69,63.6,-10.089999999999996,2024
Padre Carvalho,MG,52.45,100.0,47.55,2024
Tarumirim,MG,71.59,77.47,5.8799999999999955,2024
Divino das Laranjeiras,MG,47.5,85.45,37.95,2024
Vargem,SC,80.0,69.58,-10.420000000000002,2024
Santa Cruz de Salinas,MG,80.0,72.73,-7.269999999999996,2024
Lajes,RN,36.25,33.68,-2.5700000000000003,2024
Professor Jamil,GO,80.0,77.25,-2.75,2024
Galinhos,RN,44.78,55.2,10.420000000000002,2024
Lagoa Salgada,RN,30.02,64.22,34.2,2024
Campos Novos,SC,66.86,61.86,-5.0,2024
Vila Bela da Santíssima Trindade,MT,52.17,47.61,-4.560000000000002,2024
Joinville,SC,68.23,67.15,-1.0799999999999983,2024
São Brás do Suaçuí,MG,70.24,81.31,11.070000000000007,2024
Iperó,SP,47.07,44.75,-2.3200000000000003,2024
Bom Retiro do Sul,RS,78.46,65.1,-13.36,2024
Porteirinha,MG,66.24,71.77,5.530000000000001,2024
Marataízes,ES,74.32,69.4,-4.9199999999999875,2024
Monsenhor Paulo,MG,65.54,78.89,13.349999999999994,2024
Iraí de Minas,MG,44.85,77.81,32.96,2024
Crixás,GO,68.88,78.62,9.740000000000009,2024
Toledo,PR,79.64,81.69,2.049999999999997,2024
Guarujá,SP,53.43,56.08,2.6499999999999986,2024
Barbacena,MG,62.71,81.97,19.259999999999998,2024
Sobradinho,RS,80.0,70.8,-9.200000000000003,2024
Sabinópolis,MG,46.78,75.0,28.22,2024
Serra Talhada,PE,76.71,77.92,1.210000000000008,2024
Montezuma,MG,58.49,88.98,30.490000000000002,2024
Condor,RS,80.0,58.0,-22.0,2024
Itiquira,MT,48.53,58.16,9.629999999999995,2024
Ipumirim,SC,58.28,62.84,4.560000000000002,2024
Schroeder,SC,65.84,64.58,-1.2600000000000051,2024
Iraceminha,SC,63.74,70.07,6.329999999999991,2024
Macapá,AP,49.2,49.14,-0.060000000000002274,2024
Belo Horizonte,MG,61.33,74.07,12.739999999999995,2024
Moema,MG,80.0,81.94,1.9399999999999977,2024
Cristal,RS,68.53,50.8,-17.730000000000004,2024
Bragança Paulista,SP,56.64,53.36,-3.280000000000001,2024
São João do Sabugi,RN,54.48,71.7,17.220000000000006,2024
Pereiras,SP,56.11,66.7,10.590000000000003,2024
Olivença,AL,54.93,80.79,25.860000000000007,2024
Lidianópolis,PR,80.0,83.47,3.469999999999999,2024
Santos Dumont,MG,59.95,73.65,13.700000000000003,2024
Pranchita,PR,80.0,79.55,-0.45000000000000284,2024
São Felipe,BA,51.43,41.13,-10.299999999999997,2024
Paranapuã,SP,39.38,82.89,43.51,2024
Santo Cristo,RS,76.62,57.7,-18.92,2024
São Bento,PB,48.44,46.87,-1.5700000000000003,2024
Brejo do Cruz,PB,57.95,51.6,-6.350000000000001,2024
Coronel Murta,MG,68.05,67.56,-0.4899999999999949,2024
Belo Oriente,MG,60.9,65.94,5.039999999999999,2024
Areia Branca,RN,56.82,39.95,-16.869999999999997,2024
Traipu,AL,38.63,47.49,8.86,2024
Palmeira das Missões,RS,53.85,51.9,-1.9500000000000028,2024
Araguari,MG,53.17,66.97,13.799999999999997,2024
Belém,AL,59.21,64.57,5.359999999999992,2024
Teresina,PI,53.41,57.25,3.8400000000000034,2024
Natuba,PB,62.3,47.23,-15.07,2024
Espinosa,MG,66.83,72.28,5.450000000000003,2024
Indianópolis,PR,80.0,69.81,-10.189999999999998,2024
Cabeceiras do Piauí,PI,26.93,52.34,25.410000000000004,2024
Ponto Belo,ES,80.0,80.01,0.010000000000005116,2024
Conceição do Mato Dentro,MG,62.26,82.33,20.07,2024
Araxá,MG,70.59,75.35,4.759999999999991,2024
Rio Piracicaba,MG,77.46,76.96,-0.5,2024
Lindoeste,PR,80.0,72.9,-7.099999999999994,2024
Rolante,RS,80.0,66.6,-13.400000000000006,2024
Catuípe,RS,80.0,77.1,-2.9000000000000057,2024
Pinhalzinho,SC,78.51,75.07,-3.440000000000012,2024
Inimutaba,MG,46.85,77.8,30.949999999999996,2024
Brotas,SP,64.89,56.01,-8.880000000000003,2024
Caraúbas do Piauí,PI,44.94,68.17,23.230000000000004,2024
Itanhandu,MG,80.0,84.24,4.239999999999995,2024
Bom Jesus dos Perdões,SP,71.48,53.92,-17.560000000000002,2024
Campo Maior,PI,56.83,54.48,-2.3500000000000014,2024
Encanto,RN,52.83,67.02,14.189999999999998,2024
Xaxim,SC,68.78,59.72,-9.060000000000002,2024
Itatiaiuçu,MG,73.57,80.42,6.8500000000000085,2024
Oriente,SP,62.91,39.53,-23.379999999999995,2024
Mário Campos,MG,71.88,74.09,2.210000000000008,2024
Nerópolis,GO,70.0,71.18,1.1800000000000068,2024
Mauá,SP,51.29,46.04,-5.25,2024
Ourinhos,SP,55.25,53.67,-1.5799999999999983,2024
Mimoso do Sul,ES,69.97,65.32,-4.650000000000006,2024
Igarapé Grande,MA,80.0,89.11,9.11,2024
Ibitinga,SP,54.7,49.2,-5.5,2024
Tiros,MG,62.7,81.76,19.060000000000002,2024
Cunha Porã,SC,80.0,77.07,-2.930000000000007,2024
Itapecerica da Serra,SP,57.76,54.9,-2.8599999999999994,2024
Porto Franco,MA,61.72,74.09,12.370000000000005,2024
Teutônia,RS,80.0,63.0,-17.0,2024
Monte Azul Paulista,SP,74.01,55.38,-18.630000000000003,2024
Garuva,SC,58.9,66.73,7.830000000000005,2024
Capinzal,SC,73.49,69.54,-3.9499999999999886,2024
Barroso,MG,74.67,83.24,8.569999999999993,2024
Mirassol d'Oeste,MT,56.36,57.5,1.1400000000000006,2024
Gurupi,TO,50.17,54.37,4.199999999999996,2024
Teresina,PI,53.41,57.56,4.150000000000006,2024
Barras,PI,59.72,60.13,0.4100000000000037,2024
Xaxim,SC,68.78,59.5,-9.280000000000001,2024
Paes Landim,PI,56.42,45.31,-11.11,2024
Florânia,RN,42.91,43.75,0.8400000000000034,2024
Novo Triunfo,BA,28.92,39.06,10.14,2024
Ibiúna,SP,50.42,53.06,2.6400000000000006,2024
Dois Irmãos,RS,78.68,56.9,-21.78000000000001,2024
São José do Hortêncio,RS,78.94,43.8,-35.14,2024
Tocantins,MG,61.96,71.46,9.499999999999993,2024
Ouro Preto,MG,59.55,79.37,19.820000000000007,2024
Porto Real do Colégio,AL,69.69,83.74,14.049999999999997,2024
Congo,PB,54.36,40.66,-13.700000000000003,2024
Nova Olímpia,MT,55.56,57.29,1.7299999999999969,2024
Harmonia,RS,80.0,67.5,-12.5,2024
Siderópolis,SC,64.7,56.07,-8.630000000000003,2024
Cosmópolis,SP,57.43,59.61,2.1799999999999997,2024
Diamantino,MT,56.72,60.5,3.780000000000001,2024
Nova Marilândia,MT,49.91,80.62,30.710000000000008,2024
Dormentes,PE,67.39,83.37,15.980000000000004,2024
Santa Helena de Minas,MG,62.75,88.15,25.400000000000006,2024
Santa Filomena,PI,34.92,62.47,27.549999999999997,2024
Lagoa Seca,PB,68.72,46.71,-22.009999999999998,2024
Ibiraiaras,RS,78.69,49.1,-29.589999999999996,2024
Barão de Cotegipe,RS,80.0,75.9,-4.099999999999994,2024
Piracanjuba,GO,69.9,71.69,1.789999999999992,2024
Planaltina,GO,67.87,75.11,7.239999999999995,2024
Salinas,MG,74.1,77.17,3.0700000000000074,2024
Arara,PB,42.08,52.9,10.82,2024
Governador Valadares,MG,56.68,68.07,11.389999999999993,2024
Governador Newton Bello,MA,70.87,78.08,7.209999999999994,2024
Aparecida,SP,49.33,53.75,4.420000000000002,2024
Pedra Bonita,MG,64.45,79.15,14.700000000000003,2024
Timóteo,MG,59.91,70.28,10.370000000000005,2024
São Joaquim do Monte,PE,70.35,72.13,1.7800000000000011,2024
Panamá,GO,76.04,84.18,8.14,2024
Contagem,MG,58.08,77.21,19.129999999999995,2024
Ponte Nova,MG,57.17,81.27,24.099999999999994,2024
Pedro Afonso,TO,57.52,56.7,-0.8200000000000003,2024
Flores de Goiás,GO,68.9,65.41,-3.490000000000009,2024
Boa Esperança,PR,80.0,92.95,12.950000000000003,2024
Nova Guarita,MT,69.95,67.3,-2.6500000000000057,2024
Pequizeiro,TO,41.97,61.79,19.82,2024
Ilha Comprida,SP,56.64,67.6,10.959999999999994,2024
Minas Novas,MG,71.72,78.82,7.099999999999994,2024
Ibitiúra de Minas,MG,44.57,78.04,33.470000000000006,2024
Não-Me-Toque,RS,68.38,59.6,-8.779999999999994,2024
Luminárias,MG,69.32,97.5,28.180000000000007,2024
Baixo Guandu,ES,70.62,74.59,3.969999999999999,2024
Matozinhos,MG,52.79,76.74,23.949999999999996,2024
Colina,SP,49.61,57.89,8.280000000000001,2024
Alfenas,MG,62.52,73.41,10.889999999999993,2024
Alagoinha,PB,61.06,53.1,-7.960000000000001,2024
Caraguatatuba,SP,58.59,58.19,-0.4000000000000057,2024
Anísio de Abreu,PI,51.99,57.02,5.030000000000001,2024
Pompéia,SP,65.04,60.32,-4.720000000000006,2024
Jataí,GO,66.63,69.92,3.2900000000000063,2024
Pedro Leopoldo,MG,62.5,88.32,25.819999999999993,2024
Três Cachoeiras,RS,80.0,53.6,-26.4,2024
Arujá,SP,55.66,60.67,5.010000000000005,2024
Pinhal Grande,RS,66.33,47.5,-18.83,2024
Urupês,SP,80.0,65.68,-14.319999999999993,2024
Sabáudia,PR,80.0,78.98,-1.019999999999996,2024
São João del Rei,MG,59.67,74.0,14.329999999999998,2024
Dom Macedo Costa,BA,80.0,52.38,-27.619999999999997,2024
Estrela Dalva,MG,80.0,66.67,-13.329999999999998,2024
Gaúcha do Norte,MT,50.68,59.6,8.920000000000002,2024
Brejinho,PE,72.8,79.05,6.25,2024
Aricanduva,MG,60.38,90.48,30.1,2024
Emas,PB,67.81,38.1,-29.71,2024
Mato Leitão,RS,80.0,62.1,-17.9,2024
Santa Cruz do Xingu,MT,57.91,73.81,15.900000000000006,2024
Presidente Castello Branco,SC,52.43,61.9,9.469999999999999,2024
Imbaú,PR,73.19,70.26,-2.9299999999999926,2024
Vale do Sol,RS,80.0,61.9,-18.1,2024
Porto Lucena,RS,78.78,85.7,6.920000000000002,2024
Mateus Leme,MG,60.63,75.26,14.630000000000003,2024
Urucânia,MG,59.62,81.2,21.580000000000005,2024
Capitão,RS,80.0,58.6,-21.4,2024
Várzea Paulista,SP,53.85,53.24,-0.6099999999999994,2024
Salete,SC,78.29,68.23,-10.060000000000002,2024
Prudente de Morais,MG,57.41,60.98,3.5700000000000003,2024
Mercedes,PR,80.0,93.06,13.060000000000002,2024
Soledade de Minas,MG,74.19,88.35,14.159999999999997,2024
Jacinto Machado,SC,57.49,70.16,12.669999999999995,2024
Cruzeiro da Fortaleza,MG,65.32,80.92,15.600000000000009,2024
Doutor Maurício Cardoso,RS,77.35,63.3,-14.049999999999997,2024
Miranorte,TO,57.09,63.01,5.919999999999995,2024
Salto,SP,60.17,60.52,0.3500000000000014,2024
Ressaquinha,MG,59.64,82.0,22.36,2024
Barros Cassal,RS,55.82,61.5,5.68,2024
Itupeva,SP,50.55,48.94,-1.6099999999999994,2024
Barretos,SP,63.04,58.42,-4.619999999999997,2024
Joaçaba,SC,62.61,70.42,7.810000000000002,2024
Iguaraci,PE,73.75,83.67,9.920000000000002,2024
Santa Rosa do Sul,SC,59.55,74.56,15.010000000000005,2024
Campina Grande,PB,48.39,47.92,-0.46999999999999886,2024
Poté,MG,47.81,79.91,32.099999999999994,2024
João Pinheiro,MG,63.39,75.61,12.219999999999999,2024
Mata Roma,MA,71.33,76.86,5.530000000000001,2024
Itapetininga,SP,48.17,54.05,5.8799999999999955,2024
Sorocaba,SP,53.15,54.67,1.5200000000000031,2024
Paulistana,PI,50.71,50.47,-0.240000000000002,2024
Luiziana,PR,80.0,86.61,6.609999999999999,2024
Guarantã do Norte,MT,63.98,54.22,-9.759999999999998,2024
Catuji,MG,42.58,66.72,24.14,2024
Trajano de Moraes,RJ,77.65,79.23,1.5799999999999983,2024
Soledade,RS,68.48,63.7,-4.780000000000001,2024
Roseira,SP,66.26,67.2,0.9399999999999977,2024
Mandaguari,PR,80.0,81.53,1.5300000000000011,2024
Imbé de Minas,MG,67.94,88.46,20.519999999999996,2024
Itapecerica da Serra,SP,57.76,55.34,-2.4199999999999946,2024
Campos Altos,MG,61.87,65.27,3.3999999999999986,2024
Vila Nova dos Martírios,MA,80.0,74.55,-5.450000000000003,2024
Campina Verde,MG,77.67,75.03,-2.6400000000000006,2024
Juara,MT,57.76,59.61,1.8500000000000014,2024
Sales Oliveira,SP,62.03,50.04,-11.990000000000002,2024
Rio Grande da Serra,SP,38.67,61.8,23.129999999999995,2024
Ibirarema,SP,80.0,71.85,-8.150000000000006,2024
Vera,MT,41.54,52.77,11.230000000000004,2024
Cândido Godói,RS,76.2,56.2,-20.0,2024
Rio Branco do Ivaí,PR,71.38,73.84,2.460000000000008,2024
Mirassol d'Oeste,MT,56.36,60.12,3.759999999999998,2024
Irani,SC,74.83,71.4,-3.4299999999999926,2024
Engenheiro Navarro,MG,50.36,76.22,25.86,2024
São Bernardo do Campo,SP,59.62,54.16,-5.460000000000001,2024
São Vicente do Seridó,PB,59.88,54.16,-5.720000000000006,2024
Grão Pará,SC,67.57,70.23,2.660000000000011,2024
Mariápolis,SP,57.49,48.4,-9.090000000000003,2024
São Miguel,RN,46.13,44.85,-1.2800000000000011,2024
Herval d'Oeste,SC,57.65,62.72,5.07,2024
Tangará da Serra,MT,53.83,58.95,5.1200000000000045,2024
Acajutiba,BA,26.77,59.14,32.370000000000005,2024
Eugenópolis,MG,60.4,68.59,8.190000000000005,2024
Sapeaçu,BA,60.68,64.52,3.8399999999999963,2024
Sucupira do Riachão,MA,76.09,80.65,4.560000000000002,2024
Ourinhos,SP,55.25,53.77,-1.4799999999999969,2024
Rio das Pedras,SP,67.48,58.5,-8.980000000000004,2024
São Pedro dos Crentes,MA,46.51,59.47,12.96,2024
Iúna,ES,73.2,70.08,-3.1200000000000045,2024
Nhandeara,SP,68.69,67.47,-1.2199999999999989,2024
Espírito Santo do Pinhal,SP,67.8,61.16,-6.640000000000001,2024
Frederico Westphalen,RS,65.99,64.1,-1.8900000000000006,2024
Santos Dumont,MG,59.95,72.65,12.700000000000003,2024
Prudentópolis,PR,80.0,82.91,2.9099999999999966,2024
Anita Garibaldi,SC,68.32,78.85,10.530000000000001,2024
Uberlândia,MG,55.71,70.7,14.990000000000002,2024
Cambira,PR,80.0,83.63,3.6299999999999955,2024
Centralina,MG,78.54,89.95,11.409999999999997,2024
Lizarda,TO,48.57,19.44,-29.13,2024
Almino Afonso,RN,17.02,41.2,24.180000000000003,2024
Taubaté,SP,50.1,53.88,3.780000000000001,2024
Governador Valadares,MG,56.68,69.38,12.699999999999996,2024
Piumhi,MG,61.04,73.46,12.419999999999995,2024
Nova Petrópolis,RS,80.0,60.8,-19.200000000000003,2024
Barbosa Ferraz,PR,80.0,77.65,-2.3499999999999943,2024
Pedras de Fogo,PB,43.85,48.58,4.729999999999997,2024
Cunha Porã,SC,80.0,74.18,-5.819999999999993,2024
Itapevi,SP,55.16,55.46,0.30000000000000426,2024
Recreio,MG,73.4,61.02,-12.380000000000003,2024
Ponto dos Volantes,MG,73.78,67.71,-6.070000000000007,2024
Santana do Deserto,MG,61.92,80.09,18.17,2024
Caçador,SC,71.48,66.32,-5.160000000000011,2024
Manhuaçu,MG,53.58,75.92,22.340000000000003,2024
Lagoa dos Patos,MG,47.19,69.48,22.290000000000006,2024
Igarapava,SP,52.47,55.6,3.1300000000000026,2024
Cunha,SP,54.88,58.09,3.210000000000001,2024
Palmitos,SC,61.82,64.28,2.460000000000001,2024
Manfrinópolis,PR,80.0,70.91,-9.090000000000003,2024
Japonvar,MG,75.72,71.16,-4.560000000000002,2024
Pirajuba,MG,66.13,76.8,10.670000000000002,2024
Cajamar,SP,55.71,53.17,-2.539999999999999,2024
Chapada do Norte,MG,47.26,66.15,18.890000000000008,2024
Ipiranga,PR,80.0,82.28,2.280000000000001,2024
Jaraguá do Sul,SC,73.91,72.53,-1.3799999999999955,2024
Patrocínio,MG,64.83,71.67,6.840000000000003,2024
Presidente Getúlio,SC,65.13,58.58,-6.549999999999997,2024
Icaraí de Minas,MG,58.3,73.34,15.040000000000006,2024
Corinto,MG,46.3,85.75,39.45,2024
Campina Grande,PB,48.39,48.79,0.3999999999999986,2024
Seberi,RS,80.0,65.2,-14.799999999999997,2024
Irupi,ES,69.44,81.49,12.049999999999997,2024
Casca,RS,80.0,77.3,-2.700000000000003,2024
Bananal,SP,53.04,58.62,5.579999999999998,2024
Várzea Grande,MT,53.18,60.26,7.079999999999998,2024
Blumenau,SC,66.53,64.77,-1.7600000000000051,2024
Tiradentes,MG,65.18,68.34,3.1599999999999966,2024
Maravilha,SC,80.0,75.87,-4.1299999999999955,2024
Porteirinha,MG,66.24,72.34,6.1000000000000085,2024
Laguna Carapã,MS,80.0,77.47,-2.530000000000001,2024
São Jorge do Patrocínio,PR,75.2,90.23,15.030000000000001,2024
Lagoa,PB,32.22,59.38,27.160000000000004,2024
Barrinha,SP,59.52,51.43,-8.090000000000003,2024
Bebedouro,SP,53.82,55.75,1.9299999999999997,2024
Icaraí de Minas,MG,58.3,75.59,17.290000000000006,2024
São Valério,TO,67.92,46.24,-21.68,2024
Franco da Rocha,SP,55.69,68.92,13.230000000000004,2024
Marmeleiro,PR,78.57,85.08,6.510000000000005,2024
Coronel Vivida,PR,80.0,74.6,-5.400000000000006,2024
Pontes e Lacerda,MT,69.94,66.49,-3.450000000000003,2024
Anápolis,GO,73.43,73.22,-0.21000000000000796,2024
Francisco Beltrão,PR,79.72,76.41,-3.3100000000000023,2024
Maringá,PR,80.0,78.37,-1.6299999999999955,2024
Montes Claros,MG,64.62,75.18,10.560000000000002,2024
Coronel João Pessoa,RN,31.08,47.83,16.75,2024
Pirajuí,SP,57.88,46.03,-11.850000000000001,2024
Pacaembu,SP,67.13,53.27,-13.859999999999992,2024
Santa Rita do Sapucaí,MG,54.67,72.16,17.489999999999995,2024
Jacutinga,MG,63.18,79.14,15.96,2024
Alto Feliz,RS,73.84,58.3,-15.540000000000006,2024
Icaraí de Minas,MG,58.3,77.42,19.120000000000005,2024
Acari,RN,49.84,38.21,-11.630000000000003,2024
Juripiranga,PB,55.28,45.74,-9.54,2024
Santos,SP,59.92,52.77,-7.149999999999999,2024
Sumé,PB,40.1,64.53,24.43,2024
Jatobá,MA,73.93,68.34,-5.590000000000003,2024
Descanso,SC,80.0,64.35,-15.650000000000006,2024
Santa Terezinha,SC,80.0,73.52,-6.480000000000004,2024
São Bento do Sul,SC,74.17,76.73,2.5600000000000023,2024
Salinas,MG,74.1,77.08,2.980000000000004,2024
Boqueirão,PB,44.48,37.65,-6.829999999999998,2024
Martinópolis,SP,57.49,63.56,6.07,2024
Cafelândia,PR,80.0,78.14,-1.8599999999999994,2024
Dores de Campos,MG,58.87,76.43,17.56000000000001,2024
Camaquã,RS,62.16,56.4,-5.759999999999998,2024
Nova Santa Rosa,PR,78.12,72.16,-5.960000000000008,2024
Serra,ES,62.54,83.5,20.96,2024
Santos,SP,59.92,52.81,-7.109999999999999,2024
Getúlio Vargas,RS,74.54,52.3,-22.24000000000001,2024
Alto Garças,MT,46.93,52.91,5.979999999999997,2024
Ponto Chique,MG,64.41,76.36,11.950000000000003,2024
Montes Claros,MG,64.62,74.71,10.08999999999999,2024
Montanha,ES,65.84,80.21,14.36999999999999,2024
Santa Cruz da Esperança,SP,51.45,42.56,-8.89,2024
Itapemirim,ES,64.07,75.32,11.25,2024
Luisburgo,MG,80.0,87.7,7.700000000000003,2024
Aguaí,SP,52.38,58.41,6.029999999999994,2024
Paraí,RS,80.0,64.8,-15.200000000000003,2024
Carmo do Cajuru,MG,69.28,72.37,3.0900000000000034,2024
Sertãozinho,SP,58.07,54.16,-3.9100000000000037,2024
Alto Jequitibá,MG,55.63,78.73,23.1,2024
Conceição do Mato Dentro,MG,62.26,79.7,17.440000000000005,2024
Santa Maria do Suaçuí,MG,64.62,83.52,18.89999999999999,2024
Santa Terezinha de Itaipu,PR,80.0,79.46,-0.5400000000000063,2024
Machadinho,RS,69.73,64.3,-5.430000000000007,2024
Cesário Lange,SP,59.73,51.32,-8.409999999999997,2024
Mafra,SC,74.07,69.85,-4.219999999999999,2024
Demerval Lobão,PI,71.72,73.33,1.6099999999999994,2024
Treze Tílias,SC,75.2,71.92,-3.280000000000001,2024
Piên,PR,80.0,83.34,3.3400000000000034,2024
Botuverá,SC,71.04,65.2,-5.840000000000003,2024
Novo Cruzeiro,MG,76.27,75.07,-1.2000000000000028,2024
Papagaios,MG,52.46,88.48,36.02,2024
Porto União,SC,72.02,73.04,1.0200000000000102,2024
Ibitirama,ES,74.85,79.56,4.710000000000008,2024
Carmo da Cachoeira,MG,75.21,78.88,3.6700000000000017,2024
Vertente do Lério,PE,80.0,82.94,2.9399999999999977,2024
Grão Pará,SC,67.57,70.75,3.180000000000007,2024
Viradouro,SP,66.25,60.23,-6.020000000000003,2024
Ipeúna,SP,49.81,62.62,12.809999999999995,2024
Poço Fundo,MG,80.0,70.92,-9.079999999999998,2024
Jaraguá do Sul,SC,73.91,75.11,1.2000000000000028,2024
Major Vieira,SC,70.82,74.01,3.190000000000012,2024
Balbinos,SP,80.0,100.0,20.0,2024
Araguainha,MT,29.4,100.0,70.6,2024
Ruy Barbosa,RN,61.84,35.0,-26.840000000000003,2024
Monte das Gameleiras,RN,40.25,32.92,-7.329999999999998,2024
Patu,RN,39.13,30.0,-9.130000000000003,2024
Barra de Santana,PB,35.21,49.18,13.969999999999999,2024
Cacimba de Areia,PB,66.53,52.5,-14.030000000000001,2024
Mondaí,SC,70.43,70.0,-0.4300000000000068,2024
Santa Cruz do Escalvado,MG,58.77,70.0,11.229999999999997,2024
São Martinho,SC,69.93,70.0,0.06999999999999318,2024
Riozinho,RS,76.61,100.0,23.39,2024
Itatiba do Sul,RS,80.0,40.0,-40.0,2024
Caracol,PI,64.12,49.31,-14.810000000000002,2024
Rio Grande da Serra,SP,38.67,61.98,23.309999999999995,2024
Santo Antônio do Retiro,MG,78.39,65.69,-12.700000000000003,2024
Brochier,RS,67.29,56.7,-10.590000000000003,2024
Luzilândia,PI,56.4,54.9,-1.5,2024
Hidrolina,GO,70.15,72.5,2.3499999999999943,2024
Montes Claros,MG,64.62,74.03,9.409999999999997,2024
Forquetinha,RS,63.97,55.2,-8.769999999999996,2024
Travesseiro,RS,80.0,67.8,-12.200000000000003,2024
Bandeira,MG,65.57,77.5,11.930000000000007,2024
Derrubadas,RS,54.69,80.0,25.310000000000002,2024
Santa Helena de Minas,MG,62.75,85.0,22.25,2024
Luislândia,MG,54.93,85.0,30.07,2024
Queluzito,MG,64.59,95.0,30.409999999999997,2024
Boa Esperança,ES,77.19,90.0,12.810000000000002,2024
Cássia,MG,72.14,90.0,17.86,2024
Rio dos Índios,RS,80.0,70.0,-10.0,2024
Feira Nova,PE,80.0,83.27,3.269999999999996,2024
São Domingos do Norte,ES,80.0,84.74,4.739999999999995,2024
Aragominas,TO,31.83,52.57,20.740000000000002,2024
Serranópolis,GO,58.7,66.65,7.950000000000003,2024
São Pedro do Sul,RS,77.57,61.6,-15.969999999999992,2024
Itajubá,MG,63.11,79.1,15.989999999999995,2024
Crissiumal,RS,74.23,57.4,-16.830000000000005,2024
Colméia,TO,53.62,60.62,7.0,2024
Paraguaçu Paulista,SP,53.39,56.93,3.539999999999999,2024
Barro Alto,GO,80.0,77.88,-2.1200000000000045,2024
Muriaé,MG,62.06,75.48,13.420000000000002,2024
Verdejante,PE,57.8,68.84,11.040000000000006,2024
Itueta,MG,59.6,79.92,20.32,2024
Córrego Danta,MG,80.0,75.27,-4.730000000000004,2024
Itapeva,SP,57.76,56.2,-1.5599999999999952,2024
Carmo de Minas,MG,60.43,71.02,10.589999999999996,2024
Maringá,PR,80.0,78.55,-1.4500000000000028,2024
Primavera do Leste,MT,54.21,57.79,3.5799999999999983,2024
Ivatuba,PR,78.99,86.72,7.730000000000004,2024
Padre Bernardo,GO,61.84,69.56,7.719999999999999,2024
Aricanduva,MG,60.38,86.66,26.279999999999994,2024
Marechal Floriano,ES,78.47,86.57,8.099999999999994,2024
Jacaraú,PB,41.56,51.18,9.619999999999997,2024
Florestal,MG,60.94,85.73,24.790000000000006,2024
Espigão Alto do Iguaçu,PR,73.21,81.78,8.570000000000007,2024
Governador Valadares,MG,56.68,70.91,14.229999999999997,2024
Aurora,SC,65.45,76.43,10.980000000000004,2024
João Pessoa,PB,52.13,50.13,-2.0,2024
Pontal,SP,63.34,64.47,1.1299999999999955,2024
Salto Grande,SP,63.49,44.94,-18.550000000000004,2024
Munhoz de Melo,PR,57.66,80.0,22.340000000000003,2024
Assis,SP,49.23,54.85,5.6200000000000045,2024
Prata do Piauí,PI,20.78,47.93,27.15,2024
Tremembé,SP,48.77,54.73,5.959999999999994,2024
Novais,SP,70.41,63.99,-6.419999999999995,2024
Igarapé,MG,56.52,73.84,17.32,2024
Itabirito,MG,63.29,80.39,17.1,2024
Figueira,PR,80.0,77.82,-2.180000000000007,2024
Joviânia,GO,61.57,67.17,5.600000000000001,2024
Pancas,ES,80.0,85.86,5.859999999999999,2024
Beneditinos,PI,77.94,68.49,-9.450000000000003,2024
Fraiburgo,SC,68.73,77.47,8.739999999999995,2024
Ipameri,GO,66.71,74.13,7.420000000000002,2024
Cristianópolis,GO,80.0,82.2,2.200000000000003,2024
Cajazeiras,PB,56.36,50.91,-5.450000000000003,2024
Itanhandu,MG,80.0,79.94,-0.060000000000002274,2024
São Geraldo,MG,80.0,92.77,12.769999999999996,2024
Itabira,MG,60.96,77.96,16.999999999999993,2024
São Roque de Minas,MG,72.56,77.02,4.459999999999994,2024
Uruaçu,GO,71.02,76.87,5.8500000000000085,2024
Joaçaba,SC,62.61,72.15,9.540000000000006,2024
Iguape,SP,60.97,62.11,1.1400000000000006,2024
Formosa da Serra Negra,MA,80.0,84.29,4.290000000000006,2024
Paranã,TO,48.28,68.45,20.17,2024
São Domingos,SC,78.68,78.82,0.13999999999998636,2024
Colônia Leopoldina,AL,80.0,73.25,-6.75,2024
Cachoeira Alta,GO,74.25,78.35,4.099999999999994,2024
Chavantes,SP,44.52,51.58,7.059999999999995,2024
São José do Rio Preto,SP,56.68,56.85,0.1700000000000017,2024
Oliveira,MG,54.71,80.67,25.96,2024
Gouvelândia,GO,46.07,81.36,35.29,2024
Pilões,PB,47.82,61.18,13.36,2024
Apucarana,PR,80.0,78.78,-1.2199999999999989,2024
Jaboticatubas,MG,71.06,75.36,4.299999999999997,2024
Papanduva,SC,72.03,69.31,-2.719999999999999,2024
Cajati,SP,62.43,57.52,-4.909999999999997,2024
Ivinhema,MS,64.82,68.78,3.960000000000008,2024
Novo Cabrais,RS,80.0,77.0,-3.0,2024
Juquiá,SP,59.04,55.18,-3.8599999999999994,2024
Nova Campina,SP,50.74,61.55,10.809999999999995,2024
Santo André,SP,57.33,56.5,-0.8299999999999983,2024
Cunha Porã,SC,80.0,70.77,-9.230000000000004,2024
São José do Mantimento,MG,53.01,87.17,34.160000000000004,2024
Santa Terezinha,MT,46.1,40.74,-5.359999999999999,2024
Bocaina,SP,39.68,49.59,9.910000000000004,2024
Várzea Grande,MT,53.18,61.76,8.579999999999998,2024
Três Palmeiras,RS,80.0,64.6,-15.400000000000006,2024
Capitólio,MG,80.0,78.93,-1.0699999999999932,2024
Lambari,MG,68.05,55.96,-12.089999999999996,2024
Cravinhos,SP,47.95,59.0,11.049999999999997,2024
Vargem Alta,ES,72.36,72.05,-0.3100000000000023,2024
Cantagalo,PR,68.01,71.81,3.799999999999997,2024
Ouro Verde de Minas,MG,55.99,78.41,22.419999999999995,2024
Quatá,SP,68.48,68.43,-0.04999999999999716,2024
Lambari,MG,68.05,70.13,2.0799999999999983,2024
Cruzília,MG,80.0,76.02,-3.980000000000004,2024
Lambari,MG,68.05,74.76,6.710000000000008,2024
Branquinha,AL,76.97,79.89,2.9200000000000017,2024
Nova Veneza,GO,80.0,76.22,-3.780000000000001,2024
Botelhos,MG,67.86,84.86,17.0,2024
Coroados,SP,71.12,72.95,1.8299999999999983,2024
Itaguaru,GO,80.0,89.89,9.89,2024
Bonfinópolis de Minas,MG,80.0,71.88,-8.120000000000005,2024
Aripuanã,MT,63.44,61.83,-1.6099999999999994,2024
Coelho Neto,MA,63.75,76.13,12.379999999999995,2024
Rondonópolis,MT,57.26,60.49,3.230000000000004,2024
Apiacá,ES,61.98,62.88,0.9000000000000057,2024
Santo Antônio do Aracanguá,SP,55.06,62.22,7.159999999999997,2024
Pardinho,SP,61.43,56.51,-4.920000000000002,2024
Santana,AP,47.82,55.32,7.5,2024
Sarzedo,MG,80.0,82.39,2.3900000000000006,2024
Lajinha,MG,73.28,69.27,-4.010000000000005,2024
Mallet,PR,80.0,87.79,7.790000000000006,2024
Aricanduva,MG,60.38,84.87,24.490000000000002,2024
Turvo,SC,62.69,72.95,10.260000000000005,2024
Carbonita,MG,67.08,70.78,3.700000000000003,2024
Vargem Grande do Rio Pardo,MG,64.67,89.89,25.22,2024
Palmitos,SC,61.82,64.41,2.5899999999999963,2024
Pinheirinho do Vale,RS,80.0,73.0,-7.0,2024
Avaí,SP,59.41,65.24,5.829999999999998,2024
Araraquara,SP,59.9,62.01,2.1099999999999994,2024
Lajedão,BA,61.97,48.28,-13.689999999999998,2024
Catalão,GO,67.35,76.88,9.530000000000001,2024
Brejão,PE,69.12,86.18,17.060000000000002,2024
Marilena,PR,80.0,75.36,-4.640000000000001,2024
Ubaporanga,MG,70.32,68.75,-1.5699999999999932,2024
Dom Silvério,MG,68.96,92.48,23.52000000000001,2024
Pau dos Ferros,RN,45.25,38.9,-6.350000000000001,2024
Primavera do Leste,MT,54.21,58.79,4.579999999999998,2024
Iúna,ES,73.2,67.97,-5.230000000000004,2024
Solidão,PE,75.45,93.99,18.539999999999992,2024
Batatais,SP,64.07,70.05,5.980000000000004,2024
Cristal,RS,68.53,61.2,-7.329999999999998,2024
Inácio Martins,PR,74.45,70.03,-4.420000000000002,2024
Borda da Mata,MG,67.91,81.21,13.299999999999997,2024
Três Corações,MG,55.52,70.26,14.740000000000002,2024
Caraí,MG,48.07,69.39,21.32,2024
Orizânia,MG,65.59,75.97,10.379999999999995,2024
Coromandel,MG,47.93,78.77,30.839999999999996,2024
Orizona,GO,80.0,77.75,-2.25,2024
Borborema,SP,80.0,70.83,-9.170000000000002,2024
Penápolis,SP,63.79,61.01,-2.780000000000001,2024
Nova Lima,MG,60.62,79.6,18.979999999999997,2024
Felixlândia,MG,56.65,75.1,18.449999999999996,2024
Louveira,SP,58.84,58.25,-0.5900000000000034,2024
Pinheiros,ES,77.69,97.26,19.570000000000007,2024
Jumirim,SP,76.93,50.81,-26.120000000000005,2024
Santo Inácio,PR,80.0,80.07,0.06999999999999318,2024
Coimbra,MG,77.38,83.5,6.1200000000000045,2024
Terra Boa,PR,80.0,89.1,9.099999999999994,2024
Nortelândia,MT,52.79,65.5,12.71,2024
João Neiva,ES,73.12,77.28,4.159999999999997,2024
Aroeiras,PB,69.89,44.46,-25.43,2024
Timbó,SC,71.48,70.41,-1.0700000000000074,2024
Lavandeira,TO,70.95,58.81,-12.14,2024
Conchal,SP,58.29,55.54,-2.75,2024
Mortugaba,BA,70.74,60.0,-10.739999999999995,2024
Machado,MG,63.26,89.31,26.050000000000004,2024
Júlio Mesquita,SP,68.91,55.26,-13.649999999999999,2024
São Lourenço do Oeste,SC,72.76,71.25,-1.5100000000000051,2024
Taiaçu,SP,69.26,38.71,-30.550000000000004,2024
Iconha,ES,76.89,75.87,-1.019999999999996,2024
Pingo-d'Água,MG,41.49,81.43,39.940000000000005,2024
Urucuia,MG,60.76,67.15,6.390000000000008,2024
Passira,PE,75.67,76.23,0.5600000000000023,2024
Rolante,RS,80.0,66.5,-13.5,2024
Barra do Garças,MT,64.28,47.35,-16.93,2024
Rio Claro,SP,55.16,54.52,-0.6399999999999935,2024
São Pedro da Cipa,MT,74.0,76.26,2.260000000000005,2024
Canoinhas,SC,74.87,77.81,2.9399999999999977,2024
Dois Vizinhos,PR,80.0,82.56,2.5600000000000023,2024
Teodoro Sampaio,SP,68.95,100.0,31.049999999999997,2024
Paraíso do Sul,RS,80.0,52.6,-27.4,2024
Brasília de Minas,MG,75.81,76.32,0.5099999999999909,2024
Ecoporanga,ES,70.94,89.47,18.53,2024
Entre Rios de Minas,MG,80.0,75.48,-4.519999999999996,2024
Inhuma,PI,59.47,67.52,8.049999999999997,2024
Fraiburgo,SC,68.73,77.72,8.989999999999995,2024
Brasília de Minas,MG,75.81,76.29,0.480000000000004,2024
Brasília de Minas,MG,75.81,76.3,0.4899999999999949,2024
Salto do Itararé,PR,67.05,73.64,6.590000000000003,2024
Lagamar,MG,80.0,56.25,-23.75,2024
Morro Grande,SC,72.78,73.57,0.789999999999992,2024
Bela Vista de Minas,MG,66.46,73.01,6.550000000000011,2024
Itabirito,MG,63.29,80.44,17.15,2024
Amparo,PB,80.0,41.89,-38.11,2024
Liberato Salzano,RS,74.33,73.9,-0.4299999999999926,2024
Palmeira das Missões,RS,53.85,49.5,-4.350000000000001,2024
Vinhedo,SP,56.12,56.12,0.0,2024
Luiz Alves,SC,80.0,61.55,-18.450000000000003,2024
Alto Paraguai,MT,69.57,52.43,-17.139999999999993,2024
Rio Claro,SP,55.16,54.59,-0.5699999999999932,2024
Santa Cruz das Palmeiras,SP,54.47,59.69,5.219999999999999,2024
Agrolândia,SC,80.0,76.03,-3.969999999999999,2024
Janaúba,MG,54.63,71.74,17.109999999999992,2024
Nazário,GO,79.15,83.94,4.789999999999992,2024
Barra de Guabiraba,PE,80.0,86.54,6.540000000000006,2024
Santa Fé do Sul,SP,62.66,54.03,-8.629999999999995,2024
Vitória,ES,68.18,73.2,5.019999999999996,2024
Calumbi,PE,75.27,86.03,10.760000000000005,2024
São Romão,MG,55.73,77.76,22.03000000000001,2024
Itapemirim,ES,64.07,75.42,11.350000000000009,2024
Bom Jesus de Goiás,GO,76.39,81.51,5.1200000000000045,2024
Imaculada,PB,69.22,42.25,-26.97,2024
Pouso Alto,MG,78.67,79.55,0.8799999999999955,2024
Água Comprida,MG,80.0,55.3,-24.700000000000003,2024
São João do Soter,MA,31.6,53.45,21.85,2024
Manaíra,PB,80.0,50.66,-29.340000000000003,2024
Carmópolis de Minas,MG,77.39,81.68,4.290000000000006,2024
Morro Redondo,RS,74.06,47.4,-26.660000000000004,2024
Fátima,TO,57.08,57.84,0.7600000000000051,2024
Ipatinga,MG,67.17,75.61,8.439999999999998,2024
Iguape,SP,60.97,61.67,0.7000000000000028,2024
Nova Crixás,GO,66.92,71.87,4.950000000000003,2024
Jaboticabal,SP,57.48,57.94,0.46000000000000085,2024
Brochier,RS,67.29,57.5,-9.790000000000006,2024
Aramina,SP,49.16,72.03,22.870000000000005,2024
Lajes,RN,36.25,36.01,-0.240000000000002,2024
Itaúba,MT,61.64,67.42,5.780000000000001,2024
Cacique Doble,RS,80.0,58.2,-21.799999999999997,2024
Uruaçu,GO,71.02,77.83,6.810000000000002,2024
Iporã do Oeste,SC,80.0,89.65,9.650000000000006,2024
Morada Nova de Minas,MG,80.0,64.5,-15.5,2024
São Miguel do Oeste,SC,70.46,69.47,-0.9899999999999949,2024
Avaré,SP,61.23,52.47,-8.759999999999998,2024
São Paulo,SP,44.37,56.1,11.730000000000004,2024
Garibaldi,RS,75.26,71.7,-3.5600000000000023,2024
Pedro Canário,ES,70.99,81.35,10.36,2024
Anchieta,ES,80.0,88.41,8.409999999999997,2024
São José da Lapa,MG,65.31,75.09,9.780000000000001,2024
Morro da Garça,MG,80.0,67.59,-12.409999999999997,2024
Palmital,SP,51.9,60.32,8.420000000000002,2024
São Raimundo do Doca Bezerra,MA,60.22,55.35,-4.869999999999997,2024
Sousa,PB,49.9,53.57,3.6700000000000017,2024
Igaratá,SP,64.51,50.61,-13.900000000000006,2024
Sebastião Barros,PI,33.21,50.0,16.79,2024
Mairipotaba,GO,80.0,71.43,-8.569999999999993,2024
Cezarina,GO,47.38,69.63,22.249999999999993,2024
Ibiam,SC,67.95,96.17,28.22,2024
Boa Esperança,MG,58.17,74.5,16.33,2024
Rio do Prado,MG,57.42,76.19,18.769999999999996,2024
Carandaí,MG,73.09,82.73,9.64,2024
Campo Novo,RS,65.72,46.8,-18.92,2024
Martins Soares,MG,77.07,83.69,6.6200000000000045,2024
São Miguel do Iguaçu,PR,74.57,77.84,3.2700000000000102,2024
Cipotânea,MG,74.17,80.5,6.329999999999998,2024
Itatinga,SP,64.72,54.18,-10.54,2024
Promissão,SP,69.41,64.97,-4.439999999999998,2024
Rio Vermelho,MG,49.66,59.95,10.290000000000006,2024
Presidente Olegário,MG,77.76,78.27,0.5099999999999909,2024
Peçanha,MG,67.16,61.48,-5.68,2024
Salgueiro,PE,76.55,75.13,-1.4200000000000017,2024
Charqueada,SP,50.3,62.5,12.200000000000003,2024
Palmeiras de Goiás,GO,69.91,81.01,11.100000000000009,2024
Garopaba,SC,72.08,75.75,3.6700000000000017,2024
Campo Limpo de Goiás,GO,80.0,84.62,4.6200000000000045,2024
Lagoa Alegre,PI,28.81,58.86,30.05,2024
Palmas,TO,62.2,56.97,-5.230000000000004,2024
Piracicaba,SP,58.93,55.08,-3.8500000000000014,2024
Macatuba,SP,67.48,62.4,-5.080000000000005,2024
Aguaí,SP,52.38,61.22,8.839999999999996,2024
Ribeirão Grande,SP,66.37,60.84,-5.530000000000001,2024
Patrocínio,MG,64.83,76.21,11.379999999999995,2024
Juara,MT,57.76,64.06,6.300000000000004,2024
Carapicuíba,SP,50.83,57.57,6.740000000000002,2024
Piripiri,PI,40.06,54.59,14.530000000000001,2024
Sud Mennucci,SP,56.44,57.15,0.7100000000000009,2024
Brás Pires,MG,58.04,81.16,23.119999999999997,2024
Diamantina,MG,62.93,70.61,7.68,2024
Mafra,SC,74.07,74.16,0.09000000000000341,2024
Jequitinhonha,MG,49.76,72.3,22.54,2024
Claraval,MG,75.74,84.7,8.960000000000008,2024
Maracanaú,CE,80.0,62.16,-17.840000000000003,2024
São Manuel,SP,63.06,60.53,-2.530000000000001,2024
Maximiliano de Almeida,RS,80.0,43.2,-36.8,2024
Malhada de Pedras,BA,71.89,70.27,-1.6200000000000045,2024
Pedro Canário,ES,70.99,80.91,9.920000000000002,2024
Santa Maria de Itabira,MG,58.85,77.79,18.940000000000005,2024
Santa Rosa de Lima,SC,80.0,86.49,6.489999999999995,2024
São João da Fronteira,PI,34.14,43.37,9.229999999999997,2024
Montanhas,RN,62.22,44.2,-18.019999999999996,2024
São João del Rei,MG,59.67,77.27,17.599999999999994,2024
Lagoa de Itaenga,PE,71.87,79.42,7.549999999999997,2024
Medianeira,PR,79.33,79.1,-0.23000000000000398,2024
Meridiano,SP,69.33,67.31,-2.019999999999996,2024
Esmeralda,RS,80.0,48.4,-31.6,2024
Franciscópolis,MG,80.0,63.78,-16.22,2024
São Francisco de Sales,MG,77.07,73.5,-3.569999999999993,2024
Dois Lajeados,RS,80.0,53.0,-27.0,2024
Passo do Sobrado,RS,80.0,64.5,-15.5,2024
Caraúbas,RN,32.45,46.24,13.79,2024
Guimarânia,MG,63.8,85.1,21.299999999999997,2024
Amparo,SP,56.97,59.94,2.969999999999999,2024
Timóteo,MG,59.91,78.72,18.810000000000002,2024
Não-Me-Toque,RS,68.38,64.6,-3.780000000000001,2024
Pires do Rio,GO,69.4,80.88,11.47999999999999,2024
São Bento do Sul,SC,74.17,79.21,5.039999999999992,2024
Cabreúva,SP,54.18,64.6,10.419999999999995,2024
Paranatama,PE,75.04,66.67,-8.370000000000005,2024
Pontalina,GO,74.41,86.03,11.620000000000005,2024
Comercinho,MG,61.87,68.38,6.509999999999998,2024
Cruzeiro,SP,45.68,55.99,10.310000000000002,2024
Laranjal Paulista,SP,58.49,59.37,0.8799999999999955,2024
Diamantina,MG,62.93,72.02,9.089999999999996,2024
Cana Verde,MG,55.6,93.33,37.73,2024
Cajazeiras,PB,56.36,54.07,-2.289999999999999,2024
Paraíso do Tocantins,TO,63.78,63.45,-0.3299999999999983,2024
Franciscópolis,MG,80.0,70.75,-9.25,2024
Itabirinha,MG,67.27,83.44,16.17,2024
Itarumã,GO,77.21,83.26,6.050000000000011,2024
Hortolândia,SP,61.65,55.05,-6.600000000000001,2024
Bandeira do Sul,MG,74.43,94.51,20.08,2024
Ipanema,MG,79.02,77.67,-1.3499999999999943,2024
Ribeirão Preto,SP,45.48,55.59,10.110000000000007,2024
Mari,PB,44.47,70.06,25.590000000000003,2024
Benedito Novo,SC,64.47,70.47,6.0,2024
Mercês,MG,80.0,84.85,4.849999999999994,2024
São Luís,MA,52.79,63.2,10.410000000000004,2024
Tigrinhos,SC,79.2,91.64,12.439999999999998,2024
Itaubal,AP,55.34,43.57,-11.770000000000003,2024
Itabaiana,PB,32.55,50.57,18.020000000000003,2024
Guarani das Missões,RS,71.9,67.5,-4.400000000000006,2024
Diamantina,MG,62.93,72.96,10.029999999999994,2024
Extrema,MG,61.38,69.33,7.949999999999996,2024
Pará de Minas,MG,57.9,76.29,18.390000000000008,2024
São Francisco do Oeste,RN,60.69,68.97,8.280000000000001,2024
Rio Paranaíba,MG,78.89,60.21,-18.68,2024
Rancho Queimado,SC,73.86,80.38,6.519999999999996,2024
Urussanga,SC,70.65,69.61,-1.0400000000000063,2024
Tupã,SP,55.08,61.5,6.420000000000002,2024
Monte Alto,SP,69.16,59.0,-10.159999999999997,2024
Cerro Corá,RN,63.66,40.95,-22.709999999999994,2024
Riacho de Santana,RN,52.8,53.36,0.5600000000000023,2024
Barro,CE,69.8,63.94,-5.859999999999999,2024
Pilar do Sul,SP,60.55,63.33,2.780000000000001,2024
Colatina,ES,74.72,77.5,2.780000000000001,2024
Campo Alegre de Goiás,GO,79.91,77.6,-2.3100000000000023,2024
São Pedro dos Ferros,MG,80.0,68.34,-11.659999999999997,2024
Pancas,ES,80.0,86.3,6.299999999999997,2024
Alfenas,MG,62.52,76.61,14.089999999999996,2024
Juína,MT,51.09,56.58,5.489999999999995,2024
Flores da Cunha,RS,79.15,58.8,-20.35000000000001,2024
Lagoa Formosa,MG,63.75,82.01,18.260000000000005,2024
Colatina,ES,74.72,78.24,3.519999999999996,2024
Nova Ponte,MG,73.54,78.86,5.319999999999993,2024
Teixeirópolis,RO,73.21,65.3,-7.909999999999997,2024
Jambeiro,SP,62.36,56.89,-5.469999999999999,2024
Iepê,SP,56.43,53.84,-2.5899999999999963,2024
Ibitirama,ES,74.85,81.82,6.969999999999999,2024
Santa Rita de Jacutinga,MG,47.7,77.68,29.980000000000004,2024
Coqueiral,MG,72.67,82.47,9.799999999999997,2024
Presidente Kennedy,TO,71.14,57.83,-13.310000000000002,2024
Itapissuma,PE,78.03,82.95,4.920000000000002,2024
Divinópolis,MG,67.23,73.79,6.560000000000002,2024
Santos Dumont,MG,59.95,69.94,9.989999999999995,2024
Santo Antônio do Paraíso,PR,80.0,81.17,1.1700000000000017,2024
Quadra,SP,55.49,65.39,9.899999999999999,2024
Cachoeira de Minas,MG,64.71,81.11,16.400000000000006,2024
Mato Verde,MG,70.78,79.19,8.409999999999997,2024
Bom Princípio,RS,74.68,55.3,-19.38000000000001,2024
Iapu,MG,43.66,67.68,24.02000000000001,2024
Lupércio,SP,59.68,60.96,1.2800000000000011,2024
Itajá,RN,60.78,40.01,-20.770000000000003,2024
Rodolfo Fernandes,RN,38.22,45.23,7.009999999999998,2024
Arandu,SP,58.49,56.61,-1.8800000000000026,2024
Itabaiana,PB,32.55,53.73,21.18,2024
Artur Nogueira,SP,55.03,54.41,-0.6200000000000045,2024
São José do Cerrito,SC,77.0,52.61,-24.39,2024
Santa Rita de Ibitipoca,MG,67.77,88.22,20.450000000000003,2024
Lacerdópolis,SC,71.59,75.0,3.4099999999999966,2024
Bom Princípio do Piauí,PI,80.0,75.94,-4.060000000000002,2024
Penápolis,SP,63.79,63.0,-0.7899999999999991,2024
Elias Fausto,SP,59.26,56.28,-2.979999999999997,2024
Jequeri,MG,61.2,84.89,23.689999999999998,2024
Itabaiana,PB,32.55,54.38,21.830000000000005,2024
Limoeiro,PE,73.45,67.03,-6.420000000000002,2024
Ibirubá,RS,63.28,67.4,4.1200000000000045,2024
Assaí,PR,80.0,80.24,0.23999999999999488,2024
Riacho de Santo Antônio,PB,78.78,55.56,-23.22,2024
Portão,RS,60.02,44.4,-15.620000000000005,2024
São Luis do Piauí,PI,62.07,61.11,-0.9600000000000009,2024
Amaral Ferrador,RS,72.06,55.6,-16.46,2024
Fernandópolis,SP,61.33,55.56,-5.769999999999996,2024
Antônio Carlos,SC,75.32,66.67,-8.649999999999991,2024
Araçagi,PB,66.65,47.88,-18.770000000000003,2024
João Dias,RN,51.64,38.89,-12.75,2024
São Sebastião do Rio Preto,MG,68.83,100.0,31.17,2024
Jucurutu,RN,34.74,77.78,43.04,2024
Japurá,AM,77.7,83.33,5.6299999999999955,2024
Nova Venécia,ES,80.0,100.0,20.0,2024
Santana da Boa Vista,RS,53.93,66.7,12.770000000000003,2024
Morro Grande,SC,72.78,70.37,-2.4099999999999966,2024
Itamarandiba,MG,62.57,81.25,18.68,2024
Araçaí,MG,80.0,72.22,-7.780000000000001,2024
Franciscópolis,MG,80.0,100.0,20.0,2024
Porto Lucena,RS,78.78,100.0,21.22,2024
Tenente Ananias,RN,48.81,52.97,4.159999999999997,2024
Riversul,SP,80.0,64.17,-15.829999999999998,2024
Catuípe,RS,80.0,71.6,-8.400000000000006,2024
Buri,SP,53.99,63.24,9.25,2024
Bicas,MG,50.81,70.71,19.89999999999999,2024
Santo Antônio do Sudoeste,PR,79.58,81.43,1.8500000000000085,2024
Vazante,MG,49.64,71.85,22.209999999999994,2024
Bom Sucesso de Itararé,SP,60.25,55.46,-4.789999999999999,2024
Euclides da Cunha Paulista,SP,76.58,69.86,-6.719999999999999,2024
Varzelândia,MG,52.18,63.77,11.590000000000003,2024
Urussanga,SC,70.65,70.73,0.0799999999999983,2024
Aporé,GO,64.94,65.8,0.8599999999999994,2024
João Pessoa,PB,52.13,55.14,3.009999999999998,2024
Erval Grande,RS,80.0,47.0,-33.0,2024
Batatais,SP,64.07,58.95,-5.11999999999999,2024
Honório Serpa,PR,59.97,73.2,13.230000000000004,2024
Bambuí,MG,68.24,80.48,12.240000000000009,2024
Macaparana,PE,73.76,81.95,8.189999999999998,2024
Santa Rita do Itueto,MG,80.0,87.19,7.189999999999998,2024
Matipó,MG,80.0,80.73,0.730000000000004,2024
Rio Bom,PR,80.0,69.55,-10.450000000000003,2024
Tuparetama,PE,77.54,82.52,4.97999999999999,2024
Céu Azul,PR,80.0,84.56,4.560000000000002,2024
Santa Vitória,MG,72.24,72.85,0.6099999999999994,2024
Águas de Santa Bárbara,SP,54.97,48.99,-5.979999999999997,2024
Rio Branco,MT,53.36,81.6,28.239999999999995,2024
Sarapuí,SP,47.53,53.32,5.789999999999999,2024
Una,BA,44.38,58.16,13.779999999999994,2024
Potirendaba,SP,63.91,62.55,-1.3599999999999994,2024
Santa Luzia,PB,59.0,54.05,-4.950000000000003,2024
Ibiaçá,RS,71.87,60.1,-11.770000000000003,2024
Santa Rosa da Serra,MG,74.06,79.88,5.819999999999993,2024
Rio Tinto,PB,78.16,60.02,-18.139999999999993,2024
Remígio,PB,62.28,49.27,-13.009999999999998,2024
Miguel Alves,PI,45.41,60.79,15.380000000000003,2024
Confins,MG,57.07,69.15,12.080000000000005,2024
Buritinópolis,GO,54.33,85.08,30.75,2024
Casca,RS,80.0,76.0,-4.0,2024
Nova Brasilândia,MT,59.69,81.37,21.680000000000007,2024
Varjão de Minas,MG,61.0,93.29,32.290000000000006,2024
Mogi Mirim,SP,58.13,57.7,-0.4299999999999997,2024
Ângulo,PR,80.0,86.15,6.150000000000006,2024
Barra de São Francisco,ES,78.66,87.1,8.439999999999998,2024
Nova União,MG,53.22,92.79,39.57000000000001,2024
Nova Nazaré,MT,51.34,85.25,33.91,2024
Sete Lagoas,MG,57.97,81.22,23.25,2024
João Pessoa,PB,52.13,55.87,3.739999999999995,2024
Tracunhaém,PE,62.75,73.31,10.560000000000002,2024
Morungaba,SP,52.33,47.32,-5.009999999999998,2024
Cafelândia,SP,64.3,60.44,-3.8599999999999994,2024
Porto de Moz,PA,73.69,81.16,7.469999999999999,2024
Forquilha,CE,80.0,100.0,20.0,2024
Cajuru,SP,73.07,54.99,-18.07999999999999,2024
Itaquaquecetuba,SP,48.89,64.61,15.719999999999999,2024
Santa Rosa do Sul,SC,59.55,73.62,14.070000000000007,2024
Montividiu,GO,68.25,78.69,10.439999999999998,2024
Itueta,MG,59.6,78.77,19.169999999999995,2024
Jardim do Seridó,RN,33.95,56.51,22.559999999999995,2024
Diadema,SP,47.05,59.37,12.32,2024
Pradópolis,SP,75.13,62.53,-12.599999999999994,2024
Getúlio Vargas,RS,74.54,59.2,-15.340000000000003,2024
Miradouro,MG,52.6,75.29,22.690000000000005,2024
Coronel José Dias,PI,64.26,61.36,-2.9000000000000057,2024
Reginópolis,SP,80.0,84.53,4.530000000000001,2024
Unaí,MG,60.33,74.51,14.180000000000007,2024
Urussanga,SC,70.65,71.86,1.2099999999999937,2024
São Jerônimo,RS,80.0,71.9,-8.099999999999994,2024
São José do Divino,MG,50.96,64.09,13.130000000000003,2024
João Monlevade,MG,64.07,82.75,18.680000000000007,2024
Campo Verde,MT,60.16,64.36,4.200000000000003,2024
São José do Cedro,SC,76.92,82.26,5.340000000000003,2024
Aurora,SC,65.45,76.68,11.230000000000004,2024
Independência,RS,68.77,57.7,-11.069999999999993,2024
Americano do Brasil,GO,75.18,78.87,3.6899999999999977,2024
Batatais,SP,64.07,55.68,-8.389999999999993,2024
Santa Teresinha,PB,46.65,42.77,-3.8799999999999955,2024
Abaeté,MG,56.9,78.3,21.4,2024
Marmelópolis,MG,77.3,84.57,7.269999999999996,2024
Alcântaras,CE,80.0,99.05,19.049999999999997,2024
Herval,RS,57.32,51.2,-6.119999999999997,2024
Mafra,SC,74.07,77.41,3.3400000000000034,2024
Espinosa,MG,66.83,77.97,11.14,2024
Colatina,ES,74.72,90.45,15.730000000000004,2024
Dores do Rio Preto,ES,80.0,81.34,1.3400000000000034,2024
Figueirópolis,TO,65.27,51.74,-13.529999999999994,2024
Botucatu,SP,62.56,57.09,-5.469999999999999,2024
Sengés,PR,80.0,81.96,1.9599999999999937,2024
Poços de Caldas,MG,61.73,78.32,16.589999999999996,2024
Novo Itacolomi,PR,80.0,97.3,17.299999999999997,2024
Rodeio,SC,60.87,67.61,6.740000000000002,2024
José Bonifácio,SP,59.8,54.93,-4.869999999999997,2024
Atilio Vivacqua,ES,75.4,77.52,2.1199999999999903,2024
Ibirité,MG,56.29,76.06,19.770000000000003,2024
Mariana,MG,58.12,79.18,21.06000000000001,2024
Campo Novo do Parecis,MT,65.16,67.19,2.030000000000001,2024
Seara,SC,80.0,51.32,-28.68,2024
Tenente Ananias,RN,48.81,52.25,3.4399999999999977,2024
Recreio,MG,73.4,64.51,-8.89,2024
Monte Carmelo,MG,66.33,82.6,16.269999999999996,2024
Cipotânea,MG,74.17,76.35,2.1799999999999926,2024
Osvaldo Cruz,SP,61.92,59.23,-2.690000000000005,2024
Visconde do Rio Branco,MG,60.26,78.31,18.050000000000004,2024
Irati,PR,80.0,88.31,8.310000000000002,2024
Massaranduba,SC,72.41,77.07,4.659999999999997,2024
Descanso,SC,80.0,70.31,-9.689999999999998,2024
Sananduva,RS,75.28,70.5,-4.780000000000001,2024
Campo Verde,MT,60.16,65.32,5.159999999999997,2024
Tavares,PB,75.99,67.47,-8.519999999999996,2024
São Miguel do Tapuio,PI,36.96,45.19,8.229999999999997,2024
Araputanga,MT,53.64,60.47,6.829999999999998,2024
Tabatinga,SP,65.32,62.05,-3.269999999999996,2024
Santa Rita do Sapucaí,MG,54.67,77.94,23.269999999999996,2024
São Lourenço do Piauí,PI,80.0,73.08,-6.920000000000002,2024
Porto Estrela,MT,80.0,77.75,-2.25,2024
São Pedro,SP,56.57,58.16,1.5899999999999963,2024
Diamantino,MT,56.72,65.08,8.36,2024
Barra de São Francisco,ES,78.66,87.39,8.730000000000004,2024
Tamboril do Piauí,PI,70.55,65.11,-5.439999999999998,2024
Verê,PR,80.0,67.29,-12.709999999999994,2024
Timbó,SC,71.48,74.84,3.3599999999999994,2024
Águas Vermelhas,MG,48.71,74.46,25.749999999999993,2024
Inhumas,GO,80.0,87.57,7.569999999999993,2024
Itamonte,MG,61.31,81.86,20.549999999999997,2024
Quatro Pontes,PR,80.0,89.52,9.519999999999996,2024
Adamantina,SP,69.44,66.06,-3.3799999999999955,2024
Jandaia,GO,77.61,80.25,2.6400000000000006,2024
Vista Alegre do Alto,SP,80.0,52.86,-27.14,2024
Santo Antônio do Grama,MG,80.0,94.3,14.299999999999997,2024
Pitangui,MG,80.0,76.1,-3.9000000000000057,2024
Governador Lindenberg,ES,66.72,82.07,15.349999999999994,2024
Carlos Barbosa,RS,69.44,62.5,-6.939999999999998,2024
Ibicaré,SC,76.34,54.41,-21.930000000000007,2024
Jaguariaíva,PR,80.0,79.14,-0.8599999999999994,2024
Pilar de Goiás,GO,80.0,80.87,0.8700000000000045,2024
Iporá,GO,78.6,83.04,4.440000000000012,2024
Guapirama,PR,80.0,75.09,-4.909999999999997,2024
Santo Antônio do Caiuá,PR,80.0,88.04,8.040000000000006,2024
Inhaúma,MG,52.36,77.62,25.260000000000005,2024
Padre Marcos,PI,80.0,100.0,20.0,2024
Pejuçara,RS,64.52,55.8,-8.719999999999999,2024
Érico Cardoso,BA,69.97,37.21,-32.76,2024
Delfim Moreira,MG,66.18,93.02,26.83999999999999,2024
Palestina de Goiás,GO,79.61,74.42,-5.189999999999998,2024
Várzea da Palma,MG,64.73,70.34,5.609999999999999,2024
Santo Antônio do Amparo,MG,80.0,80.3,0.29999999999999716,2024
São João do Manteninha,MG,79.91,71.7,-8.209999999999994,2024
Rio Fortuna,SC,78.6,68.78,-9.819999999999993,2024
São Pedro do Ivaí,PR,80.0,85.66,5.659999999999997,2024
Juripiranga,PB,55.28,46.57,-8.71,2024
São Pedro do Iguaçu,PR,75.54,80.66,5.11999999999999,2024
Taquaral de Goiás,GO,71.25,75.0,3.75,2024
Tupã,SP,55.08,55.04,-0.03999999999999915,2024
Rio dos Cedros,SC,63.92,68.59,4.670000000000002,2024
Gramado,RS,79.21,78.3,-0.9099999999999966,2024
Ibirá,SP,72.56,61.64,-10.920000000000002,2024
São Gotardo,MG,57.5,72.47,14.969999999999999,2024
Nova Alvorada,RS,80.0,64.8,-15.200000000000003,2024
Campinápolis,MT,45.19,44.13,-1.0599999999999952,2024
Antônio Prado,RS,68.22,55.9,-12.32,2024
Agudos,SP,61.01,64.6,3.5899999999999963,2024
Wenceslau Braz,MG,53.79,70.34,16.550000000000004,2024
Estação,RS,74.46,45.4,-29.059999999999995,2024
Vargem Grande do Sul,SP,71.16,61.51,-9.649999999999999,2024
Carmo de Minas,MG,60.43,75.57,15.139999999999993,2024
Bocaiúva,MG,70.61,78.27,7.659999999999997,2024
Ipaba,MG,65.76,77.71,11.949999999999989,2024
Montalvânia,MG,53.65,74.58,20.93,2024
Liberato Salzano,RS,74.33,62.2,-12.129999999999995,2024
Seberi,RS,80.0,62.3,-17.700000000000003,2024
Figueirão,MS,62.12,86.46,24.339999999999996,2024
Serra de São Bento,RN,34.12,42.09,7.970000000000006,2024
Palmelo,GO,35.72,64.71,28.989999999999995,2024
São Miguel do Anta,MG,75.65,78.02,2.3699999999999903,2024
Itapira,SP,63.71,71.34,7.630000000000003,2024
Três Marias,MG,70.22,83.86,13.64,2024
Ibiracatu,MG,66.87,88.24,21.36999999999999,2024
São Simão,SP,65.66,76.47,10.810000000000002,2024
Porto Vera Cruz,RS,65.93,88.2,22.269999999999996,2024
Cambuí,MG,67.59,81.94,14.349999999999994,2024
Triunfo,RS,68.96,57.0,-11.959999999999994,2024
Vila Valério,ES,80.0,76.41,-3.5900000000000034,2024
Divino,MG,54.23,68.51,14.280000000000008,2024
Águas de São Pedro,SP,80.0,80.89,0.8900000000000006,2024
Felisburgo,MG,56.8,70.2,13.400000000000006,2024
Conquista D'Oeste,MT,47.02,69.46,22.43999999999999,2024
Vila Bela da Santíssima Trindade,MT,52.17,52.38,0.21000000000000085,2024
Serranos,MG,44.9,82.14,37.24,2024
Três Palmeiras,RS,80.0,62.5,-17.5,2024
Guapiara,SP,69.06,60.31,-8.75,2024
Poços de Caldas,MG,61.73,79.39,17.660000000000004,2024
Frei Gaspar,MG,56.48,69.89,13.410000000000004,2024
Santa Cruz do Rio Pardo,SP,57.25,72.25,15.0,2024
Arceburgo,MG,80.0,82.63,2.6299999999999955,2024
Brejo dos Santos,PB,51.07,64.03,12.96,2024
Roque Gonzales,RS,76.36,71.2,-5.159999999999997,2024
Itaquaquecetuba,SP,48.89,57.48,8.589999999999996,2024
Guarani das Missões,RS,71.9,74.1,2.1999999999999886,2024
Elesbão Veloso,PI,55.01,51.08,-3.9299999999999997,2024
Castelo,ES,73.43,82.7,9.269999999999996,2024
Perdões,MG,72.62,79.12,6.5,2024
Paquetá,PI,80.0,49.8,-30.200000000000003,2024
São Raimundo Nonato,PI,70.08,73.25,3.1700000000000017,2024
Caibi,SC,76.16,76.32,0.1599999999999966,2024
Itaquaquecetuba,SP,48.89,57.19,8.299999999999997,2024
Caraúbas,PB,53.58,87.82,34.239999999999995,2024
Ribeirão Branco,SP,57.56,64.79,7.230000000000004,2024
Pitangui,MG,80.0,78.71,-1.2900000000000063,2024
Barbacena,MG,62.71,83.52,20.809999999999995,2024
Biritiba-Mirim,SP,48.54,52.19,3.6499999999999986,2024
Barão de Melgaço,MT,63.34,55.02,-8.32,2024
Teutônia,RS,80.0,63.2,-16.799999999999997,2024
Muniz Freire,ES,80.0,82.24,2.239999999999995,2024
Santos,SP,59.92,54.77,-5.149999999999999,2024
Goiatuba,GO,70.09,77.63,7.539999999999992,2024
Cupira,PE,78.27,88.96,10.689999999999998,2024
Lagoa de Dentro,PB,69.61,42.8,-26.810000000000002,2024
Chapada da Natividade,TO,54.09,52.38,-1.7100000000000009,2024
Tapera,RS,64.43,68.4,3.969999999999999,2024
São João do Cariri,PB,36.7,60.71,24.009999999999998,2024
Santa Isabel,SP,73.45,67.17,-6.280000000000001,2024
Águas da Prata,SP,67.26,61.82,-5.440000000000005,2024
Terezópolis de Goiás,GO,61.52,71.39,9.869999999999997,2024
Poço Dantas,PB,30.45,81.67,51.22,2024
Rodeio,SC,60.87,68.35,7.479999999999997,2024
Alta Floresta,MT,57.91,71.46,13.549999999999997,2024
Bom Despacho,MG,48.79,86.3,37.51,2024
Sumaré,SP,57.39,57.49,0.10000000000000142,2024
Itu,SP,67.66,61.67,-5.989999999999995,2024
Triunfo,RS,68.96,66.0,-2.9599999999999937,2024
Frederico Westphalen,RS,65.99,67.5,1.5100000000000051,2024
Alto Taquari,MT,73.52,70.01,-3.509999999999991,2024
Nova Santa Rita,RS,61.05,64.9,3.8500000000000085,2024
Mulungu,PB,60.21,54.12,-6.090000000000003,2024
Campos de Júlio,MT,53.38,65.76,12.380000000000003,2024
Votorantim,SP,53.97,54.69,0.7199999999999989,2024
Ibatiba,ES,80.0,82.36,2.3599999999999994,2024
Papagaios,MG,52.46,89.24,36.779999999999994,2024
Tietê,SP,53.53,62.5,8.969999999999999,2024
Triunfo,RS,68.96,68.5,-0.45999999999999375,2024
Ritápolis,MG,66.87,81.94,15.069999999999993,2024
Passos,MG,67.82,73.13,5.310000000000002,2024
Trindade,GO,68.56,77.21,8.649999999999991,2024
Itá,SC,70.81,72.01,1.2000000000000028,2024
Schroeder,SC,65.84,73.98,8.14,2024
Fernandópolis,SP,61.33,60.91,-0.4200000000000017,2024
Estrela Velha,RS,80.0,60.0,-20.0,2024
Itaobim,MG,54.67,76.0,21.33,2024
Fernandópolis,SP,61.33,61.01,-0.3200000000000003,2024
Cachoeira da Prata,MG,56.96,80.0,23.04,2024
Suzano,SP,48.1,59.06,10.96,2024
Alexânia,GO,76.84,75.79,-1.0499999999999972,2024
Niquelândia,GO,73.95,80.22,6.269999999999996,2024
Rancho Alegre,PR,77.46,86.02,8.560000000000002,2024
Lagoão,RS,80.0,66.9,-13.099999999999994,2024
Nova Resende,MG,71.01,86.57,15.559999999999988,2024
Porto Grande,AP,67.62,54.23,-13.390000000000008,2024
Bom Jesus do Galho,MG,80.0,75.91,-4.090000000000003,2024
Ribeirão do Pinhal,PR,80.0,84.51,4.510000000000005,2024
Cabrália Paulista,SP,79.5,78.11,-1.3900000000000006,2024
Paranaíta,MT,63.88,79.7,15.82,2024
São João da Boa Vista,SP,58.79,61.6,2.8100000000000023,2024
Alvinópolis,MG,54.12,72.33,18.21,2024
Nova Floresta,PB,68.38,67.53,-0.8499999999999943,2024
Americana,SP,62.11,64.36,2.25,2024
Salto da Divisa,MG,49.57,59.15,9.579999999999998,2024
Bady Bassitt,SP,59.68,61.39,1.7100000000000009,2024
Quarto Centenário,PR,79.9,61.75,-18.150000000000006,2024
Pinhal Grande,RS,66.33,44.0,-22.33,2024
Ingazeira,PE,78.78,89.89,11.11,2024
Porto Xavier,RS,73.05,52.9,-20.15,2024
Nazaré Paulista,SP,52.23,62.5,10.270000000000003,2024
Monte Aprazível,SP,74.54,65.44,-9.100000000000009,2024
Nazaré Paulista,SP,52.23,60.11,7.880000000000003,2024
Bofete,SP,51.32,69.75,18.43,2024
Água Fria de Goiás,GO,59.82,87.44,27.619999999999997,2024
Vidal Ramos,SC,74.32,83.76,9.440000000000012,2024
Turmalina,MG,58.26,89.01,30.750000000000007,2024
São José da Bela Vista,SP,52.91,50.38,-2.529999999999994,2024
Governador Dix-Sept Rosado,RN,61.52,48.2,-13.32,2024
Nova Glória,GO,80.0,87.68,7.680000000000007,2024
Itaguari,GO,80.0,77.71,-2.2900000000000063,2024
São João do Caiuá,PR,80.0,93.06,13.060000000000002,2024
Santo Antônio de Posse,SP,58.55,62.07,3.520000000000003,2024
Tupã,SP,55.08,51.23,-3.8500000000000014,2024
Nazaré Paulista,SP,52.23,55.33,3.1000000000000014,2024
Presidente Getúlio,SC,65.13,61.82,-3.309999999999995,2024
Casinhas,PE,79.54,84.85,5.309999999999988,2024
Madre de Deus de Minas,MG,71.14,71.05,-0.09000000000000341,2024
Sabinópolis,MG,46.78,83.69,36.91,2024
Iretama,PR,80.0,80.07,0.06999999999999318,2024
Capelinha,MG,60.28,80.94,20.659999999999997,2024
Brasil Novo,PA,74.26,87.6,13.33999999999999,2024
Boracéia,SP,72.55,66.62,-5.929999999999993,2024
Mirassol,SP,69.6,61.57,-8.029999999999994,2024
Bom Jardim de Goiás,GO,79.26,73.26,-6.0,2024
Piedade,SP,62.12,63.25,1.1300000000000026,2024
Cristais Paulista,SP,54.91,49.46,-5.449999999999996,2024
Herval,RS,57.32,57.1,-0.21999999999999886,2024
Inconfidentes,MG,80.0,86.18,6.180000000000007,2024
Santo André,SP,57.33,60.42,3.0900000000000034,2024
Esperantinópolis,MA,62.78,81.48,18.700000000000003,2024
Juru,PB,68.31,47.76,-20.550000000000004,2024
Antônio Carlos,MG,78.32,71.37,-6.949999999999989,2024
Cristais,MG,69.33,86.07,16.739999999999995,2024
Manaíra,PB,80.0,59.62,-20.380000000000003,2024
Joselândia,MA,58.77,75.31,16.54,2024
Congonhas,MG,60.11,74.01,13.900000000000006,2024
Trindade do Sul,RS,80.0,57.3,-22.700000000000003,2024
Nova Odessa,SP,59.09,57.96,-1.1300000000000026,2024
Novo Cruzeiro,MG,76.27,77.88,1.6099999999999994,2024
Ouro Branco,MG,67.76,81.33,13.569999999999993,2024
Salto,SP,60.17,67.33,7.159999999999997,2024
Alcântara,MA,74.47,70.97,-3.5,2024
Regente Feijó,SP,78.07,61.09,-16.97999999999999,2024
Timóteo,MG,59.91,86.92,27.010000000000005,2024
Harmonia,RS,80.0,71.4,-8.599999999999994,2024
Abadiânia,GO,79.11,79.39,0.28000000000000114,2024
Viçosa,MG,65.52,88.86,23.340000000000003,2024
Guapé,MG,62.11,80.4,18.290000000000006,2024
Campo Novo do Parecis,MT,65.16,69.9,4.740000000000009,2024
Jaú,SP,63.12,54.89,-8.229999999999997,2024
Presidente Prudente,SP,58.37,61.12,2.75,2024
Tabatinga,SP,65.32,62.83,-2.489999999999995,2024
Paraíso do Sul,RS,80.0,54.7,-25.299999999999997,2024
Rio Azul,PR,80.0,89.22,9.219999999999999,2024
Curral Novo do Piauí,PI,22.86,48.34,25.480000000000004,2024
Socorro,SP,55.63,59.71,4.079999999999998,2024
Nova Granada,SP,64.31,59.94,-4.3700000000000045,2024
Barra do Chapéu,SP,67.5,65.29,-2.2099999999999937,2024
Carapicuíba,SP,50.83,61.61,10.780000000000001,2024
São João del Rei,MG,59.67,80.94,21.269999999999996,2024
Barão de Melgaço,MT,63.34,52.26,-11.080000000000005,2024
Cafelândia,SP,64.3,61.51,-2.789999999999999,2024
São Francisco de Assis,RS,61.82,84.2,22.380000000000003,2024
Santa Terezinha,SC,80.0,69.26,-10.739999999999995,2024
Coromandel,MG,47.93,86.33,38.4,2024
Turmalina,MG,58.26,82.52,24.259999999999998,2024
São José do Inhacorá,RS,80.0,49.7,-30.299999999999997,2024
Nova Era,MG,63.58,72.22,8.64,2024
Angélica,MS,80.0,84.52,4.519999999999996,2024
Socorro,SP,55.63,60.61,4.979999999999997,2024
Taguaí,SP,62.14,71.38,9.239999999999995,2024
Timbó,SC,71.48,77.99,6.509999999999991,2024
Bela Vista de Minas,MG,66.46,73.62,7.160000000000011,2024
Bom Jesus do Oeste,SC,74.35,95.99,21.64,2024
Araçoiaba da Serra,SP,54.42,56.16,1.7399999999999949,2024
Jerônimo Monteiro,ES,71.71,77.2,5.490000000000009,2024
Cristal,RS,68.53,78.4,9.870000000000005,2024
Santana do Piauí,PI,40.02,68.1,28.07999999999999,2024
Araras,SP,61.73,59.68,-2.049999999999997,2024
Oeiras,PI,68.21,72.5,4.290000000000006,2024
Atalanta,SC,72.52,72.58,0.060000000000002274,2024
Juquitiba,SP,63.43,55.99,-7.439999999999998,2024
Botelhos,MG,67.86,87.53,19.67,2024
Ipuã,SP,77.52,63.8,-13.719999999999999,2024
São Bernardino,SC,80.0,69.54,-10.459999999999994,2024
São João do Oeste,SC,80.0,92.42,12.420000000000002,2024
Anhumas,SP,69.09,57.39,-11.700000000000003,2024
Nova Canaã do Norte,MT,60.45,68.51,8.060000000000002,2024
Divinópolis,MG,67.23,77.35,10.11999999999999,2024
Nova Veneza,SC,71.23,73.25,2.019999999999996,2024
Equador,RN,27.64,59.19,31.549999999999997,2024
Ouvidor,GO,67.81,90.09,22.28,2024
Jaguaraçu,MG,65.26,84.51,19.25,2024
Muniz Freire,ES,80.0,81.47,1.4699999999999989,2024
Abre Campo,MG,80.0,84.72,4.719999999999999,2024
Natividade da Serra,SP,46.55,57.89,11.340000000000003,2024
Puxinanã,PB,76.24,62.11,-14.129999999999995,2024
Arroio do Tigre,RS,80.0,64.7,-15.299999999999997,2024
Guaratinguetá,SP,60.67,55.83,-4.840000000000003,2024
Severínia,SP,48.16,61.65,13.490000000000002,2024
Leme do Prado,MG,57.42,92.39,34.97,2024
Campinas do Sul,RS,80.0,64.6,-15.400000000000006,2024
Pejuçara,RS,64.52,62.5,-2.019999999999996,2024
Pedra Preta,RN,48.13,37.5,-10.630000000000003,2024
Áurea,RS,80.0,37.5,-42.5,2024
Agudo,RS,60.08,56.3,-3.780000000000001,2024
Almino Afonso,RN,17.02,62.5,45.480000000000004,2024
São José do Peixe,PI,76.6,75.0,-1.5999999999999943,2024
Santa Helena,SC,78.58,66.67,-11.909999999999997,2024
Orobó,PE,64.34,91.54,27.200000000000003,2024
Dores de Guanhães,MG,48.52,72.49,23.96999999999999,2024
Curral Velho,PB,44.57,62.5,17.93,2024
Anhanguera,GO,80.0,81.25,1.25,2024
Canaã,MG,76.58,87.5,10.920000000000002,2024
Guatambú,SC,50.17,68.75,18.58,2024
Patis,MG,77.38,97.25,19.870000000000005,2024
Grão Pará,SC,67.57,75.0,7.430000000000007,2024
Tocos do Moji,MG,78.63,93.75,15.120000000000005,2024
Santa Rita de Caldas,MG,80.0,92.49,12.489999999999995,2024
Canaã,MG,76.58,85.85,9.269999999999996,2024
São Caetano do Sul,SP,64.1,66.12,2.0200000000000102,2024
Bertópolis,MG,62.87,85.02,22.15,2024
Ibaté,SP,57.31,68.78,11.469999999999999,2024
Brejetuba,ES,69.4,89.78,20.379999999999995,2024
Montes Claros de Goiás,GO,68.75,75.02,6.269999999999996,2024
Satubinha,MA,80.0,79.32,-0.6800000000000068,2024
Canaã,MG,76.58,84.65,8.070000000000007,2024
Tuiuti,SP,68.04,55.64,-12.400000000000006,2024
São Sebastião de Lagoa de Roça,PB,66.95,57.17,-9.780000000000001,2024
Monte Belo,MG,55.11,80.85,25.739999999999995,2024
Seara,SC,80.0,62.5,-17.5,2024
Pequi,MG,66.77,81.37,14.600000000000009,2024
Cabedelo,PB,54.02,57.26,3.239999999999995,2024
Bocaiúva,MG,70.61,80.84,10.230000000000004,2024
Itá,SC,70.81,77.62,6.810000000000002,2024
Schroeder,SC,65.84,75.91,10.069999999999993,2024
Planalto Alegre,SC,79.63,90.38,10.75,2024
Recursolândia,TO,8.25,50.29,42.04,2024
Altos,PI,64.89,61.82,-3.0700000000000003,2024
Piracicaba,SP,58.93,60.0,1.0700000000000003,2024
São Miguel do Oeste,SC,70.46,75.64,5.180000000000007,2024
Neves Paulista,SP,80.0,74.47,-5.530000000000001,2024
General Carneiro,MT,80.0,66.1,-13.900000000000006,2024
Paulínia,SP,53.65,61.39,7.740000000000002,2024
Chiapetta,RS,78.78,78.0,-0.7800000000000011,2024
Datas,MG,80.0,90.32,10.319999999999993,2024
Pitangui,MG,80.0,85.71,5.709999999999994,2024
São Luís do Paraitinga,SP,74.44,59.66,-14.780000000000001,2024
Santo Antônio do Monte,MG,80.0,81.35,1.3499999999999943,2024
Turmalina,MG,58.26,73.78,15.520000000000003,2024
Curitibanos,SC,53.71,61.42,7.710000000000001,2024
Embu das Artes,SP,39.54,67.51,27.970000000000006,2024
Minaçu,GO,76.32,81.44,5.1200000000000045,2024
Formosa do Oeste,PR,80.0,85.18,5.180000000000007,2024
Tapiraí,SP,58.05,57.45,-0.5999999999999943,2024
Monsenhor Hipólito,PI,80.0,97.7,17.700000000000003,2024
Campos do Jordão,SP,55.98,57.12,1.1400000000000006,2024
São José de Piranhas,PB,40.93,55.77,14.840000000000003,2024
Carnaíba,PE,80.0,92.5,12.5,2024
Angicos,RN,26.39,51.81,25.42,2024
Lagoa Dourada,MG,66.55,87.23,20.680000000000007,2024
Mutum,MG,64.53,76.73,12.200000000000003,2024
Juruena,MT,63.07,73.66,10.589999999999996,2024
Combinado,TO,65.04,56.14,-8.900000000000006,2024
Corupá,SC,64.27,79.7,15.430000000000007,2024
Piracaia,SP,62.06,57.46,-4.600000000000001,2024
Angatuba,SP,53.44,59.71,6.270000000000003,2024
Leme do Prado,MG,57.42,82.62,25.200000000000003,2024
Jaquirana,RS,70.35,36.4,-33.949999999999996,2024
Benedito Novo,SC,64.47,69.89,5.420000000000002,2024
Itapira,SP,63.71,63.24,-0.46999999999999886,2024
Serrania,MG,66.47,80.88,14.409999999999997,2024
Monte Carmelo,MG,66.33,83.18,16.85000000000001,2024
Pirassununga,SP,51.43,56.4,4.969999999999999,2024
Araporã,MG,65.56,73.61,8.049999999999997,2024
Arapuã,PR,58.64,76.31,17.67,2024
Getúlio Vargas,RS,74.54,65.9,-8.64,2024
Rio Bananal,ES,75.44,83.06,7.6200000000000045,2024
Narandiba,SP,57.61,60.6,2.990000000000002,2024
Patos de Minas,MG,70.88,81.15,10.27000000000001,2024
Araçariguama,SP,55.05,54.04,-1.009999999999998,2024
Varzelândia,MG,52.18,69.33,17.15,2024
Abdon Batista,SC,73.3,77.08,3.780000000000001,2024
Bonfinópolis de Minas,MG,80.0,68.81,-11.189999999999998,2024
Nova Venécia,ES,80.0,83.55,3.549999999999997,2024
Vila Valério,ES,80.0,79.61,-0.39000000000000057,2024
Bauru,SP,49.57,59.95,10.380000000000003,2024
Amparo,SP,56.97,62.39,5.420000000000002,2024
Itapira,SP,63.71,62.18,-1.5300000000000011,2024
Afonso Cláudio,ES,80.0,82.04,2.0400000000000063,2024
Jaguaré,ES,73.41,80.31,6.900000000000006,2024
São Raimundo das Mangabeiras,MA,72.44,84.5,12.060000000000002,2024
Corumbaíba,GO,72.79,82.63,9.83999999999999,2024
Nova Venécia,ES,80.0,83.24,3.239999999999995,2024
São Carlos,SP,56.26,61.87,5.609999999999999,2024
Rio Pomba,MG,67.71,78.55,10.840000000000003,2024
Ataléia,MG,69.2,66.4,-2.799999999999997,2024
Mineiros,GO,80.0,84.01,4.010000000000005,2024
Santa Cruz do Rio Pardo,SP,57.25,70.73,13.480000000000004,2024
Dumont,SP,77.25,64.5,-12.75,2024
Brasilândia de Minas,MG,77.23,76.71,-0.5200000000000102,2024
Itati,RS,52.69,66.7,14.010000000000005,2024
Divino,MG,54.23,67.15,12.920000000000009,2024
São José de Espinharas,PB,60.23,44.79,-15.439999999999998,2024
Camalaú,PB,42.98,68.64,25.660000000000004,2024
Bonópolis,GO,54.0,61.76,7.759999999999998,2024
Socorro,SP,55.63,67.74,12.109999999999992,2024
Jequeri,MG,61.2,85.23,24.03,2024
Divinolândia de Minas,MG,69.54,87.1,17.559999999999988,2024
Itapaci,GO,79.01,85.28,6.269999999999996,2024
Brumadinho,MG,71.82,87.73,15.91000000000001,2024
Divino das Laranjeiras,MG,47.5,85.6,38.099999999999994,2024
Luz,MG,58.68,87.21,28.529999999999994,2024
Santa Adélia,SP,63.89,64.33,0.4399999999999977,2024
Bueno Brandão,MG,65.8,82.56,16.760000000000005,2024
Ituporanga,SC,66.76,77.25,10.489999999999995,2024
São José da Varginha,MG,59.26,82.68,23.42000000000001,2024
Orindiúva,SP,49.39,48.15,-1.240000000000002,2024
Rio Rufino,SC,68.06,76.32,8.259999999999991,2024
Itumbiara,GO,71.41,74.44,3.030000000000001,2024
Enéas Marques,PR,80.0,85.24,5.239999999999995,2024
Goianira,GO,70.86,81.01,10.150000000000006,2024
Santa Cecília,PB,19.74,48.11,28.37,2024
Santo Antônio de Goiás,GO,80.0,82.91,2.9099999999999966,2024
Jati,CE,75.23,77.45,2.219999999999999,2024
Ibiraci,MG,39.73,73.86,34.13,2024
João Alfredo,PE,60.81,75.79,14.980000000000004,2024
Irineópolis,SC,73.1,79.25,6.150000000000006,2024
Vera Cruz,SP,65.56,50.96,-14.600000000000001,2024
Rancharia,SP,63.34,60.02,-3.3200000000000003,2024
Turvolândia,MG,64.7,67.31,2.6099999999999994,2024
Cruzília,MG,80.0,75.3,-4.700000000000003,2024
São Vicente do Sul,RS,77.73,47.8,-29.930000000000007,2024
Herval,RS,57.32,64.4,7.080000000000005,2024
Itanhandu,MG,80.0,65.22,-14.780000000000001,2024
São Sebastião do Rio Verde,MG,70.28,91.3,21.019999999999996,2024
Leme do Prado,MG,57.42,65.22,7.799999999999997,2024
Salvador,BA,45.52,65.22,19.699999999999996,2024
Carlos Barbosa,RS,69.44,64.9,-4.539999999999992,2024
Capim,PB,60.01,60.4,0.39000000000000057,2024
Pompéu,MG,67.62,84.94,17.319999999999993,2024
Aguanil,MG,80.0,88.68,8.680000000000007,2024
Garça,SP,56.55,57.27,0.720000000000006,2024
Cananéia,SP,67.33,59.72,-7.609999999999999,2024
Franca,SP,61.42,64.54,3.1200000000000045,2024
Jacuí,MG,72.3,85.13,12.829999999999998,2024
São Paulo,SP,44.37,62.67,18.300000000000004,2024
Massaranduba,SC,72.41,76.77,4.359999999999999,2024
Patos de Minas,MG,70.88,79.64,8.760000000000005,2024
Bonfinópolis,GO,61.67,86.32,24.64999999999999,2024
Jacupiranga,SP,66.5,54.8,-11.700000000000003,2024
Marília,SP,62.61,64.28,1.6700000000000017,2024
Dracena,SP,65.9,62.74,-3.1600000000000037,2024
Vargem Alegre,MG,80.0,83.44,3.4399999999999977,2024
Cabedelo,PB,54.02,57.38,3.3599999999999994,2024
Conceição do Castelo,ES,77.84,84.19,6.349999999999994,2024
Caiana,MG,62.1,76.5,14.399999999999999,2024
Miraí,MG,80.0,78.13,-1.8700000000000045,2024
Rio Negro,PR,80.0,88.56,8.560000000000002,2024
Paraibuna,SP,66.21,58.56,-7.6499999999999915,2024
Penápolis,SP,63.79,69.11,5.32,2024
Capelinha,MG,60.28,82.5,22.22,2024
Guarabira,PB,42.78,59.62,16.839999999999996,2024
Acauã,PI,80.0,81.89,1.8900000000000006,2024
Marilândia,ES,78.73,78.31,-0.4200000000000017,2024
Sertãozinho,PB,56.63,75.35,18.71999999999999,2024
Pio IX,PI,42.01,58.16,16.15,2024
Cristiano Otoni,MG,73.35,89.96,16.61,2024
Rio Piracicaba,MG,77.46,79.95,2.490000000000009,2024
Nova Roma do Sul,RS,80.0,83.3,3.299999999999997,2024
Luz,MG,58.68,86.87,28.190000000000005,2024
Igaracy,PB,36.1,79.06,42.96,2024
Santa Maria de Jetibá,ES,80.0,79.8,-0.20000000000000284,2024
Sacramento,MG,66.63,79.64,13.010000000000005,2024
Guaiçara,SP,55.48,60.0,4.520000000000003,2024
Angicos,RN,26.39,55.14,28.75,2024
Paulo de Faria,SP,55.24,80.89,25.65,2024
Capitólio,MG,80.0,84.65,4.650000000000006,2024
Sales,SP,69.91,68.37,-1.539999999999992,2024
Pinheiros,ES,77.69,84.33,6.640000000000001,2024
Abadia dos Dourados,MG,64.48,96.07,31.58999999999999,2024
Jacuípe,AL,58.55,77.02,18.47,2024
Santa Teresa,ES,80.0,82.16,2.1599999999999966,2024
São Luís do Curu,CE,80.0,65.1,-14.900000000000006,2024
Santa Teresa,ES,80.0,82.52,2.519999999999996,2024
Governador Dix-Sept Rosado,RN,61.52,50.54,-10.980000000000004,2024
Mara Rosa,GO,71.26,87.78,16.519999999999996,2024
Embu-Guaçu,SP,51.94,57.38,5.440000000000005,2024
Juquitiba,SP,63.43,64.05,0.6199999999999974,2024
Capinópolis,MG,55.94,73.04,17.10000000000001,2024
Itaju,SP,58.17,44.34,-13.829999999999998,2024
Itamarandiba,MG,62.57,82.8,20.229999999999997,2024
Santo Antônio do Leste,MT,64.12,75.82,11.699999999999989,2024
São Sebastião da Bela Vista,MG,69.08,90.92,21.840000000000003,2024
Croatá,CE,80.0,99.14,19.14,2024
Barra do Garças,MT,64.28,66.68,2.4000000000000057,2024
Maravilha,SC,80.0,75.66,-4.340000000000003,2024
São Gonçalo do Rio Abaixo,MG,80.0,91.6,11.599999999999994,2024
Palmitinho,RS,80.0,68.4,-11.599999999999994,2024
Agudos do Sul,PR,76.47,87.51,11.040000000000006,2024
Serrinha dos Pintos,RN,61.18,60.0,-1.1799999999999997,2024
São Tomé,RN,27.18,86.67,59.49,2024
Timbaúba dos Batistas,RN,27.96,40.0,12.04,2024
Barão de Cotegipe,RS,80.0,73.3,-6.700000000000003,2024
Jaborandi,SP,80.0,67.19,-12.810000000000002,2024
São José do Campestre,RN,25.0,50.0,25.0,2024
São Vendelino,RS,80.0,60.0,-20.0,2024
Rosário da Limeira,MG,59.92,78.18,18.260000000000005,2024
Jaguari,RS,67.37,80.0,12.629999999999995,2024
Turiúba,SP,80.0,93.33,13.329999999999998,2024
Liberato Salzano,RS,74.33,46.7,-27.629999999999995,2024
Japaraíba,MG,72.45,86.67,14.219999999999999,2024
Centenário,TO,30.54,66.67,36.13,2024
Santo Hipólito,MG,62.33,93.33,31.0,2024
São Valentim do Sul,RS,80.0,73.3,-6.700000000000003,2024
Cacimba de Dentro,PB,79.56,63.3,-16.260000000000005,2024
Monte Alegre do Sul,SP,59.25,56.59,-2.6599999999999966,2024
Araras,SP,61.73,65.16,3.4299999999999997,2024
Americana,SP,62.11,64.87,2.760000000000005,2024
Sarutaiá,SP,79.11,79.97,0.8599999999999994,2024
Santa Cruz da Conceição,SP,68.76,73.36,4.599999999999994,2024
Seara,SC,80.0,70.92,-9.079999999999998,2024
Campo Redondo,RN,31.26,39.72,8.459999999999997,2024
Itapetim,PE,67.68,89.12,21.439999999999998,2024
Campina Grande,PB,48.39,64.53,16.14,2024
Crucilândia,MG,80.0,90.23,10.230000000000004,2024
Ipaussu,SP,59.79,54.96,-4.829999999999998,2024
Major Sales,RN,38.44,60.04,21.6,2024
Paraisópolis,MG,63.95,81.68,17.730000000000004,2024
Três Marias,MG,70.22,83.47,13.25,2024
Mutum,MG,64.53,79.68,15.150000000000006,2024
Rio Manso,MG,72.62,98.05,25.429999999999993,2024
Domingos Martins,ES,80.0,81.13,1.1299999999999955,2024
Ribeirão Bonito,SP,79.35,53.4,-25.949999999999996,2024
Caiapônia,GO,77.1,84.82,7.719999999999999,2024
Luz,MG,58.68,86.5,27.82,2024
Novo Horizonte,SC,80.0,86.57,6.569999999999993,2024
Maravilha,AL,70.6,74.38,3.780000000000001,2024
Salesópolis,SP,67.15,65.52,-1.6300000000000097,2024
Guairaçá,PR,73.72,80.71,6.989999999999995,2024
Pomerode,SC,65.94,70.85,4.909999999999997,2024
Itapecerica,MG,73.56,86.66,13.099999999999994,2024
Arroio do Meio,RS,80.0,63.6,-16.4,2024
Barão de Monte Alto,MG,66.24,89.21,22.97,2024
São Marcos,RS,80.0,56.4,-23.6,2024
Juscimeira,MT,53.79,67.06,13.270000000000003,2024
Pratápolis,MG,65.46,76.97,11.510000000000005,2024
Triunfo,PE,80.0,80.64,0.6400000000000006,2024
Queimada Nova,PI,63.49,67.42,3.9299999999999997,2024
Limeira,SP,65.28,62.75,-2.530000000000001,2024
Posse,GO,76.74,80.95,4.210000000000008,2024
São João,PR,80.0,87.16,7.159999999999997,2024
Antônio Carlos,SC,75.32,73.55,-1.769999999999996,2024
Itamogi,MG,64.25,80.11,15.86,2024
Caicó,RN,42.3,59.42,17.120000000000005,2024
Américo de Campos,SP,63.29,78.38,15.089999999999996,2024
Terra Roxa,SP,69.28,74.29,5.010000000000005,2024
Limeira,SP,65.28,62.93,-2.3500000000000014,2024
Barra do Garças,MT,64.28,68.34,4.060000000000002,2024
Capinzal do Norte,MA,42.37,91.14,48.77,2024
Caturama,BA,52.31,50.85,-1.4600000000000009,2024
Corumbataí do Sul,PR,80.0,87.98,7.980000000000004,2024
Sandolândia,TO,51.26,53.5,2.240000000000002,2024
Cumaru,PE,76.97,95.06,18.090000000000003,2024
Brasilândia do Tocantins,TO,36.84,68.9,32.06,2024
Aurora,SC,65.45,77.09,11.64,2024
Sacramento,MG,66.63,79.62,12.990000000000009,2024
Doutor Severiano,RN,58.21,53.06,-5.149999999999999,2024
Colíder,MT,54.3,64.22,9.920000000000002,2024
São Lourenço,MG,66.73,85.37,18.64,2024
Rio do Oeste,SC,80.0,70.6,-9.400000000000006,2024
Pinheiros,ES,77.69,82.38,4.689999999999998,2024
Caldeirão Grande do Piauí,PI,80.0,100.0,20.0,2024
Touros,RN,31.91,45.45,13.540000000000003,2024
Carnaubais,RN,34.58,63.64,29.060000000000002,2024
Taiobeiras,MG,70.99,72.73,1.740000000000009,2024
Vermelho Novo,MG,74.55,81.82,7.269999999999996,2024
Santa Teresa,ES,80.0,86.36,6.359999999999999,2024
Santiago do Sul,SC,74.66,81.82,7.159999999999997,2024
Senador Cortes,MG,48.13,81.82,33.68999999999999,2024
Edealina,GO,77.15,90.91,13.759999999999991,2024
Registro,SP,56.89,63.81,6.920000000000002,2024
Pindamonhangaba,SP,58.74,63.8,5.059999999999995,2024
Lagoa dos Gatos,PE,72.37,86.35,13.97999999999999,2024
Vargem Grande Paulista,SP,60.02,64.59,4.57,2024
Iporã do Oeste,SC,80.0,87.24,7.239999999999995,2024
Tocantínia,TO,48.88,51.16,2.279999999999994,2024
Vicentinópolis,GO,78.5,84.21,5.709999999999994,2024
Itarana,ES,78.33,82.15,3.8200000000000074,2024
Lençóis Paulista,SP,64.4,63.65,-0.7500000000000071,2024
Virgem da Lapa,MG,55.04,85.1,30.059999999999995,2024
São José dos Campos,SP,61.18,63.47,2.289999999999999,2024
Alvinópolis,MG,54.12,80.55,26.43,2024
Abre Campo,MG,80.0,85.05,5.049999999999997,2024
Piquete,SP,67.86,69.56,1.7000000000000028,2024
Coronel Xavier Chaves,MG,73.66,92.31,18.650000000000006,2024
Patos de Minas,MG,70.88,76.9,6.02000000000001,2024
Rio Quente,GO,79.37,96.08,16.709999999999994,2024
Alfredo Chaves,ES,75.35,87.55,12.200000000000003,2024
Fortaleza dos Nogueiras,MA,50.73,78.25,27.520000000000003,2024
Santa Cruz da Baixa Verde,PE,76.08,87.09,11.010000000000005,2024
Cedral,SP,74.02,55.73,-18.29,2024
Patrocínio Paulista,SP,50.36,67.0,16.64,2024
Dom Bosco,MG,59.62,79.34,19.720000000000006,2024
Ibiraçu,ES,69.69,81.16,11.469999999999999,2024
Tarumirim,MG,71.59,76.05,4.459999999999994,2024
Quatiguá,PR,80.0,90.26,10.260000000000005,2024
Mococa,SP,51.87,61.52,9.650000000000006,2024
Cosmorama,SP,80.0,56.46,-23.54,2024
Itanhomi,MG,47.22,85.64,38.42,2024
Diamante do Sul,PR,71.09,83.28,12.189999999999998,2024
Juazeiro do Norte,CE,63.78,59.48,-4.300000000000004,2024
Ibiara,PB,19.37,58.62,39.25,2024
Rio Claro,SP,55.16,58.62,3.460000000000001,2024
Muniz Freire,ES,80.0,79.71,-0.29000000000000625,2024
Alegre,ES,69.0,83.48,14.480000000000004,2024
Realeza,PR,80.0,79.84,-0.1599999999999966,2024
Lastro,PB,27.9,82.76,54.86000000000001,2024
Barcelona,RN,59.37,74.35,14.979999999999997,2024
Uruaçu,GO,71.02,83.66,12.64,2024
Timburi,SP,45.52,58.99,13.469999999999999,2024
São Simão,GO,73.9,82.29,8.39,2024
Mogi Guaçu,SP,56.12,63.47,7.350000000000001,2024
Parelhas,RN,49.2,63.68,14.479999999999997,2024
São Gonçalo do Abaeté,MG,80.0,82.95,2.950000000000003,2024
Santa Isabel,GO,79.56,77.97,-1.5900000000000034,2024
Oliveira,MG,54.71,85.46,30.749999999999993,2024
Pinhalzinho,SC,78.51,78.35,-0.1600000000000108,2024
Marília,SP,62.61,65.47,2.8599999999999994,2024
Capitão Andrade,MG,46.67,77.02,30.349999999999994,2024
Barão de Melgaço,MT,63.34,41.67,-21.67,2024
Presidente Nereu,SC,56.35,58.33,1.9799999999999969,2024
Areado,MG,72.21,88.09,15.88000000000001,2024
Doverlândia,GO,78.47,83.34,4.8700000000000045,2024
Capelinha,MG,60.28,83.66,23.379999999999995,2024
Itapagipe,MG,66.51,77.3,10.789999999999992,2024
Águas Mornas,SC,80.0,79.3,-0.7000000000000028,2024
São João do Paraíso,MG,71.98,87.33,15.349999999999994,2024
Alto Horizonte,GO,68.81,72.47,3.6599999999999966,2024
Pavão,MG,80.0,86.47,6.469999999999999,2024
Piranguinho,MG,71.05,85.01,13.960000000000008,2024
Manhuaçu,MG,53.58,80.42,26.840000000000003,2024
Ourinhos,SP,55.25,54.99,-0.259999999999998,2024
Mutum,MG,64.53,82.08,17.549999999999997,2024
Divinópolis,MG,67.23,81.24,14.009999999999991,2024
Fernando Prestes,SP,80.0,85.99,5.989999999999995,2024
Antônio Carlos,SC,75.32,74.89,-0.4299999999999926,2024
Alpinópolis,MG,48.26,78.56,30.300000000000004,2024
São Francisco de Paula,MG,78.86,90.73,11.870000000000005,2024
Rafard,SP,80.0,70.8,-9.200000000000003,2024
Angicos,RN,26.39,60.22,33.83,2024
Santa Maria de Jetibá,ES,80.0,85.41,5.409999999999997,2024
Carmo do Rio Verde,GO,79.02,85.78,6.760000000000005,2024
Senador Firmino,MG,68.56,91.79,23.230000000000004,2024
Itapiranga,SC,72.9,78.16,5.259999999999991,2024
Bela Vista do Toldo,SC,80.0,81.95,1.9500000000000028,2024
Botuporã,BA,65.03,47.37,-17.660000000000004,2024
Santa Gertrudes,SP,63.03,64.05,1.019999999999996,2024
Conselheiro Lafaiete,MG,67.43,82.19,14.759999999999991,2024
Apiacás,MT,53.82,74.17,20.35,2024
Natércia,MG,71.74,86.3,14.560000000000002,2024
Divino de São Lourenço,ES,51.59,82.15,30.560000000000002,2024
Altaneira,CE,80.0,88.52,8.519999999999996,2024
Engenheiro Caldas,MG,61.83,63.03,1.2000000000000028,2024
Varzelândia,MG,52.18,73.78,21.6,2024
Sucupira,TO,77.95,58.97,-18.980000000000004,2024
Mamanguape,PB,51.66,68.65,16.99000000000001,2024
Conselheiro Lafaiete,MG,67.43,83.19,15.759999999999991,2024
Campestre da Serra,RS,80.0,80.8,0.7999999999999972,2024
Cláudia,MT,61.97,66.28,4.310000000000002,2024
São Vicente de Minas,MG,63.39,81.64,18.25,2024
Juquitiba,SP,63.43,71.9,8.470000000000006,2024
Senador Sá,CE,80.0,99.12,19.120000000000005,2024
Pariquera-Açu,SP,67.0,61.36,-5.640000000000001,2024
Itariri,SP,64.65,64.57,-0.0800000000000125,2024
General Salgado,SP,63.97,67.35,3.3799999999999955,2024
Goiás,GO,69.49,87.52,18.03,2024
Canoinhas,SC,74.87,84.99,10.11999999999999,2024
Lagoa da Prata,MG,73.73,79.9,6.170000000000002,2024
Jussara,GO,62.46,79.77,17.309999999999995,2024
Domingos Martins,ES,80.0,82.13,2.1299999999999955,2024
Serrinha dos Pintos,RN,61.18,61.75,0.5700000000000003,2024
Votuporanga,SP,54.68,61.66,6.979999999999997,2024
Piquerobi,SP,60.19,45.2,-14.989999999999995,2024
Araraquara,SP,59.9,65.95,6.050000000000004,2024
Acreúna,GO,62.06,81.48,19.42,2024
Manaíra,PB,80.0,71.43,-8.569999999999993,2024
Turvelândia,GO,70.07,86.88,16.810000000000002,2024
Guarani d'Oeste,SP,80.0,57.14,-22.86,2024
Córrego do Ouro,GO,77.79,100.0,22.209999999999994,2024
São José da Lagoa Tapada,PB,80.0,59.52,-20.479999999999997,2024
Uiraúna,PB,80.0,50.0,-30.0,2024
Pinheirinho do Vale,RS,80.0,74.2,-5.799999999999997,2024
Aroeiras do Itaim,PI,57.75,80.95,23.200000000000003,2024
Jaçanã,RN,52.38,52.38,0.0,2024
São Pedro do Turvo,SP,70.94,71.42,0.480000000000004,2024
Várzea Grande,PI,80.0,76.19,-3.8100000000000023,2024
Itueta,MG,59.6,76.19,16.589999999999996,2024
Ciríaco,RS,80.0,85.7,5.700000000000003,2024
Paraíso do Sul,RS,80.0,57.1,-22.9,2024
Anita Garibaldi,SC,68.32,85.71,17.39,2024
Siderópolis,SC,64.7,78.57,13.86999999999999,2024
São José dos Cordeiros,PB,80.0,95.24,15.239999999999995,2024
Taquaruçu do Sul,RS,80.0,85.7,5.700000000000003,2024
Floriano Peixoto,RS,80.0,71.4,-8.599999999999994,2024
Argirita,MG,59.26,89.33,30.07,2024
Macaíba,RN,36.28,33.91,-2.3700000000000045,2024
Ribeirão Preto,SP,45.48,65.86,20.380000000000003,2024
Juruaia,MG,78.72,82.69,3.969999999999999,2024
Conselheiro Lafaiete,MG,67.43,85.93,18.5,2024
Lagoa da Prata,MG,73.73,82.41,8.679999999999993,2024
Manoel Viana,RS,35.72,48.0,12.280000000000001,2024
Estrela d'Oeste,SP,58.28,58.91,0.6299999999999955,2024
Santa Efigênia de Minas,MG,49.21,75.81,26.6,2024
Cândido Godói,RS,76.2,48.4,-27.800000000000004,2024
Itaú de Minas,MG,75.2,89.46,14.259999999999991,2024
Cachoeira dos Índios,PB,48.08,52.23,4.149999999999999,2024
Palma Sola,SC,80.0,79.92,-0.0799999999999983,2024
Ribeirão Pires,SP,66.91,66.4,-0.5099999999999909,2024
Major Gercino,SC,56.12,76.42,20.300000000000004,2024
Gonzaga,MG,68.63,82.31,13.680000000000007,2024
Ibiraci,MG,39.73,76.93,37.20000000000001,2024
Santa Amélia,PR,80.0,91.5,11.5,2024
Cuité,PB,55.49,62.2,6.710000000000001,2024
Inaciolândia,GO,76.77,87.01,10.240000000000009,2024
Virgínia,MG,61.6,74.66,13.059999999999995,2024
Silvianópolis,MG,58.35,87.91,29.559999999999995,2024
Assunção do Piauí,PI,80.0,69.88,-10.120000000000005,2024
Governador Lindenberg,ES,66.72,84.48,17.760000000000005,2024
Salmourão,SP,60.91,61.69,0.7800000000000011,2024
Taciba,SP,79.94,67.0,-12.939999999999998,2024
Luiziânia,SP,58.85,54.95,-3.8999999999999986,2024
Chapada dos Guimarães,MT,52.97,69.0,16.03,2024
Dois Irmãos do Tocantins,TO,53.8,52.81,-0.9899999999999949,2024
Altinópolis,SP,70.36,67.78,-2.5799999999999983,2024
Itapecerica da Serra,SP,57.76,62.64,4.880000000000003,2024
São João do Jaguaribe,CE,79.85,95.98,16.13000000000001,2024
Novo Horizonte,SP,64.6,75.66,11.060000000000002,2024
Coração de Jesus,MG,67.95,79.4,11.450000000000003,2024
Presidente Médici,MA,76.15,74.73,-1.4200000000000017,2024
Limeira,SP,65.28,66.15,0.8700000000000045,2024
São Vicente Ferrer,MA,64.17,76.82,12.649999999999991,2024
Colniza,MT,47.78,69.19,21.409999999999997,2024
Nova Tebas,PR,80.0,84.88,4.8799999999999955,2024
Campinorte,GO,74.74,81.71,6.969999999999999,2024
Iracemápolis,SP,62.96,62.26,-0.7000000000000028,2024
São Bento do Sul,SC,74.17,88.42,14.25,2024
Ribeirão Vermelho,MG,48.75,80.2,31.450000000000003,2024
Nova Santa Bárbara,PR,80.0,79.18,-0.8199999999999932,2024
Inhapim,MG,70.4,84.81,14.409999999999997,2024
São Luíz do Norte,GO,76.07,85.76,9.690000000000012,2024
Lago dos Rodrigues,MA,80.0,92.3,12.299999999999997,2024
Urucânia,MG,59.62,81.32,21.699999999999996,2024
Rio do Oeste,SC,80.0,63.06,-16.939999999999998,2024
Miraí,MG,80.0,79.2,-0.7999999999999972,2024
Solonópole,CE,80.0,98.96,18.959999999999994,2024
Barbosa,SP,67.3,65.05,-2.25,2024
Central de Minas,MG,72.65,72.79,0.14000000000000057,2024
Lagoa da Prata,MG,73.73,86.98,13.25,2024
Querência,MT,61.52,74.18,12.660000000000004,2024
Serraria,PB,80.0,74.71,-5.290000000000006,2024
Ferraz de Vasconcelos,SP,57.23,65.07,7.839999999999996,2024
Eliseu Martins,PI,80.0,65.85,-14.150000000000006,2024
Paraí,RS,80.0,70.3,-9.700000000000003,2024
Jaborá,SC,74.82,77.67,2.8500000000000085,2024
Tambaú,SP,53.01,59.74,6.730000000000004,2024
Indaiatuba,SP,62.07,62.82,0.75,2024
Santa Maria de Jetibá,ES,80.0,89.71,9.709999999999994,2024
Boca da Mata,AL,74.59,88.19,13.599999999999994,2024
Catuti,MG,64.35,75.75,11.400000000000006,2024
Ipiaçu,MG,75.9,76.42,0.519999999999996,2024
Pimenteiras,PI,63.73,61.41,-2.3200000000000003,2024
Americana,SP,62.11,65.38,3.269999999999996,2024
Esperança,PB,64.55,64.21,-0.3400000000000034,2024
Lutécia,SP,72.92,78.67,5.75,2024
Lima Campos,MA,80.0,90.91,10.909999999999997,2024
Sardoá,MG,51.34,85.12,33.78,2024
Perdigão,MG,80.0,80.71,0.7099999999999937,2024
Pedra Branca,PB,80.0,69.89,-10.11,2024
Cutias,AP,52.37,53.36,0.990000000000002,2024
Cândido Mota,SP,73.87,65.51,-8.36,2024
Serrinha dos Pintos,RN,61.18,62.68,1.5,2024
Frutuoso Gomes,RN,27.09,47.06,19.970000000000002,2024
Angélica,MS,80.0,86.52,6.519999999999996,2024
Pedra Bonita,MG,64.45,91.18,26.730000000000004,2024
São Sebastião da Vargem Alegre,MG,57.79,93.1,35.309999999999995,2024
Quinze de Novembro,RS,70.67,85.1,14.429999999999993,2024
Jaraguá,GO,80.0,83.96,3.9599999999999937,2024
Patis,MG,77.38,85.08,7.700000000000003,2024
Dionísio,MG,80.0,72.13,-7.8700000000000045,2024
Japonvar,MG,75.72,82.44,6.719999999999999,2024
Albertina,MG,71.23,92.62,21.39,2024
São Domingos do Prata,MG,70.8,84.25,13.450000000000003,2024
Venda Nova do Imigrante,ES,80.0,93.6,13.599999999999994,2024
Serra do Salitre,MG,63.21,72.87,9.660000000000004,2024
Tapurah,MT,59.92,68.81,8.89,2024
Sangão,SC,70.98,68.6,-2.3800000000000097,2024
Rio Pardo de Minas,MG,74.39,85.31,10.920000000000002,2024
Betânia do Piauí,PI,48.5,82.76,34.260000000000005,2024
Várzea,PB,56.63,62.96,6.329999999999998,2024
Pindoba,AL,36.18,48.15,11.969999999999999,2024
Curral de Cima,PB,60.93,55.56,-5.369999999999997,2024
São Gonçalo do Pará,MG,64.24,78.82,14.579999999999998,2024
Piedade dos Gerais,MG,73.21,83.86,10.650000000000006,2024
Icó,CE,80.0,75.41,-4.590000000000003,2024
Guarulhos,SP,45.75,67.09,21.340000000000003,2024
Boa Esperança,ES,77.19,85.45,8.260000000000005,2024
Ipê,RS,80.0,60.7,-19.299999999999997,2024
Santa Bárbara d'Oeste,SP,58.84,64.2,5.359999999999999,2024
Pitangueiras,SP,65.71,67.24,1.5300000000000011,2024
Mirim Doce,SC,45.55,74.06,28.510000000000005,2024
Goiatins,TO,18.74,38.49,19.750000000000004,2024
Piraju,SP,67.22,71.36,4.140000000000001,2024
Baliza,GO,66.86,89.49,22.629999999999995,2024
Rio do Campo,SC,69.94,74.29,4.3500000000000085,2024
Dom Viçoso,MG,80.0,84.85,4.849999999999994,2024
Atibaia,SP,72.05,65.46,-6.590000000000003,2024
Água Boa,MT,62.56,79.49,16.929999999999993,2024
Muriaé,MG,62.06,86.05,23.989999999999995,2024
Campos Belos,GO,67.62,75.75,8.129999999999995,2024
Itirapina,SP,62.57,69.9,7.330000000000005,2024
Quirinópolis,GO,69.08,80.29,11.210000000000008,2024
Motuca,SP,79.94,78.09,-1.8499999999999943,2024
Rio Novo do Sul,ES,78.33,77.38,-0.9500000000000028,2024
Ouro,SC,73.74,82.18,8.440000000000012,2024
Leme,SP,57.33,61.7,4.3700000000000045,2024
Quinze de Novembro,RS,70.67,89.7,19.03,2024
Piracuruca,PI,76.3,82.48,6.180000000000007,2024
Farol,PR,76.57,96.3,19.730000000000004,2024
Santa Maria do Tocantins,TO,31.78,39.73,7.949999999999996,2024
Venda Nova do Imigrante,ES,80.0,87.97,7.969999999999999,2024
Passos,MG,67.82,82.88,15.060000000000002,2024
Pinhal Grande,RS,66.33,40.0,-26.33,2024
Catuípe,RS,80.0,60.0,-20.0,2024
Óleo,SP,60.93,70.0,9.07,2024
Conceição do Mato Dentro,MG,62.26,60.0,-2.259999999999998,2024
Vargem Grande,MA,80.0,96.58,16.58,2024
Bugre,MG,80.0,85.0,5.0,2024
Fortuna de Minas,MG,62.69,90.83,28.14,2024
Turvo,SC,62.69,78.73,16.040000000000006,2024
Penaforte,CE,78.04,63.67,-14.370000000000005,2024
Cláudio,MG,64.18,82.99,18.809999999999988,2024
Salto Veloso,SC,80.0,72.08,-7.920000000000002,2024
São Roque do Canaã,ES,75.39,89.65,14.260000000000005,2024
José Bonifácio,SP,59.8,59.52,-0.27999999999999403,2024
Atibaia,SP,72.05,65.26,-6.789999999999992,2024
Ouro Branco,RN,46.85,73.61,26.759999999999998,2024
Trindade do Sul,RS,80.0,62.9,-17.1,2024
São João da Lagoa,MG,54.91,77.83,22.92,2024
Santa Maria do Suaçuí,MG,64.62,95.51,30.89,2024
Riachinho,TO,28.46,54.32,25.86,2024
Alterosa,MG,64.6,85.54,20.940000000000012,2024
Serranópolis de Minas,MG,80.0,95.99,15.989999999999995,2024
Itaúna,MG,71.43,80.71,9.279999999999987,2024
Três Pontas,MG,64.27,81.66,17.39,2024
Ribeirão do Sul,SP,75.04,58.93,-16.110000000000007,2024
Casa Branca,SP,50.63,61.98,11.349999999999994,2024
Populina,SP,78.22,79.69,1.4699999999999989,2024
Tarumirim,MG,71.59,75.64,4.049999999999997,2024
São José dos Campos,SP,61.18,64.52,3.3399999999999963,2024
Sigefredo Pacheco,PI,50.79,75.67,24.880000000000003,2024
Três Lagoas,MS,71.48,82.99,11.509999999999991,2024
Congonhal,MG,74.47,83.44,8.969999999999999,2024
São Mamede,PB,44.17,49.02,4.850000000000001,2024
São Joaquim de Bicas,MG,53.39,82.15,28.760000000000005,2024
Venda Nova do Imigrante,ES,80.0,82.2,2.200000000000003,2024
Araras,SP,61.73,75.89,14.160000000000004,2024
Ouro Verde de Goiás,GO,80.0,96.61,16.61,2024
Santa Rita,PB,47.0,57.55,10.549999999999997,2024
Boituva,SP,64.65,69.83,5.179999999999993,2024
Capivari,SP,67.01,66.48,-0.5300000000000011,2024
Matias Barbosa,MG,62.35,78.82,16.46999999999999,2024
Rondinha,RS,80.0,75.3,-4.700000000000003,2024
Milagres do Maranhão,MA,80.0,96.86,16.86,2024
Itaberaí,GO,79.11,81.22,2.1099999999999994,2024
São João do Oriente,MG,80.0,67.66,-12.340000000000003,2024
Brazabrantes,GO,54.03,90.96,36.92999999999999,2024
Ipê,RS,80.0,60.1,-19.9,2024
Santana do Riacho,MG,64.05,80.15,16.10000000000001,2024
Pombal,PB,62.19,65.57,3.3799999999999955,2024
Estiva,MG,73.63,81.08,7.450000000000003,2024
Senador Modestino Gonçalves,MG,76.11,90.34,14.230000000000004,2024
Ipuaçu,SC,62.89,77.74,14.849999999999994,2024
Três Pontas,MG,64.27,81.67,17.400000000000006,2024
Fagundes Varela,RS,80.0,69.2,-10.799999999999997,2024
Guanhães,MG,61.34,84.48,23.14,2024
Brasnorte,MT,56.56,69.06,12.5,2024
Guarani das Missões,RS,71.9,100.0,28.099999999999994,2024
Passa e Fica,RN,31.79,53.85,22.060000000000002,2024
Miracatu,SP,49.39,65.52,16.129999999999995,2024
Pancas,ES,80.0,88.46,8.459999999999994,2024
Sousa,PB,49.9,65.82,15.919999999999995,2024
Dirce Reis,SP,52.09,84.62,32.53,2024
Luís Gomes,RN,33.44,61.54,28.1,2024
Boa Esperança,ES,77.19,84.92,7.730000000000004,2024
Alfredo Vasconcelos,MG,73.26,78.08,4.819999999999993,2024
Sem-Peixe,MG,77.0,84.62,7.6200000000000045,2024
Vista Alegre,RS,80.0,100.0,20.0,2024
Ibiaçá,RS,71.87,61.8,-10.070000000000007,2024
São Manoel do Paraná,PR,80.0,73.08,-6.920000000000002,2024
Rio do Campo,SC,69.94,80.05,10.11,2024
Santana da Vargem,MG,67.34,88.46,21.11999999999999,2024
Quinze de Novembro,RS,70.67,100.0,29.33,2024
Jardim Olinda,PR,54.93,92.31,37.38,2024
Cerquilho,SP,64.08,69.15,5.070000000000007,2024
Itaguaçu,ES,74.88,87.07,12.189999999999998,2024
São Sebastião do Paraíso,MG,67.85,81.09,13.240000000000009,2024
Novo Cruzeiro,MG,76.27,81.88,5.609999999999999,2024
Formiga,MG,69.05,85.91,16.86,2024
Veredinha,MG,65.08,77.02,11.939999999999998,2024
São Tomás de Aquino,MG,70.04,82.09,12.049999999999997,2024
Itaipulândia,PR,80.0,84.64,4.640000000000001,2024
Teresina,PI,53.41,73.95,20.540000000000006,2024
Centralina,MG,78.54,91.99,13.449999999999989,2024
Monte Carmelo,MG,66.33,84.51,18.180000000000007,2024
São José dos Campos,SP,61.18,64.75,3.5700000000000003,2024
Lavras,MG,60.18,97.83,37.65,2024
Cruz do Espírito Santo,PB,60.34,47.63,-12.71,2024
Desterro de Entre Rios,MG,80.0,79.93,-0.06999999999999318,2024
Salgado Filho,PR,80.0,93.11,13.11,2024
Coité do Nóia,AL,75.74,77.24,1.5,2024
Alegre,ES,69.0,86.32,17.319999999999993,2024
Goianésia,GO,79.82,82.28,2.460000000000008,2024
Riacho dos Machados,MG,69.55,70.0,0.45000000000000284,2024
Itirapuã,SP,74.86,82.38,7.519999999999996,2024
Rafael Godeiro,RN,37.03,67.22,30.189999999999998,2024
Alto do Rodrigues,RN,53.58,52.52,-1.0599999999999952,2024
Teodoro Sampaio,SP,68.95,72.78,3.8299999999999983,2024
Campinas,SP,47.76,65.69,17.93,2024
Nova Bandeirantes,MT,74.34,76.59,2.25,2024
Coronel Freitas,SC,75.16,86.74,11.579999999999998,2024
Itaporanga,SP,43.0,70.1,27.099999999999994,2024
Cássia,MG,72.14,77.7,5.560000000000002,2024
Novorizonte,MG,69.97,92.71,22.739999999999995,2024
Morro Agudo de Goiás,GO,80.0,96.88,16.879999999999995,2024
Cássia dos Coqueiros,SP,69.29,75.0,5.709999999999994,2024
Caturité,PB,57.47,76.68,19.210000000000008,2024
Terra Nova do Norte,MT,62.25,61.14,-1.1099999999999994,2024
Iporanga,SP,56.89,65.63,8.739999999999995,2024
Sousa,PB,49.9,66.52,16.619999999999997,2024
Caldas,MG,56.1,72.95,16.85,2024
Faina,GO,74.61,70.81,-3.799999999999997,2024
Joanésia,MG,80.0,85.58,5.579999999999998,2024
Maratá,RS,69.78,59.8,-9.980000000000004,2024
Oscar Bressane,SP,70.12,88.17,18.049999999999997,2024
Alvinópolis,MG,54.12,90.41,36.29,2024
Palmitinho,RS,80.0,72.2,-7.799999999999997,2024
Coração de Jesus,MG,67.95,81.44,13.489999999999995,2024
Presidente Epitácio,SP,53.56,69.12,15.560000000000002,2024
Itaúna,MG,71.43,87.39,15.959999999999994,2024
Nhandeara,SP,68.69,70.29,1.6000000000000085,2024
Monte Horebe,PB,80.0,93.4,13.400000000000006,2024
Goioxim,PR,80.0,90.42,10.420000000000002,2024
Saudades,SC,80.0,80.9,0.9000000000000057,2024
Planaltina do Paraná,PR,79.82,80.42,0.6000000000000085,2024
Boa Vista do Buricá,RS,80.0,67.3,-12.700000000000003,2024
Santa Cruz do Rio Pardo,SP,57.25,66.42,9.170000000000002,2024
Indiaporã,SP,69.58,78.96,9.379999999999995,2024
Catanduvas,SC,70.18,72.43,2.25,2024
Pilões,RN,67.21,63.16,-4.049999999999997,2024
Rolante,RS,80.0,65.8,-14.200000000000003,2024
Olho d'Água,PB,66.76,94.74,27.97999999999999,2024
Turvânia,GO,73.74,80.7,6.960000000000008,2024
Itamarati de Minas,MG,53.26,73.68,20.42000000000001,2024
Jales,SP,59.42,70.53,11.11,2024
Mantenópolis,ES,80.0,95.06,15.060000000000002,2024
Herval d'Oeste,SC,57.65,89.47,31.82,2024
Chiapetta,RS,78.78,73.7,-5.079999999999998,2024
Joaçaba,SC,62.61,89.47,26.86,2024
Marcelino Ramos,RS,74.28,77.7,3.4200000000000017,2024
Itariri,SP,64.65,70.98,6.329999999999998,2024
Matipó,MG,80.0,88.17,8.170000000000002,2024
Catanduva,SP,58.62,70.27,11.649999999999999,2024
Pedrinhas Paulista,SP,71.34,67.92,-3.4200000000000017,2024
Ervália,MG,58.71,85.0,26.29,2024
Itaúna,MG,71.43,88.76,17.33,2024
Aguaí,SP,52.38,77.83,25.449999999999996,2024
Cordeirópolis,SP,75.28,69.6,-5.680000000000007,2024
Barueri,SP,65.63,68.13,2.5,2024
Alcantil,PB,48.58,45.86,-2.719999999999999,2024
Alto Caparaó,MG,80.0,87.17,7.170000000000002,2024
Santa Cruz dos Milagres,PI,57.0,68.18,11.180000000000007,2024
Pedralva,MG,55.01,85.5,30.490000000000002,2024
Divino das Laranjeiras,MG,47.5,85.71,38.209999999999994,2024
Holambra,SP,61.93,62.59,0.6600000000000037,2024
Cássia,MG,72.14,76.99,4.849999999999994,2024
Rio Pardo de Minas,MG,74.39,87.03,12.64,2024
Jardim do Seridó,RN,33.95,62.8,28.849999999999994,2024
Cruzeta,RN,56.46,60.81,4.350000000000001,2024
Barbacena,MG,62.71,85.85,23.139999999999993,2024
Mairiporã,SP,59.15,63.31,4.160000000000004,2024
Jaguariúna,SP,65.65,70.22,4.569999999999993,2024
Bilac,SP,63.3,74.74,11.439999999999998,2024
Jundiaí,SP,70.94,70.49,-0.45000000000000284,2024
Leopoldo de Bulhões,GO,78.01,75.41,-2.6000000000000085,2024
Salto,SP,60.17,76.93,16.760000000000005,2024
Piraúba,MG,75.54,85.01,9.469999999999999,2024
Campinas do Sul,RS,80.0,68.0,-12.0,2024
Governador Dix-Sept Rosado,RN,61.52,56.0,-5.520000000000003,2024
Monteiro,PB,59.17,61.09,1.9200000000000017,2024
Alvorada,TO,53.11,72.02,18.909999999999997,2024
Ipatinga,MG,67.17,86.31,19.14,2024
Passos,MG,67.82,86.17,18.35000000000001,2024
Teodoro Sampaio,SP,68.95,70.49,1.539999999999992,2024
Conselheiro Mairinck,PR,56.22,69.16,12.939999999999998,2024
Porto Feliz,SP,74.61,70.08,-4.530000000000001,2024
Planalto,PR,80.0,78.93,-1.0699999999999932,2024
Parapuã,SP,76.25,73.38,-2.8700000000000045,2024
Ecoporanga,ES,70.94,94.08,23.14,2024
Rincão,SP,62.42,74.83,12.409999999999997,2024
Manduri,SP,65.13,65.64,0.5100000000000051,2024
Bom Jesus,SC,67.18,55.49,-11.690000000000005,2024
Grão Mogol,MG,72.9,86.04,13.14,2024
São Sebastião da Grama,SP,67.26,68.66,1.3999999999999915,2024
Franca,SP,61.42,70.87,9.450000000000003,2024
Dourado,SP,72.84,71.85,-0.9900000000000091,2024
Aiuruoca,MG,59.4,85.71,26.309999999999995,2024
Olhos-d'Água,MG,70.12,90.16,20.039999999999992,2024
Rosana,SP,62.92,94.57,31.64999999999999,2024
Conceição do Canindé,PI,52.61,70.98,18.370000000000005,2024
Campestre,MG,71.58,81.73,10.150000000000006,2024
Braúna,SP,80.0,73.18,-6.819999999999993,2024
Caiabu,SP,50.17,65.71,15.539999999999992,2024
Frutuoso Gomes,RN,27.09,53.24,26.150000000000002,2024
Vila Propício,GO,75.29,79.46,4.1699999999999875,2024
João Monlevade,MG,64.07,87.09,23.02000000000001,2024
Paraíso,SC,80.0,83.86,3.8599999999999994,2024
Cândido Mota,SP,73.87,68.07,-5.800000000000011,2024
Jaicós,PI,79.14,58.67,-20.47,2024
Areial,PB,80.0,70.75,-9.25,2024
Ribeirão Pires,SP,66.91,67.0,0.09000000000000341,2024
Paula Cândido,MG,58.13,89.89,31.759999999999998,2024
Lins,SP,75.13,76.82,1.6899999999999977,2024
Brejetuba,ES,69.4,88.47,19.069999999999993,2024
Sorocaba,SP,53.15,67.74,14.589999999999996,2024
Apiaí,SP,70.29,64.51,-5.780000000000001,2024
Nova Veneza,SC,71.23,79.48,8.25,2024
Santa Rosa de Goiás,GO,80.0,100.0,20.0,2024
Taquaritinga,SP,65.07,72.83,7.760000000000005,2024
Gavião Peixoto,SP,68.99,73.65,4.660000000000011,2024
Itapiranga,SC,72.9,81.61,8.709999999999994,2024
Matão,SP,66.95,62.33,-4.6200000000000045,2024
Nova Mutum,MT,66.79,74.86,8.069999999999993,2024
Gurinhatã,MG,77.39,86.09,8.700000000000003,2024
Salto de Pirapora,SP,49.9,67.37,17.470000000000006,2024
Novo Alegre,TO,72.98,70.33,-2.6500000000000057,2024
Quilombo,SC,69.21,70.08,0.8700000000000045,2024
Taquarussu,MS,79.02,85.45,6.430000000000007,2024
Jequeri,MG,61.2,85.87,24.67,2024
Viadutos,RS,80.0,86.9,6.900000000000006,2024
Guaraci,SP,74.77,73.02,-1.75,2024
Santa Bárbara d'Oeste,SP,58.84,66.84,8.0,2024
Cruzeiro do Iguaçu,PR,80.0,86.52,6.519999999999996,2024
Romaria,MG,61.43,70.69,9.259999999999998,2024
Cambuquira,MG,71.0,81.89,10.89,2024
Itatiba,SP,67.53,73.47,5.939999999999998,2024
Formiga,MG,69.05,86.89,17.840000000000003,2024
Salgadinho,PB,73.86,83.93,10.070000000000007,2024
Embu-Guaçu,SP,51.94,65.86,13.920000000000002,2024
Pratápolis,MG,65.46,88.36,22.900000000000006,2024
Nova Aliança,SP,61.36,73.75,12.39,2024
Buriti de Goiás,GO,80.0,96.46,16.459999999999994,2024
Viadutos,RS,80.0,83.1,3.0999999999999943,2024
Curimatá,PI,70.09,81.77,11.679999999999993,2024
Novo Mundo,MT,57.99,67.67,9.68,2024
Itápolis,SP,68.83,72.98,4.150000000000006,2024
Luiz Alves,SC,80.0,76.19,-3.8100000000000023,2024
Itacambira,MG,78.78,100.0,21.22,2024
Santa Albertina,SP,67.95,58.21,-9.740000000000002,2024
Canabrava do Norte,MT,41.47,78.89,37.42,2024
Porto Grande,AP,67.62,68.7,1.0799999999999983,2024
Santa Rosa de Viterbo,SP,75.23,75.32,0.0899999999999892,2024
Mirassolândia,SP,62.66,55.96,-6.699999999999996,2024
Itaguara,MG,60.81,90.91,30.099999999999994,2024
Pilõezinhos,PB,80.0,56.06,-23.939999999999998,2024
Cruzeta,RN,56.46,58.31,1.8500000000000014,2024
Queluz,SP,64.92,68.79,3.8700000000000045,2024
Pato Bragado,PR,80.0,90.41,10.409999999999997,2024
Carmo do Paranaíba,MG,71.94,86.35,14.409999999999997,2024
São José do Rio Pardo,SP,52.98,72.13,19.15,2024
Novo Santo Antônio,MT,72.61,58.27,-14.339999999999996,2024
Ribeirãozinho,MT,54.05,52.72,-1.3299999999999983,2024
Taiobeiras,MG,70.99,85.52,14.530000000000001,2024
Perdizes,MG,69.85,83.41,13.560000000000002,2024
Cariré,CE,80.0,98.77,18.769999999999996,2024
Boa Vista do Cadeado,RS,72.77,66.7,-6.069999999999993,2024
Flórida,PR,65.64,78.57,12.929999999999993,2024
Carrapateira,PB,70.72,91.67,20.950000000000003,2024
Faxinal do Soturno,RS,79.26,66.7,-12.560000000000002,2024
Américo Brasiliense,SP,68.63,71.18,2.5500000000000114,2024
Antônio Almeida,PI,80.0,73.81,-6.189999999999998,2024
Tapera,RS,64.43,77.9,13.469999999999999,2024
Santa Terezinha do Tocantins,TO,60.03,57.14,-2.8900000000000006,2024
Santa Tereza de Goiás,GO,80.0,91.67,11.670000000000002,2024
Nova Bréscia,RS,77.71,94.4,16.690000000000012,2024
São Gonçalo do Sapucaí,MG,76.83,77.78,0.9500000000000028,2024
Medeiros,MG,80.0,78.57,-1.4300000000000068,2024
Cerro Branco,RS,73.15,66.7,-6.450000000000003,2024
Ribeirão dos Índios,SP,72.08,91.67,19.590000000000003,2024
Ipê,RS,80.0,58.3,-21.700000000000003,2024
Canindé,CE,80.0,91.67,11.670000000000002,2024
São João d'Aliança,GO,80.0,89.53,9.530000000000001,2024
Viadutos,RS,80.0,75.0,-5.0,2024
Funilândia,MG,56.12,66.67,10.550000000000004,2024
Ferros,MG,44.57,88.1,43.529999999999994,2024
Rio do Campo,SC,69.94,94.44,24.5,2024
São José do Divino,MG,50.96,77.78,26.82,2024
Montauri,RS,80.0,75.0,-5.0,2024
Mato Leitão,RS,80.0,75.0,-5.0,2024
São João da Paraúna,GO,80.0,87.5,7.5,2024
Sete de Setembro,RS,78.78,66.7,-12.079999999999998,2024
Araguaiana,MT,80.0,91.53,11.530000000000001,2024
Manoel Viana,RS,35.72,47.2,11.480000000000004,2024
Campo Azul,MG,80.0,73.26,-6.739999999999995,2024
Vila Valério,ES,80.0,91.65,11.650000000000006,2024
São José do Rio Pardo,SP,52.98,67.62,14.640000000000008,2024
Andradina,SP,60.79,65.48,4.690000000000005,2024
Bom Sucesso,MG,69.34,83.73,14.39,2024
Formosa do Sul,SC,67.78,76.76,8.980000000000004,2024
Bauru,SP,49.57,67.9,18.330000000000005,2024
Buritama,SP,66.64,67.83,1.1899999999999977,2024
São Francisco do Piauí,PI,61.76,64.27,2.509999999999998,2024
Bertioga,SP,58.87,69.58,10.71,2024
Borborema,PB,80.0,67.57,-12.430000000000007,2024
São José do Rio Pardo,SP,52.98,63.96,10.980000000000004,2024
Ecoporanga,ES,70.94,94.7,23.760000000000005,2024
Graça,CE,80.0,100.0,20.0,2024
Capão Bonito,SP,65.3,74.63,9.329999999999998,2024
Dona Emma,SC,80.0,88.51,8.510000000000005,2024
Santa Luzia do Paruá,MA,80.0,85.76,5.760000000000005,2024
Pirangi,SP,80.0,75.61,-4.390000000000001,2024
Três Pontas,MG,64.27,81.7,17.430000000000007,2024
Guareí,SP,65.19,68.52,3.3299999999999983,2024
Taiobeiras,MG,70.99,86.34,15.350000000000009,2024
Baraúna,PB,62.78,89.76,26.980000000000004,2024
Iguatu,CE,60.44,63.35,2.9100000000000037,2024
Diadema,SP,47.05,75.04,27.99000000000001,2024
Roque Gonzales,RS,76.36,76.0,-0.35999999999999943,2024
Itapuranga,GO,80.0,85.1,5.099999999999994,2024
Lontra,MG,66.64,78.07,11.429999999999993,2024
Bom Jesus do Araguaia,MT,38.34,82.63,44.28999999999999,2024
Caibaté,RS,80.0,63.1,-16.9,2024
São Carlos,SP,56.26,72.92,16.660000000000004,2024
São João Batista do Glória,MG,80.0,84.26,4.260000000000005,2024
Ribeirão Corrente,SP,73.16,74.51,1.3500000000000085,2024
Santa Rita do Sapucaí,MG,54.67,96.81,42.14,2024
Itapecerica,MG,73.56,85.54,11.980000000000004,2024
Anchieta,SC,77.89,82.02,4.1299999999999955,2024
Bom Jesus do Sul,PR,80.0,93.48,13.480000000000004,2024
São Simão,SP,65.66,67.73,2.0700000000000074,2024
Itaguaçu,ES,74.88,87.99,13.11,2024
Taquaruçu do Sul,RS,80.0,82.9,2.9000000000000057,2024
Sebastianópolis do Sul,SP,80.0,75.86,-4.140000000000001,2024
Prata,PB,52.77,63.28,10.509999999999998,2024
Mococa,SP,51.87,70.42,18.550000000000004,2024
São José dos Quatro Marcos,MT,80.0,68.7,-11.299999999999997,2024
São Gonçalo do Piauí,PI,80.0,64.04,-15.959999999999994,2024
Divinolândia,SP,56.9,61.36,4.460000000000001,2024
Sericita,MG,70.39,84.85,14.459999999999994,2024
General Carneiro,MT,80.0,71.41,-8.590000000000003,2024
Gaurama,RS,78.98,74.7,-4.280000000000001,2024
Alagoa,MG,69.11,89.66,20.549999999999997,2024
São Tiago,MG,80.0,88.85,8.849999999999994,2024
Mutunópolis,GO,80.0,100.0,20.0,2024
Mira Estrela,SP,64.03,93.03,29.0,2024
Marília,SP,62.61,70.7,8.090000000000003,2024
Lucas do Rio Verde,MT,66.59,73.53,6.939999999999998,2024
Piraúba,MG,75.54,87.11,11.569999999999993,2024
Aiuaba,CE,75.88,75.83,-0.04999999999999716,2024
Heliodora,MG,53.53,67.59,14.060000000000002,2024
Novo Jardim,TO,29.51,61.24,31.73,2024
São Joaquim da Barra,SP,51.12,67.94,16.82,2024
Atalanta,SC,72.52,64.79,-7.72999999999999,2024
Ouro Fino,MG,66.49,84.81,18.320000000000007,2024
Taquaraçu de Minas,MG,68.34,94.4,26.060000000000002,2024
Carmo do Paranaíba,MG,71.94,86.19,14.25,2024
Santa Cruz,RN,28.5,65.22,36.72,2024
Ibitirama,ES,74.85,95.65,20.80000000000001,2024
Fama,MG,73.24,86.96,13.719999999999999,2024
Santo Antônio do Planalto,RS,77.57,77.2,-0.36999999999999034,2024
Mulungu,PB,60.21,66.64,6.43,2024
Chapadão do Céu,GO,80.0,87.51,7.510000000000005,2024
Sebastião Leal,PI,80.0,76.86,-3.1400000000000006,2024
Milagres,CE,76.0,79.33,3.3299999999999983,2024
Herculândia,SP,80.0,81.08,1.0799999999999983,2024
Nova Independência,SP,54.76,88.79,34.03000000000001,2024
Ribeirão Pires,SP,66.91,67.42,0.5100000000000051,2024
Caturaí,GO,70.26,87.17,16.909999999999997,2024
Arroio do Tigre,RS,80.0,65.2,-14.799999999999997,2024
São Domingos do Cariri,PB,80.0,100.0,20.0,2024
Itápolis,SP,68.83,76.17,7.340000000000003,2024
Pai Pedro,MG,65.4,76.4,11.0,2024
Dona Eusébia,MG,52.47,95.71,43.239999999999995,2024
Santana da Vargem,MG,67.34,87.88,20.539999999999992,2024
Pinhalzinho,SP,78.39,78.79,0.4000000000000057,2024
José Raydan,MG,79.22,77.36,-1.8599999999999994,2024
Itapura,SP,54.6,79.05,24.449999999999996,2024
Pereira Barreto,SP,68.39,83.47,15.079999999999998,2024
Maria da Fé,MG,64.13,78.16,14.030000000000001,2024
São Miguel do Araguaia,GO,80.0,91.4,11.400000000000006,2024
Brejetuba,ES,69.4,87.96,18.559999999999988,2024
Pinhal da Serra,RS,75.04,35.3,-39.74000000000001,2024
Patos,PB,49.44,67.47,18.03,2024
Indiana,SP,80.0,70.59,-9.409999999999997,2024
Águas Frias,SC,48.72,88.24,39.519999999999996,2024
Itajobi,SP,80.0,82.74,2.739999999999995,2024
Junco do Seridó,PB,60.17,76.21,16.039999999999992,2024
Manoel Emídio,PI,80.0,82.38,2.3799999999999955,2024
Novo Santo Antônio,PI,53.65,82.08,28.43,2024
Ibiraci,MG,39.73,84.15,44.42000000000001,2024
São Gonçalo do Rio Preto,MG,80.0,83.33,3.3299999999999983,2024
Campo Belo,MG,71.17,85.57,14.399999999999991,2024
Cidelândia,MA,68.64,86.24,17.599999999999994,2024
Cardoso,SP,70.71,59.86,-10.849999999999994,2024
Araraquara,SP,59.9,69.45,9.550000000000004,2024
Bariri,SP,67.3,72.3,5.0,2024
Ipiranga de Goiás,GO,80.0,96.55,16.549999999999997,2024
Santana do Jacaré,MG,76.82,86.67,9.850000000000009,2024
Pontes Gestal,SP,72.78,74.25,1.4699999999999989,2024
Amaralina,GO,80.0,89.83,9.829999999999998,2024
Cristina,MG,59.84,81.73,21.89,2024
Lucianópolis,SP,75.65,75.0,-0.6500000000000057,2024
Laranja da Terra,ES,80.0,87.5,7.5,2024
Duartina,SP,80.0,77.0,-3.0,2024
Itápolis,SP,68.83,77.38,8.549999999999997,2024
Armazém,SC,72.02,78.79,6.77000000000001,2024
Barros Cassal,RS,55.82,74.3,18.479999999999997,2024
Atalaia,PR,80.0,88.32,8.319999999999993,2024
Belmonte,SC,74.01,80.41,6.3999999999999915,2024
Gabriel Monteiro,SP,80.0,85.45,5.450000000000003,2024
Presidente Epitácio,SP,53.56,72.17,18.61,2024
Gouveia,MG,75.13,91.11,15.980000000000004,2024
Ouro Verde do Oeste,PR,80.0,90.05,10.049999999999997,2024
Álvares Florence,SP,78.82,72.05,-6.769999999999996,2024
Mineiros do Tietê,SP,51.31,68.18,16.870000000000005,2024
Jauru,MT,52.12,74.68,22.56000000000001,2024
Cocal de Telha,PI,69.55,59.56,-9.989999999999995,2024
Lagoa Bonita do Sul,RS,72.28,54.2,-18.08,2024
Buritizal,SP,80.0,56.29,-23.71,2024
Porto Grande,AP,67.62,73.42,5.799999999999997,2024
Tanabi,SP,67.59,74.07,6.47999999999999,2024
Cajazeiras,PB,56.36,83.9,27.540000000000006,2024
Conde,PB,65.28,69.48,4.200000000000003,2024
Santa Rita do Passa Quatro,SP,65.26,67.97,2.7099999999999937,2024
Ibaretama,CE,71.84,60.53,-11.310000000000002,2024
José Bonifácio,SP,59.8,63.34,3.5400000000000063,2024
Dom Aquino,MT,80.0,71.45,-8.549999999999997,2024
Guapiaçu,SP,60.24,70.54,10.300000000000004,2024
Astolfo Dutra,MG,75.66,88.29,12.63000000000001,2024
Petrolina de Goiás,GO,62.71,85.41,22.699999999999996,2024
Rosana,SP,62.92,82.37,19.450000000000003,2024
São Braz do Piauí,PI,80.0,66.39,-13.61,2024
Ouroeste,SP,80.0,89.21,9.209999999999994,2024
Campinas,SP,47.76,72.3,24.54,2024
Redentora,RS,80.0,81.8,1.7999999999999972,2024
Pedro Avelino,RN,26.54,63.64,37.1,2024
Mãe d'Água,PB,71.59,63.64,-7.950000000000003,2024
Tapiraí,MG,77.0,100.0,23.0,2024
Águas de Lindóia,SP,64.46,54.55,-9.909999999999997,2024
Canavieira,PI,55.53,86.82,31.289999999999992,2024
São José de Princesa,PB,80.0,81.82,1.8199999999999932,2024
Quiterianópolis,CE,80.0,90.91,10.909999999999997,2024
São Patrício,GO,80.0,86.36,6.359999999999999,2024
São Domingos,SC,78.68,90.91,12.22999999999999,2024
Álvares Machado,SP,58.23,72.19,13.96,2024
Ouro Verde,SP,80.0,76.07,-3.930000000000007,2024
Itapetininga,SP,48.17,81.28,33.11,2024
Pirapozinho,SP,75.83,69.44,-6.390000000000001,2024
União do Sul,MT,63.63,68.93,5.300000000000004,2024
Aruanã,GO,79.85,90.33,10.480000000000004,2024
Sorriso,MT,79.21,81.05,1.8400000000000034,2024
Araçatuba,SP,68.1,74.22,6.1200000000000045,2024
Palestina,SP,61.63,72.03,10.399999999999999,2024
Arabutã,SC,79.48,96.31,16.83,2024
São Mateus,ES,69.26,83.36,14.099999999999994,2024
Nova Olinda,CE,80.0,99.53,19.53,2024
Pará de Minas,MG,57.9,84.48,26.580000000000005,2024
Paulistas,MG,71.9,90.14,18.239999999999995,2024
Itapororoca,PB,73.05,84.21,11.159999999999997,2024
Vargem,SP,75.3,65.34,-9.959999999999994,2024
São Simão,SP,65.66,65.55,-0.10999999999999943,2024
Assaré,CE,80.0,98.08,18.08,2024
Avanhandava,SP,72.36,77.37,5.010000000000005,2024
Pains,MG,69.54,86.83,17.289999999999992,2024
Silvânia,GO,80.0,91.2,11.200000000000003,2024
Serra do Navio,AP,39.84,73.61,33.769999999999996,2024
Mundo Novo,GO,80.0,94.04,14.040000000000006,2024
Presidente Venceslau,SP,63.36,76.57,13.209999999999994,2024
Cachoeira Dourada,GO,73.68,79.19,5.509999999999991,2024
Redentora,RS,80.0,63.9,-16.1,2024
Redentora,RS,80.0,60.0,-20.0,2024
Domingos Martins,ES,80.0,87.27,7.269999999999996,2024
Caçu,GO,74.28,91.38,17.099999999999994,2024
Lagoa do Sítio,PI,18.93,62.96,44.03,2024
Taquaruçu do Sul,RS,80.0,81.5,1.5,2024
Porangaba,SP,71.51,60.38,-11.130000000000003,2024
Entre Rios de Minas,MG,80.0,88.18,8.180000000000007,2024
Ubirajara,SP,53.91,56.25,2.3400000000000034,2024
Barra do Bugres,MT,55.71,72.78,17.07,2024
Olímpia,SP,64.26,74.72,10.459999999999994,2024
Capitólio,MG,80.0,95.0,15.0,2024
Cambuquira,MG,71.0,85.08,14.079999999999998,2024
São Pedro do Piauí,PI,54.3,67.14,12.840000000000003,2024
Santo Antônio da Alegria,SP,54.65,67.18,12.530000000000008,2024
Morada Nova,CE,73.22,76.09,2.8700000000000045,2024
Vieiras,MG,55.31,74.62,19.310000000000002,2024
Saudades,SC,80.0,82.27,2.269999999999996,2024
Campo Largo do Piauí,PI,24.57,64.31,39.74,2024
Bias Fortes,MG,70.55,100.0,29.450000000000003,2024
Cruzeta,RN,56.46,50.0,-6.460000000000001,2024
Caucaia,CE,69.14,68.34,-0.7999999999999972,2024
Tejupá,SP,74.41,59.38,-15.029999999999994,2024
São João da Urtiga,RS,77.05,81.3,4.25,2024
Bom Retiro do Sul,RS,78.46,68.8,-9.659999999999997,2024
Dom Bosco,MG,59.62,75.0,15.380000000000003,2024
Protásio Alves,RS,79.98,75.0,-4.980000000000004,2024
Ametista do Sul,RS,54.07,70.8,16.729999999999997,2024
Valparaíso,SP,66.97,70.44,3.469999999999999,2024
Rosana,SP,62.92,78.64,15.719999999999999,2024
Pratânia,SP,60.03,56.48,-3.5500000000000043,2024
Caconde,SP,71.78,70.02,-1.7600000000000051,2024
Arapuá,MG,80.0,92.02,12.019999999999996,2024
Nossa Senhora do Livramento,MT,70.38,68.24,-2.1400000000000006,2024
Cocalzinho de Goiás,GO,79.6,88.6,9.0,2024
Moeda,MG,78.2,90.58,12.379999999999995,2024
Capitão Gervásio Oliveira,PI,67.7,77.36,9.659999999999997,2024
Amparo,SP,56.97,69.94,12.969999999999999,2024
Carnaubeira da Penha,PE,80.0,100.0,20.0,2024
Acopiara,CE,65.49,64.59,-0.8999999999999915,2024
Itamarandiba,MG,62.57,86.77,24.199999999999996,2024
Capão do Cipó,RS,80.0,71.8,-8.200000000000003,2024
Itainópolis,PI,75.05,73.67,-1.3799999999999955,2024
Sumaré,SP,57.39,74.04,16.650000000000006,2024
Nipoã,SP,80.0,80.24,0.23999999999999488,2024
Olho d'Água,PB,66.76,91.23,24.47,2024
Pescador,MG,80.0,77.59,-2.4099999999999966,2024
Apuiarés,CE,80.0,74.45,-5.549999999999997,2024
Papanduva,SC,72.03,95.56,23.53,2024
Santo Afonso,MT,56.69,76.83,20.14,2024
Bom Jesus da Penha,MG,55.99,87.21,31.21999999999999,2024
Lucrécia,RN,7.94,42.86,34.92,2024
Patis,MG,77.38,61.9,-15.479999999999997,2024
Lagoão,RS,80.0,81.0,1.0,2024
Viçosa,RN,62.42,61.9,-0.5200000000000031,2024
Lagoa Santa,GO,80.0,76.19,-3.8100000000000023,2024
Alvarenga,MG,45.84,85.42,39.58,2024
Jacutinga,RS,80.0,61.9,-18.1,2024
Nova Bassano,RS,78.22,85.7,7.480000000000004,2024
Rio Formoso,PE,80.0,90.91,10.909999999999997,2024
Areiópolis,SP,73.52,75.02,1.5,2024
Jerumenha,PI,33.53,75.31,41.78,2024
Monte Castelo,SP,68.66,94.29,25.63000000000001,2024
Cabeceiras,GO,71.31,93.81,22.5,2024
Guaraíta,GO,73.75,95.32,21.569999999999993,2024
Monte Alegre do Piauí,PI,69.24,57.85,-11.389999999999993,2024
Ubarana,SP,63.84,74.44,10.599999999999994,2024
Lavras da Mangabeira,CE,76.08,74.29,-1.789999999999992,2024
Ouro Fino,MG,66.49,85.47,18.980000000000004,2024
Araponga,MG,52.43,93.59,41.160000000000004,2024
Caucaia,CE,69.14,69.01,-0.12999999999999545,2024
Brazópolis,MG,55.66,79.14,23.480000000000004,2024
Palmitinho,RS,80.0,77.8,-2.200000000000003,2024
Santana da Vargem,MG,67.34,87.45,20.11,2024
Carmo de Minas,MG,60.43,96.15,35.720000000000006,2024
Dolcinópolis,SP,77.13,65.38,-11.75,2024
Monções,SP,80.0,80.77,0.769999999999996,2024
Tupiratins,TO,32.22,53.85,21.630000000000003,2024
Presidente Bernardes,SP,66.81,79.72,12.909999999999997,2024
Guarani,MG,80.0,77.84,-2.1599999999999966,2024
Brunópolis,SC,68.83,74.41,5.579999999999998,2024
Bela Vista da Caroba,PR,77.31,88.13,10.819999999999993,2024
Ararendá,CE,80.0,99.34,19.340000000000003,2024
Meruoca,CE,80.0,98.21,18.209999999999994,2024
Britânia,GO,80.0,92.82,12.819999999999993,2024
Ipaporanga,CE,80.0,99.16,19.159999999999997,2024
Quintana,SP,56.38,64.71,8.329999999999991,2024
Promissão,SP,69.41,73.51,4.1000000000000085,2024
Mauá,SP,51.29,73.14,21.85,2024
Presidente Epitácio,SP,53.56,74.19,20.629999999999995,2024
Oratórios,MG,74.81,82.24,7.429999999999993,2024
Jatobá do Piauí,PI,74.79,95.24,20.44999999999999,2024
Rubiataba,GO,77.9,87.69,9.789999999999992,2024
Prados,MG,74.26,93.22,18.959999999999994,2024
Castelândia,GO,80.0,91.3,11.299999999999997,2024
Boa Vista do Buricá,RS,80.0,74.0,-6.0,2024
Palmeirópolis,TO,53.03,77.41,24.379999999999995,2024
Parelhas,RN,49.2,76.51,27.310000000000002,2024
São Miguel Arcanjo,SP,60.81,73.78,12.969999999999999,2024
Conchas,SP,52.67,69.48,16.810000000000002,2024
Matinhas,PB,79.38,72.67,-6.709999999999994,2024
Nova Luzitânia,SP,78.23,73.33,-4.900000000000006,2024
Machados,PE,80.0,96.75,16.75,2024
Bayeux,PB,40.74,56.42,15.68,2024
Pedra Branca,CE,80.0,99.7,19.700000000000003,2024
Mauá,SP,51.29,73.8,22.509999999999998,2024
Auriflama,SP,70.43,77.87,7.439999999999998,2024
Iracema,CE,80.0,84.18,4.180000000000007,2024
Portalegre,RN,55.67,65.36,9.689999999999998,2024
Novo Planalto,GO,80.0,94.54,14.540000000000006,2024
Vianópolis,GO,80.0,89.5,9.5,2024
Santa Bárbara do Tugúrio,MG,55.44,90.92,35.480000000000004,2024
Senhora de Oliveira,MG,79.39,86.42,7.030000000000001,2024
Cândido Mota,SP,73.87,74.51,0.6400000000000006,2024
Senador Alexandre Costa,MA,80.0,96.12,16.120000000000005,2024
Icém,SP,74.38,81.32,6.939999999999998,2024
Guariba,SP,71.35,78.67,7.320000000000007,2024
Ijaci,MG,73.92,82.9,8.980000000000004,2024
Eldorado,SP,65.24,75.19,9.950000000000003,2024
Itanhangá,MT,80.0,77.99,-2.010000000000005,2024
Fortaleza,CE,74.95,100.0,25.049999999999997,2024
Rio do Oeste,SC,80.0,20.0,-60.0,2024
Bonfinópolis de Minas,MG,80.0,60.0,-20.0,2024
Maximiliano de Almeida,RS,80.0,33.3,-46.7,2024
Vila Nova do Piauí,PI,80.0,100.0,20.0,2024
Frutuoso Gomes,RN,27.09,70.0,42.91,2024
Parobé,RS,61.51,46.7,-14.809999999999995,2024
Mirante do Paranapanema,SP,80.0,86.67,6.670000000000002,2024
Rodolfo Fernandes,RN,38.22,60.0,21.78,2024
Ouro Verde,SC,50.27,66.67,16.4,2024
Arneiroz,CE,74.62,76.0,1.3799999999999955,2024
São Miguel da Baixa Grande,PI,31.36,80.0,48.64,2024
Abre Campo,MG,80.0,86.67,6.670000000000002,2024
Lagoa Santa,MG,64.72,96.0,31.28,2024
Estrela do Sul,MG,52.24,90.0,37.76,2024
Irapuã,SP,71.24,76.62,5.38000000000001,2024
Guararapes,SP,61.81,71.91,10.099999999999994,2024
São João do Piauí,PI,50.09,65.25,15.159999999999997,2024
Guaimbê,SP,80.0,83.39,3.3900000000000006,2024
Guará,SP,69.43,76.27,6.839999999999989,2024
Taboleiro Grande,RN,51.04,73.08,22.04,2024
Itati,RS,52.69,71.4,18.710000000000008,2024
Desterro do Melo,MG,70.08,96.43,26.35000000000001,2024
Esperantina,PI,60.81,73.13,12.319999999999993,2024
Fortaleza,CE,74.95,75.03,0.0799999999999983,2024
Fortaleza,CE,74.95,74.81,-0.14000000000000057,2024
Santo Antônio do Jardim,SP,72.81,72.45,-0.35999999999999943,2024
Arcos,MG,79.0,88.86,9.86,2024
Laranja da Terra,ES,80.0,89.86,9.86,2024
Quixaba,PE,80.0,87.04,7.040000000000006,2024
Matão,SP,66.95,71.72,4.769999999999996,2024
Apiaí,SP,70.29,74.62,4.329999999999998,2024
Espírito Santo do Pinhal,SP,67.8,75.49,7.689999999999998,2024
Araponga,MG,52.43,93.2,40.77,2024
Caridade,CE,80.0,98.73,18.730000000000004,2024
Braúnas,MG,73.45,63.3,-10.150000000000006,2024
Rio dos Índios,RS,80.0,78.8,-1.2000000000000028,2024
Agricolândia,PI,39.55,60.23,20.68,2024
Glória D'Oeste,MT,80.0,83.78,3.780000000000001,2024
Igaraçu do Tietê,SP,70.4,77.29,6.890000000000001,2024
Caconde,SP,71.78,75.94,4.159999999999997,2024
Barra D'Alcântara,PI,64.23,93.18,28.950000000000003,2024
Águia Branca,ES,80.0,94.55,14.549999999999997,2024
Pacatuba,CE,76.63,78.36,1.730000000000004,2024
Saboeiro,CE,76.08,81.55,5.469999999999999,2024
Alegre,ES,69.0,94.37,25.370000000000005,2024
Jesúpolis,GO,80.0,100.0,20.0,2024
Sobral,CE,80.0,98.58,18.58,2024
Itapecerica,MG,73.56,84.46,10.899999999999991,2024
Santo André,SP,57.33,77.09,19.760000000000005,2024
Farias Brito,CE,80.0,96.0,16.0,2024
Massaranduba,SC,72.41,75.34,2.930000000000007,2024
Guararema,SP,67.24,76.97,9.730000000000004,2024
Rodeiro,MG,50.42,81.95,31.53,2024
Marcos Parente,PI,29.37,80.95,51.58,2024
Olho d'Água,PB,66.76,89.36,22.599999999999994,2024
Currais,PI,80.0,92.5,12.5,2024
Santa Maria da Serra,SP,55.23,86.98,31.750000000000007,2024
Alvinlândia,SP,75.18,91.84,16.659999999999997,2024
Córrego Fundo,MG,71.22,96.07,24.849999999999994,2024
Ingaí,MG,56.85,87.27,30.419999999999995,2024
Rio Pardo de Minas,MG,74.39,94.34,19.950000000000003,2024
Entre Rios de Minas,MG,80.0,91.72,11.719999999999999,2024
Birigui,SP,72.5,78.13,5.6299999999999955,2024
Riachão do Poço,PB,70.13,75.0,4.8700000000000045,2024
Peritiba,SC,80.0,87.5,7.5,2024
Guzolândia,SP,80.0,79.92,-0.0799999999999983,2024
Indaiabira,MG,60.09,89.58,29.489999999999995,2024
Mombuca,SP,59.84,74.25,14.409999999999997,2024
Jardim do Mulato,PI,61.92,77.0,15.079999999999998,2024
Santa Ernestina,SP,80.0,92.26,12.260000000000005,2024
Potengi,CE,80.0,91.04,11.040000000000006,2024
Arealva,SP,73.77,79.38,5.609999999999999,2024
Umbuzeiro,PB,44.74,79.38,34.63999999999999,2024
Santa Inês,MA,52.49,95.92,43.43,2024
Lagoa de São Francisco,PI,47.49,76.74,29.249999999999993,2024
Anchieta,SC,77.89,91.81,13.920000000000002,2024
Saltinho,SP,67.95,64.45,-3.5,2024
Coruripe,AL,80.0,92.03,12.030000000000001,2024
Itauçu,GO,80.0,94.51,14.510000000000005,2024
Carandaí,MG,73.09,92.1,19.00999999999999,2024
Santa Rosa do Sul,SC,59.55,68.42,8.870000000000005,2024
Oliveira de Fátima,TO,54.93,31.58,-23.35,2024
Fartura,SP,65.56,82.78,17.22,2024
Francinópolis,PI,78.27,84.21,5.939999999999998,2024
Nova Aurora,GO,20.79,84.21,63.419999999999995,2024
Cachoeira Dourada,MG,80.0,94.74,14.739999999999995,2024
Paulistânia,SP,44.71,73.68,28.970000000000006,2024
Capistrano,CE,77.99,87.35,9.36,2024
Gália,SP,79.07,66.68,-12.389999999999986,2024
Trizidela do Vale,MA,62.49,90.87,28.380000000000003,2024
Reriutaba,CE,80.0,98.5,18.5,2024
Coluna,MG,66.67,91.21,24.539999999999992,2024
Porto dos Gaúchos,MT,76.25,74.29,-1.9599999999999937,2024
Catiguá,SP,58.54,84.7,26.160000000000004,2024
Cumari,GO,76.76,72.73,-4.030000000000001,2024
Bernardo do Mearim,MA,19.1,87.88,68.78,2024
Rianápolis,GO,77.08,100.0,22.92,2024
Paula Cândido,MG,58.13,91.23,33.1,2024
Santa Carmem,MT,72.84,93.91,21.069999999999993,2024
Campestre de Goiás,GO,79.44,93.62,14.180000000000007,2024
Tejuçuoca,CE,80.0,80.16,0.1599999999999966,2024
Mococa,SP,51.87,81.57,29.699999999999996,2024
Central do Maranhão,MA,80.0,84.42,4.420000000000002,2024
Lins,SP,75.13,81.06,5.930000000000007,2024
Denise,MT,61.8,83.58,21.78,2024
Joaquim Pires,PI,59.6,81.27,21.669999999999995,2024
Valentim Gentil,SP,69.19,85.95,16.760000000000005,2024
Barra de São Miguel,PB,63.73,78.61,14.880000000000003,2024
Machado,MG,63.26,97.14,33.88,2024
Vitória Brasil,SP,68.83,100.0,31.17,2024
Erval Grande,RS,80.0,71.4,-8.599999999999994,2024
Moraújo,CE,80.0,92.86,12.86,2024
São Félix do Piauí,PI,42.27,64.29,22.020000000000003,2024
São Joaquim da Barra,SP,51.12,75.03,23.910000000000004,2024
Pequeri,MG,39.0,69.05,30.049999999999997,2024
Rubiácea,SP,57.81,82.14,24.33,2024
Glaucilândia,MG,60.93,71.43,10.500000000000007,2024
Paiva,MG,80.0,92.86,12.86,2024
Santo Antônio da Barra,GO,80.0,91.64,11.64,2024
Jardim,CE,78.19,70.8,-7.390000000000001,2024
Belo Vale,MG,80.0,97.32,17.319999999999993,2024
Sapezal,MT,71.39,84.38,12.989999999999995,2024
Quiterianópolis,CE,80.0,99.0,19.0,2024
Antônio Prado,RS,68.22,74.1,5.8799999999999955,2024
Jacobina do Piauí,PI,80.0,84.31,4.310000000000002,2024
Riachão,PB,56.97,70.37,13.400000000000006,2024
Itatira,CE,80.0,99.06,19.060000000000002,2024
Frecheirinha,CE,80.0,98.18,18.180000000000007,2024
Sertaneja,PR,80.0,90.98,10.980000000000004,2024
Estrela do Indaiá,MG,80.0,100.0,20.0,2024
Vicente Dutra,RS,73.49,70.1,-3.3900000000000006,2024
Franca,SP,61.42,82.87,21.450000000000003,2024
Quiterianópolis,CE,80.0,99.49,19.489999999999995,2024
Curvelo,MG,67.73,100.0,32.269999999999996,2024
Serra Grande,PB,46.27,70.82,24.54999999999999,2024
Dom Expedito Lopes,PI,77.56,76.45,-1.1099999999999994,2024
Alto Araguaia,MT,74.79,75.59,0.7999999999999972,2024
Bento de Abreu,SP,80.0,84.11,4.109999999999999,2024
Tapera,RS,64.43,88.1,23.669999999999987,2024
Barão de Antonina,SP,67.91,64.23,-3.6799999999999926,2024
Araripe,CE,76.18,77.22,1.039999999999992,2024
Dom Inocêncio,PI,80.0,87.27,7.269999999999996,2024
Afonso Cláudio,ES,80.0,91.7,11.700000000000003,2024
Ferros,MG,44.57,100.0,55.43,2024
Rio Verde,GO,80.0,89.88,9.879999999999995,2024
Lavínia,SP,64.99,59.08,-5.909999999999997,2024
Junqueirópolis,SP,77.4,80.44,3.039999999999992,2024
Santo Inácio do Piauí,PI,74.44,85.37,10.930000000000007,2024
Uruana,GO,76.25,97.73,21.480000000000004,2024
Monte Alegre de Goiás,GO,74.82,81.87,7.050000000000011,2024
Maurilândia,GO,78.69,83.79,5.1000000000000085,2024
Redenção do Gurguéia,PI,80.0,80.52,0.519999999999996,2024
Santa Rita do Novo Destino,GO,80.0,95.83,15.829999999999998,2024
Ametista do Sul,RS,54.07,72.9,18.830000000000005,2024
Palhano,CE,72.04,74.59,2.549999999999997,2024
Recife,PE,65.29,88.16,22.86999999999999,2024
Beberibe,CE,78.39,81.6,3.2099999999999937,2024
São Tiago,MG,80.0,92.5,12.5,2024
Granjeiro,CE,80.0,91.59,11.590000000000003,2024
Itaóca,SP,64.03,51.85,-12.18,2024
Baturité,CE,78.18,86.78,8.599999999999994,2024
Bacurituba,MA,80.0,100.0,20.0,2024
Lourdes,SP,74.94,72.22,-2.719999999999999,2024
Araújos,MG,74.92,88.5,13.579999999999998,2024
Redenção da Serra,SP,80.0,84.33,4.329999999999998,2024
Nova Canaã Paulista,SP,79.1,72.22,-6.8799999999999955,2024
Oliveira Fortes,MG,72.78,83.33,10.549999999999997,2024
Altair,SP,59.85,62.85,3.0,2024
Bálsamo,SP,80.0,83.51,3.510000000000005,2024
Hidrolândia,CE,80.0,96.11,16.11,2024
Oliveira,MG,54.71,96.4,41.690000000000005,2024
Piquet Carneiro,CE,80.0,100.0,20.0,2024
Paulicéia,SP,69.3,75.86,6.560000000000002,2024
Abaeté,MG,56.9,88.08,31.18,2024
Tombos,MG,60.67,80.55,19.879999999999995,2024
Arenópolis,GO,80.0,83.64,3.6400000000000006,2024
Cajueiro da Praia,PI,52.75,62.75,10.0,2024
Nova Santa Helena,MT,79.33,75.07,-4.260000000000005,2024
Palmares Paulista,SP,80.0,77.46,-2.5400000000000063,2024
São João do Arraial,PI,40.46,87.8,47.339999999999996,2024
Viçosa do Ceará,CE,80.0,90.22,10.219999999999999,2024
Tartarugalzinho,AP,39.04,90.52,51.48,2024
Ariranha,SP,66.43,87.22,20.789999999999992,2024
São João do Rio do Peixe,PB,48.11,72.85,24.739999999999995,2024
Matão,SP,66.95,77.01,10.060000000000002,2024
Borborema,SP,80.0,85.16,5.159999999999997,2024
Granja,CE,80.0,97.78,17.78,2024
Poranga,CE,80.0,100.0,20.0,2024
São João da Urtiga,RS,77.05,73.5,-3.549999999999997,2024
Aurora,CE,73.96,73.84,-0.11999999999999034,2024
Paial,SC,72.28,54.55,-17.730000000000004,2024
Piratuba,SC,80.0,83.99,3.989999999999995,2024
Dores do Turvo,MG,77.19,95.99,18.799999999999997,2024
Uruana de Minas,MG,58.52,80.0,21.479999999999997,2024
Coivaras,PI,78.41,94.47,16.060000000000002,2024
Quixeramobim,CE,80.0,98.76,18.760000000000005,2024
União dos Palmares,AL,80.0,94.75,14.75,2024
Santa Cruz,PB,57.29,86.28,28.990000000000002,2024
Santana do Acaraú,CE,80.0,98.26,18.260000000000005,2024
Ilha Solteira,SP,68.72,80.76,12.040000000000006,2024
Morrinhos,CE,80.0,97.77,17.769999999999996,2024
Nova Alvorada,RS,80.0,53.9,-26.1,2024
Açu,RN,48.18,30.77,-17.41,2024
Entre Rios do Sul,RS,79.55,92.3,12.75,2024
Monte Belo do Sul,RS,80.0,76.9,-3.0999999999999943,2024
Paverama,RS,66.28,69.2,2.9200000000000017,2024
Buritis,MG,56.75,76.92,20.17,2024
Pinheirinho do Vale,RS,80.0,76.9,-3.0999999999999943,2024
Irapuru,SP,80.0,96.0,16.0,2024
Caiçara,PB,58.17,72.22,14.049999999999997,2024
Alto Alegre,SP,63.01,71.82,8.809999999999995,2024
Alto Longá,PI,80.0,82.41,2.4099999999999966,2024
Guiricema,MG,50.41,82.89,32.480000000000004,2024
Cocal,PI,74.22,83.93,9.710000000000008,2024
Ceres,GO,80.0,94.51,14.510000000000005,2024
Nova Europa,SP,55.45,68.76,13.310000000000002,2024
Nova Esperança do Sul,RS,80.0,71.3,-8.700000000000003,2024
Boqueirão do Piauí,PI,80.0,77.1,-2.9000000000000057,2024
Vieirópolis,PB,35.36,64.36,29.0,2024
Choró,CE,80.0,95.42,15.420000000000002,2024
Piracicaba,SP,58.93,89.33,30.4,2024
Joca Claudino,PB,46.0,90.09,44.09,2024
Pacujá,CE,80.0,100.0,20.0,2024
Castelo do Piauí,PI,75.84,82.63,6.789999999999992,2024
Westfalia,RS,80.0,61.5,-18.5,2024
Campo Grande do Piauí,PI,80.0,95.8,15.799999999999997,2024
Três Marias,MG,70.22,81.09,10.870000000000005,2024
Camacho,MG,80.0,86.64,6.640000000000001,2024
Cabo Verde,MG,73.25,86.58,13.329999999999998,2024
Mucambo,CE,80.0,98.82,18.819999999999993,2024
Pacoti,CE,80.0,91.18,11.180000000000007,2024
Casa Grande,MG,70.55,94.12,23.570000000000007,2024
Riolândia,SP,80.0,84.72,4.719999999999999,2024
Acarape,CE,78.41,81.21,2.799999999999997,2024
Icapuí,CE,80.0,76.34,-3.6599999999999966,2024
Hugo Napoleão,PI,80.0,81.47,1.4699999999999989,2024
Alegrete do Piauí,PI,58.22,55.26,-2.960000000000001,2024
Ipiranga do Piauí,PI,80.0,95.83,15.829999999999998,2024
Parambu,CE,80.0,88.35,8.349999999999994,2024
Sanclerlândia,GO,78.37,91.82,13.449999999999989,2024
Onda Verde,SP,52.45,74.45,22.0,2024
Francisco Macedo,PI,62.8,95.24,32.44,2024
Nossa Senhora de Nazaré,PI,28.91,95.24,66.33,2024
Passagem,PB,79.59,66.67,-12.920000000000002,2024
Entre Rios do Oeste,PR,80.0,96.25,16.25,2024
Tartarugalzinho,AP,39.04,94.21,55.169999999999995,2024
Independência,CE,80.0,98.62,18.620000000000005,2024
Imaculada,PB,69.22,50.17,-19.049999999999997,2024
Mauriti,CE,80.0,84.55,4.549999999999997,2024
São José da Laje,AL,79.33,95.31,15.980000000000004,2024
Jaci,SP,59.85,68.06,8.21,2024
Ribeiro Gonçalves,PI,80.0,85.26,5.260000000000005,2024
Varjota,CE,80.0,98.06,18.060000000000002,2024
Armazém,SC,72.02,79.08,7.060000000000002,2024
Itaitinga,CE,80.0,85.11,5.109999999999999,2024
Martinópole,CE,80.0,99.24,19.239999999999995,2024
Matutina,MG,80.0,91.94,11.939999999999998,2024
Adelândia,GO,80.0,81.99,1.9899999999999949,2024
São João da Urtiga,RS,77.05,70.3,-6.75,2024
Jequiá da Praia,AL,55.12,95.65,40.53000000000001,2024
Simões,PI,70.36,86.03,15.670000000000002,2024
Monsenhor Tabosa,CE,80.0,99.36,19.36,2024
Maranhãozinho,MA,76.95,97.62,20.67,2024
Fortim,CE,80.0,93.28,13.280000000000001,2024
Acaraú,CE,80.0,97.71,17.709999999999994,2024
Santana do Mundaú,AL,80.0,97.67,17.67,2024
Descalvado,SP,62.78,80.62,17.840000000000003,2024
Nossa Senhora do Livramento,MT,70.38,80.17,9.790000000000006,2024
Tururu,CE,80.0,95.29,15.290000000000006,2024
Cocal dos Alves,PI,80.0,87.68,7.680000000000007,2024
Teixeira,PB,73.96,81.85,7.890000000000001,2024
Modelo,SC,80.0,94.86,14.86,2024
Candeias,MG,80.0,90.37,10.370000000000005,2024
Planalto da Serra,MT,62.17,90.32,28.14999999999999,2024
Santa Bárbara d'Oeste,SP,58.84,80.94,22.099999999999994,2024
Acaiaca,MG,80.0,73.93,-6.069999999999993,2024
Logradouro,PB,80.0,94.6,14.599999999999994,2024
Banabuiú,CE,80.0,76.25,-3.75,2024
Guaiúba,CE,73.87,79.83,5.959999999999994,2024
Nova Iguaçu de Goiás,GO,80.0,95.12,15.120000000000005,2024
Carnaubal,CE,80.0,83.8,3.799999999999997,2024
Uruburetama,CE,80.0,82.16,2.1599999999999966,2024
Camocim,CE,80.0,94.08,14.079999999999998,2024
Monsenhor Tabosa,CE,80.0,97.2,17.200000000000003,2024
Adolfo,SP,66.25,85.8,19.549999999999997,2024
Santana do Garambéu,MG,52.65,87.26,34.61000000000001,2024
Jeceaba,MG,69.58,88.66,19.08,2024
Cascavel,CE,80.0,82.6,2.5999999999999943,2024
Colômbia,SP,80.0,72.63,-7.3700000000000045,2024
Campos Sales,CE,80.0,82.79,2.7900000000000063,2024
Catarina,CE,79.35,81.25,1.9000000000000057,2024
Maçambará,RS,69.08,87.5,18.42,2024
Araponga,MG,52.43,91.67,39.24,2024
Santa Terezinha de Goiás,GO,80.0,96.08,16.08,2024
Santo Antônio do Pinhal,SP,48.8,73.68,24.88000000000001,2024
Maranguape,CE,79.79,81.66,1.8699999999999903,2024
Promissão,SP,69.41,79.12,9.710000000000008,2024
Novo Oriente,CE,80.0,100.0,20.0,2024
Palmácia,CE,80.0,94.31,14.310000000000002,2024
Carlinda,MT,48.49,98.95,50.46,2024
Aracati,CE,80.0,91.16,11.159999999999997,2024
Itapagé,CE,80.0,89.55,9.549999999999997,2024
Panelas,PE,77.3,94.53,17.230000000000004,2024
Abaiara,CE,80.0,91.49,11.489999999999995,2024
Afonso Cláudio,ES,80.0,95.4,15.400000000000006,2024
Tapiratiba,SP,57.9,79.51,21.610000000000007,2024
Barra Bonita,SP,61.33,80.01,18.680000000000007,2024
Nossa Senhora do Livramento,MT,70.38,82.05,11.670000000000002,2024
São Tiago,MG,80.0,94.92,14.920000000000002,2024
Pedra Lavrada,PB,76.28,83.68,7.400000000000006,2024
Salgadinho,PE,80.0,92.16,12.159999999999997,2024
Ibiapina,CE,80.0,97.38,17.379999999999995,2024
Pimenta,MG,73.93,94.39,20.459999999999994,2024
Madalena,CE,80.0,95.31,15.310000000000002,2024
Nova Palmeira,PB,62.84,76.75,13.909999999999997,2024
Senador Pompeu,CE,80.0,98.44,18.439999999999998,2024
Panorama,SP,80.0,92.54,12.540000000000006,2024
Montadas,PB,68.18,82.33,14.149999999999991,2024
Riacho Frio,PI,80.0,92.42,12.420000000000002,2024
Marcolândia,PI,80.0,89.66,9.659999999999997,2024
Mombaça,CE,80.0,93.51,13.510000000000005,2024
Maracanaú,CE,80.0,84.66,4.659999999999997,2024
Getulina,SP,54.54,68.1,13.559999999999995,2024
Monsenhor Tabosa,CE,80.0,91.38,11.379999999999995,2024
Córrego do Bom Jesus,MG,74.76,100.0,25.239999999999995,2024
Apiaí,SP,70.29,88.38,18.08999999999999,2024
Crato,CE,80.0,95.37,15.370000000000005,2024
Jaguaretama,CE,80.0,93.66,13.659999999999997,2024
Maracanaú,CE,80.0,84.92,4.920000000000002,2024
Amontada,CE,80.0,82.28,2.280000000000001,2024
Tauá,CE,80.0,92.01,12.010000000000005,2024
Jesuânia,MG,65.01,81.14,16.129999999999995,2024
Paramoti,CE,80.0,94.2,14.200000000000003,2024
São João da Varjota,PI,58.01,86.96,28.949999999999996,2024
Crixás do Tocantins,TO,36.17,82.61,46.44,2024
Varjão,GO,80.0,84.78,4.780000000000001,2024
Guarinos,GO,56.95,95.65,38.7,2024
Ipu,CE,80.0,86.66,6.659999999999997,2024
Porteiras,CE,80.0,92.09,12.090000000000003,2024
Bela Vista do Piauí,PI,64.18,89.26,25.08,2024
Santa Helena,PB,57.33,96.58,39.25,2024
Campos Novos Paulista,SP,39.06,86.59,47.53,2024
Glicério,SP,72.12,86.84,14.719999999999999,2024
Francisco Dantas,RN,50.65,78.95,28.300000000000004,2024
Umari,CE,80.0,88.49,8.489999999999995,2024
Antonina do Norte,CE,80.0,94.51,14.510000000000005,2024
Caririaçu,CE,80.0,82.61,2.6099999999999994,2024
Guiratinga,MT,80.0,84.49,4.489999999999995,2024
Gado Bravo,PB,78.52,70.71,-7.810000000000002,2024
Guaraciaba do Norte,CE,80.0,95.65,15.650000000000006,2024
Paranaiguara,GO,80.0,97.01,17.010000000000005,2024
Horizonte,CE,80.0,96.2,16.200000000000003,2024
Lebon Régis,SC,47.04,86.67,39.63,2024
Itapiranga,SC,72.9,97.83,24.929999999999993,2024
Pedra do Indaiá,MG,80.0,100.0,20.0,2024
Curvelândia,MT,40.14,92.97,52.83,2024
Davinópolis,GO,80.0,83.12,3.1200000000000045,2024
Mulungu,CE,80.0,88.89,8.89,2024
Novo Oriente do Piauí,PI,70.76,89.56,18.799999999999997,2024
Bela Cruz,CE,80.0,97.83,17.83,2024
Aquiraz,CE,80.0,83.99,3.989999999999995,2024
Missão Velha,CE,75.55,82.37,6.820000000000007,2024
Irajuba,BA,46.57,65.38,18.809999999999995,2024
Mulungu,PB,60.21,88.46,28.249999999999993,2024
Embaúba,SP,80.0,73.08,-6.920000000000002,2024
Ocauçu,SP,80.0,90.38,10.379999999999995,2024
Crateús,CE,80.0,97.31,17.310000000000002,2024
Crateús,CE,80.0,97.2,17.200000000000003,2024
Santa Bárbara de Goiás,GO,78.53,100.0,21.47,2024
Colônia do Gurguéia,PI,58.67,89.29,30.620000000000005,2024
Princesa Isabel,PB,80.0,86.55,6.549999999999997,2024
Sossêgo,PB,25.43,66.62,41.190000000000005,2024
Itapipoca,CE,80.0,88.58,8.579999999999998,2024
Damolândia,GO,80.0,97.08,17.08,2024
General Sampaio,CE,80.0,97.65,17.650000000000006,2024
Paracuru,CE,80.0,95.08,15.079999999999998,2024
Santópolis do Aguapeí,SP,74.82,77.36,2.5400000000000063,2024
Tamboril,CE,80.0,98.31,18.310000000000002,2024
Corumbataí,SP,49.46,84.16,34.699999999999996,2024
Barroquinha,CE,80.0,95.7,15.700000000000003,2024
Tianguá,CE,80.0,86.1,6.099999999999994,2024
São Gonçalo do Amarante,CE,80.0,85.78,5.780000000000001,2024
Itarema,CE,80.0,92.49,12.489999999999995,2024
Itapipoca,CE,80.0,88.96,8.959999999999994,2024
Ocara,CE,80.0,84.77,4.769999999999996,2024
Ibicuitinga,CE,80.0,96.67,16.67,2024
Jaguaribe,CE,80.0,89.25,9.25,2024
Pedranópolis,SP,45.5,72.73,27.230000000000004,2024
Crateús,CE,80.0,90.91,10.909999999999997,2024
Ferreira Gomes,AP,74.45,72.09,-2.3599999999999994,2024
Assunção,PB,53.55,93.96,40.41,2024
Cristalândia do Piauí,PI,79.94,79.55,-0.39000000000000057,2024
Uruoca,CE,80.0,99.01,19.010000000000005,2024
Quixelô,CE,79.4,88.46,9.059999999999988,2024
Elisiário,SP,73.56,85.34,11.780000000000001,2024
Barreira,CE,80.0,91.15,11.150000000000006,2024
Santa Quitéria,CE,80.0,95.08,15.079999999999998,2024
Ouro Velho,PB,80.0,100.0,20.0,2024
Ubajara,CE,80.0,95.13,15.129999999999995,2024
Canindé,CE,80.0,94.95,14.950000000000003,2024
São João da Serra,PI,54.3,93.97,39.67,2024
Groaíras,CE,80.0,96.95,16.950000000000003,2024
Santa Cruz do Piauí,PI,80.0,98.15,18.150000000000006,2024
Baixio,CE,80.0,91.67,11.670000000000002,2024
Ipaumirim,CE,80.0,88.89,8.89,2024
Santana dos Montes,MG,64.44,94.44,30.0,2024
Canindé,CE,80.0,95.0,15.0,2024
Tarrafas,CE,80.0,91.6,11.599999999999994,2024
Trairi,CE,80.0,91.78,11.780000000000001,2024
Nova Esperança do Sul,RS,80.0,80.7,0.7000000000000028,2024
Faxinal do Soturno,RS,79.26,82.1,2.839999999999989,2024
Princesa Isabel,PB,80.0,86.29,6.290000000000006,2024
Platina,SP,72.78,84.61,11.829999999999998,2024
Jucás,CE,80.0,90.28,10.280000000000001,2024
Chaval,CE,76.01,91.5,15.489999999999995,2024
Campinas do Piauí,PI,80.0,100.0,20.0,2024
Estiva,MG,73.63,91.03,17.400000000000006,2024
Massapê,CE,80.0,95.03,15.030000000000001,2024
Pindoretama,CE,80.0,88.62,8.620000000000005,2024
Ibertioga,MG,80.0,87.87,7.8700000000000045,2024
Itaueira,PI,32.37,85.9,53.53000000000001,2024
Cruz,CE,80.0,98.93,18.930000000000007,2024
Conceição,PB,78.15,96.17,18.019999999999996,2024
Olho D'Água do Piauí,PI,65.38,85.71,20.33,2024
Nova América,GO,80.0,95.24,15.239999999999995,2024
Rio dos Índios,RS,80.0,85.7,5.700000000000003,2024
Alvarenga,MG,45.84,87.5,41.66,2024
Boa Viagem,CE,80.0,90.36,10.36,2024
São Benedito,CE,80.0,95.11,15.11,2024
Aparecida d'Oeste,SP,69.19,86.16,16.97,2024
Cascalho Rico,MG,66.54,85.84,19.299999999999997,2024
Domingos Mourão,PI,80.0,82.22,2.219999999999999,2024
Umirim,CE,69.88,82.27,12.39,2024
São Benedito,CE,80.0,95.1,15.099999999999994,2024
Dona Inês,PB,53.98,96.29,42.31000000000001,2024
Mucurici,ES,80.0,84.09,4.090000000000003,2024
Centralina,MG,78.54,96.77,18.22999999999999,2024
Capela Nova,MG,80.0,77.37,-2.6299999999999955,2024
Ipueiras,CE,80.0,99.54,19.540000000000006,2024
Potiretama,CE,80.0,97.47,17.47,2024
Milhã,CE,80.0,97.92,17.92,2024
Pacajus,CE,80.0,87.91,7.909999999999997,2024
Barbalha,CE,80.0,87.92,7.920000000000002,2024
Bom Jesus,PI,80.0,98.95,18.950000000000003,2024
Paraipaba,CE,80.0,93.78,13.780000000000001,2024
Jijoca de Jericoacoara,CE,80.0,98.03,18.03,2024
Redenção,CE,80.0,92.45,12.450000000000003,2024
Salto do Céu,MT,80.0,97.49,17.489999999999995,2024
Várzea Alegre,CE,80.0,90.9,10.900000000000006,2024
Pentecoste,CE,80.0,91.29,11.290000000000006,2024
Irauçuba,CE,80.0,96.76,16.760000000000005,2024
São José do Piauí,PI,80.0,97.06,17.060000000000002,2024
Ernestina,RS,64.9,64.7,-0.20000000000000284,2024
Pouso Novo,RS,80.0,94.1,14.099999999999994,2024
Jaupaci,GO,80.0,100.0,20.0,2024
Baixa Grande do Ribeiro,PI,53.75,81.06,27.310000000000002,2024
Ferreira Gomes,AP,74.45,74.96,0.5099999999999909,2024
Jurema,PI,80.0,98.36,18.36,2024
Marapoama,SP,80.0,100.0,20.0,2024
Queimadas,PB,80.0,92.65,12.650000000000006,2024
Rio Piracicaba,MG,77.46,92.59,15.13000000000001,2024
Macaubal,SP,80.0,96.3,16.299999999999997,2024
São Pedro da União,MG,77.42,97.05,19.629999999999995,2024
Rialma,GO,70.11,97.03,26.92,2024
Belo Monte,AL,80.0,98.82,18.819999999999993,2024
Planalto,SP,75.35,83.68,8.330000000000013,2024
Serra Alta,SC,80.0,97.43,17.430000000000007,2024
Aracoiaba,CE,80.0,90.87,10.870000000000005,2024
Quixadá,CE,80.0,92.49,12.489999999999995,2024
Atibaia,SP,72.05,50.0,-22.049999999999997,2024
Vista Gaúcha,RS,75.14,100.0,24.86,2024
São João das Duas Pontes,SP,80.0,80.0,0.0,2024
Alto Santo,CE,80.0,94.16,14.159999999999997,2024
Guaramiranga,CE,59.66,95.86,36.2,2024
Piacatu,SP,80.0,76.68,-3.319999999999993,2024
Eusébio,CE,80.0,93.91,13.909999999999997,2024
Santana de Mangueira,PB,80.0,100.0,20.0,2024
Conceição,PB,78.15,92.5,14.349999999999994,2024
Ivolândia,GO,80.0,73.91,-6.090000000000003,2024
Água Branca,PI,80.0,91.98,11.980000000000004,2024
Borborema,SP,80.0,94.33,14.329999999999998,2024
Paraíso,SP,77.31,87.14,9.829999999999998,2024
Betim,MG,58.25,100.0,41.75,2024
Nova Russas,CE,80.0,99.64,19.64,2024
Pedreira,SP,80.0,94.25,14.25,2024
Venha-Ver,RN,47.31,53.85,6.539999999999999,2024
Areia,PB,80.0,90.53,10.530000000000001,2024
Laranja da Terra,ES,80.0,100.0,20.0,2024
Fazenda Nova,GO,80.0,100.0,20.0,2024
São Domingos das Dores,MG,80.0,93.62,13.620000000000005,2024
São José do Divino,PI,80.0,92.65,12.650000000000006,2024
Jaguaruana,CE,80.0,88.24,8.239999999999995,2024
Limoeiro do Norte,CE,80.0,89.65,9.650000000000006,2024
Tabuleiro do Norte,CE,80.0,84.32,4.319999999999993,2024
Alagoa Nova,PB,45.33,89.39,44.06,2024
Jardinópolis,SC,80.0,77.08,-2.9200000000000017,2024
Ponte Branca,MT,77.25,96.88,19.629999999999995,2024
Aurilândia,GO,76.59,93.75,17.159999999999997,2024
Cubati,PB,73.11,97.47,24.36,2024
Russas,CE,80.0,94.59,14.590000000000003,2024
Anicuns,GO,80.0,98.09,18.090000000000003,2024
Arraial,PI,80.0,98.15,18.150000000000006,2024
Marco,CE,80.0,96.66,16.659999999999997,2024
Cariús,CE,80.0,95.26,15.260000000000005,2024
Jardim do Seridó,RN,33.95,84.21,50.25999999999999,2024
Ametista do Sul,RS,54.07,79.0,24.93,2024
Serra Nova Dourada,MT,67.73,94.74,27.00999999999999,2024
Rubinéia,SP,63.75,75.0,11.25,2024
Iomerê,SC,75.31,97.09,21.78,2024
Miraíma,CE,80.0,85.6,5.599999999999994,2024
Iguatama,MG,80.0,94.08,14.079999999999998,2024
Arco-Íris,SP,35.72,77.27,41.55,2024
Iacanga,SP,80.0,97.67,17.67,2024
Chorozinho,CE,80.0,97.15,17.150000000000006,2024
Estrela do Norte,GO,69.25,98.0,28.75,2024
Nova Monte Verde,MT,77.58,92.37,14.790000000000006,2024
Aratuba,CE,80.0,80.42,0.4200000000000017,2024
Mossâmedes,GO,80.0,100.0,20.0,2024
Tupi Paulista,SP,80.0,93.46,13.459999999999994,2024
Taperoá,PB,78.57,90.59,12.02000000000001,2024
Marizópolis,PB,80.0,98.16,18.159999999999997,2024
Brejo Santo,CE,80.0,95.4,15.400000000000006,2024
Pavussu,PI,68.54,90.0,21.459999999999994,2024
Macedônia,SP,80.0,72.5,-7.5,2024
Araçu,GO,77.68,93.21,15.529999999999987,2024
Jaguaribara,CE,80.0,93.88,13.879999999999995,2024
Pereiro,CE,80.0,93.44,13.439999999999998,2024
Angical do Piauí,PI,64.55,95.88,31.33,2024
Sandovalina,SP,79.23,89.83,10.599999999999994,2024
Espírito Santo do Pinhal,SP,67.8,92.67,24.870000000000005,2024
Itapiúna,CE,80.0,92.57,12.569999999999993,2024
Floreal,SP,80.0,96.19,16.189999999999998,2024
Coxixola,PB,75.76,93.33,17.569999999999993,2024
Vespasiano,MG,58.37,91.67,33.300000000000004,2024
Arroio do Tigre,RS,80.0,66.7,-13.299999999999997,2024
Nova Guataporanga,SP,68.83,83.33,14.5,2024
Magda,SP,80.0,93.95,13.950000000000003,2024
Santa Cruz de Goiás,GO,73.75,85.78,12.030000000000001,2024
São João da Canabrava,PI,80.0,96.34,16.340000000000003,2024
Novo São Joaquim,MT,62.33,94.16,31.83,2024
Maracaí,SP,80.0,91.17,11.170000000000002,2024
Buriti dos Montes,PI,80.0,98.33,18.33,2024
Bernardino Batista,PB,64.46,93.94,29.480000000000004,2024
Echaporã,SP,78.18,95.07,16.889999999999986,2024
Santana do Cariri,CE,80.0,96.45,16.450000000000003,2024
Ererê,CE,80.0,95.0,15.0,2024
Deputado Irapuan Pinheiro,CE,80.0,98.82,18.819999999999993,2024
Catunda,CE,80.0,100.0,20.0,2024
Fronteiras,PI,80.0,96.63,16.629999999999995,2024
Quixeré,CE,80.0,93.13,13.129999999999995,2024
Cândido Rodrigues,SP,71.23,92.31,21.08,2024
Itaiçaba,CE,80.0,96.74,16.739999999999995,2024
Faxinal do Soturno,RS,79.26,91.3,12.039999999999992,2024
Lins,SP,75.13,92.23,17.10000000000001,2024
Lagoinha do Piauí,PI,80.0,87.79,7.790000000000006,2024
Parisi,SP,77.23,90.72,13.489999999999995,2024
Tarumã,SP,80.0,91.72,11.719999999999999,2024
Cedro,CE,80.0,98.77,18.769999999999996,2024
Santo Expedito,SP,80.0,100.0,20.0,2024
Jaquirana,RS,70.35,64.3,-6.049999999999997,2024
Estrela do Norte,SP,74.08,89.26,15.180000000000007,2024
Orós,CE,80.0,90.75,10.75,2024
Palmeira do Piauí,PI,72.28,72.22,-0.060000000000002274,2024
Conceição,PB,78.15,81.88,3.7299999999999898,2024
Brunópolis,SC,68.83,81.82,12.989999999999995,2024
Mirante do Paranapanema,SP,80.0,87.42,7.420000000000002,2024
São Benedito,CE,80.0,94.74,14.739999999999995,2024
Caiuá,SP,58.9,81.48,22.580000000000005,2024
Cabaceiras,PB,64.02,89.73,25.710000000000008,2024
Torixoréu,MT,80.0,88.61,8.61,2024
Catingueira,PB,39.72,96.08,56.36,2024
Salitre,CE,80.0,98.39,18.39,2024
Cabedelo,PB,54.02,62.5,8.479999999999997,2024
Uru,SP,80.0,100.0,20.0,2024
Landri Sales,PI,80.0,100.0,20.0,2024
Brejo Alegre,SP,80.0,100.0,20.0,2024
Uchoa,SP,50.47,87.56,37.09,2024
Rio Doce,MG,80.0,90.43,10.430000000000007,2024
São Francisco,PB,60.48,97.5,37.02,2024
Avelinópolis,GO,72.79,100.0,27.209999999999994,2024
Mirante do Paranapanema,SP,80.0,87.52,7.519999999999996,2024
São Miguel de Taipu,PB,15.73,100.0,84.27,2024
Brejo do Piauí,PI,55.21,95.35,40.13999999999999,2024
Pracinha,SP,80.0,80.0,0.0,2024
João Costa,PI,55.82,97.14,41.32,2024
Papagaios,MG,52.46,100.0,47.54,2024
Pongaí,SP,80.0,91.45,11.450000000000003,2024
Tabapuã,SP,80.0,98.83,18.83,2024
Suzanápolis,SP,80.0,90.85,10.849999999999994,2024
Santa Clara d'Oeste,SP,80.0,100.0,20.0,2024
Júlio Borges,PI,49.16,100.0,50.84,2024
São João do Pau d'Alho,SP,80.0,100.0,20.0,2024
São Julião,PI,80.0,87.93,7.930000000000007,2024
Saudades,SC,80.0,93.75,13.75,2024
Zacarias,SP,44.78,80.0,35.22,2024
Murutinga do Sul,SP,61.33,100.0,38.67,2024
Belém do Piauí,PI,80.0,100.0,20.0,2024
Gurjão,PB,74.35,100.0,25.650000000000006,2024
Inúbia Paulista,SP,80.0,94.72,14.719999999999999,2024
Paula Cândido,MG,58.13,100.0,41.87,2024
Nhandeara,SP,68.69,88.89,20.200000000000003,2024
Sagres,SP,71.82,91.33,19.510000000000005,2024
São Pedro das Missões,RS,80.0,90.0,10.0,2024
Ouro Fino,MG,66.49,100.0,33.510000000000005,2024
Marinópolis,SP,80.0,100.0,20.0,2024
